Task code,Task name,Family,Legacy ID,Client brief,Outputs,Assets,Auto verifiers,Human verifiers,S3 prefix,Review page,Release status
SB3-001-PHO,Aurelian Skin - Ecommerce skincare image system,Photo & Image,PHOTO-01,"Make eight skincare products look like one launch, not eight shoots

Our launch range needs to look as considered online as it does on the shelf. At the moment the eight bottles look as though they belong to different brands.

What we need back
- Skincare product-page module: 8 named exports. The photograph shows the product named on this module. The bottle label remains legible at the delivered size. The product benefit is visually subordinate to the product name.
- Skincare range launch key visual: 1 named export. The composition identifies Aurelian Skin. The cleared launch claim is reproduced without a stronger efficacy claim. The product range is the primary visual focus.
- Retailer launch carousel: 5 named exports. The opening page identifies the range. The closing page presents the approved shopping action. The product sequence has a clear narrative.

Use the supplied approved copy and factual records. Permission restrictions in the owner's notes take precedence over inclusion in a source table.

Use the attached brand identity and the source files listed in the asset manifest. The output register defines exact filenames, pages, sizes and record bindings. Supporting previews are welcome but cannot replace those files.",17,21,65,134,s3://annotationprod/creative-ai-benchmark/v3.1/tasks/SB3-001-PHO__aurelian-skin-ecommerce-skincare-image-system/,https://dhigdec.github.io/creative-ai-benchmark/gatsby-v4/#PHOTO-01,held
SB3-002-PHO,Corner and Cure - Spring dish launch photography,Photo & Image,PHOTO-02,"Spring dish photography and a reusable printed card set for Corner & Cure

The spring dishes are ready. The photographs and printed cards are not. We run Corner & Cure, a neighbourhood cafe, and need someone comfortable moving between food retouching and small-format print production.

The commission

 Spring dish counter card: 11 named exports. The hero photograph shows the named dish. The dish description is readable at printed size. The plate retains natural food texture. The restaurant identity is visible.

Use the supplied approved copy and factual records. Permission restrictions in the owner's notes take precedence over inclusion in a source table.

Use the attached brand identity and the source files listed in the asset manifest. The output register defines exact filenames, pages, sizes and record bindings. Supporting previews are welcome but cannot replace those files.",12,14,76,142,s3://annotationprod/creative-ai-benchmark/v3.1/tasks/SB3-002-PHO__corner-and-cure-spring-dish-launch-photography/,https://dhigdec.github.io/creative-ai-benchmark/gatsby-v4/#PHOTO-02,held
SB3-003-PHO,Cedarline and Vale - Ridgeway Lane listing image system,Photo & Image,PHOTO-03,"Bring a mixed-light property shoot together for Ridgeway Lane

Property: Ridgeway Lane
Source: twelve room photographs
Use: listing gallery, portal crops and tall lead-room placements

Deliverables
1. Ridgeway Lane listing brochure: 1 named export. The cover identifies the actual property. The room sequence explains the property layout. Every property claim agrees with the supplied listing facts. The contact page includes the approved agent details.
2. Property portal hero: 1 named export. The hero depicts Ridgeway Lane rather than a stock property. The architectural verticals look plausible.
3. Room announcement: 3 named exports. The featured room matches the named property. The enquiry action is visible.

Use the supplied approved copy and factual records. Permission restrictions in the owner's notes take precedence over inclusion in a source table.

Use the attached brand identity and the source files listed in the asset manifest. The output register defines exact filenames, pages, sizes and record bindings. Supporting previews are welcome but cannot replace those files.",8,16,30,43,s3://annotationprod/creative-ai-benchmark/v3.1/tasks/SB3-003-PHO__cedarline-and-vale-ridgeway-lane-listing-image-system/,https://dhigdec.github.io/creative-ai-benchmark/gatsby-v4/#PHOTO-03,held
SB3-004-PHO,Verranza Coastal Retreats - Villa collection image system,Photo & Image,PHOTO-04,"Three villas, one collection: imagery, crops and the gate monogram

For Verranza Coastal Retreats, the challenge is consistency without making three different villas interchangeable. We need the stone, limewash and coastal light to sit comfortably together across direct bookings and agent materials. The supplied do-not-want references are important.

Please prepare
- Villa booking hero: 3 named exports. The named villa matches the photograph. The offer price agrees with the approved rate record. The booking action is readable.
- Villa comparison brochure: 1 named export. Villa identities are unambiguous. The comparison makes differences between the properties easy to scan. Rates preserve their stated season.

Use the supplied approved copy and factual records. Permission restrictions in the owner's notes take precedence over inclusion in a source table.

Use the attached brand identity and the source files listed in the asset manifest. The output register defines exact filenames, pages, sizes and record bindings. Supporting previews are welcome but cannot replace those files.",6,16,23,36,s3://annotationprod/creative-ai-benchmark/v3.1/tasks/SB3-004-PHO__verranza-coastal-retreats-villa-collection-image-system/,https://dhigdec.github.io/creative-ai-benchmark/gatsby-v4/#PHOTO-04,held
SB3-005-PHO,Halcyon Quarter - Mixed-use launch photography,Photo & Image,PHOTO-05,"Evening-led property campaign from an overcast shoot

Halcyon Quarter is a former ropeworks development. The audience is downsizers looking carefully at the place, not people buying a dramatic sky. Our capture day was overcast; the campaign needs a credible evening direction across very different placements.

Final handoff

 Halcyon Quarter launch hoarding: 1 named export. The development name is legible at the specified scale. The pictured building remains faithful to the supplied development image. The enquiry action is visible.

 Mixed-use launch poster: 1 named export. The residential and commercial offer is distinguishable. The developer identity is visible.

 Property portal campaign panel: 1 named export. The approved location appears correctly. The composition does not imply completed construction where the source is a proposal.

Use the supplied approved copy and factual records. Permission restrictions in the owner's notes take precedence over inclusion in a source table.

Use the attached brand identity and the source files listed in the asset manifest. The output register defines exact filenames, pages, sizes and record bindings. Supporting previews are welcome but cannot replace those files.",6,10,23,28,s3://annotationprod/creative-ai-benchmark/v3.1/tasks/SB3-005-PHO__halcyon-quarter-mixed-use-launch-photography/,https://dhigdec.github.io/creative-ai-benchmark/gatsby-v4/#PHOTO-05,held
SB3-006-PHO,Hollis Family Archive - Ada Hollis archival restoration,Photo & Image,PHOTO-06,"Help us prepare Ada's family photographs for the reunion

Hello,

Scope
1. Archival restoration master: 9 named exports. The sitter remains faithful to the source photograph. Documentary details are not invented. Damage removal does not erase facial texture.
2. Family archive share image: 9 named exports. The full intended picture area is retained. The tone remains appropriate to the photographic era.

Use the supplied approved copy and factual records. Permission restrictions in the owner's notes take precedence over inclusion in a source table.

Use the attached brand identity and the source files listed in the asset manifest. The output register defines exact filenames, pages, sizes and record bindings. Supporting previews are welcome but cannot replace those files.",18,12,63,65,s3://annotationprod/creative-ai-benchmark/v3.1/tasks/SB3-006-PHO__hollis-family-archive-ada-hollis-archival-restoration/,https://dhigdec.github.io/creative-ai-benchmark/gatsby-v4/#PHOTO-06,held
SB3-007-PHO,Gable and Grove - Home services before-and-after library,Photo & Image,PHOTO-07,"Before-and-after renovation photographs that clients can trust

Gable & Grove needs five before-and-after pairs prepared for the website and sales materials. These are evidence of our work. The after pictures should look good, but not because the before pictures have been made deliberately worse.

What we need back
- Completed project case-study panel: 4 named exports. The before and after photographs show the same site. The comparison preserves meaningful structural differences. The project caption identifies the work actually shown.
- Estimate-pack cover: 1 named export. The cover identifies Gable and Grove. The selected project demonstrates the service without claiming an invented result.

Use the supplied approved copy and factual records. Permission restrictions in the owner's notes take precedence over inclusion in a source table.

Use the attached brand identity and the source files listed in the asset manifest. The output register defines exact filenames, pages, sizes and record bindings. Supporting previews are welcome but cannot replace those files.",7,19,27,55,s3://annotationprod/creative-ai-benchmark/v3.1/tasks/SB3-007-PHO__gable-and-grove-home-services-before-and-after-library/,https://dhigdec.github.io/creative-ai-benchmark/gatsby-v4/#PHOTO-07,held
SB3-008-PHO,Meridian Motors - Showroom vehicle image system,Photo & Image,PHOTO-08,"Standardise a used-car photo set without changing the cars

We photograph stock in three different bays at Meridian Motors. That is showing up in our listings: the same forecourt can look like three dealerships, and paint colours move around with the light.

The commission

 Vehicle sales card: 6 named exports. The vehicle photograph matches this stock record. The vehicle condition is not misrepresented by retouching. The enquiry action is readable.

 Forecourt inventory campaign: 1 named export. The dealership name is clear. The campaign uses vehicles present in the intake register.

Use the supplied approved copy and factual records. Permission restrictions in the owner's notes take precedence over inclusion in a source table.

Use the attached brand identity and the source files listed in the asset manifest. The output register defines exact filenames, pages, sizes and record bindings. Supporting previews are welcome but cannot replace those files.",9,26,34,95,s3://annotationprod/creative-ai-benchmark/v3.1/tasks/SB3-008-PHO__meridian-motors-showroom-vehicle-image-system/,https://dhigdec.github.io/creative-ai-benchmark/gatsby-v4/#PHOTO-08,held
SB3-009-PHO,OSTRA - Restaurant plate photography system,Photo & Image,PHOTO-09,"OSTRA tasting-menu images: dark, precise and still appetising

OSTRA is a 22-seat tasting counter. We have thirteen plate photographs from two services, and we need them to feel like the same room and the same menu. Dark should not mean muddy; glaze and food texture still need to read.

Deliverables
1. Seasonal menu announcement: 1 named export. OSTRA is identified. The featured dish agrees with the seasonal menu. The reservation action is visible.
2. Booking-page dish tile: 13 named exports. The caption correctly identifies the pictured dish. The food is recognisable at mobile listing size.
3. Reservation story: 1 named export. The booking action sits within the defined safe area. The restaurant name is readable at mobile size.

Use the supplied approved copy and factual records. Permission restrictions in the owner's notes take precedence over inclusion in a source table.

Use the attached brand identity and the source files listed in the asset manifest. The output register defines exact filenames, pages, sizes and record bindings. Supporting previews are welcome but cannot replace those files.",18,18,69,112,s3://annotationprod/creative-ai-benchmark/v3.1/tasks/SB3-009-PHO__ostra-restaurant-plate-photography-system/,https://dhigdec.github.io/creative-ai-benchmark/gatsby-v4/#PHOTO-09,held
SB3-010-PHO,Northgrove - Apparel colorway image system,Photo & Image,PHOTO-10,"Colour-consistent apparel images and clean retailer cutouts

Our Northgrove range is affordable premium basics. Customers choose between colours and fabrics, so a polished set that changes either of those is not useful to us.

Please prepare
- Apparel style product-page module: 6 named exports. The garment geometry matches its source style. The colourway is identified accurately. Fabric texture survives the treatment.
- Capsule launch carousel: 6 named exports. The capsule has a coherent visual direction. The opening page identifies Northgrove. The closing page contains the approved shopping action.

Use the supplied approved copy and factual records. Permission restrictions in the owner's notes take precedence over inclusion in a source table.

Use the attached brand identity and the source files listed in the asset manifest. The output register defines exact filenames, pages, sizes and record bindings. Supporting previews are welcome but cannot replace those files.",14,15,54,90,s3://annotationprod/creative-ai-benchmark/v3.1/tasks/SB3-010-PHO__northgrove-apparel-colorway-image-system/,https://dhigdec.github.io/creative-ai-benchmark/gatsby-v4/#PHOTO-10,held
SB3-011-PHO,Lumora - Lip oil shade concept set,Photo & Image,PHOTO-11,"Lip-oil shade concepts for a launch that has one physical sample

Important before you quote: Lumora has one physical lip-oil sample, not seven approved production shades. This is concept-colour work. Every result must say CONCEPT COLOR - SAMPLE APPROVAL REQUIRED.

Final handoff

 Retailer shade card: 8 named exports. The bottle keeps the approved packaging geometry. The concept-colour notice is readable. The displayed shade agrees with its shade name.

 Seven-shade comparison: 1 named export. The seven approved shade names are present. The shades appear in the approved range order. The concept-colour notice is readable.

 Lip oil product-page module: 1 named export. The product name is accurate. The benefit uses the approved claim wording. The concept-colour notice is readable.

 Lip oil launch feed ad: 1 named export. Lumora is identified. The call to action is readable at mobile size. The product edge has no visible halo. The concept-colour notice is readable.

 Lip oil launch story: 1 named export. The headline is readable at mobile size. The call to action remains within the safe area. The concept-colour notice is readable.

Use the supplied approved copy and factual records. Permission restrictions in the owner's notes take precedence over inclusion in a source table.
- Every shade concept must show CONCEPT COLOR - SAMPLE APPROVAL REQUIRED. Only Amber Hour is the physical-sample reference.

Use the attached brand identity and the source files listed in the asset manifest. The output register defines exact filenames, pages, sizes and record bindings. Supporting previews are welcome but cannot replace those files.",17,23,83,127,s3://annotationprod/creative-ai-benchmark/v3.1/tasks/SB3-011-PHO__lumora-lip-oil-shade-concept-set/,https://dhigdec.github.io/creative-ai-benchmark/gatsby-v4/#PHOTO-11,held
SB3-012-PHO,Kilnmore - Ceramic ecommerce image system,Photo & Image,PHOTO-12,"A coherent ceramics range, with the glaze differences left intact

We sell the surface as much as the form at Kilnmore. Fourteen pieces and their glaze details need to become one usable product image library, but the work should not flatten the glazes into the same colour or texture.

Scope
1. Ceramic product-page module: 14 named exports. The vessel geometry matches the named product. The glaze retains its material texture.
2. Wholesale range one-sheet: 1 named export. The range names agree with the supplied register. Trade information is easy to scan.
3. Ceramic range launch carousel: 5 named exports. Kilnmore is identified on the opening page. The range sequence makes product differences clear.

Use the supplied approved copy and factual records. Permission restrictions in the owner's notes take precedence over inclusion in a source table.

Use the attached brand identity and the source files listed in the asset manifest. The output register defines exact filenames, pages, sizes and record bindings. Supporting previews are welcome but cannot replace those files.",23,26,90,212,s3://annotationprod/creative-ai-benchmark/v3.1/tasks/SB3-012-PHO__kilnmore-ceramic-ecommerce-image-system/,https://dhigdec.github.io/creative-ai-benchmark/gatsby-v4/#PHOTO-12,held
SB3-013-PHO,Argent and Faith - Spring jewelry capsule photography,Photo & Image,PHOTO-13,"Silver jewellery retouching with an honest plan for open centres

Argent & Faith needs ten seasonal pieces prepared as a consistent listing set. The silver should read as silver, with a common light and scale across the range. We do not want the high polish turned into featureless grey.

What we need back
- Jewellery capsule campaign poster: 1 named export. The jewellery remains the primary visual focus. The campaign identifies Argent and Faith.
- Jewellery product detail: 10 named exports. The stone setting matches the named piece. Metal colour remains believable.
- Retailer capsule look sheet: 1 named export. Product labels identify the pictured pieces. The layout communicates the capsule relationship.

Use the supplied approved copy and factual records. Permission restrictions in the owner's notes take precedence over inclusion in a source table.

Use the attached brand identity and the source files listed in the asset manifest. The output register defines exact filenames, pages, sizes and record bindings. Supporting previews are welcome but cannot replace those files.",15,15,59,130,s3://annotationprod/creative-ai-benchmark/v3.1/tasks/SB3-013-PHO__argent-and-faith-spring-jewelry-capsule-photography/,https://dhigdec.github.io/creative-ai-benchmark/gatsby-v4/#PHOTO-13,held
SB3-014-PHO,Girdermark - Industrial component image system,Photo & Image,PHOTO-14,"Catalogue-ready component photography, including difficult internal openings

Girdermark sells replacement components. A buyer needs to recognise the finish and the shape, not admire a dramatic studio treatment. Our twelve components were photographed over two bench sessions and need a consistent technical presentation.

The commission

 Industrial SKU plate: 12 named exports. The part geometry agrees with the source component. Surface defects affecting identification remain visible.

 Industrial SKU cutout: 12 named exports. The silhouette preserves all functional holes. The edge has no visible halo.

Use the supplied approved copy and factual records. Permission restrictions in the owner's notes take precedence over inclusion in a source table.

Use the attached brand identity and the source files listed in the asset manifest. The output register defines exact filenames, pages, sizes and record bindings. Supporting previews are welcome but cannot replace those files.",25,16,111,146,s3://annotationprod/creative-ai-benchmark/v3.1/tasks/SB3-014-PHO__girdermark-industrial-component-image-system/,https://dhigdec.github.io/creative-ai-benchmark/gatsby-v4/#PHOTO-14,held
SB3-015-PHO,Summit and Sable - Recovery-gear launch campaign,Photo & Image,PHOTO-15,"Recovery-gear image system with a controlled Ridge Blue colourway

We need Summit & Sable's field and bench photographs to read as one recovery-gear range. There are twenty supplied captures, with webbing, stitching and hardware that need to remain convincing at close range.

Deliverables
1. Recovery-gear launch poster: 1 named export. The actual Summit and Sable equipment is shown. The poster contains no unsupported safety claim.
2. Recovery equipment product-page module: 9 named exports. The component geometry matches the named equipment. The load or use wording matches supplied approved copy.
3. Recovery-gear dealer sheet: 1 named export. The range is clearly identified. Specifications are readable at print size.

Use the supplied approved copy and factual records. Permission restrictions in the owner's notes take precedence over inclusion in a source table.

Use the attached brand identity and the source files listed in the asset manifest. The output register defines exact filenames, pages, sizes and record bindings. Supporting previews are welcome but cannot replace those files.",14,24,55,119,s3://annotationprod/creative-ai-benchmark/v3.1/tasks/SB3-015-PHO__summit-and-sable-watch-campaign-master-set/,https://dhigdec.github.io/creative-ai-benchmark/gatsby-v4/#PHOTO-15,held
SB3-016-PHO,SlabVault - Collectible card marketplace image system,Photo & Image,PHOTO-16,"Consignment listing photographs where the holder and label remain legible

SlabVault handles graded collectibles. A listing photograph has to show the item and the evidence around it: holder, label and seal. Glare is a problem in the current set, but we cannot replace unreadable information with a convincing guess.

Please prepare
- Collectible listing front: 14 named exports. The card identity matches the lot. Condition defects remain visible.
- Collectible condition detail: 14 named exports. The holder details are legible. The photograph does not imply a different grade.

Use the supplied approved copy and factual records. Permission restrictions in the owner's notes take precedence over inclusion in a source table.

Use the attached brand identity and the source files listed in the asset manifest. The output register defines exact filenames, pages, sizes and record bindings. Supporting previews are welcome but cannot replace those files.",30,18,118,340,s3://annotationprod/creative-ai-benchmark/v3.1/tasks/SB3-016-PHO__slabvault-collectible-card-marketplace-image-system/,https://dhigdec.github.io/creative-ai-benchmark/gatsby-v4/#PHOTO-16,held
SB3-017-PHO,Continental Cup - Player portrait card system,Photo & Image,PHOTO-17,"Eight-player card run with matched portraits and checked player identities

Continental Cup needs the eight-player release prepared from the supplied portraits and roster. The pictures come from two stadium lighting rigs; the cards come from a printer's PDF we need to make usable again.

Final handoff

 Player press card: 9 named exports. The portrait belongs to the named player. The player number is legible. The competition identity is visible.

Use the supplied approved copy and factual records. Permission restrictions in the owner's notes take precedence over inclusion in a source table.

Use the attached brand identity and the source files listed in the asset manifest. The output register defines exact filenames, pages, sizes and record bindings. Supporting previews are welcome but cannot replace those files.",10,13,62,114,s3://annotationprod/creative-ai-benchmark/v3.1/tasks/SB3-017-PHO__continental-cup-player-portrait-card-system/,https://dhigdec.github.io/creative-ai-benchmark/gatsby-v4/#PHOTO-17,held
SB3-018-PHO,Fernwell and Rowe - Hartley wedding gallery finishing,Photo & Image,PHOTO-18,"Wedding retouching pilot: one warm house look across changing light

We are Fernwell & Rowe, and this is a pilot using the Hartley wedding shortlist. There are sixteen photographs spanning window light, golden hour and the reception. We want a natural warm treatment that holds together through those changes without giving every person the same skin colour.

Scope
1. Wedding review image: 16 named exports. The people retain their source identities. Skin retains natural texture. The scene remains faithful to the event.
2. Full-resolution wedding keeper: 6 named exports. The keeper matches the explicitly supplied selection. Highlight detail is retained where present in the source.

Use the supplied approved copy and factual records. Permission restrictions in the owner's notes take precedence over inclusion in a source table.

Use the attached brand identity and the source files listed in the asset manifest. The output register defines exact filenames, pages, sizes and record bindings. Supporting previews are welcome but cannot replace those files.",22,21,60,82,s3://annotationprod/creative-ai-benchmark/v3.1/tasks/SB3-018-PHO__fernwell-and-rowe-hartley-wedding-gallery-finishing/,https://dhigdec.github.io/creative-ai-benchmark/gatsby-v4/#PHOTO-18,held
SB3-019-PHO,Cascadia Founders Summit - Executive portrait set,Photo & Image,PHOTO-19,"Conference speaker portraits from eighteen very different submissions

Our Cascadia Founders Summit speakers have sent their own photographs. They need to sit together in the programme, in tight squares and on wide stage screens. Please make them look like one event without making the people look alike.

What we need back
- Summit speaker card: 18 named exports. The portrait belongs to the named speaker. The role is readable at mobile size. The summit identity is visible.
- Summit announcement: 1 named export. The event name is clear. The approved date is visible. The registration action is readable.

Use the supplied approved copy and factual records. Permission restrictions in the owner's notes take precedence over inclusion in a source table.

Use the attached brand identity and the source files listed in the asset manifest. The output register defines exact filenames, pages, sizes and record bindings. Supporting previews are welcome but cannot replace those files.",21,23,82,228,s3://annotationprod/creative-ai-benchmark/v3.1/tasks/SB3-019-PHO__cascadia-founders-summit-executive-portrait-set/,https://dhigdec.github.io/creative-ai-benchmark/gatsby-v4/#PHOTO-19,held
SB3-020-PHO,Astrid Vellacourt - Editorial portrait session,Photo & Image,PHOTO-20,"A coherent speaking and investor image set for an industrial-design founder

I am preparing speaking and investor materials for Astrid Vellacourt. The photographs and supporting pieces need to feel like the same person and practice: considered, credible and recognisably connected to industrial design.

The commission

 Speaker booking one-pager: 1 named export. The biography preserves approved facts. The talk offer is clear. The booking contact is readable.

 Event-specific speaker announcement: 1 named export. The event name is visible. The event date matches the supplied talk record. The speaker name is clear.

 Speaker event banner: 1 named export. The banner identifies the specific talk. The speaker portrait is recognisable.

 Speaker talk card: 9 named exports. The talk title matches this record. The event identity is visible.

Use the supplied approved copy and factual records. Permission restrictions in the owner's notes take precedence over inclusion in a source table.

Use the attached brand identity and the source files listed in the asset manifest. The output register defines exact filenames, pages, sizes and record bindings. Supporting previews are welcome but cannot replace those files.",16,15,84,127,s3://annotationprod/creative-ai-benchmark/v3.1/tasks/SB3-020-PHO__astrid-vellacourt-editorial-portrait-session/,https://dhigdec.github.io/creative-ai-benchmark/gatsby-v4/#PHOTO-20,held
SB3-021-PHO,Quill and Kiln - Autumn ceramics signature look,Photo & Image,PHOTO-21,"An autumn image library that still looks like my ceramics

Hi, I am Marlo Quill, the maker behind Quill & Kiln. I have a month's worth of photographs from my phone and a borrowed camera, taken under four different kinds of light. I need help turning them into a usable autumn collection.

Deliverables
1. Autumn studio journal carousel: 6 named exports. The image sequence tells a coherent making story. The captions match the pictured work.
2. Studio journal feature: 1 named export. The typography supports an editorial reading order. The feature identifies Quill and Kiln.

Use the supplied approved copy and factual records. Permission restrictions in the owner's notes take precedence over inclusion in a source table.

Use the attached brand identity and the source files listed in the asset manifest. The output register defines exact filenames, pages, sizes and record bindings. Supporting previews are welcome but cannot replace those files.",9,24,35,53,s3://annotationprod/creative-ai-benchmark/v3.1/tasks/SB3-021-PHO__quill-and-kiln-autumn-ceramics-signature-look/,https://dhigdec.github.io/creative-ai-benchmark/gatsby-v4/#PHOTO-21,held
SB3-022-PHO,Nordhaven - Harbour hotel booking campaign,Photo & Image,PHOTO-22,"Give a small harbour hotel a distinct look without losing room accuracy

Nordhaven occupies a harbour warehouse with fourteen rooms. We want a distinctive image treatment for the brand, while keeping one room hero true to colour so guests can see what they are booking.

Please prepare
- Harbour hotel booking hero: 1 named export. The scene is the supplied Nordhaven property. The booking action is clear.
- Hotel amenity panel: 1 named export. The named amenities are supported by the source pack. The information is easy to scan.
- Hotel room campaign: 14 named exports. The room photograph matches this room category. The advertised rate preserves its supplied conditions.

Use the supplied approved copy and factual records. Permission restrictions in the owner's notes take precedence over inclusion in a source table.

Use the attached brand identity and the source files listed in the asset manifest. The output register defines exact filenames, pages, sizes and record bindings. Supporting previews are welcome but cannot replace those files.",19,22,73,174,s3://annotationprod/creative-ai-benchmark/v3.1/tasks/SB3-022-PHO__nordhaven-outerwear-signature-image-system/,https://dhigdec.github.io/creative-ai-benchmark/gatsby-v4/#PHOTO-22,held
SB3-023-PHO,Ironline Forge - Blacksmith editorial image set,Photo & Image,PHOTO-23,"Foundry photographs for architects: one dark treatment, visible material

The furnace and rooflight give us two very different versions of Ironline Forge. We need an experienced retoucher to bring them together for architectural audiences and the expo.

Final handoff

 Architectural foundry editorial feature: 1 named export. The sequence explains the foundry's casting work. Tool and material detail remains credible.

 Foundry exhibition poster: 1 named export. The architectural casting offer uses approved copy. The specifier contact is readable.

Use the supplied approved copy and factual records. Permission restrictions in the owner's notes take precedence over inclusion in a source table.

Use the attached brand identity and the source files listed in the asset manifest. The output register defines exact filenames, pages, sizes and record bindings. Supporting previews are welcome but cannot replace those files.",4,18,16,18,s3://annotationprod/creative-ai-benchmark/v3.1/tasks/SB3-023-PHO__ironline-forge-blacksmith-editorial-image-set/,https://dhigdec.github.io/creative-ai-benchmark/gatsby-v4/#PHOTO-23,held
SB3-024-PHO,Lunara Chronometry - Autumn watch campaign,Photo & Image,PHOTO-24,"Watch campaign treatment plus colour-accurate dealer product files

Two kinds of files are needed for Lunara Chronometry, and they must not be confused. The campaign can carry our tonal treatment; the dealer needs clean product files, including a dial-finish reference that stays true to colour.

Scope
1. Autumn watch key visual: 1 named export. The watch dial matches the approved reference. The watch remains the dominant visual.
2. Watch product-page feature: 5 named exports. The case geometry matches the named watch. The specification wording is accurate.
3. Watch dealer launch sheet: 1 named export. Model identities are unambiguous. The layout reflects the stated price position.

Use the supplied approved copy and factual records. Permission restrictions in the owner's notes take precedence over inclusion in a source table.

Use the attached brand identity and the source files listed in the asset manifest. The output register defines exact filenames, pages, sizes and record bindings. Supporting previews are welcome but cannot replace those files.",10,23,38,70,s3://annotationprod/creative-ai-benchmark/v3.1/tasks/SB3-024-PHO__lunara-chronometry-autumn-watch-campaign/,https://dhigdec.github.io/creative-ai-benchmark/gatsby-v4/#PHOTO-24,held
SB3-025-PHO,Apexguard - Industrial surfaces launch photography,Photo & Image,PHOTO-25,"Apexguard imagery and recovered logo for a tightly defined six-SKU release

Release scope: six product SKUs
- V-PPF-104, V-PPF-105 and V-PPF-107
- U-TNT-204 and U-TNT-208
- F-HW-301

What we need back
- Industrial surfaces dealer poster: 1 named export. The correct Apexguard sub-brand is used. The advertised application is supported by source imagery.
- Surface product-page module: 6 named exports. The product variant is identified accurately. The surface finish retains its source texture.
- Sub-brand application sheet: 1 named export. The sub-brand hierarchy is clear. The approved master lettering is preserved.

Use the supplied approved copy and factual records. Permission restrictions in the owner's notes take precedence over inclusion in a source table.

Use the attached brand identity and the source files listed in the asset manifest. The output register defines exact filenames, pages, sizes and record bindings. Supporting previews are welcome but cannot replace those files.",11,23,43,86,s3://annotationprod/creative-ai-benchmark/v3.1/tasks/SB3-025-PHO__apexguard-industrial-surfaces-launch-photography/,https://dhigdec.github.io/creative-ai-benchmark/gatsby-v4/#PHOTO-25,held
SB3-026-PHO,Thornmere Home - Autumn interiors image system,Photo & Image,PHOTO-26,"Wholesale product images that keep indigo and reactive glaze honest

Our homeware photographs were made under two lighting rigs. Thornmere needs the twenty ceramic and textile pieces to work as a range, both in retailer tiles and on a coloured wholesale band.

The commission

 Autumn interiors collection spread: 1 named export. The textiles preserve their source patterns. The styled grouping feels coherent.

 Interiors wholesale presentation: 1 named export. Each featured object has its correct product name. The page sequence supports a trade buying conversation.

Use the supplied approved copy and factual records. Permission restrictions in the owner's notes take precedence over inclusion in a source table.

Use the attached brand identity and the source files listed in the asset manifest. The output register defines exact filenames, pages, sizes and record bindings. Supporting previews are welcome but cannot replace those files.",4,23,16,18,s3://annotationprod/creative-ai-benchmark/v3.1/tasks/SB3-026-PHO__thornmere-home-autumn-interiors-image-system/,https://dhigdec.github.io/creative-ai-benchmark/gatsby-v4/#PHOTO-26,held
SB3-027-PHO,Fennhollow - Botanical soda summer campaign,Photo & Image,PHOTO-27,"Build a believable soda image set around two imperfect packshots

Fennhollow has two packshots that have already been pushed too far in retouching, and no lifestyle shoot. We need a product retoucher with a good eye for licensing compatible photography and for knowing when to stop correcting a damaged source.

Deliverables
1. Botanical soda summer key visual: 1 named export. The can artwork matches the approved product. The headline and can have a clear hierarchy.
2. Botanical ingredient carousel: 5 named exports. The featured ingredients match approved copy. The closing page contains the approved shopping action.
3. Soda retail display poster: 1 named export. The brand is visible at viewing size. The pack remains recognisable.

Use the supplied approved copy and factual records. Permission restrictions in the owner's notes take precedence over inclusion in a source table.

Use the attached brand identity and the source files listed in the asset manifest. The output register defines exact filenames, pages, sizes and record bindings. Supporting previews are welcome but cannot replace those files.",10,8,38,51,s3://annotationprod/creative-ai-benchmark/v3.1/tasks/SB3-027-PHO__fennhollow-botanical-soda-summer-campaign/,https://dhigdec.github.io/creative-ai-benchmark/gatsby-v4/#PHOTO-27,held
SB3-028-PHO,Verda Reformer Studio - Fitness campaign image system,Photo & Image,PHOTO-28,"A calm launch image system for a reformer studio with a limited shoot

Verda is a reformer studio, and the launch should feel calm, approachable and grounded in the room we actually have. Our two room photographs are dusky. We need them prepared alongside suitable licensed movement imagery, not replaced by a fictional studio.

Please prepare
- Studio launch-page composition: 1 named export. The studio location is accurate. The class offer is clear. The booking action is visible.
- Class announcement: 1 named export. The class details match the approved roster. The pictured instructor is identified accurately.
- Studio booking story: 1 named export. The booking action is inside the safe area. The studio identity is readable.

Use the supplied approved copy and factual records. Permission restrictions in the owner's notes take precedence over inclusion in a source table.

Use the attached brand identity and the source files listed in the asset manifest. The output register defines exact filenames, pages, sizes and record bindings. Supporting previews are welcome but cannot replace those files.",6,12,21,28,s3://annotationprod/creative-ai-benchmark/v3.1/tasks/SB3-028-PHO__verda-reformer-studio-fitness-campaign-image-system/,https://dhigdec.github.io/creative-ai-benchmark/gatsby-v4/#PHOTO-28,held
SB3-029-PHO,Cape Marren - Shoulder-season tourism campaign,Photo & Image,PHOTO-29,"Coastal destination imagery for the quieter season

Cape Marren's campaign runs October to April. We need a welcoming coastal image set, but not sunshine or sea conditions that misrepresent that season. Six members have contributed photographs; suitable licensed coastal imagery can fill the declared context role.

Final handoff

 Shoulder-season destination poster: 1 named export. Cape Marren is identified. Stock coastal imagery is not labelled as a named member venue.

 Destination itinerary carousel: 6 named exports. Stops use the approved member names. The sequence supports a plausible visitor itinerary.

 Tourism member feature: 1 named export. The featured member is identified accurately. The imagery corresponds to that member or is explicitly illustrative.

Use the supplied approved copy and factual records. Permission restrictions in the owner's notes take precedence over inclusion in a source table.

Use the attached brand identity and the source files listed in the asset manifest. The output register defines exact filenames, pages, sizes and record bindings. Supporting previews are welcome but cannot replace those files.",11,18,43,62,s3://annotationprod/creative-ai-benchmark/v3.1/tasks/SB3-029-PHO__cape-marren-shoulder-season-tourism-campaign/,https://dhigdec.github.io/creative-ai-benchmark/gatsby-v4/#PHOTO-29,held
SB3-030-PHO,Palewell Health - Licensed care image campaign,Photo & Image,PHOTO-30,"A restrained healthcare image set with a reliable clinical-lead cutout

Palewell needs photography that feels credible together, even though most of the set will be licensed and only one frame is owned. Please prioritise compatible camera scale, neutral balance and depth over a collection of individually attractive stock photographs.

Scope
1. Care-service information poster: 1 named export. The service wording stays within approved claims. The care contact is readable.
2. Care website header: 1 named export. Stock people are not identified as named clinicians. The service name is clear. The clinical lead has a clean hair edge on the deep brand ground.
3. Clinical lead transparent portrait: 1 named export. The portrait preserves the person in palewell_lead_frame.jpg. The shoulder edge has no visible halo.
4. Referral information panel: 1 named export. The referral steps follow approved copy. The clinical lead identity is accurate.

Use the supplied approved copy and factual records. Permission restrictions in the owner's notes take precedence over inclusion in a source table.

Use the attached brand identity and the source files listed in the asset manifest. The output register defines exact filenames, pages, sizes and record bindings. Supporting previews are welcome but cannot replace those files.",7,35,27,31,s3://annotationprod/creative-ai-benchmark/v3.1/tasks/SB3-030-PHO__palewell-health-licensed-care-image-campaign/,https://dhigdec.github.io/creative-ai-benchmark/gatsby-v4/#PHOTO-30,held
SB3-031-VEC,Cordwain Overland - Identity master graphics,Vector & Print,VECTOR-01,"Recover three apparel graphics and prove they survive small reproduction

Cordwain has lost the working artwork for three overland graphics. We need a vector specialist who can recover what is actually in the references and make a useful garment-ready family, not deliver an unchecked automatic trace.

What we need back
- Recovered garment mark: 3 named exports. The geometry follows the authoritative source mark. The lettering is faithful to the source.
- Garment graphics application sheet: 1 named export. Placement scale matches the supplied garment constraints. The specified ink count is respected.
- Garment lookbook layout: 1 named export. The garment and graphic relationship is visible. The identity is consistent with the recovered masters.

Use the supplied approved copy and factual records. Permission restrictions in the owner's notes take precedence over inclusion in a source table.

Use the attached brand identity and the source files listed in the asset manifest. The output register defines exact filenames, pages, sizes and record bindings. Supporting previews are welcome but cannot replace those files.",7,12,28,30,s3://annotationprod/creative-ai-benchmark/v3.1/tasks/SB3-031-VEC__cordwain-overland-identity-master-graphics/,https://dhigdec.github.io/creative-ai-benchmark/gatsby-v4/#VECTOR-01,held
SB3-032-VEC,Redecker Machine Works - Restored mark system,Vector & Print,VECTOR-02,"Restore a machineworks identity from a catalogue and an etched plate

Redecker's mark has a long history, but the source artwork has not survived. We have a 1974 catalogue and an etched plate to work from. We want the identity recovered carefully, not replaced with something that merely looks industrial.

The commission

 Engineering identity master: 1 named export. The mark preserves the surviving original identity. Letter counters remain open at the specified reproduction size.

 Machine identity plate: 1 named export. The plate information matches the supplied machine record. The production lettering is legible.

 Service document header: 1 named export. The company name is correct. The header leaves usable space for service content.

Use the supplied approved copy and factual records. Permission restrictions in the owner's notes take precedence over inclusion in a source table.

Use the attached brand identity and the source files listed in the asset manifest. The output register defines exact filenames, pages, sizes and record bindings. Supporting previews are welcome but cannot replace those files.",5,7,20,22,s3://annotationprod/creative-ai-benchmark/v3.1/tasks/SB3-032-VEC__redecker-machine-works-restored-mark-system/,https://dhigdec.github.io/creative-ai-benchmark/gatsby-v4/#VECTOR-02,held
SB3-033-VEC,Apex Rally Club - Motorsport face and livery system,Vector & Print,VECTOR-03,"Six club badges rebuilt for pin and coin supplier review

Apex Rally Club needs six badge faces recovered from photographs for a pin and coin project. The references contain the colours and details we want to retain, but they are not reliable production drawings.

Deliverables
1. Motorsport face artwork: 6 named exports. The face design matches the named design record. The crest remains recognisable at the supplied reduction size.
2. Applied livery presentation: 1 named export. The graphics follow the vehicle panel boundaries. The livery hierarchy is readable at viewing distance.

Use the supplied approved copy and factual records. Permission restrictions in the owner's notes take precedence over inclusion in a source table.

Use the attached brand identity and the source files listed in the asset manifest. The output register defines exact filenames, pages, sizes and record bindings. Supporting previews are welcome but cannot replace those files.",8,10,32,33,s3://annotationprod/creative-ai-benchmark/v3.1/tasks/SB3-033-VEC__apex-rally-club-motorsport-face-and-livery-system/,https://dhigdec.github.io/creative-ai-benchmark/gatsby-v4/#VECTOR-03,held
SB3-034-VEC,Meridian and Ash - Sticker artwork production masters,Vector & Print,VECTOR-04,"Coffee sticker collection: recover four designs, add two, prepare the cutting sheet

Four recovered designs + two new designs = one six-sticker collection for Meridian & Ash.

Please prepare
- Recovered sticker artwork: 4 named exports. The design preserves its photographed original. Interior negative space remains open at 55 mm.
- Original companion sticker: 2 named exports. The drawing belongs stylistically beside the recovered collection. Interior negative space remains open at 55 mm.
- Separate sticker cut contour: 6 named exports. The contour is offset 2.5 mm from the artwork edge. The minimum corner radius is 3 mm. This file contains one cutting contour.
- Transparent sticker proof: 6 named exports. The proof corresponds to its named vector artwork.
- Sticker imposed production sheet: 1 named export. The cut contours leave at least 10 mm clear from the sheet edge. Adjacent cut contours have at least 6 mm gutter. The CutContour layer can be selected separately from the artwork.

Use the supplied approved copy and factual records. Permission restrictions in the owner's notes take precedence over inclusion in a source table.

Use the attached brand identity and the source files listed in the asset manifest. The output register defines exact filenames, pages, sizes and record bindings. Supporting previews are welcome but cannot replace those files.",20,7,92,64,s3://annotationprod/creative-ai-benchmark/v3.1/tasks/SB3-034-VEC__meridian-and-ash-sticker-artwork-production-masters/,https://dhigdec.github.io/creative-ai-benchmark/gatsby-v4/#VECTOR-04,held
SB3-035-VEC,Isla Verde - Monogram and wayfinding pictogram system,Vector & Print,VECTOR-05,"Resort identity recovery and a bilingual door-plate system

Isla Verde needs a specialist who is comfortable with both identity craft and production data. This is one coordinated job: recover the foil monogram, build the pictograms and make the bilingual plates fit the existing installation.

Final handoff

 Recovered Isla Verde monogram: 1 named export. The letterforms match the authoritative source. The inter-letter relationships preserve the original identity.

 Facility pictogram: 8 named exports. The symbol communicates the named facility. The symbol remains legible at 12 mm.

 Bilingual door plate: 25 named exports. The language pairing matches the schedule. The room identifier is unambiguous. The approved monogram is used.

Use the supplied approved copy and factual records. Permission restrictions in the owner's notes take precedence over inclusion in a source table.

Use the attached brand identity and the source files listed in the asset manifest. The output register defines exact filenames, pages, sizes and record bindings. Supporting previews are welcome but cannot replace those files.",35,18,210,326,s3://annotationprod/creative-ai-benchmark/v3.1/tasks/SB3-035-VEC__isla-verde-monogram-and-wayfinding-pictogram-system/,https://dhigdec.github.io/creative-ai-benchmark/gatsby-v4/#VECTOR-05,held
SB3-036-VEC,Ridgeway Rovers - Football crest master system,Vector & Print,VECTOR-06,"Recover a football crest and its hand-drawn shirt lettering

Ridgeway Rovers wants its existing identity back in usable form. The crest needs to work at breast size and in one ink; the lettering comes from a set of 1990s drawings rather than a font we can buy.

Scope
1. Football club crest: 3 named exports. The club lettering matches the source. The crest details remain recognisable at shirt size.
2. Club number glyph: 10 named exports. The numeral is unambiguous at kit viewing distance. The glyph follows the founder's drawing.
3. Club letter glyph: 26 named exports. The letter follows the founder's drawing. The letter has no graph-paper artefacts.
4. Shirt and training-kit artwork sheet: 1 named export. The crest placement respects the supplied kit dimensions. The name-number hierarchy is usable on the shirt.

Use the supplied approved copy and factual records. Permission restrictions in the owner's notes take precedence over inclusion in a source table.

Use the attached brand identity and the source files listed in the asset manifest. The output register defines exact filenames, pages, sizes and record bindings. Supporting previews are welcome but cannot replace those files.",41,8,200,165,s3://annotationprod/creative-ai-benchmark/v3.1/tasks/SB3-036-VEC__ridgeway-rovers-football-crest-master-system/,https://dhigdec.github.io/creative-ai-benchmark/gatsby-v4/#VECTOR-06,held
SB3-037-VEC,Wharfside Folk Festival - Restored festival identity,Vector & Print,VECTOR-07,"Bring our painted festival wordmark into a usable anniversary kit

Wharfside Folk Festival is twenty years old. The shed-painted wordmark is part of that history, and we want to retain its character across the handbill, cloth and supporting anniversary materials.

What we need back
- Recovered festival mark: 1 named export. The source lettering is preserved.
- Festival poster: 1 named export. The billing order follows the approved lineup. The event date is readable.
- Festival handbill: 1 named export. The venue details are readable at print size. The ticket action is visible.
- Festival shirt artwork: 1 named export. The ink limits follow the supplier note. The mark remains recognisable on the garment.

Use the supplied approved copy and factual records. Permission restrictions in the owner's notes take precedence over inclusion in a source table.

Use the attached brand identity and the source files listed in the asset manifest. The output register defines exact filenames, pages, sizes and record bindings. Supporting previews are welcome but cannot replace those files.",6,16,24,25,s3://annotationprod/creative-ai-benchmark/v3.1/tasks/SB3-037-VEC__wharfside-folk-festival-restored-festival-identity/,https://dhigdec.github.io/creative-ai-benchmark/gatsby-v4/#VECTOR-07,held
SB3-038-VEC,Coble and Vane - One-color mark system,Vector & Print,VECTOR-08,"Distillery mark recovery and a matching founder portrait set

This is a focused identity-production commission for Coble & Vane. We need the existing mark recovered in colour and true one-ink form, alongside three founder photographs that currently disagree because of their lighting.

The commission

 One-colour packaging identity: 1 named export. The mark uses the approved one-ink treatment. The counter spaces remain open on the stated stock.

 Cask-release label artwork: 13 named exports. The release details match this record. The label respects the supplied packaging area.

 Packaging supplier application sheet: 1 named export. The ink treatment is unambiguous. The application scale is stated.

Use the supplied approved copy and factual records. Permission restrictions in the owner's notes take precedence over inclusion in a source table.

Use the attached brand identity and the source files listed in the asset manifest. The output register defines exact filenames, pages, sizes and record bindings. Supporting previews are welcome but cannot replace those files.",17,20,102,171,s3://annotationprod/creative-ai-benchmark/v3.1/tasks/SB3-038-VEC__coble-and-vane-one-color-mark-system/,https://dhigdec.github.io/creative-ai-benchmark/gatsby-v4/#VECTOR-08,held
SB3-039-VEC,Halcyon Grid - Production logo family,Vector & Print,VECTOR-09,"Turn rough raster brand concepts into a credible SaaS identity system

Halcyon Grid is a small logistics software team. We have three AI-generated raster marks, but we do not yet have a usable identity. We need a designer to resolve the geometry, not preserve every artefact in those images.

Deliverables
1. Halcyon Grid logo variant: 3 named exports. The geometry preserves the master identity. The lettering is optically balanced.
2. Identity usage guide: 1 named export. The guide shows usable clear-space examples. The variant naming is unambiguous.
3. Team website identity application: 1 named export. The correct team names accompany their portraits. The parent and product identities have a clear hierarchy.

Use the supplied approved copy and factual records. Permission restrictions in the owner's notes take precedence over inclusion in a source table.

Use the attached brand identity and the source files listed in the asset manifest. The output register defines exact filenames, pages, sizes and record bindings. Supporting previews are welcome but cannot replace those files.",7,18,27,30,s3://annotationprod/creative-ai-benchmark/v3.1/tasks/SB3-039-VEC__halcyon-grid-production-logo-family/,https://dhigdec.github.io/creative-ai-benchmark/gatsby-v4/#VECTOR-09,held
SB3-040-VEC,Evergreen Provisions - Restored crest system,Vector & Print,VECTOR-10,"Six painted crest lockups prepared for an apparel capsule

Evergreen Provisions needs the six painted crest lockups prepared for its small garment capsule. The brush character matters, but the artwork must hold at the actual garment width rather than only in a large presentation.

Please prepare
- Apparel crest production artwork: 6 named exports. The crest matches the authoritative painted reference. The brush character survives the reduction.
- Garment capsule application presentation: 1 named export. The graphic placement follows the garment schedule. The presentation distinguishes print artwork from illustrative mockup.

Use the supplied approved copy and factual records. Permission restrictions in the owner's notes take precedence over inclusion in a source table.

Use the attached brand identity and the source files listed in the asset manifest. The output register defines exact filenames, pages, sizes and record bindings. Supporting previews are welcome but cannot replace those files.",8,14,32,33,s3://annotationprod/creative-ai-benchmark/v3.1/tasks/SB3-040-VEC__evergreen-provisions-restored-crest-system/,https://dhigdec.github.io/creative-ai-benchmark/gatsby-v4/#VECTOR-10,held
SB3-041-VEC,Cedar Commons - Farmers market identity restoration,Vector & Print,VECTOR-11,"Recover the market's apron mark and prepare our site photographs

Hello from Cedar Commons. We help run the farmers' market, and the apron print is the version of our mark people recognise. Could you help us get it into a form we can place cleanly, without a box around it?

Final handoff

 Farmers-market identity master: 1 named export. The source identity is preserved.

 Seasonal market poster: 1 named export. The market date is accurate. The location is readable.

 Market stall sign: 45 named exports. The trader name matches this stall record. The sign is legible at the intended stall distance.

Use the supplied approved copy and factual records. Permission restrictions in the owner's notes take precedence over inclusion in a source table.

Use the attached brand identity and the source files listed in the asset manifest. The output register defines exact filenames, pages, sizes and record bindings. Supporting previews are welcome but cannot replace those files.",49,9,326,454,s3://annotationprod/creative-ai-benchmark/v3.1/tasks/SB3-041-VEC__cedar-commons-farmers-market-identity-restoration/,https://dhigdec.github.io/creative-ai-benchmark/gatsby-v4/#VECTOR-11,held
SB3-042-VEC,Static Union - Manufacturing artwork system,Vector & Print,VECTOR-12,"One streetwear graphic family adapted properly for four manufacturing methods

Static Union needs production-minded artwork adaptation for small goods. The same detailed drawing will not work unchanged as embroidery, enamel, a sticker and a woven label. We are looking for someone who understands those differences and can make deliberate reductions.

Scope
1. Manufacturing artwork: 4 named exports. The artwork respects the medium-specific vendor tolerance. The smallest reproduced detail remains open.
2. Supplier production guide: 1 named export. The intended medium is stated on the relevant page. The physical reproduction size is unambiguous.

Use the supplied approved copy and factual records. Permission restrictions in the owner's notes take precedence over inclusion in a source table.

Use the attached brand identity and the source files listed in the asset manifest. The output register defines exact filenames, pages, sizes and record bindings. Supporting previews are welcome but cannot replace those files.",6,9,24,25,s3://annotationprod/creative-ai-benchmark/v3.1/tasks/SB3-042-VEC__static-union-manufacturing-artwork-system/,https://dhigdec.github.io/creative-ai-benchmark/gatsby-v4/#VECTOR-12,held
SB3-043-VEC,Maison Serault - Wordmark and monogram master set,Vector & Print,VECTOR-13,"Recover our jewellery wordmark from three disagreeing references

Maison Serault has three captures of the existing wordmark and monogram. They disagree in apparent colour and weight. We need a careful reconstruction of the identity, not an average of three photographs.

What we need back
- Maison Serault wordmark: 1 named export. The lettering preserves the authoritative source. Optical spacing is balanced at packaging size.
- Maison Serault monogram: 1 named export. The approved letter structure is preserved. The mark remains readable at its smallest application.
- Collection packaging label: 1 named export. The product naming follows the approved collection. The finish treatment respects supplier limits.
- House stationery application: 1 named export. The brand name is readable. The layout leaves practical writing space.

Use the supplied approved copy and factual records. Permission restrictions in the owner's notes take precedence over inclusion in a source table.

Use the attached brand identity and the source files listed in the asset manifest. The output register defines exact filenames, pages, sizes and record bindings. Supporting previews are welcome but cannot replace those files.",6,7,24,26,s3://annotationprod/creative-ai-benchmark/v3.1/tasks/SB3-043-VEC__maison-serault-wordmark-and-monogram-master-set/,https://dhigdec.github.io/creative-ai-benchmark/gatsby-v4/#VECTOR-13,held
SB3-044-VEC,Ironway Run Club - Numbering and club mark system,Vector & Print,VECTOR-14,"Rebuild our club lettering and use it in the Founders Five bib run

Ironway Run Club's lettering comes from Del's 1994 drawings. We want the ten numerals, twenty-six letters and singlet logo made usable again, followed by the Founders Five bib production.

The commission

 Ironway club mark: 1 named export. The source club identity is preserved.

 Race numeral: 10 named exports. The numeral is distinguishable from similar digits at viewing distance. The numeral follows Del's 1994 drawing.

 Club letter glyph: 26 named exports. The letter follows Del's 1994 drawing. The weight is consistent with the restored set.

 Founders Five member bib: 39 named exports. The runner number matches this member. The number is the dominant visual.

Use the supplied approved copy and factual records. Permission restrictions in the owner's notes take precedence over inclusion in a source table.

Use the attached brand identity and the source files listed in the asset manifest. The output register defines exact filenames, pages, sizes and record bindings. Supporting previews are welcome but cannot replace those files.",77,6,456,567,s3://annotationprod/creative-ai-benchmark/v3.1/tasks/SB3-044-VEC__ironway-run-club-numbering-and-club-mark-system/,https://dhigdec.github.io/creative-ai-benchmark/gatsby-v4/#VECTOR-14,held
SB3-045-VEC,Marchfield Exchange - Crest and engraving geometry system,Vector & Print,VECTOR-15,"Restore the Exchange crest and rebuild the suite-plate workflow

Marchfield Exchange is a listed 1911 building. The crest needs recovering from brass and letterhead references; the suite plates need updating from the 2019 production PDF. We are preserving an identity and an installation, not commissioning a redesign.

Deliverables
1. Marchfield shield-and-wreath crest: 2 named exports. The shield matches the authoritative source crest. The wreath matches the authoritative source crest. The original lettering is preserved.
2. Marchfield engraving artwork: 1 named export. The original crest identity survives the production simplification. Small counters remain open at 32 mm. The thinnest engraved stroke is at least 0.50 mm at a 32 mm crest width.
3. Suite plate: 15 named exports. The tenant name fits inside the plate trim. The approved shield-and-wreath crest is used. The artwork leaves a 12 mm clear margin.
4. Entrance plaque artwork: 1 named export. The crest is 180 mm across. Artwork stays at least 15 mm from each bolt centre. The building name is correct.
5. Lobby directory artwork: 1 named export. The crest is 120 mm across. Artwork leaves a 20 mm clear margin. Tenants appear in reconciled suite order.
6. Brass reproduction proof: 1 named export. The proof shows the crest on satin brass. The stated reproduction size is accurate. The proof identifies details that fail the 0.50 mm stroke limit.

Use the supplied approved copy and factual records. Permission restrictions in the owner's notes take precedence over inclusion in a source table.

Use the attached brand identity and the source files listed in the asset manifest. The output register defines exact filenames, pages, sizes and record bindings. Supporting previews are welcome but cannot replace those files.",25,6,141,199,s3://annotationprod/creative-ai-benchmark/v3.1/tasks/SB3-045-VEC__marchfield-exchange-crest-and-engraving-geometry-system/,https://dhigdec.github.io/creative-ai-benchmark/gatsby-v4/#VECTOR-15,held
SB3-046-LAY,Kantyna Nova - Private dining menu and campaign system,Layout & Data,LAYOUT-01,"Private-dining cards, menu and opening materials for Kantyna Nova

We set one table a night at Kantyna Nova: one tasting, one wine flight. The plates were photographed during service, and now the private-dining bookings, menu and opening materials need to look as considered as the room.

Please prepare
- Tasting and wine menu: 1 named export. The fourteen approved courses appear in order on page 1. The forty-two wine entries are present on page 2. The wine grouping supports the pour sequence.
- Private-dining partner deck: 1 named export. The deck explains the private-dining offer. The price build-up follows approved copy.
- Reservations information sheet: 1 named export. The reservation wording is reproduced accurately.
- Opening feed post: 1 named export. Kantyna Nova is visibly identified. The approved booking action is readable.
- Opening story: 1 named export. The booking action remains in the safe area. The restaurant name is legible.
- Opening announcement banner: 1 named export. The opening information is accurate. The food remains the focal point.
- Guest pairing card: 14 named exports. The photograph shows the guest's assigned course. The complete wine designation fits at trim.

Use the supplied approved copy and factual records. Permission restrictions in the owner's notes take precedence over inclusion in a source table.

Use the attached brand identity and the source files listed in the asset manifest. The output register defines exact filenames, pages, sizes and record bindings. Supporting previews are welcome but cannot replace those files.",27,19,142,225,s3://annotationprod/creative-ai-benchmark/v3.1/tasks/SB3-046-LAY__kantyna-nova-private-dining-menu-and-campaign-system/,https://dhigdec.github.io/creative-ai-benchmark/gatsby-v4/#LAYOUT-01,held
SB3-047-LAY,Corner and Cure - Cold-case label system,Layout & Data,LAYOUT-02,"Cold-case labels and ordering tiles from our cafe's existing materials

Our sign is painted on a board screwed to the wall. Most of the food photographs were taken on a phone over the counter. Corner & Cure needs someone who can work carefully with those materials and turn them into a practical, consistent set.

Final handoff

 Cold-case label: 39 named exports. The allergen wording agrees with the approved item record. The item name is readable at label size.

 Marketplace item tile: 38 named exports. The photograph shows the named item. The restaurant identity does not obscure the dish.

Use the supplied approved copy and factual records. Permission restrictions in the owner's notes take precedence over inclusion in a source table.

Use the attached brand identity and the source files listed in the asset manifest. The output register defines exact filenames, pages, sizes and record bindings. Supporting previews are welcome but cannot replace those files.",79,22,427,878,s3://annotationprod/creative-ai-benchmark/v3.1/tasks/SB3-047-LAY__corner-and-cure-cold-case-label-system/,https://dhigdec.github.io/creative-ai-benchmark/gatsby-v4/#LAYOUT-02,held
SB3-048-LAY,Lumora Laboratories - Retail launch and paid social system,Layout & Data,LAYOUT-03,"Six-product retail launch: one image standard across store and paid social

Lumora Laboratories is preparing six products for specialty retail and a rebuilt store page. The photographs currently do not read as one line. We need the image foundations corrected and carried into editable launch material.

Scope
1. Retail product-page module: 6 named exports. The pack matches the named SKU. The approved benefit is readable.
2. Retail launch carousel: 6 named exports. The sequence differentiates the products. The brand appears on the opening page.
3. Paid social creative: 3 named exports. The approved product claim is unchanged. The shopping action is clear.

Use the supplied approved copy and factual records. Permission restrictions in the owner's notes take precedence over inclusion in a source table.

Use the attached brand identity and the source files listed in the asset manifest. The output register defines exact filenames, pages, sizes and record bindings. Supporting previews are welcome but cannot replace those files.",18,11,69,136,s3://annotationprod/creative-ai-benchmark/v3.1/tasks/SB3-048-LAY__lumora-laboratories-retail-launch-and-paid-social-system/,https://dhigdec.github.io/creative-ai-benchmark/gatsby-v4/#LAYOUT-03,held
SB3-049-LAY,Northgrove - Wholesale lookbook and hang-tag system,Layout & Data,LAYOUT-04,"A ten-look wholesale hang-tag run with properly matched product photography

Northgrove's fall capsule is heading to stockists. Our immediate need is a dependable hang-tag pack: the correct piece, its own image and the full make note on every card. The photography comes from two mornings that do not yet look like the same collection.

What we need back
- Wholesale capsule lookbook: 1 named export. Styles are identified accurately. The page sequence supports wholesale selection.
- Garment hang tag: 11 named exports. The garment facts match this style. The care wording remains readable at tag size.

Use the supplied approved copy and factual records. Permission restrictions in the owner's notes take precedence over inclusion in a source table.

Use the attached brand identity and the source files listed in the asset manifest. The output register defines exact filenames, pages, sizes and record bindings. Supporting previews are welcome but cannot replace those files.",14,18,84,151,s3://annotationprod/creative-ai-benchmark/v3.1/tasks/SB3-049-LAY__northgrove-wholesale-lookbook-and-hang-tag-system/,https://dhigdec.github.io/creative-ai-benchmark/gatsby-v4/#LAYOUT-04,held
SB3-050-LAY,Maison Valcere - Brand story deck and campaign document,Layout & Data,LAYOUT-05,"An appointment-season story deck with a consistent jewellery image library

Maison Valcere needs its house-story and campaign documents ready for the autumn appointment season. The bench photography spans two sittings, and it does not yet sit together as a collection.

The commission

 House-story presentation: 1 named export. The sequence communicates the house's approved story. The packaging shown matches the supplied artwork.

 House campaign poster: 1 named export. The campaign identifies Maison Valcere. The product remains recognisable.

 House campaign feed ad: 1 named export. The approved message is readable. The brand treatment reflects the stated price position.

 House campaign story: 1 named export. The action line remains inside the safe area.

Use the supplied approved copy and factual records. Permission restrictions in the owner's notes take precedence over inclusion in a source table.

Use the attached brand identity and the source files listed in the asset manifest. The output register defines exact filenames, pages, sizes and record bindings. Supporting previews are welcome but cannot replace those files.",8,25,30,35,s3://annotationprod/creative-ai-benchmark/v3.1/tasks/SB3-050-LAY__maison-valcere-brand-story-deck-and-campaign-document/,https://dhigdec.github.io/creative-ai-benchmark/gatsby-v4/#LAYOUT-05,held
SB3-051-LAY,Nordheim Atelier - Showroom line-card system,Layout & Data,LAYOUT-06,"Showroom line cards for twelve looks, with a controlled editorial treatment

Nordheim Atelier is preparing for buyer appointments. Twelve looks were photographed over two days, including two outside as the light changed. We need one grey editorial treatment, but wool, shearling and gabardine must still read as different materials.

Deliverables
1. Showroom line card: 13 named exports. The pictured style matches this record. Material information is readable. The trade price is easy to locate.

Use the supplied approved copy and factual records. Permission restrictions in the owner's notes take precedence over inclusion in a source table.

Use the attached brand identity and the source files listed in the asset manifest. The output register defines exact filenames, pages, sizes and record bindings. Supporting previews are welcome but cannot replace those files.",14,19,90,170,s3://annotationprod/creative-ai-benchmark/v3.1/tasks/SB3-051-LAY__nordheim-atelier-showroom-line-card-system/,https://dhigdec.github.io/creative-ai-benchmark/gatsby-v4/#LAYOUT-06,held
SB3-052-LAY,Harbor Crest Realty - Open-house card campaign,Layout & Data,LAYOUT-07,"Listing photography and six agent cards for 14 Marlowe Crescent

Harbor Crest Realty needs the house to look consistent across the listing and the open-house cards. The shooter has returned the rooms as captured; wall colour and window handling now vary from room to room.

Please prepare
- Agent open-house card: 7 named exports. The agent portrait matches the record. The property details match the fact sheet. The contact line is readable.
- Open-house property presentation: 1 named export. The rooms are shown truthfully. The enquiry information is unambiguous.

Use the supplied approved copy and factual records. Permission restrictions in the owner's notes take precedence over inclusion in a source table.

Use the attached brand identity and the source files listed in the asset manifest. The output register defines exact filenames, pages, sizes and record bindings. Supporting previews are welcome but cannot replace those files.",10,28,56,95,s3://annotationprod/creative-ai-benchmark/v3.1/tasks/SB3-052-LAY__harbor-crest-realty-open-house-card-campaign/,https://dhigdec.github.io/creative-ai-benchmark/gatsby-v4/#LAYOUT-07,held
SB3-053-LAY,Verranza Coastal Retreats - In-villa seasonal collateral,Layout & Data,LAYOUT-08,"Twelve seasonal villa cards and a coherent three-property image set

Looking at our Verranza photographs together, you could believe they describe three different holidays. Two trips, two photographers and a batch already edited elsewhere have left the collection inconsistent.

Final handoff

 In-villa seasonal card: 13 named exports. The season dates match this record. The villa information is unambiguous. The rate conditions are readable.

Use the supplied approved copy and factual records. Permission restrictions in the owner's notes take precedence over inclusion in a source table.

Use the attached brand identity and the source files listed in the asset manifest. The output register defines exact filenames, pages, sizes and record bindings. Supporting previews are welcome but cannot replace those files.",14,32,90,170,s3://annotationprod/creative-ai-benchmark/v3.1/tasks/SB3-053-LAY__verranza-coastal-retreats-in-villa-seasonal-collateral/,https://dhigdec.github.io/creative-ai-benchmark/gatsby-v4/#LAYOUT-08,held
SB3-054-LAY,Nimbadesk - B2B sell-sheet system,Layout & Data,LAYOUT-09,"Nimbadesk launch collateral using the current product build

We need the sell sheets, pitch deck and launch social to look like one product. There are eleven product captures in the pack, but the first job is to establish which belong to the current build and how they should be presented consistently.

Scope
1. B2B product sell sheet: 4 named exports. The stated metric preserves its qualification. The UI is a faithful supplied capture.
2. Product pitch deck: 1 named export. The narrative explains the customer problem before the offer. The claims follow approved copy.
3. Product launch post: 3 named exports. The product name is clear. The request-demo action is visible.

Use the supplied approved copy and factual records. Permission restrictions in the owner's notes take precedence over inclusion in a source table.

Use the attached brand identity and the source files listed in the asset manifest. The output register defines exact filenames, pages, sizes and record bindings. Supporting previews are welcome but cannot replace those files.",11,29,50,64,s3://annotationprod/creative-ai-benchmark/v3.1/tasks/SB3-054-LAY__nimbadesk-b2b-sell-sheet-system/,https://dhigdec.github.io/creative-ai-benchmark/gatsby-v4/#LAYOUT-09,held
SB3-055-LAY,Alderwood Scholars Fund - Multi-center appeal campaign,Layout & Data,LAYOUT-10,"Five-centre appeal banners with accurate local details and a recovered crest

Alderwood Scholars Fund needs one coordinated banner run for its five centres. The office must be able to trust each centre's name, address, hours and coordinator, not proofread five designs assembled independently from memory.

What we need back
- Centre appeal banner: 5 named exports. The beneficiary story matches the named centre. The programme amount agrees with the reconciled funding table. The donation action is readable.

Use the supplied approved copy and factual records. Permission restrictions in the owner's notes take precedence over inclusion in a source table.

Use the attached brand identity and the source files listed in the asset manifest. The output register defines exact filenames, pages, sizes and record bindings. Supporting previews are welcome but cannot replace those files.",6,46,23,57,s3://annotationprod/creative-ai-benchmark/v3.1/tasks/SB3-055-LAY__alderwood-scholars-fund-multi-center-appeal-campaign/,https://dhigdec.github.io/creative-ai-benchmark/gatsby-v4/#LAYOUT-10,held
SB3-056-LAY,Lanternwood Folk Fest - Performer credential system,Layout & Data,LAYOUT-11,"Performer laminates for Lanternwood, rebuilt from last year's printed artwork

Twenty-two people need correct performer laminates. Our designer left in 2024, and the usable starting point is last year's printed artwork. We need a production designer who will rebuild the run carefully, not carry last year's names or fields into new passes.

The commission

 Performer credential: 23 named exports. The access category matches the performer record. The portrait belongs to the named performer. The credential remains readable when worn.

Use the supplied approved copy and factual records. Permission restrictions in the owner's notes take precedence over inclusion in a source table.

Use the attached brand identity and the source files listed in the asset manifest. The output register defines exact filenames, pages, sizes and record bindings. Supporting previews are welcome but cannot replace those files.",24,19,160,310,s3://annotationprod/creative-ai-benchmark/v3.1/tasks/SB3-056-LAY__lanternwood-folk-fest-performer-credential-system/,https://dhigdec.github.io/creative-ai-benchmark/gatsby-v4/#LAYOUT-11,held
SB3-057-LAY,Umbra Loft - After Dark event campaign,Layout & Data,LAYOUT-12,"After Dark: a coherent poster and social campaign from six different nights

Umbra Loft's autumn programme needs to feel like a series, even though our six usable archive photographs were shot under six different lighting rigs. We want a strong two-colour and grain treatment that actually lives in the images, not a collection of unrelated pictures behind matching text.

Deliverables
1. After Dark poster direction: 3 named exports. The billing order follows the supplied list. The event information is readable.
2. Promoter pitch deck: 1 named export. The three directions are meaningfully distinct. The sequence explains the series identity.
3. Night release post: 9 named exports. The date matches this event. The ticket action is readable.

Use the supplied approved copy and factual records. Permission restrictions in the owner's notes take precedence over inclusion in a source table.

Use the attached brand identity and the source files listed in the asset manifest. The output register defines exact filenames, pages, sizes and record bindings. Supporting previews are welcome but cannot replace those files.",16,13,65,151,s3://annotationprod/creative-ai-benchmark/v3.1/tasks/SB3-057-LAY__umbra-loft-after-dark-event-campaign/,https://dhigdec.github.io/creative-ai-benchmark/gatsby-v4/#LAYOUT-12,held
SB3-058-LAY,Marisol Cove - Shoulder-season hospitality campaign,Layout & Data,LAYOUT-13,"Shoulder-season hospitality campaign built from carefully matched photography

Marisol Cove needs a shoulder-season campaign that reflects the light we actually have. Most of the coastal pictures will be licensed; the usable room photographs are ours. The work is to make them belong together, not to promise a different coast or a different property.

Please prepare
- Shoulder-season key visual: 1 named export. The pictured property is correctly identified. The offer preserves its conditions.
- Hospitality booking story: 1 named export. The booking action stays inside the safe area.
- Seasonal offer card: 10 named exports. The rate period is clear. The property identity is visible.
- Seasonal hospitality brochure: 1 named export. The offer is understandable without the original brief. The property imagery is truthful.

Use the supplied approved copy and factual records. Permission restrictions in the owner's notes take precedence over inclusion in a source table.

Use the attached brand identity and the source files listed in the asset manifest. The output register defines exact filenames, pages, sizes and record bindings. Supporting previews are welcome but cannot replace those files.",17,16,65,148,s3://annotationprod/creative-ai-benchmark/v3.1/tasks/SB3-058-LAY__marisol-cove-shoulder-season-hospitality-campaign/,https://dhigdec.github.io/creative-ai-benchmark/gatsby-v4/#LAYOUT-13,held
SB3-059-LAY,Lumen Quarterly - Autumn editorial issue,Layout & Data,LAYOUT-14,"Lumen Quarterly's autumn issue, with an editable layout and recovered masthead

The editor will still be moving copy close to publication. Lumen Quarterly needs an autumn issue document that remains genuinely editable, supported by a coherent fourteen-frame photo essay and a usable version of our scanned masthead.

Final handoff

 Autumn editorial issue: 1 named export. The complete approved article is present. The image order follows the editorial sequence. The masthead preserves the approved lettering. The page hierarchy supports sustained reading.

 Editorial plate card: 15 named exports. The plate caption matches this record. The image corresponds to the named plate.

Use the supplied approved copy and factual records. Permission restrictions in the owner's notes take precedence over inclusion in a source table.

Use the attached brand identity and the source files listed in the asset manifest. The output register defines exact filenames, pages, sizes and record bindings. Supporting previews are welcome but cannot replace those files.",18,20,112,181,s3://annotationprod/creative-ai-benchmark/v3.1/tasks/SB3-059-LAY__lumen-quarterly-autumn-editorial-issue/,https://dhigdec.github.io/creative-ai-benchmark/gatsby-v4/#LAYOUT-14,held
SB3-060-LAY,Aldervale Mutual - District insurance counter-card run,Layout & Data,LAYOUT-15,"Rebuild our insurance counter-card template and produce the district run

The printer who made Aldervale Mutual's counter cards has closed. We still have the press file and need a reusable production route, not a one-time approximation of the design.

Scope
1. District insurance counter card: 15 named exports. The compliance wording is reproduced without alteration. The contact information belongs to this producer. The rate qualification is readable.

Use the supplied approved copy and factual records. Permission restrictions in the owner's notes take precedence over inclusion in a source table.

Use the attached brand identity and the source files listed in the asset manifest. The output register defines exact filenames, pages, sizes and record bindings. Supporting previews are welcome but cannot replace those files.",16,18,104,212,s3://annotationprod/creative-ai-benchmark/v3.1/tasks/SB3-060-LAY__aldervale-mutual-district-insurance-counter-card-run/,https://dhigdec.github.io/creative-ai-benchmark/gatsby-v4/#LAYOUT-15,held
SB3-061-LAY,Anvil and Oak - Gym opening member collateral,Layout & Data,LAYOUT-16,"Athlete cards and spotlight portraits for our gym opening

Anvil & Oak needs opening-roster cards and a consistent portrait set. Sixteen members were photographed across three evenings, and the colour differences are obvious when the portraits sit on our dark ground.

What we need back
- Opening-roster athlete card: 17 named exports. The portrait belongs to the named athlete. The athlete number is clear.
- Opening gym spotlight: 3 named exports. The gym identity is visible. The opening message follows approved copy.

Use the supplied approved copy and factual records. Permission restrictions in the owner's notes take precedence over inclusion in a source table.

Use the attached brand identity and the source files listed in the asset manifest. The output register defines exact filenames, pages, sizes and record bindings. Supporting previews are welcome but cannot replace those files.",22,20,133,249,s3://annotationprod/creative-ai-benchmark/v3.1/tasks/SB3-061-LAY__anvil-and-oak-gym-opening-member-collateral/,https://dhigdec.github.io/creative-ai-benchmark/gatsby-v4/#LAYOUT-16,held
SB3-062-LAY,Apexguard - Product label and dealer collateral system,Layout & Data,LAYOUT-17,"Dealer-ready roll labels and bay imagery for Apexguard

Our dealer meetings need a reliable label system, not another set of labels assembled one by one. Apexguard has three tiers that should read as one family, and the current stock export must control the product information.

The commission

 Product roll label: 13 named exports. The tier is identified accurately. The required installation copy fits at label size.

 Dealer range brochure: 1 named export. The product tiers are easy to compare. The uses are supported by the approved range data.

Use the supplied approved copy and factual records. Permission restrictions in the owner's notes take precedence over inclusion in a source table.

Use the attached brand identity and the source files listed in the asset manifest. The output register defines exact filenames, pages, sizes and record bindings. Supporting previews are welcome but cannot replace those files.",16,19,98,179,s3://annotationprod/creative-ai-benchmark/v3.1/tasks/SB3-062-LAY__apexguard-product-label-and-dealer-collateral-system/,https://dhigdec.github.io/creative-ai-benchmark/gatsby-v4/#LAYOUT-17,held
SB3-063-LAY,Kilnmore - Wholesale relaunch campaign,Layout & Data,LAYOUT-18,"Kilnmore wholesale relaunch: preserve the glazes across the full campaign

The relaunch needs to look like one Kilnmore range. We have fourteen captures from two very different mornings, covering thirteen pieces, and four glazes that customers must still be able to distinguish after correction.

Deliverables
1. Wholesale relaunch deck: 1 named export. The range story supports a trade buying conversation. The product facts are accurate.
2. Wholesale paid-social creative: 2 named exports. The trade enquiry action is visible.
3. Storefront range banner: 1 named export. Kilnmore is identified. The range remains recognisable.
4. Product specification tile: 13 named exports. The item geometry matches this record.
5. Wholesale range one-pager: 1 named export. The product hierarchy is clear.
6. Mark and type reference: 1 named export. The typography choices are identified accurately.

Use the supplied approved copy and factual records. Permission restrictions in the owner's notes take precedence over inclusion in a source table.

Use the attached brand identity and the source files listed in the asset manifest. The output register defines exact filenames, pages, sizes and record bindings. Supporting previews are welcome but cannot replace those files.",25,19,97,232,s3://annotationprod/creative-ai-benchmark/v3.1/tasks/SB3-063-LAY__kilnmore-wholesale-relaunch-campaign/,https://dhigdec.github.io/creative-ai-benchmark/gatsby-v4/#LAYOUT-18,held
SB3-064-LAY,Northwind Advisory - Team page and recruitment collateral,Layout & Data,LAYOUT-19,"Make eight advisers look like one firm across the site and leave-behind

Northwind Advisory's team photographs were taken on three separate mornings. At present, we look like three different firms. We need a coherent portrait treatment and the team page, capabilities leave-behind and announcement posts built around it.

Please prepare
- Advisory team-page composition: 1 named export. Each portrait is paired with the correct adviser. Professional credentials match the supplied record.
- Capabilities leave-behind: 1 named export. The sector offer is clearly structured. No unsupported credential is added.
- Recruitment announcement: 1 named export. The approved role or recruitment offer is clear. The application action is readable.

Use the supplied approved copy and factual records. Permission restrictions in the owner's notes take precedence over inclusion in a source table.

Use the attached brand identity and the source files listed in the asset manifest. The output register defines exact filenames, pages, sizes and record bindings. Supporting previews are welcome but cannot replace those files.",6,19,22,27,s3://annotationprod/creative-ai-benchmark/v3.1/tasks/SB3-064-LAY__northwind-advisory-team-page-and-recruitment-collateral/,https://dhigdec.github.io/creative-ai-benchmark/gatsby-v4/#LAYOUT-19,held
SB3-065-LAY,Walter Fernwood Memorial - Service print and remembrance set,Layout & Data,LAYOUT-20,"Memorial print and a memory book for Walter Fernwood's family

My father, Walter Fernwood, died in March. We are preparing the service and would like the printed pieces to sit alongside those from my mother's service in 2019. We have the old press files, a eulogy and a shoebox of scans spanning many years.

Final handoff

 Memorial keepsake card: 27 named exports. The memorial name is correct. The wording remains respectful.

 Framed memorial page: 1 named export. The dates agree with the family record. The portrait identity is preserved.

 Family memory book: 1 named export. The chronology follows the family notes. The eulogy is not rewritten. The images preserve documentary identity.

 Memorial share card: 1 named export. The memorial details are readable. The treatment is restrained.

Use the supplied approved copy and factual records. Permission restrictions in the owner's notes take precedence over inclusion in a source table.

Use the attached brand identity and the source files listed in the asset manifest. The output register defines exact filenames, pages, sizes and record bindings. Supporting previews are welcome but cannot replace those files.",34,31,211,264,s3://annotationprod/creative-ai-benchmark/v3.1/tasks/SB3-065-LAY__walter-fernwood-memorial-service-print-and-remembrance-set/,https://dhigdec.github.io/creative-ai-benchmark/gatsby-v4/#LAYOUT-20,held
SB3-066-LAY,Harborline Realty - Weekly listing sheet system,Layout & Data,LAYOUT-21,"Restore a weekly property-sheet workflow from our retired printer's PDF

Every Monday, Harborline Realty prints a sheet for each active listing. The printer retired with the working file. We need the process rebuilt so the current list controls the output, while the starter homes and premium properties retain appropriate, distinct image treatments.

Scope
1. Weekly property listing sheet: 12 named exports. The photograph belongs to this listing. The listing status is current in the supplied register. The agent contact is clear.

Use the supplied approved copy and factual records. Permission restrictions in the owner's notes take precedence over inclusion in a source table.

Use the attached brand identity and the source files listed in the asset manifest. The output register defines exact filenames, pages, sizes and record bindings. Supporting previews are welcome but cannot replace those files.",13,15,83,200,s3://annotationprod/creative-ai-benchmark/v3.1/tasks/SB3-066-LAY__harborline-realty-weekly-listing-sheet-system/,https://dhigdec.github.io/creative-ai-benchmark/gatsby-v4/#LAYOUT-21,held
SB3-067-LAY,Cedarline Institute - Cohort credential system,Layout & Data,LAYOUT-22,"Two credential registers rebuilt into a checked autumn graduation run

Cedarline Institute needs credentials for completing candidates across two registers. We have press files from two closed print shops, and they may not convert into the same kind of working document.

What we need back
- Cohort credential: 31 named exports. The credential title follows the programme code. The recipient name fits without clipping. The seal is faithful to the authoritative reference.

Use the supplied approved copy and factual records. Permission restrictions in the owner's notes take precedence over inclusion in a source table.

Use the attached brand identity and the source files listed in the asset manifest. The output register defines exact filenames, pages, sizes and record bindings. Supporting previews are welcome but cannot replace those files.",32,11,216,452,s3://annotationprod/creative-ai-benchmark/v3.1/tasks/SB3-067-LAY__cedarline-institute-cohort-credential-system/,https://dhigdec.github.io/creative-ai-benchmark/gatsby-v4/#LAYOUT-22,held
SB3-068-LAY,Meridian Summit - Conference badge and wayfinding system,Layout & Data,LAYOUT-23,"Eighteen conference badges with portraits that match and records that do not drift

The Meridian Summit registration desk needs a correct badge for every attending delegate. We have eighteen self-submitted photographs and last year's venue-bureau PDF, but not its working file.

The commission

 Conference delegate badge: 20 named exports. The access category matches the registration. The portrait belongs to the delegate. The delegate name is readable when worn.

 Conference track direction sign: 3 named exports. The track name follows the approved track note. The arrow points in the specified direction.

Use the supplied approved copy and factual records. Permission restrictions in the owner's notes take precedence over inclusion in a source table.

Use the attached brand identity and the source files listed in the asset manifest. The output register defines exact filenames, pages, sizes and record bindings. Supporting previews are welcome but cannot replace those files.",25,22,157,310,s3://annotationprod/creative-ai-benchmark/v3.1/tasks/SB3-068-LAY__meridian-summit-conference-badge-and-wayfinding-system/,https://dhigdec.github.io/creative-ai-benchmark/gatsby-v4/#LAYOUT-23,held
SB3-069-LAY,Halden and Roe - Marlow trade catalog,Layout & Data,LAYOUT-24,"A reusable A4 trade catalogue for Halden & Roe's Marlow range

Sixteen pieces need to reach the trade show as one coherent Marlow range. Our studio photography covers two days, and the only page artwork is the flat PDF the printer made three seasons ago.

Deliverables
1. Marlow product trade sheet: 17 named exports. The photograph depicts this piece. The glaze description preserves its supplied qualification. The trade price is readable.
2. Trade catalogue cover and contents: 1 named export. The collection is identified. The contents use the item register order.

Use the supplied approved copy and factual records. Permission restrictions in the owner's notes take precedence over inclusion in a source table.

Use the attached brand identity and the source files listed in the asset manifest. The output register defines exact filenames, pages, sizes and record bindings. Supporting previews are welcome but cannot replace those files.",20,20,126,283,s3://annotationprod/creative-ai-benchmark/v3.1/tasks/SB3-069-LAY__halden-and-roe-marlow-trade-catalog/,https://dhigdec.github.io/creative-ai-benchmark/gatsby-v4/#LAYOUT-24,held
SB3-070-LAY,Aldervale Mutual - Personalized autumn renewal mailer,Layout & Data,LAYOUT-25,"Personalised renewal postcards, including eleven correctly separated producer files

For Aldervale Mutual's autumn renewal drop, each household must receive its own address, offer band and assigned producer's photograph. The starting point is the printer's PDF and our spreadsheet.

Please prepare
- Personalised autumn renewal mailer: 61 named exports. The addressee is correct. The offer wording matches the approved copy. The response instructions are readable.

Use the supplied approved copy and factual records. Permission restrictions in the owner's notes take precedence over inclusion in a source table.

Use the attached brand identity and the source files listed in the asset manifest. The output register defines exact filenames, pages, sizes and record bindings. Supporting previews are welcome but cannot replace those files.",62,16,426,962,s3://annotationprod/creative-ai-benchmark/v3.1/tasks/SB3-070-LAY__aldervale-mutual-personalized-autumn-renewal-mailer/,https://dhigdec.github.io/creative-ai-benchmark/gatsby-v4/#LAYOUT-25,held
SB3-071-LAY,Lanternwood Folk Fest - Festival programme and wayfinding,Layout & Data,LAYOUT-26,"Festival programme production from fourteen artist submissions and two old pages

Lanternwood's programme needs one finished page per act, not fourteen different submission styles. We have the lineup sheet, fourteen artist photographs and two old printed programme pages to work from.

Final handoff

 Festival programme: 1 named export. The running order matches the approved lineup. Stage changes are easy to follow. Performer names are readable at print size.

 Festival wayfinding sign: 3 named exports. The destination matches the site information. The direction is unambiguous.

Use the supplied approved copy and factual records. Permission restrictions in the owner's notes take precedence over inclusion in a source table.

Use the attached brand identity and the source files listed in the asset manifest. The output register defines exact filenames, pages, sizes and record bindings. Supporting previews are welcome but cannot replace those files.",6,19,26,33,s3://annotationprod/creative-ai-benchmark/v3.1/tasks/SB3-071-LAY__lanternwood-folk-fest-festival-programme-and-wayfinding/,https://dhigdec.github.io/creative-ai-benchmark/gatsby-v4/#LAYOUT-26,held
SB3-072-LAY,Girdermark - Technical data-sheet and bin-label library,Layout & Data,LAYOUT-27,"Technical sheets and bin labels from two separate legacy PDFs

Production request: Girdermark Components

Scope
1. Technical part data sheet: 18 named exports. The component photograph matches this part. Dimensions preserve their units.
2. Part bin label: 18 named exports. The part identifier is readable at rack distance. The label does not substitute a similar part.

Use the supplied approved copy and factual records. Permission restrictions in the owner's notes take precedence over inclusion in a source table.

Use the attached brand identity and the source files listed in the asset manifest. The output register defines exact filenames, pages, sizes and record bindings. Supporting previews are welcome but cannot replace those files.",38,23,250,463,s3://annotationprod/creative-ai-benchmark/v3.1/tasks/SB3-072-LAY__girdermark-technical-data-sheet-and-bin-label-library/,https://dhigdec.github.io/creative-ai-benchmark/gatsby-v4/#LAYOUT-27,held
SB3-073-LAY,SEVE Botanicals - Cosmetic launch label system,Layout & Data,LAYOUT-28,"Nineteen cosmetic labels with exact ingredient copy and per-shade imagery

SEVE Botanicals needs a launch-label run across two price tiers. We have one physical sample photographed on a phone, nineteen drawdown images and a printer's flat PDF. The imagery needs careful preparation; the compliance copy is not open for creative rewriting.

What we need back
- Cosmetic launch label: 20 named exports. The ingredient wording matches approved copy. The required warning fits at actual label size. The net contents value is readable.

Use the supplied approved copy and factual records. Permission restrictions in the owner's notes take precedence over inclusion in a source table.

Use the attached brand identity and the source files listed in the asset manifest. The output register defines exact filenames, pages, sizes and record bindings. Supporting previews are welcome but cannot replace those files.",21,33,139,287,s3://annotationprod/creative-ai-benchmark/v3.1/tasks/SB3-073-LAY__seve-botanicals-cosmetic-launch-label-system/,https://dhigdec.github.io/creative-ai-benchmark/gatsby-v4/#LAYOUT-28,held
SB3-074-LAY,Rivermeadow Trust - Year-end donor acknowledgement system,Layout & Data,LAYOUT-29,"Replace our manual year-end donor letters with a dependable reusable system

Rivermeadow Trust's office manager spent three weeks preparing acknowledgements last year, and two donors were still missed. We need this December's letters and receipts produced correctly, plus templates the office can reuse next year by changing the data.

The commission

 Donor acknowledgement letter: 19 named exports. The salutation matches the donor record. The acknowledged amount is accurate.

 Donation receipt: 19 named exports. The receipt date is accurate. The donor identity is unambiguous.

Use the supplied approved copy and factual records. Permission restrictions in the owner's notes take precedence over inclusion in a source table.

Use the attached brand identity and the source files listed in the asset manifest. The output register defines exact filenames, pages, sizes and record bindings. Supporting previews are welcome but cannot replace those files.",40,15,264,472,s3://annotationprod/creative-ai-benchmark/v3.1/tasks/SB3-074-LAY__rivermeadow-trust-year-end-donor-acknowledgement-system/,https://dhigdec.github.io/creative-ai-benchmark/gatsby-v4/#LAYOUT-29,held
SB3-075-LAY,Emberwell Brew House - Live insert and taproom collateral,Layout & Data,LAYOUT-30,"Two reusable menu templates for fourteen locations, not fourteen manual edits

Our managers have been retyping the same Emberwell insert in a word processor. That led to a customer finding a different flat-white price twenty minutes down the road. We need two controlled templates that take their local details and prices from the data.

Deliverables
1. Current-menu insert: 15 named exports. The availability wording matches the current record. The price is legible.
2. Taproom counter card: 15 named exports. The store details match this record. The offer is understandable at counter distance.

Use the supplied approved copy and factual records. Permission restrictions in the owner's notes take precedence over inclusion in a source table.

Use the attached brand identity and the source files listed in the asset manifest. The output register defines exact filenames, pages, sizes and record bindings. Supporting previews are welcome but cannot replace those files.",32,13,208,494,s3://annotationprod/creative-ai-benchmark/v3.1/tasks/SB3-075-LAY__emberwell-brew-house-live-insert-and-taproom-collateral/,https://dhigdec.github.io/creative-ai-benchmark/gatsby-v4/#LAYOUT-30,held
SB3-076-LAY,Cellar and Cru - Autumn shelf-talker campaign,Layout & Data,LAYOUT-31,"Autumn shelf talkers that match the bottles and the sellable wine list

Cellar & Cru's autumn selection goes onto the shelf as a collection. We have sixteen photographs covering fourteen wines, taken on two evenings, and an old printer's PDF for the shelf talker.

Please prepare
- Wine shelf talker: 15 named exports. The bottle image matches the named wine. The vintage is accurate. The origin is readable. The price is easy to locate.

Use the supplied approved copy and factual records. Permission restrictions in the owner's notes take precedence over inclusion in a source table.

Use the attached brand identity and the source files listed in the asset manifest. The output register defines exact filenames, pages, sizes and record bindings. Supporting previews are welcome but cannot replace those files.",16,21,104,226,s3://annotationprod/creative-ai-benchmark/v3.1/tasks/SB3-076-LAY__cellar-and-cru-autumn-shelf-talker-campaign/,https://dhigdec.github.io/creative-ai-benchmark/gatsby-v4/#LAYOUT-31,held
SB3-077-LAY,Vanguard Motors - Forecourt sales card system,Layout & Data,LAYOUT-32,"Forecourt cards for current stock, with honest paint and highlight handling

Vanguard Motors has fourteen cars on the forecourt, but the feed still includes vehicles sold or reserved. Please reconcile the stock before producing the A4 window cards. The photography also needs care: some panels were overexposed during the shoot.

Final handoff

 Forecourt sales card: 15 named exports. The pictured vehicle matches this stock number. The finance wording follows the approved text. The vehicle specification is readable.

Use the supplied approved copy and factual records. Permission restrictions in the owner's notes take precedence over inclusion in a source table.

Use the attached brand identity and the source files listed in the asset manifest. The output register defines exact filenames, pages, sizes and record bindings. Supporting previews are welcome but cannot replace those files.",16,23,104,254,s3://annotationprod/creative-ai-benchmark/v3.1/tasks/SB3-077-LAY__vanguard-motors-forecourt-sales-card-system/,https://dhigdec.github.io/creative-ai-benchmark/gatsby-v4/#LAYOUT-32,held
SB3-078-LAY,Continental Cup - Squad press and partner kit,Layout & Data,LAYOUT-33,"Expand our licensed player-card production to the full stocked squad

The licensing partner has taken the full Continental Cup squad. We now need the eighteen-player material reconciled against the stock roster and produced from last season's printer PDF.

Scope
1. Squad player press sheet: 21 named exports. The portrait belongs to the named player. The squad facts match the register.
2. Player partner graphic: 20 named exports. The player number is clear. The competition identity is visible.

Use the supplied approved copy and factual records. Permission restrictions in the owner's notes take precedence over inclusion in a source table.

Use the attached brand identity and the source files listed in the asset manifest. The output register defines exact filenames, pages, sizes and record bindings. Supporting previews are welcome but cannot replace those files.",43,22,229,504,s3://annotationprod/creative-ai-benchmark/v3.1/tasks/SB3-078-LAY__continental-cup-squad-press-and-partner-kit/,https://dhigdec.github.io/creative-ai-benchmark/gatsby-v4/#LAYOUT-33,held
SB3-079-LAY,Ferncroft Nursery - Spring plant tag system,Layout & Data,LAYOUT-34,"Spring plant tags with four complete, non-overlapping department files

Ferncroft Nursery needs the spring tag run rebuilt from last year's printed artwork and the growers' spreadsheet. There are eighteen varieties in the source material, but only stocked varieties should reach the final run.

What we need back
- Plant variety tag: 22 named exports. The photograph depicts the named variety. The care instruction matches the authoritative register. The tag remains readable at rack size.

Use the supplied approved copy and factual records. Permission restrictions in the owner's notes take precedence over inclusion in a source table.

Use the attached brand identity and the source files listed in the asset manifest. The output register defines exact filenames, pages, sizes and record bindings. Supporting previews are welcome but cannot replace those files.",23,22,153,296,s3://annotationprod/creative-ai-benchmark/v3.1/tasks/SB3-079-LAY__ferncroft-nursery-spring-plant-tag-system/,https://dhigdec.github.io/creative-ai-benchmark/gatsby-v4/#LAYOUT-34,held
SB3-080-LAY,Marrow and Vane - Exhibition wall-label system,Layout & Data,LAYOUT-35,"Exhibition wall labels and artwork records, with installer files by room

Marrow & Vane is hanging forty-one works. We need the spring printer's label artwork reused, not redesigned, and a reconciled photographic record from the interns' two shoots.

The commission

 Exhibition wall label: 42 named exports. The work identity matches this accession record. The artist attribution is accurate. The curatorial text is readable at installation distance.

Use the supplied approved copy and factual records. Permission restrictions in the owner's notes take precedence over inclusion in a source table.

Use the attached brand identity and the source files listed in the asset manifest. The output register defines exact filenames, pages, sizes and record bindings. Supporting previews are welcome but cannot replace those files.",43,49,293,617,s3://annotationprod/creative-ai-benchmark/v3.1/tasks/SB3-080-LAY__marrow-and-vane-exhibition-wall-label-system/,https://dhigdec.github.io/creative-ai-benchmark/gatsby-v4/#LAYOUT-35,held
SB3-081-MOT,Ember and Oak - Restaurant launch reel system,Motion & Audio,MOTION-01,"We are opening the second room at Ember and Oak and need a launch package that makes people hungry before they read a word. The food should lead: real char, visible texture and a room that feels alive. Please build a deliberate short edit from the service footage, then make the upright and square versions feel composed in their own right. The booking message needs a proper ending, not a logo dropped over the last available frame. We also need the cover, window poster and dish cards to look like the same launch. This campaign is deliberately silent.

Deliverables
1. Restaurant launch reel: 1 named export. The opening makes the food recognisable. The final card identifies Ember and Oak. The booking action is readable.
2. Restaurant vertical reel: 1 named export. The food stays legible through reframing. The final booking action stays within the safe area.
3. Restaurant square reel: 1 named export. The restaurant identity is visible. The edit has a deliberate beginning and ending.
4. Restaurant reel cover: 1 named export. The restaurant name is readable.
5. Restaurant launch poster: 1 named export. The booking action is readable. The char retains visible texture.
6. Dish callout card: 3 named exports. The callout matches the pictured dish.

Use the supplied approved copy and factual records. Permission restrictions in the owner's notes take precedence over inclusion in a source table.
- Video delivery means a playable MP4, not a storyboard, still montage PDF or editing log. Audio expectations are stated on each film. Speech-led work requires supplied or explicitly authorised synthetic speech; do not invent documentary speech.
- Authored animation can exceed the duration of still source images. Live-action edits require adequate distinct footage; looping a short clip is not a substitute for the missing coverage.

Use the attached brand identity and the source files listed in the asset manifest. The output register defines exact filenames, pages, sizes and record bindings. Supporting previews are welcome but cannot replace those files.",11,15,60,59,s3://annotationprod/creative-ai-benchmark/v3.1/tasks/SB3-081-MOT__ember-and-oak-restaurant-launch-reel-system/,https://dhigdec.github.io/creative-ai-benchmark/gatsby-v4/#MOTION-01,held
SB3-082-MOT,Ironwood Kitchen - Product launch video package,Motion & Audio,MOTION-02,"Ironwood Kitchen is introducing its lunch range. We need a short launch film for the website, an upright social cut, and product collateral that makes the eight bowls easy to recognise and compare. Keep the appetite appeal bright and honest; this is food for a working lunch, not a tasting-menu commercial. Use the same bowl names and cleared product information across the film, product modules and range sheet. The present short source clip is insufficient on its own for the revised film commission, so the completed source pack must include the missing coverage and cleared music before a designer starts.

Please prepare
- Lunch-range launch film: 1 named export. The feature sequence shows the actual bowls. The final card identifies Ironwood Kitchen.
- Lunch launch vertical cut: 1 named export. The bowl remains recognisable throughout the reframe.
- Lunch bowl product module: 8 named exports. The pictured bowl matches its approved menu name. The reference card is absent. The crop preserves the complete bowl.
- Lunch range line sheet: 1 named export. The bowl names match the SKU register. The offer is easy to compare.
- Lunch launch film cover: 1 named export. The range name is readable.

Use the supplied approved copy and factual records. Permission restrictions in the owner's notes take precedence over inclusion in a source table.
- Video delivery means a playable MP4, not a storyboard, still montage PDF or editing log. Audio expectations are stated on each film. Speech-led work requires supplied or explicitly authorised synthetic speech; do not invent documentary speech.
- Authored animation can exceed the duration of still source images. Live-action edits require adequate distinct footage; looping a short clip is not a substitute for the missing coverage.

Use the attached brand identity and the source files listed in the asset manifest. The output register defines exact filenames, pages, sizes and record bindings. Supporting previews are welcome but cannot replace those files.",15,14,72,98,s3://annotationprod/creative-ai-benchmark/v3.1/tasks/SB3-082-MOT__ironwood-kitchen-product-launch-video-package/,https://dhigdec.github.io/creative-ai-benchmark/gatsby-v4/#MOTION-02,held
SB3-083-MOT,Halden Greens - Creator ad and social cutdowns,Motion & Audio,MOTION-03,"We need three creator-led ads for Halden Greens, each with a genuinely different opening hook. They should feel like someone explaining a daily habit in their own kitchen, while still landing the product and subscription action clearly. Please preserve the approved claims exactly. Do not turn a qualified statement into a promised result. The pack must contain the authorised spoken takes before editing begins; silent footage is not evidence of what the creator said. Give each ad a matching hook card and use one coherent end-card treatment.

Final handoff

 Creator-led ad: 3 named exports. The hook introduces the approved product benefit. The spoken claim matches the cleared copy. The product packaging is consistent.

 Creator ad hook card: 3 named exports. The hook copy matches its corresponding ad.

 Creator ad end card: 1 named export. The call to action is clear.

Use the supplied approved copy and factual records. Permission restrictions in the owner's notes take precedence over inclusion in a source table.
- Video delivery means a playable MP4, not a storyboard, still montage PDF or editing log. Audio expectations are stated on each film. Speech-led work requires supplied or explicitly authorised synthetic speech; do not invent documentary speech.
- Authored animation can exceed the duration of still source images. Live-action edits require adequate distinct footage; looping a short clip is not a substitute for the missing coverage.

Use the attached brand identity and the source files listed in the asset manifest. The output register defines exact filenames, pages, sizes and record bindings. Supporting previews are welcome but cannot replace those files.",9,20,55,55,s3://annotationprod/creative-ai-benchmark/v3.1/tasks/SB3-083-MOT__halden-greens-creator-ad-and-social-cutdowns/,https://dhigdec.github.io/creative-ai-benchmark/gatsby-v4/#MOTION-03,held
SB3-084-MOT,Sable and Finch Realty - Property listing tour package,Motion & Audio,MOTION-04,"For Sable and Finch, the tour needs to help a buyer understand the house, not simply admire a sequence of rooms. Please establish the property, move through the rooms in a plausible order and end with the viewing action. The short upright version can be more selective, but must not imply that two different properties are one home. Keep the broker's wording tied to the listing facts. The open-house cards belong to the same package and must use the correct details for each listing.

Scope
1. Property listing tour: 1 named export. The room sequence is spatially understandable. The narration does not invent property features.
2. Vertical property tour: 1 named export. The key rooms remain recognisable.
3. Listing open-house card: 13 named exports. The listing details agree with the supplied facts.

Use the supplied approved copy and factual records. Permission restrictions in the owner's notes take precedence over inclusion in a source table.
- Video delivery means a playable MP4, not a storyboard, still montage PDF or editing log. Audio expectations are stated on each film. Speech-led work requires supplied or explicitly authorised synthetic speech; do not invent documentary speech.
- Authored animation can exceed the duration of still source images. Live-action edits require adequate distinct footage; looping a short clip is not a substitute for the missing coverage.

Use the attached brand identity and the source files listed in the asset manifest. The output register defines exact filenames, pages, sizes and record bindings. Supporting previews are welcome but cannot replace those files.",16,25,112,185,s3://annotationprod/creative-ai-benchmark/v3.1/tasks/SB3-084-MOT__sable-and-finch-realty-property-listing-tour-package/,https://dhigdec.github.io/creative-ai-benchmark/gatsby-v4/#MOTION-04,held
SB3-085-MOT,Sterling Row - Residence launch film and viewing package,Motion & Audio,MOTION-05,"Sterling Row is a nine-residence warehouse conversion. We are looking for a restrained launch film and viewing brochure, with a shorter upright teaser for the broker's channel. The interiors should stay warm against the blue-hour glazing, without drifting into a different colour world from shot to shot. Use the broker's supplied read where it supports the sequence. Please keep the building and residence details truthful. The eight prepared hero photographs, brochure and film cover should feel like a considered property presentation, not unrelated exports from a video edit.

What we need back
- Residence launch film: 1 named export. The room progression describes the supplied residences. The narration completes its intended message.
- Residence vertical teaser: 1 named export. The development identity is clear. The teaser ends on the approved viewing action.
- Blue-hour residence hero: 8 named exports. The photograph remains faithful to the actual residence. The interior warmth is consistent with the approved blue-hour look.
- Residence viewing brochure: 1 named export. The development facts match the specification sheet. The brochure makes the viewing action clear.
- Residence film cover: 1 named export. The development name is readable.

Use the supplied approved copy and factual records. Permission restrictions in the owner's notes take precedence over inclusion in a source table.
- Video delivery means a playable MP4, not a storyboard, still montage PDF or editing log. Audio expectations are stated on each film. Speech-led work requires supplied or explicitly authorised synthetic speech; do not invent documentary speech.
- Authored animation can exceed the duration of still source images. Live-action edits require adequate distinct footage; looping a short clip is not a substitute for the missing coverage.

Use the attached brand identity and the source files listed in the asset manifest. The output register defines exact filenames, pages, sizes and record bindings. Supporting previews are welcome but cannot replace those files.",14,17,69,57,s3://annotationprod/creative-ai-benchmark/v3.1/tasks/SB3-085-MOT__sterling-row-venue-opening-film-and-teaser/,https://dhigdec.github.io/creative-ai-benchmark/gatsby-v4/#MOTION-05,held
SB3-086-MOT,Meridian Academy - Lesson video package,Motion & Audio,MOTION-06,"We are preparing a worked lesson excerpt from Meridian Academy's Operations Analytics programme. Choose a complete teaching unit: the learner should see the setup, follow the example and reach the conclusion. Removing pauses is useful only if it does not remove the thinking time needed to understand the screen. The spoken explanation, board or interface and captions must agree. Deliver a proper lesson video and its cover. The release pack must contain a complete authorised explanation; a silent five-second visual cannot stand in for a lesson.

The commission

 Worked lesson excerpt: 1 named export. The worked example reaches its stated conclusion. The board or screen text is readable. The captions follow the spoken explanation.

 Lesson cover: 1 named export. The lesson number is correct. The topic is readable.

Use the supplied approved copy and factual records. Permission restrictions in the owner's notes take precedence over inclusion in a source table.
- Video delivery means a playable MP4, not a storyboard, still montage PDF or editing log. Audio expectations are stated on each film. Speech-led work requires supplied or explicitly authorised synthetic speech; do not invent documentary speech.
- Authored animation can exceed the duration of still source images. Live-action edits require adequate distinct footage; looping a short clip is not a substitute for the missing coverage.

Use the attached brand identity and the source files listed in the asset manifest. The output register defines exact filenames, pages, sizes and record bindings. Supporting previews are welcome but cannot replace those files.",3,10,18,18,s3://annotationprod/creative-ai-benchmark/v3.1/tasks/SB3-086-MOT__meridian-academy-lesson-video-package/,https://dhigdec.github.io/creative-ai-benchmark/gatsby-v4/#MOTION-06,held
SB3-087-MOT,Norvant - Product explainer motion system,Motion & Audio,MOTION-07,"Norvant needs an explainer for its March release that a finance or operations buyer can follow without a sales call. Set up the problem, show the actual product behaviour, and close on the approved next step. The interface must remain readable, including in the short upright adaptation. Please avoid decorative motion that makes the demonstration harder to understand. Use the cleared script and real product states supplied in the pack, not invented capabilities. We also need a cover that describes the same product story.

Deliverables
1. Product explainer: 1 named export. The demonstration supports the stated product claim. The setup is understandable before the demonstration. The ending gives the approved next action.
2. Explainer platform cut: 1 named export. The product function remains understandable.
3. Explainer cover: 1 named export. The product is identified accurately.

Use the supplied approved copy and factual records. Permission restrictions in the owner's notes take precedence over inclusion in a source table.
- Video delivery means a playable MP4, not a storyboard, still montage PDF or editing log. Audio expectations are stated on each film. Speech-led work requires supplied or explicitly authorised synthetic speech; do not invent documentary speech.
- Authored animation can exceed the duration of still source images. Live-action edits require adequate distinct footage; looping a short clip is not a substitute for the missing coverage.

Use the attached brand identity and the source files listed in the asset manifest. The output register defines exact filenames, pages, sizes and record bindings. Supporting previews are welcome but cannot replace those files.",4,18,29,24,s3://annotationprod/creative-ai-benchmark/v3.1/tasks/SB3-087-MOT__norvant-product-explainer-motion-system/,https://dhigdec.github.io/creative-ai-benchmark/gatsby-v4/#MOTION-07,held
SB3-088-MOT,SentinelMesh - Product demo and narration package,Motion & Audio,MOTION-08,"SentinelMesh is presenting its product to security buyers. We need a narrated demonstration, a shorter square cut and the accompanying website panels. Precision matters more than spectacle: each screen state should support what the narration is saying at that moment. Do not introduce a metric or security promise that is not in the approved messaging. The website panels should use the same product evidence and hierarchy as the film. Please leave enough time for someone to read the meaningful interface details.

Please prepare
- Product demo master: 1 named export. The shown UI state supports the narration. The claim wording matches approved messaging. The closing action is clear.
- Product demo feed cut: 1 named export. The feature demonstration remains readable.
- Product website band: 1 named export. The UI content remains faithful to the supplied capture. The product identity is clear.
- Website feature panel: 1 named export. The benefit uses approved messaging.

Use the supplied approved copy and factual records. Permission restrictions in the owner's notes take precedence over inclusion in a source table.
- Video delivery means a playable MP4, not a storyboard, still montage PDF or editing log. Audio expectations are stated on each film. Speech-led work requires supplied or explicitly authorised synthetic speech; do not invent documentary speech.
- Authored animation can exceed the duration of still source images. Live-action edits require adequate distinct footage; looping a short clip is not a substitute for the missing coverage.

Use the attached brand identity and the source files listed in the asset manifest. The output register defines exact filenames, pages, sizes and record bindings. Supporting previews are welcome but cannot replace those files.",6,19,36,33,s3://annotationprod/creative-ai-benchmark/v3.1/tasks/SB3-088-MOT__sentinelmesh-product-demo-and-narration-package/,https://dhigdec.github.io/creative-ai-benchmark/gatsby-v4/#MOTION-08,held
SB3-089-MOT,Voltcast - Podcast short and audio treatment,Motion & Audio,MOTION-09,"Please turn a complete spoken idea from the Voltcast episode into wide, upright and square excerpts. We want people to recognise the conversation, not see isolated reactions edited to suggest a different opinion. Keep the correct speaker attribution and accurate captions, and give the episode a readable cover. A source recording with intelligible speech and enough conversational context is required before this commission can be released. There is no licence to manufacture a quote from silent footage.

Final handoff

 Podcast excerpt: 1 named export. The excerpt contains one complete spoken idea. The speaker identity is correct. Captions preserve the spoken wording.

 Podcast upright excerpt: 1 named export. The active speaker remains visible.

 Podcast square excerpt: 1 named export. The speaker labels remain readable.

 Podcast episode cover: 1 named export. The episode number is correct.

Use the supplied approved copy and factual records. Permission restrictions in the owner's notes take precedence over inclusion in a source table.
- Video delivery means a playable MP4, not a storyboard, still montage PDF or editing log. Audio expectations are stated on each film. Speech-led work requires supplied or explicitly authorised synthetic speech; do not invent documentary speech.
- Authored animation can exceed the duration of still source images. Live-action edits require adequate distinct footage; looping a short clip is not a substitute for the missing coverage.

Use the attached brand identity and the source files listed in the asset manifest. The output register defines exact filenames, pages, sizes and record bindings. Supporting previews are welcome but cannot replace those files.",5,21,40,31,s3://annotationprod/creative-ai-benchmark/v3.1/tasks/SB3-089-MOT__voltcast-podcast-short-and-audio-treatment/,https://dhigdec.github.io/creative-ai-benchmark/gatsby-v4/#MOTION-09,held
SB3-090-MOT,DAYDRIFT - Vertical interview short series,Motion & Audio,MOTION-10,"DAYDRIFT needs three interview shorts that still feel like our unhurried show. Each one should express a complete idea, with a natural beginning and a finish that does not cut the guest off. Use pacing and framing to help attention rather than adding effects over every pause. The captions must preserve the guest's wording. Pair each short with its own cover topic. The source conversation, speaker permissions and transcript need to be present in the pack; the editor is not being asked to invent the interview.

Scope
1. Interview short: 3 named exports. The excerpt expresses a complete idea. The caption wording matches the speech. The speaker attribution is accurate.
2. Interview short cover: 3 named exports. The cover topic matches its short.

Use the supplied approved copy and factual records. Permission restrictions in the owner's notes take precedence over inclusion in a source table.
- Video delivery means a playable MP4, not a storyboard, still montage PDF or editing log. Audio expectations are stated on each film. Speech-led work requires supplied or explicitly authorised synthetic speech; do not invent documentary speech.
- Authored animation can exceed the duration of still source images. Live-action edits require adequate distinct footage; looping a short clip is not a substitute for the missing coverage.

Use the attached brand identity and the source files listed in the asset manifest. The output register defines exact filenames, pages, sizes and record bindings. Supporting previews are welcome but cannot replace those files.",7,8,48,47,s3://annotationprod/creative-ai-benchmark/v3.1/tasks/SB3-090-MOT__daydrift-vertical-interview-short-series/,https://dhigdec.github.io/creative-ai-benchmark/gatsby-v4/#MOTION-10,held
SB3-091-MOT,STATIC FOX - Thumbnail and animated channel package,Motion & Audio,MOTION-11,"STATIC FOX needs a small channel package: six distinct thumbnails and a short animated title-to-end-card sequence. The thumbnails have to read quickly in a crowded feed, with the title and mascot competing neither with each other nor with the main action. Keep the channel's rough-edged humour, but make the hierarchy deliberate. The animation should have an intentional reveal and a useful final hold. This is authored motion from the supplied identity, not a request to pad out unrelated gameplay footage.

What we need back
- Channel thumbnail: 6 named exports. The title is readable at 320 px width. The mascot silhouette is recognisable.
- Animated channel title and end card: 1 named export. The animation has deliberate timing. The title remains readable during its hold. The final frame is a usable end card.

Use the supplied approved copy and factual records. Permission restrictions in the owner's notes take precedence over inclusion in a source table.
- Video delivery means a playable MP4, not a storyboard, still montage PDF or editing log. Audio expectations are stated on each film. Speech-led work requires supplied or explicitly authorised synthetic speech; do not invent documentary speech.
- Authored animation can exceed the duration of still source images. Live-action edits require adequate distinct footage; looping a short clip is not a substitute for the missing coverage.

Use the attached brand identity and the source files listed in the asset manifest. The output register defines exact filenames, pages, sizes and record bindings. Supporting previews are welcome but cannot replace those files.",8,11,37,52,s3://annotationprod/creative-ai-benchmark/v3.1/tasks/SB3-091-MOT__static-fox-thumbnail-and-animated-channel-package/,https://dhigdec.github.io/creative-ai-benchmark/gatsby-v4/#MOTION-11,held
SB3-092-MOT,NIGHTFORM - Low Beam music release package,Motion & Audio,MOTION-12,"Low Beam is the next NIGHTFORM release. We need a teaser, an upright cut and cover artwork that feel like one release. Let the picture respond to the actual track, including how the excerpt arrives and finishes; a random music bed will not do. Keep the artist and release information accurate and the atmosphere controlled. The cleared track excerpt must be supplied before the edit begins. Any new supporting footage must follow the same approved visual direction rather than replacing the performer with a different person.

The commission

 Low Beam release teaser: 1 named export. The picture rhythm responds to the supplied track. The excerpt ends on a coherent musical phrase. The release details are accurate.

 Music release vertical cut: 1 named export. The performer remains recognisable. The release action is readable.

 Music release cover: 1 named export. The artist and track names are correct.

Use the supplied approved copy and factual records. Permission restrictions in the owner's notes take precedence over inclusion in a source table.
- Video delivery means a playable MP4, not a storyboard, still montage PDF or editing log. Audio expectations are stated on each film. Speech-led work requires supplied or explicitly authorised synthetic speech; do not invent documentary speech.
- Authored animation can exceed the duration of still source images. Live-action edits require adequate distinct footage; looping a short clip is not a substitute for the missing coverage.

Use the attached brand identity and the source files listed in the asset manifest. The output register defines exact filenames, pages, sizes and record bindings. Supporting previews are welcome but cannot replace those files.",4,7,29,25,s3://annotationprod/creative-ai-benchmark/v3.1/tasks/SB3-092-MOT__nightform-low-beam-music-release-package/,https://dhigdec.github.io/creative-ai-benchmark/gatsby-v4/#MOTION-12,held
SB3-093-MOT,Emberline - Food channel thumbnail and motion package,Motion & Audio,MOTION-13,"Emberline needs a programme promo for the next food-show release, along with an upright cut, thumbnail and segment cards. The host should feel welcoming, the featured dish should look appetising, and the viewer should understand what is on the programme. Follow the approved rundown and actual spoken introduction. The card content must match the relevant segment. We need a design system the team can reuse without making every future episode look identical.

Deliverables
1. Food-show programme promo: 1 named export. The host introduction is intelligible. The sequence follows the approved rundown.
2. Food-show vertical promo: 1 named export. The featured dish remains recognisable.
3. Food-show thumbnail: 1 named export. The programme title is readable.
4. Programme segment card: 9 named exports. The card content matches the segment.

Use the supplied approved copy and factual records. Permission restrictions in the owner's notes take precedence over inclusion in a source table.
- Video delivery means a playable MP4, not a storyboard, still montage PDF or editing log. Audio expectations are stated on each film. Speech-led work requires supplied or explicitly authorised synthetic speech; do not invent documentary speech.
- Authored animation can exceed the duration of still source images. Live-action edits require adequate distinct footage; looping a short clip is not a substitute for the missing coverage.

Use the attached brand identity and the source files listed in the asset manifest. The output register defines exact filenames, pages, sizes and record bindings. Supporting previews are welcome but cannot replace those files.",14,16,68,106,s3://annotationprod/creative-ai-benchmark/v3.1/tasks/SB3-093-MOT__emberline-food-channel-thumbnail-and-motion-package/,https://dhigdec.github.io/creative-ai-benchmark/gatsby-v4/#MOTION-13,held
SB3-094-MOT,Halden Diaries - Season recap video package,Motion & Audio,MOTION-14,"We are closing season two of The Halden Diaries. Please make a short recap that feels like Nate's own channel, not a dramatic trailer imposed on a quiet personal series. Select moments that add up to a season-level story, preserve the intimacy of the supplied voiceover and give the edit a clear ending. The upright recap and three episode covers should belong to the same season. Keep any sponsor wording exactly as cleared.

Please prepare
- Season recap: 1 named export. The sequence communicates a season-level story. The voiceover is intelligible.
- Vertical season recap: 1 named export. The narrative remains coherent in the shorter edit.
- Season episode cover: 3 named exports. The episode title matches the approved copy.

Use the supplied approved copy and factual records. Permission restrictions in the owner's notes take precedence over inclusion in a source table.
- Video delivery means a playable MP4, not a storyboard, still montage PDF or editing log. Audio expectations are stated on each film. Speech-led work requires supplied or explicitly authorised synthetic speech; do not invent documentary speech.
- Authored animation can exceed the duration of still source images. Live-action edits require adequate distinct footage; looping a short clip is not a substitute for the missing coverage.

Use the attached brand identity and the source files listed in the asset manifest. The output register defines exact filenames, pages, sizes and record bindings. Supporting previews are welcome but cannot replace those files.",6,21,37,35,s3://annotationprod/creative-ai-benchmark/v3.1/tasks/SB3-094-MOT__halden-diaries-season-recap-video-package/,https://dhigdec.github.io/creative-ai-benchmark/gatsby-v4/#MOTION-14,held
SB3-095-MOT,Anvil and Oak Strength - Movement coaching clip library,Motion & Audio,MOTION-15,"Anvil and Oak needs a usable coaching library, with wide and upright versions of each listed movement. A viewer must be able to see a complete repetition and understand the corresponding cue. Do not cut away from the part of the action that makes the instruction meaningful. The camera framing, voice and movement names need to agree across the library. Use the approved coaching copy and supplied demonstrations; missing movement coverage must be repaired in the source pack before this becomes a participant task.

Final handoff

 Movement coaching demonstration: 6 named exports. The movement is shown through one complete repetition. The cue matches the action on screen. The instruction follows the cleared coaching script.

 Vertical movement demonstration: 6 named exports. The entire relevant movement remains in frame. The coaching cue is intelligible.

Use the supplied approved copy and factual records. Permission restrictions in the owner's notes take precedence over inclusion in a source table.
- Video delivery means a playable MP4, not a storyboard, still montage PDF or editing log. Audio expectations are stated on each film. Speech-led work requires supplied or explicitly authorised synthetic speech; do not invent documentary speech.
- Authored animation can exceed the duration of still source images. Live-action edits require adequate distinct footage; looping a short clip is not a substitute for the missing coverage.

Use the attached brand identity and the source files listed in the asset manifest. The output register defines exact filenames, pages, sizes and record bindings. Supporting previews are welcome but cannot replace those files.",12,28,132,102,s3://annotationprod/creative-ai-benchmark/v3.1/tasks/SB3-095-MOT__anvil-and-oak-strength-movement-coaching-clip-library/,https://dhigdec.github.io/creative-ai-benchmark/gatsby-v4/#MOTION-15,held
SB3-096-MOT,Vitale Labs - Wellness editorial video package,Motion & Audio,MOTION-16,"For The Balance Brief, please prepare three editorial excerpts with upright adaptations. Each should make one cleared point without losing the qualification that makes it accurate. Keep the presenter credible and the delivery calm. Captions must follow the authorised speech and must not introduce a stronger health claim. We need complete, attributable spoken material before the edit begins. A title card stating a claim is not a substitute for an actual editorial excerpt.

Scope
1. Wellness editorial excerpt: 3 named exports. The excerpt preserves the speaker's qualification. The speech is intelligible. The captions contain no new health claim.
2. Vertical editorial excerpt: 3 named exports. The complete editorial point survives the crop. The speaker attribution is accurate.

Use the supplied approved copy and factual records. Permission restrictions in the owner's notes take precedence over inclusion in a source table.
- Video delivery means a playable MP4, not a storyboard, still montage PDF or editing log. Audio expectations are stated on each film. Speech-led work requires supplied or explicitly authorised synthetic speech; do not invent documentary speech.
- Authored animation can exceed the duration of still source images. Live-action edits require adequate distinct footage; looping a short clip is not a substitute for the missing coverage.

Use the attached brand identity and the source files listed in the asset manifest. The output register defines exact filenames, pages, sizes and record bindings. Supporting previews are welcome but cannot replace those files.",6,19,66,51,s3://annotationprod/creative-ai-benchmark/v3.1/tasks/SB3-096-MOT__vitale-labs-wellness-editorial-video-package/,https://dhigdec.github.io/creative-ai-benchmark/gatsby-v4/#MOTION-16,held
SB3-097-MOT,Pulsevault - Event recap package,Motion & Audio,MOTION-17,"Pulsevault needs a recap of Saturday's night while people still remember being there, plus a cover and next-event announcement. Make it feel like our room and our crowd, not a generic festival montage. The music needs to support the edit and be cleared for the intended use. Use the approved next-date file for the closing card and announcement. Any replacement source material must represent the event honestly; do not substitute stock attendees and pass them off as ours.

What we need back
- Saturday event recap: 1 named export. The sequence represents the supplied event. The final card gives the correct next-event date.
- Event recap cover: 1 named export. The event identity is readable.
- Next-event announcement: 1 named export. The date matches the approved next-date file. The ticket action remains in the safe area.

Use the supplied approved copy and factual records. Permission restrictions in the owner's notes take precedence over inclusion in a source table.
- Video delivery means a playable MP4, not a storyboard, still montage PDF or editing log. Audio expectations are stated on each film. Speech-led work requires supplied or explicitly authorised synthetic speech; do not invent documentary speech.
- Authored animation can exceed the duration of still source images. Live-action edits require adequate distinct footage; looping a short clip is not a substitute for the missing coverage.

Use the attached brand identity and the source files listed in the asset manifest. The output register defines exact filenames, pages, sizes and record bindings. Supporting previews are welcome but cannot replace those files.",5,24,25,25,s3://annotationprod/creative-ai-benchmark/v3.1/tasks/SB3-097-MOT__pulsevault-event-recap-package/,https://dhigdec.github.io/creative-ai-benchmark/gatsby-v4/#MOTION-17,held
SB3-098-MOT,Velvet Hour - Social film and story cutdowns,Motion & Audio,MOTION-18,"Velvet Hour needs a performance-led social film, an upright story cut and the next-show poster. Preserve a coherent musical moment rather than cutting the performance into disconnected gestures. The act attribution and billing order matter to us as much as the atmosphere. Please work from the supplied performance audio and picture, with their synchronisation intact. The source pack needs a cleared usable performance excerpt before editing can begin.

The commission

 Performance-led social film: 1 named export. The featured performance remains coherent. The act is identified accurately.

 Performance story cut: 1 named export. The main performer remains visible. The next-show action is readable.

 Next-show poster: 1 named export. The billing order matches the lineup. The show date is accurate.

Use the supplied approved copy and factual records. Permission restrictions in the owner's notes take precedence over inclusion in a source table.
- Video delivery means a playable MP4, not a storyboard, still montage PDF or editing log. Audio expectations are stated on each film. Speech-led work requires supplied or explicitly authorised synthetic speech; do not invent documentary speech.
- Authored animation can exceed the duration of still source images. Live-action edits require adequate distinct footage; looping a short clip is not a substitute for the missing coverage.

Use the attached brand identity and the source files listed in the asset manifest. The output register defines exact filenames, pages, sizes and record bindings. Supporting previews are welcome but cannot replace those files.",4,20,30,25,s3://annotationprod/creative-ai-benchmark/v3.1/tasks/SB3-098-MOT__velvet-hour-social-film-and-story-cutdowns/,https://dhigdec.github.io/creative-ai-benchmark/gatsby-v4/#MOTION-18,held
SB3-099-MOT,Milepost Driving Academy - Scenario clip training library,Motion & Audio,MOTION-19,"Milepost needs short training examples for the listed driving scenarios. Show the manoeuvre clearly enough that a nervous learner can follow the necessary stages, with narration and labels that agree with the approved instruction. The upright example must keep the relevant road context visible. Do not turn a disconnected set of road shots into apparent evidence of a completed manoeuvre. Adequate scenario footage and cleared narration are prerequisites, not something the editor should guess.

Deliverables
1. Driving-scenario training clip: 8 named exports. The manoeuvre is shown without omitting a necessary stage. The narration matches the visual scenario. The instruction agrees with the cleared training copy.
2. Vertical training example: 1 named export. The relevant road context remains visible. The complete instruction is intelligible.

Use the supplied approved copy and factual records. Permission restrictions in the owner's notes take precedence over inclusion in a source table.
- Video delivery means a playable MP4, not a storyboard, still montage PDF or editing log. Audio expectations are stated on each film. Speech-led work requires supplied or explicitly authorised synthetic speech; do not invent documentary speech.
- Authored animation can exceed the duration of still source images. Live-action edits require adequate distinct footage; looping a short clip is not a substitute for the missing coverage.

Use the attached brand identity and the source files listed in the asset manifest. The output register defines exact filenames, pages, sizes and record bindings. Supporting previews are welcome but cannot replace those files.",9,19,99,80,s3://annotationprod/creative-ai-benchmark/v3.1/tasks/SB3-099-MOT__milepost-driving-academy-scenario-clip-training-library/,https://dhigdec.github.io/creative-ai-benchmark/gatsby-v4/#MOTION-19,held
SB3-100-MOT,FOLD and GRAIN Studio - Dual-client sizzle and service package,Motion & Audio,MOTION-20,"FOLD and GRAIN needs two distinct client campaign packages and a service-page presentation. Cobbleway should feel bright, warm and honest; Lunara should remain cool and restrained. The films, upright versions and presentation boards must keep those identities separate while demonstrating the same dependable studio service. Build the boards from the actual campaign material, not from unrelated mood images. The longer revised film scope requires additional matching source coverage and cleared music before this commission is released.

Please prepare
- Client campaign film: 2 named exports. The film follows this client's distinct visual identity. The featured product remains faithful to its source.
- Client vertical film: 2 named exports. The client identity is recognisable in this adaptation.
- Client campaign presentation: 2 named exports. The direction is appropriate to this client. The board uses the actual final campaign frames.
- Studio service-page composition: 1 named export. The service offer follows approved copy. The two client examples remain clearly distinct.

Use the supplied approved copy and factual records. Permission restrictions in the owner's notes take precedence over inclusion in a source table.
- Video delivery means a playable MP4, not a storyboard, still montage PDF or editing log. Audio expectations are stated on each film. Speech-led work requires supplied or explicitly authorised synthetic speech; do not invent documentary speech.
- Authored animation can exceed the duration of still source images. Live-action edits require adequate distinct footage; looping a short clip is not a substitute for the missing coverage.

Use the attached brand identity and the source files listed in the asset manifest. The output register defines exact filenames, pages, sizes and record bindings. Supporting previews are welcome but cannot replace those files.",9,57,64,55,s3://annotationprod/creative-ai-benchmark/v3.1/tasks/SB3-100-MOT__fold-and-grain-studio-dual-client-sizzle-and-service-package/,https://dhigdec.github.io/creative-ai-benchmark/gatsby-v4/#MOTION-20,held
