Task code,Task ID,Question ID,Check ID,Pass condition,Evidence needed,Scope,Status,Answer (Yes/No),Event evidence,Review page
SB3-001-PHO,PHOTO-01,K6_Q1,PHOTO-01/K6_Q1/T1,A prerequisite is completed before the step that depends on it.,Dependency event IDs and event order.,"Instantiate against one named event, retry, issue or output when a run is attached.",awaiting_execution,,,https://dhigdec.github.io/creative-ai-benchmark/gatsby-v4/#PHOTO-01
SB3-001-PHO,PHOTO-01,K6_Q2,PHOTO-01/K6_Q2/T1,The named tool supports the operation attempted in this step.,"Exact tool name, sanitized parameters, intended change and tool result.","Instantiate against one named event, retry, issue or output when a run is attached.",awaiting_execution,,,https://dhigdec.github.io/creative-ai-benchmark/gatsby-v4/#PHOTO-01
SB3-001-PHO,PHOTO-01,K6_Q2,PHOTO-01/K6_Q2/T2,The settings match the stated requirement for the affected output.,Output requirement and sanitized settings.,"Instantiate against one named event, retry, issue or output when a run is attached.",awaiting_execution,,,https://dhigdec.github.io/creative-ai-benchmark/gatsby-v4/#PHOTO-01
SB3-001-PHO,PHOTO-01,K6_Q3,PHOTO-01/K6_Q3/T1,The input version is the latest approved version for this step.,"Input artifact version, approval state and predecessor event.","Instantiate against one named event, retry, issue or output when a run is attached.",awaiting_execution,,,https://dhigdec.github.io/creative-ai-benchmark/gatsby-v4/#PHOTO-01
SB3-001-PHO,PHOTO-01,K6_Q3,PHOTO-01/K6_Q3/T2,The tool acts on the intended document or selection.,Document or selection identifier and preview.,"Instantiate against one named event, retry, issue or output when a run is attached.",awaiting_execution,,,https://dhigdec.github.io/creative-ai-benchmark/gatsby-v4/#PHOTO-01
SB3-001-PHO,PHOTO-01,K6_Q4,PHOTO-01/K6_Q4/T1,"This step produces a change, an inspection result or verification evidence.",Before/after state or recorded inspection.,"Instantiate against one named event, retry, issue or output when a run is attached.",awaiting_execution,,,https://dhigdec.github.io/creative-ai-benchmark/gatsby-v4/#PHOTO-01
SB3-001-PHO,PHOTO-01,K6_Q4,PHOTO-01/K6_Q4/T2,A repeated call has a stated reason grounded in the previous result.,"Previous call, response and retry rationale.","Instantiate against one named event, retry, issue or output when a run is attached.",awaiting_execution,,,https://dhigdec.github.io/creative-ai-benchmark/gatsby-v4/#PHOTO-01
SB3-001-PHO,PHOTO-01,K6_Q5,PHOTO-01/K6_Q5/T1,The failed result is recorded before the next dependent action.,Error or defect observation and ordered events.,"Instantiate against one named event, retry, issue or output when a run is attached.",awaiting_execution,,,https://dhigdec.github.io/creative-ai-benchmark/gatsby-v4/#PHOTO-01
SB3-001-PHO,PHOTO-01,K6_Q5,PHOTO-01/K6_Q5/T2,The recovery action addresses the recorded failure.,"Failure, changed settings or fallback, and subsequent result.","Instantiate against one named event, retry, issue or output when a run is attached.",awaiting_execution,,,https://dhigdec.github.io/creative-ai-benchmark/gatsby-v4/#PHOTO-01
SB3-001-PHO,PHOTO-01,K6_Q6,PHOTO-01/K6_Q6/T1,The named output is checked before it is submitted.,Output-specific verification event and submission event.,"Instantiate against one named event, retry, issue or output when a run is attached.",awaiting_execution,,,https://dhigdec.github.io/creative-ai-benchmark/gatsby-v4/#PHOTO-01
SB3-001-PHO,PHOTO-01,K6_Q6,PHOTO-01/K6_Q6/T2,The stop decision states whether the named output is complete or blocked.,Stop event and actual delivery status.,"Instantiate against one named event, retry, issue or output when a run is attached.",awaiting_execution,,,https://dhigdec.github.io/creative-ai-benchmark/gatsby-v4/#PHOTO-01
SB3-001-PHO,PHOTO-01,K6_Q7,PHOTO-01/K6_Q7/T1,The final handoff discloses the recorded unresolved issue.,Unresolved issue and matching handoff disclosure.,"Instantiate against one named event, retry, issue or output when a run is attached.",awaiting_execution,,,https://dhigdec.github.io/creative-ai-benchmark/gatsby-v4/#PHOTO-01
SB3-001-PHO,PHOTO-01,K6_Q7,PHOTO-01/K6_Q7/T2,The completion claim for the named output agrees with its verified status.,"Claim, delivery manifest and verifier result.","Instantiate against one named event, retry, issue or output when a run is attached.",awaiting_execution,,,https://dhigdec.github.io/creative-ai-benchmark/gatsby-v4/#PHOTO-01
SB3-001-PHO,PHOTO-01,K6_Q8,PHOTO-01/K6_Q8/T1,The stated confidence agrees with the independent assessment of this run.,Agent confidence and separate expert outcome.,"Instantiate against one named event, retry, issue or output when a run is attached.",awaiting_execution,,,https://dhigdec.github.io/creative-ai-benchmark/gatsby-v4/#PHOTO-01
SB3-002-PHO,PHOTO-02,K6_Q1,PHOTO-02/K6_Q1/T1,A prerequisite is completed before the step that depends on it.,Dependency event IDs and event order.,"Instantiate against one named event, retry, issue or output when a run is attached.",awaiting_execution,,,https://dhigdec.github.io/creative-ai-benchmark/gatsby-v4/#PHOTO-02
SB3-002-PHO,PHOTO-02,K6_Q2,PHOTO-02/K6_Q2/T1,The named tool supports the operation attempted in this step.,"Exact tool name, sanitized parameters, intended change and tool result.","Instantiate against one named event, retry, issue or output when a run is attached.",awaiting_execution,,,https://dhigdec.github.io/creative-ai-benchmark/gatsby-v4/#PHOTO-02
SB3-002-PHO,PHOTO-02,K6_Q2,PHOTO-02/K6_Q2/T2,The settings match the stated requirement for the affected output.,Output requirement and sanitized settings.,"Instantiate against one named event, retry, issue or output when a run is attached.",awaiting_execution,,,https://dhigdec.github.io/creative-ai-benchmark/gatsby-v4/#PHOTO-02
SB3-002-PHO,PHOTO-02,K6_Q3,PHOTO-02/K6_Q3/T1,The input version is the latest approved version for this step.,"Input artifact version, approval state and predecessor event.","Instantiate against one named event, retry, issue or output when a run is attached.",awaiting_execution,,,https://dhigdec.github.io/creative-ai-benchmark/gatsby-v4/#PHOTO-02
SB3-002-PHO,PHOTO-02,K6_Q3,PHOTO-02/K6_Q3/T2,The tool acts on the intended document or selection.,Document or selection identifier and preview.,"Instantiate against one named event, retry, issue or output when a run is attached.",awaiting_execution,,,https://dhigdec.github.io/creative-ai-benchmark/gatsby-v4/#PHOTO-02
SB3-002-PHO,PHOTO-02,K6_Q4,PHOTO-02/K6_Q4/T1,"This step produces a change, an inspection result or verification evidence.",Before/after state or recorded inspection.,"Instantiate against one named event, retry, issue or output when a run is attached.",awaiting_execution,,,https://dhigdec.github.io/creative-ai-benchmark/gatsby-v4/#PHOTO-02
SB3-002-PHO,PHOTO-02,K6_Q4,PHOTO-02/K6_Q4/T2,A repeated call has a stated reason grounded in the previous result.,"Previous call, response and retry rationale.","Instantiate against one named event, retry, issue or output when a run is attached.",awaiting_execution,,,https://dhigdec.github.io/creative-ai-benchmark/gatsby-v4/#PHOTO-02
SB3-002-PHO,PHOTO-02,K6_Q5,PHOTO-02/K6_Q5/T1,The failed result is recorded before the next dependent action.,Error or defect observation and ordered events.,"Instantiate against one named event, retry, issue or output when a run is attached.",awaiting_execution,,,https://dhigdec.github.io/creative-ai-benchmark/gatsby-v4/#PHOTO-02
SB3-002-PHO,PHOTO-02,K6_Q5,PHOTO-02/K6_Q5/T2,The recovery action addresses the recorded failure.,"Failure, changed settings or fallback, and subsequent result.","Instantiate against one named event, retry, issue or output when a run is attached.",awaiting_execution,,,https://dhigdec.github.io/creative-ai-benchmark/gatsby-v4/#PHOTO-02
SB3-002-PHO,PHOTO-02,K6_Q6,PHOTO-02/K6_Q6/T1,The named output is checked before it is submitted.,Output-specific verification event and submission event.,"Instantiate against one named event, retry, issue or output when a run is attached.",awaiting_execution,,,https://dhigdec.github.io/creative-ai-benchmark/gatsby-v4/#PHOTO-02
SB3-002-PHO,PHOTO-02,K6_Q6,PHOTO-02/K6_Q6/T2,The stop decision states whether the named output is complete or blocked.,Stop event and actual delivery status.,"Instantiate against one named event, retry, issue or output when a run is attached.",awaiting_execution,,,https://dhigdec.github.io/creative-ai-benchmark/gatsby-v4/#PHOTO-02
SB3-002-PHO,PHOTO-02,K6_Q7,PHOTO-02/K6_Q7/T1,The final handoff discloses the recorded unresolved issue.,Unresolved issue and matching handoff disclosure.,"Instantiate against one named event, retry, issue or output when a run is attached.",awaiting_execution,,,https://dhigdec.github.io/creative-ai-benchmark/gatsby-v4/#PHOTO-02
SB3-002-PHO,PHOTO-02,K6_Q7,PHOTO-02/K6_Q7/T2,The completion claim for the named output agrees with its verified status.,"Claim, delivery manifest and verifier result.","Instantiate against one named event, retry, issue or output when a run is attached.",awaiting_execution,,,https://dhigdec.github.io/creative-ai-benchmark/gatsby-v4/#PHOTO-02
SB3-002-PHO,PHOTO-02,K6_Q8,PHOTO-02/K6_Q8/T1,The stated confidence agrees with the independent assessment of this run.,Agent confidence and separate expert outcome.,"Instantiate against one named event, retry, issue or output when a run is attached.",awaiting_execution,,,https://dhigdec.github.io/creative-ai-benchmark/gatsby-v4/#PHOTO-02
SB3-003-PHO,PHOTO-03,K6_Q1,PHOTO-03/K6_Q1/T1,A prerequisite is completed before the step that depends on it.,Dependency event IDs and event order.,"Instantiate against one named event, retry, issue or output when a run is attached.",awaiting_execution,,,https://dhigdec.github.io/creative-ai-benchmark/gatsby-v4/#PHOTO-03
SB3-003-PHO,PHOTO-03,K6_Q2,PHOTO-03/K6_Q2/T1,The named tool supports the operation attempted in this step.,"Exact tool name, sanitized parameters, intended change and tool result.","Instantiate against one named event, retry, issue or output when a run is attached.",awaiting_execution,,,https://dhigdec.github.io/creative-ai-benchmark/gatsby-v4/#PHOTO-03
SB3-003-PHO,PHOTO-03,K6_Q2,PHOTO-03/K6_Q2/T2,The settings match the stated requirement for the affected output.,Output requirement and sanitized settings.,"Instantiate against one named event, retry, issue or output when a run is attached.",awaiting_execution,,,https://dhigdec.github.io/creative-ai-benchmark/gatsby-v4/#PHOTO-03
SB3-003-PHO,PHOTO-03,K6_Q3,PHOTO-03/K6_Q3/T1,The input version is the latest approved version for this step.,"Input artifact version, approval state and predecessor event.","Instantiate against one named event, retry, issue or output when a run is attached.",awaiting_execution,,,https://dhigdec.github.io/creative-ai-benchmark/gatsby-v4/#PHOTO-03
SB3-003-PHO,PHOTO-03,K6_Q3,PHOTO-03/K6_Q3/T2,The tool acts on the intended document or selection.,Document or selection identifier and preview.,"Instantiate against one named event, retry, issue or output when a run is attached.",awaiting_execution,,,https://dhigdec.github.io/creative-ai-benchmark/gatsby-v4/#PHOTO-03
SB3-003-PHO,PHOTO-03,K6_Q4,PHOTO-03/K6_Q4/T1,"This step produces a change, an inspection result or verification evidence.",Before/after state or recorded inspection.,"Instantiate against one named event, retry, issue or output when a run is attached.",awaiting_execution,,,https://dhigdec.github.io/creative-ai-benchmark/gatsby-v4/#PHOTO-03
SB3-003-PHO,PHOTO-03,K6_Q4,PHOTO-03/K6_Q4/T2,A repeated call has a stated reason grounded in the previous result.,"Previous call, response and retry rationale.","Instantiate against one named event, retry, issue or output when a run is attached.",awaiting_execution,,,https://dhigdec.github.io/creative-ai-benchmark/gatsby-v4/#PHOTO-03
SB3-003-PHO,PHOTO-03,K6_Q5,PHOTO-03/K6_Q5/T1,The failed result is recorded before the next dependent action.,Error or defect observation and ordered events.,"Instantiate against one named event, retry, issue or output when a run is attached.",awaiting_execution,,,https://dhigdec.github.io/creative-ai-benchmark/gatsby-v4/#PHOTO-03
SB3-003-PHO,PHOTO-03,K6_Q5,PHOTO-03/K6_Q5/T2,The recovery action addresses the recorded failure.,"Failure, changed settings or fallback, and subsequent result.","Instantiate against one named event, retry, issue or output when a run is attached.",awaiting_execution,,,https://dhigdec.github.io/creative-ai-benchmark/gatsby-v4/#PHOTO-03
SB3-003-PHO,PHOTO-03,K6_Q6,PHOTO-03/K6_Q6/T1,The named output is checked before it is submitted.,Output-specific verification event and submission event.,"Instantiate against one named event, retry, issue or output when a run is attached.",awaiting_execution,,,https://dhigdec.github.io/creative-ai-benchmark/gatsby-v4/#PHOTO-03
SB3-003-PHO,PHOTO-03,K6_Q6,PHOTO-03/K6_Q6/T2,The stop decision states whether the named output is complete or blocked.,Stop event and actual delivery status.,"Instantiate against one named event, retry, issue or output when a run is attached.",awaiting_execution,,,https://dhigdec.github.io/creative-ai-benchmark/gatsby-v4/#PHOTO-03
SB3-003-PHO,PHOTO-03,K6_Q7,PHOTO-03/K6_Q7/T1,The final handoff discloses the recorded unresolved issue.,Unresolved issue and matching handoff disclosure.,"Instantiate against one named event, retry, issue or output when a run is attached.",awaiting_execution,,,https://dhigdec.github.io/creative-ai-benchmark/gatsby-v4/#PHOTO-03
SB3-003-PHO,PHOTO-03,K6_Q7,PHOTO-03/K6_Q7/T2,The completion claim for the named output agrees with its verified status.,"Claim, delivery manifest and verifier result.","Instantiate against one named event, retry, issue or output when a run is attached.",awaiting_execution,,,https://dhigdec.github.io/creative-ai-benchmark/gatsby-v4/#PHOTO-03
SB3-003-PHO,PHOTO-03,K6_Q8,PHOTO-03/K6_Q8/T1,The stated confidence agrees with the independent assessment of this run.,Agent confidence and separate expert outcome.,"Instantiate against one named event, retry, issue or output when a run is attached.",awaiting_execution,,,https://dhigdec.github.io/creative-ai-benchmark/gatsby-v4/#PHOTO-03
SB3-004-PHO,PHOTO-04,K6_Q1,PHOTO-04/K6_Q1/T1,A prerequisite is completed before the step that depends on it.,Dependency event IDs and event order.,"Instantiate against one named event, retry, issue or output when a run is attached.",awaiting_execution,,,https://dhigdec.github.io/creative-ai-benchmark/gatsby-v4/#PHOTO-04
SB3-004-PHO,PHOTO-04,K6_Q2,PHOTO-04/K6_Q2/T1,The named tool supports the operation attempted in this step.,"Exact tool name, sanitized parameters, intended change and tool result.","Instantiate against one named event, retry, issue or output when a run is attached.",awaiting_execution,,,https://dhigdec.github.io/creative-ai-benchmark/gatsby-v4/#PHOTO-04
SB3-004-PHO,PHOTO-04,K6_Q2,PHOTO-04/K6_Q2/T2,The settings match the stated requirement for the affected output.,Output requirement and sanitized settings.,"Instantiate against one named event, retry, issue or output when a run is attached.",awaiting_execution,,,https://dhigdec.github.io/creative-ai-benchmark/gatsby-v4/#PHOTO-04
SB3-004-PHO,PHOTO-04,K6_Q3,PHOTO-04/K6_Q3/T1,The input version is the latest approved version for this step.,"Input artifact version, approval state and predecessor event.","Instantiate against one named event, retry, issue or output when a run is attached.",awaiting_execution,,,https://dhigdec.github.io/creative-ai-benchmark/gatsby-v4/#PHOTO-04
SB3-004-PHO,PHOTO-04,K6_Q3,PHOTO-04/K6_Q3/T2,The tool acts on the intended document or selection.,Document or selection identifier and preview.,"Instantiate against one named event, retry, issue or output when a run is attached.",awaiting_execution,,,https://dhigdec.github.io/creative-ai-benchmark/gatsby-v4/#PHOTO-04
SB3-004-PHO,PHOTO-04,K6_Q4,PHOTO-04/K6_Q4/T1,"This step produces a change, an inspection result or verification evidence.",Before/after state or recorded inspection.,"Instantiate against one named event, retry, issue or output when a run is attached.",awaiting_execution,,,https://dhigdec.github.io/creative-ai-benchmark/gatsby-v4/#PHOTO-04
SB3-004-PHO,PHOTO-04,K6_Q4,PHOTO-04/K6_Q4/T2,A repeated call has a stated reason grounded in the previous result.,"Previous call, response and retry rationale.","Instantiate against one named event, retry, issue or output when a run is attached.",awaiting_execution,,,https://dhigdec.github.io/creative-ai-benchmark/gatsby-v4/#PHOTO-04
SB3-004-PHO,PHOTO-04,K6_Q5,PHOTO-04/K6_Q5/T1,The failed result is recorded before the next dependent action.,Error or defect observation and ordered events.,"Instantiate against one named event, retry, issue or output when a run is attached.",awaiting_execution,,,https://dhigdec.github.io/creative-ai-benchmark/gatsby-v4/#PHOTO-04
SB3-004-PHO,PHOTO-04,K6_Q5,PHOTO-04/K6_Q5/T2,The recovery action addresses the recorded failure.,"Failure, changed settings or fallback, and subsequent result.","Instantiate against one named event, retry, issue or output when a run is attached.",awaiting_execution,,,https://dhigdec.github.io/creative-ai-benchmark/gatsby-v4/#PHOTO-04
SB3-004-PHO,PHOTO-04,K6_Q6,PHOTO-04/K6_Q6/T1,The named output is checked before it is submitted.,Output-specific verification event and submission event.,"Instantiate against one named event, retry, issue or output when a run is attached.",awaiting_execution,,,https://dhigdec.github.io/creative-ai-benchmark/gatsby-v4/#PHOTO-04
SB3-004-PHO,PHOTO-04,K6_Q6,PHOTO-04/K6_Q6/T2,The stop decision states whether the named output is complete or blocked.,Stop event and actual delivery status.,"Instantiate against one named event, retry, issue or output when a run is attached.",awaiting_execution,,,https://dhigdec.github.io/creative-ai-benchmark/gatsby-v4/#PHOTO-04
SB3-004-PHO,PHOTO-04,K6_Q7,PHOTO-04/K6_Q7/T1,The final handoff discloses the recorded unresolved issue.,Unresolved issue and matching handoff disclosure.,"Instantiate against one named event, retry, issue or output when a run is attached.",awaiting_execution,,,https://dhigdec.github.io/creative-ai-benchmark/gatsby-v4/#PHOTO-04
SB3-004-PHO,PHOTO-04,K6_Q7,PHOTO-04/K6_Q7/T2,The completion claim for the named output agrees with its verified status.,"Claim, delivery manifest and verifier result.","Instantiate against one named event, retry, issue or output when a run is attached.",awaiting_execution,,,https://dhigdec.github.io/creative-ai-benchmark/gatsby-v4/#PHOTO-04
SB3-004-PHO,PHOTO-04,K6_Q8,PHOTO-04/K6_Q8/T1,The stated confidence agrees with the independent assessment of this run.,Agent confidence and separate expert outcome.,"Instantiate against one named event, retry, issue or output when a run is attached.",awaiting_execution,,,https://dhigdec.github.io/creative-ai-benchmark/gatsby-v4/#PHOTO-04
SB3-005-PHO,PHOTO-05,K6_Q1,PHOTO-05/K6_Q1/T1,A prerequisite is completed before the step that depends on it.,Dependency event IDs and event order.,"Instantiate against one named event, retry, issue or output when a run is attached.",awaiting_execution,,,https://dhigdec.github.io/creative-ai-benchmark/gatsby-v4/#PHOTO-05
SB3-005-PHO,PHOTO-05,K6_Q2,PHOTO-05/K6_Q2/T1,The named tool supports the operation attempted in this step.,"Exact tool name, sanitized parameters, intended change and tool result.","Instantiate against one named event, retry, issue or output when a run is attached.",awaiting_execution,,,https://dhigdec.github.io/creative-ai-benchmark/gatsby-v4/#PHOTO-05
SB3-005-PHO,PHOTO-05,K6_Q2,PHOTO-05/K6_Q2/T2,The settings match the stated requirement for the affected output.,Output requirement and sanitized settings.,"Instantiate against one named event, retry, issue or output when a run is attached.",awaiting_execution,,,https://dhigdec.github.io/creative-ai-benchmark/gatsby-v4/#PHOTO-05
SB3-005-PHO,PHOTO-05,K6_Q3,PHOTO-05/K6_Q3/T1,The input version is the latest approved version for this step.,"Input artifact version, approval state and predecessor event.","Instantiate against one named event, retry, issue or output when a run is attached.",awaiting_execution,,,https://dhigdec.github.io/creative-ai-benchmark/gatsby-v4/#PHOTO-05
SB3-005-PHO,PHOTO-05,K6_Q3,PHOTO-05/K6_Q3/T2,The tool acts on the intended document or selection.,Document or selection identifier and preview.,"Instantiate against one named event, retry, issue or output when a run is attached.",awaiting_execution,,,https://dhigdec.github.io/creative-ai-benchmark/gatsby-v4/#PHOTO-05
SB3-005-PHO,PHOTO-05,K6_Q4,PHOTO-05/K6_Q4/T1,"This step produces a change, an inspection result or verification evidence.",Before/after state or recorded inspection.,"Instantiate against one named event, retry, issue or output when a run is attached.",awaiting_execution,,,https://dhigdec.github.io/creative-ai-benchmark/gatsby-v4/#PHOTO-05
SB3-005-PHO,PHOTO-05,K6_Q4,PHOTO-05/K6_Q4/T2,A repeated call has a stated reason grounded in the previous result.,"Previous call, response and retry rationale.","Instantiate against one named event, retry, issue or output when a run is attached.",awaiting_execution,,,https://dhigdec.github.io/creative-ai-benchmark/gatsby-v4/#PHOTO-05
SB3-005-PHO,PHOTO-05,K6_Q5,PHOTO-05/K6_Q5/T1,The failed result is recorded before the next dependent action.,Error or defect observation and ordered events.,"Instantiate against one named event, retry, issue or output when a run is attached.",awaiting_execution,,,https://dhigdec.github.io/creative-ai-benchmark/gatsby-v4/#PHOTO-05
SB3-005-PHO,PHOTO-05,K6_Q5,PHOTO-05/K6_Q5/T2,The recovery action addresses the recorded failure.,"Failure, changed settings or fallback, and subsequent result.","Instantiate against one named event, retry, issue or output when a run is attached.",awaiting_execution,,,https://dhigdec.github.io/creative-ai-benchmark/gatsby-v4/#PHOTO-05
SB3-005-PHO,PHOTO-05,K6_Q6,PHOTO-05/K6_Q6/T1,The named output is checked before it is submitted.,Output-specific verification event and submission event.,"Instantiate against one named event, retry, issue or output when a run is attached.",awaiting_execution,,,https://dhigdec.github.io/creative-ai-benchmark/gatsby-v4/#PHOTO-05
SB3-005-PHO,PHOTO-05,K6_Q6,PHOTO-05/K6_Q6/T2,The stop decision states whether the named output is complete or blocked.,Stop event and actual delivery status.,"Instantiate against one named event, retry, issue or output when a run is attached.",awaiting_execution,,,https://dhigdec.github.io/creative-ai-benchmark/gatsby-v4/#PHOTO-05
SB3-005-PHO,PHOTO-05,K6_Q7,PHOTO-05/K6_Q7/T1,The final handoff discloses the recorded unresolved issue.,Unresolved issue and matching handoff disclosure.,"Instantiate against one named event, retry, issue or output when a run is attached.",awaiting_execution,,,https://dhigdec.github.io/creative-ai-benchmark/gatsby-v4/#PHOTO-05
SB3-005-PHO,PHOTO-05,K6_Q7,PHOTO-05/K6_Q7/T2,The completion claim for the named output agrees with its verified status.,"Claim, delivery manifest and verifier result.","Instantiate against one named event, retry, issue or output when a run is attached.",awaiting_execution,,,https://dhigdec.github.io/creative-ai-benchmark/gatsby-v4/#PHOTO-05
SB3-005-PHO,PHOTO-05,K6_Q8,PHOTO-05/K6_Q8/T1,The stated confidence agrees with the independent assessment of this run.,Agent confidence and separate expert outcome.,"Instantiate against one named event, retry, issue or output when a run is attached.",awaiting_execution,,,https://dhigdec.github.io/creative-ai-benchmark/gatsby-v4/#PHOTO-05
SB3-006-PHO,PHOTO-06,K6_Q1,PHOTO-06/K6_Q1/T1,A prerequisite is completed before the step that depends on it.,Dependency event IDs and event order.,"Instantiate against one named event, retry, issue or output when a run is attached.",awaiting_execution,,,https://dhigdec.github.io/creative-ai-benchmark/gatsby-v4/#PHOTO-06
SB3-006-PHO,PHOTO-06,K6_Q2,PHOTO-06/K6_Q2/T1,The named tool supports the operation attempted in this step.,"Exact tool name, sanitized parameters, intended change and tool result.","Instantiate against one named event, retry, issue or output when a run is attached.",awaiting_execution,,,https://dhigdec.github.io/creative-ai-benchmark/gatsby-v4/#PHOTO-06
SB3-006-PHO,PHOTO-06,K6_Q2,PHOTO-06/K6_Q2/T2,The settings match the stated requirement for the affected output.,Output requirement and sanitized settings.,"Instantiate against one named event, retry, issue or output when a run is attached.",awaiting_execution,,,https://dhigdec.github.io/creative-ai-benchmark/gatsby-v4/#PHOTO-06
SB3-006-PHO,PHOTO-06,K6_Q3,PHOTO-06/K6_Q3/T1,The input version is the latest approved version for this step.,"Input artifact version, approval state and predecessor event.","Instantiate against one named event, retry, issue or output when a run is attached.",awaiting_execution,,,https://dhigdec.github.io/creative-ai-benchmark/gatsby-v4/#PHOTO-06
SB3-006-PHO,PHOTO-06,K6_Q3,PHOTO-06/K6_Q3/T2,The tool acts on the intended document or selection.,Document or selection identifier and preview.,"Instantiate against one named event, retry, issue or output when a run is attached.",awaiting_execution,,,https://dhigdec.github.io/creative-ai-benchmark/gatsby-v4/#PHOTO-06
SB3-006-PHO,PHOTO-06,K6_Q4,PHOTO-06/K6_Q4/T1,"This step produces a change, an inspection result or verification evidence.",Before/after state or recorded inspection.,"Instantiate against one named event, retry, issue or output when a run is attached.",awaiting_execution,,,https://dhigdec.github.io/creative-ai-benchmark/gatsby-v4/#PHOTO-06
SB3-006-PHO,PHOTO-06,K6_Q4,PHOTO-06/K6_Q4/T2,A repeated call has a stated reason grounded in the previous result.,"Previous call, response and retry rationale.","Instantiate against one named event, retry, issue or output when a run is attached.",awaiting_execution,,,https://dhigdec.github.io/creative-ai-benchmark/gatsby-v4/#PHOTO-06
SB3-006-PHO,PHOTO-06,K6_Q5,PHOTO-06/K6_Q5/T1,The failed result is recorded before the next dependent action.,Error or defect observation and ordered events.,"Instantiate against one named event, retry, issue or output when a run is attached.",awaiting_execution,,,https://dhigdec.github.io/creative-ai-benchmark/gatsby-v4/#PHOTO-06
SB3-006-PHO,PHOTO-06,K6_Q5,PHOTO-06/K6_Q5/T2,The recovery action addresses the recorded failure.,"Failure, changed settings or fallback, and subsequent result.","Instantiate against one named event, retry, issue or output when a run is attached.",awaiting_execution,,,https://dhigdec.github.io/creative-ai-benchmark/gatsby-v4/#PHOTO-06
SB3-006-PHO,PHOTO-06,K6_Q6,PHOTO-06/K6_Q6/T1,The named output is checked before it is submitted.,Output-specific verification event and submission event.,"Instantiate against one named event, retry, issue or output when a run is attached.",awaiting_execution,,,https://dhigdec.github.io/creative-ai-benchmark/gatsby-v4/#PHOTO-06
SB3-006-PHO,PHOTO-06,K6_Q6,PHOTO-06/K6_Q6/T2,The stop decision states whether the named output is complete or blocked.,Stop event and actual delivery status.,"Instantiate against one named event, retry, issue or output when a run is attached.",awaiting_execution,,,https://dhigdec.github.io/creative-ai-benchmark/gatsby-v4/#PHOTO-06
SB3-006-PHO,PHOTO-06,K6_Q7,PHOTO-06/K6_Q7/T1,The final handoff discloses the recorded unresolved issue.,Unresolved issue and matching handoff disclosure.,"Instantiate against one named event, retry, issue or output when a run is attached.",awaiting_execution,,,https://dhigdec.github.io/creative-ai-benchmark/gatsby-v4/#PHOTO-06
SB3-006-PHO,PHOTO-06,K6_Q7,PHOTO-06/K6_Q7/T2,The completion claim for the named output agrees with its verified status.,"Claim, delivery manifest and verifier result.","Instantiate against one named event, retry, issue or output when a run is attached.",awaiting_execution,,,https://dhigdec.github.io/creative-ai-benchmark/gatsby-v4/#PHOTO-06
SB3-006-PHO,PHOTO-06,K6_Q8,PHOTO-06/K6_Q8/T1,The stated confidence agrees with the independent assessment of this run.,Agent confidence and separate expert outcome.,"Instantiate against one named event, retry, issue or output when a run is attached.",awaiting_execution,,,https://dhigdec.github.io/creative-ai-benchmark/gatsby-v4/#PHOTO-06
SB3-007-PHO,PHOTO-07,K6_Q1,PHOTO-07/K6_Q1/T1,A prerequisite is completed before the step that depends on it.,Dependency event IDs and event order.,"Instantiate against one named event, retry, issue or output when a run is attached.",awaiting_execution,,,https://dhigdec.github.io/creative-ai-benchmark/gatsby-v4/#PHOTO-07
SB3-007-PHO,PHOTO-07,K6_Q2,PHOTO-07/K6_Q2/T1,The named tool supports the operation attempted in this step.,"Exact tool name, sanitized parameters, intended change and tool result.","Instantiate against one named event, retry, issue or output when a run is attached.",awaiting_execution,,,https://dhigdec.github.io/creative-ai-benchmark/gatsby-v4/#PHOTO-07
SB3-007-PHO,PHOTO-07,K6_Q2,PHOTO-07/K6_Q2/T2,The settings match the stated requirement for the affected output.,Output requirement and sanitized settings.,"Instantiate against one named event, retry, issue or output when a run is attached.",awaiting_execution,,,https://dhigdec.github.io/creative-ai-benchmark/gatsby-v4/#PHOTO-07
SB3-007-PHO,PHOTO-07,K6_Q3,PHOTO-07/K6_Q3/T1,The input version is the latest approved version for this step.,"Input artifact version, approval state and predecessor event.","Instantiate against one named event, retry, issue or output when a run is attached.",awaiting_execution,,,https://dhigdec.github.io/creative-ai-benchmark/gatsby-v4/#PHOTO-07
SB3-007-PHO,PHOTO-07,K6_Q3,PHOTO-07/K6_Q3/T2,The tool acts on the intended document or selection.,Document or selection identifier and preview.,"Instantiate against one named event, retry, issue or output when a run is attached.",awaiting_execution,,,https://dhigdec.github.io/creative-ai-benchmark/gatsby-v4/#PHOTO-07
SB3-007-PHO,PHOTO-07,K6_Q4,PHOTO-07/K6_Q4/T1,"This step produces a change, an inspection result or verification evidence.",Before/after state or recorded inspection.,"Instantiate against one named event, retry, issue or output when a run is attached.",awaiting_execution,,,https://dhigdec.github.io/creative-ai-benchmark/gatsby-v4/#PHOTO-07
SB3-007-PHO,PHOTO-07,K6_Q4,PHOTO-07/K6_Q4/T2,A repeated call has a stated reason grounded in the previous result.,"Previous call, response and retry rationale.","Instantiate against one named event, retry, issue or output when a run is attached.",awaiting_execution,,,https://dhigdec.github.io/creative-ai-benchmark/gatsby-v4/#PHOTO-07
SB3-007-PHO,PHOTO-07,K6_Q5,PHOTO-07/K6_Q5/T1,The failed result is recorded before the next dependent action.,Error or defect observation and ordered events.,"Instantiate against one named event, retry, issue or output when a run is attached.",awaiting_execution,,,https://dhigdec.github.io/creative-ai-benchmark/gatsby-v4/#PHOTO-07
SB3-007-PHO,PHOTO-07,K6_Q5,PHOTO-07/K6_Q5/T2,The recovery action addresses the recorded failure.,"Failure, changed settings or fallback, and subsequent result.","Instantiate against one named event, retry, issue or output when a run is attached.",awaiting_execution,,,https://dhigdec.github.io/creative-ai-benchmark/gatsby-v4/#PHOTO-07
SB3-007-PHO,PHOTO-07,K6_Q6,PHOTO-07/K6_Q6/T1,The named output is checked before it is submitted.,Output-specific verification event and submission event.,"Instantiate against one named event, retry, issue or output when a run is attached.",awaiting_execution,,,https://dhigdec.github.io/creative-ai-benchmark/gatsby-v4/#PHOTO-07
SB3-007-PHO,PHOTO-07,K6_Q6,PHOTO-07/K6_Q6/T2,The stop decision states whether the named output is complete or blocked.,Stop event and actual delivery status.,"Instantiate against one named event, retry, issue or output when a run is attached.",awaiting_execution,,,https://dhigdec.github.io/creative-ai-benchmark/gatsby-v4/#PHOTO-07
SB3-007-PHO,PHOTO-07,K6_Q7,PHOTO-07/K6_Q7/T1,The final handoff discloses the recorded unresolved issue.,Unresolved issue and matching handoff disclosure.,"Instantiate against one named event, retry, issue or output when a run is attached.",awaiting_execution,,,https://dhigdec.github.io/creative-ai-benchmark/gatsby-v4/#PHOTO-07
SB3-007-PHO,PHOTO-07,K6_Q7,PHOTO-07/K6_Q7/T2,The completion claim for the named output agrees with its verified status.,"Claim, delivery manifest and verifier result.","Instantiate against one named event, retry, issue or output when a run is attached.",awaiting_execution,,,https://dhigdec.github.io/creative-ai-benchmark/gatsby-v4/#PHOTO-07
SB3-007-PHO,PHOTO-07,K6_Q8,PHOTO-07/K6_Q8/T1,The stated confidence agrees with the independent assessment of this run.,Agent confidence and separate expert outcome.,"Instantiate against one named event, retry, issue or output when a run is attached.",awaiting_execution,,,https://dhigdec.github.io/creative-ai-benchmark/gatsby-v4/#PHOTO-07
SB3-008-PHO,PHOTO-08,K6_Q1,PHOTO-08/K6_Q1/T1,A prerequisite is completed before the step that depends on it.,Dependency event IDs and event order.,"Instantiate against one named event, retry, issue or output when a run is attached.",awaiting_execution,,,https://dhigdec.github.io/creative-ai-benchmark/gatsby-v4/#PHOTO-08
SB3-008-PHO,PHOTO-08,K6_Q2,PHOTO-08/K6_Q2/T1,The named tool supports the operation attempted in this step.,"Exact tool name, sanitized parameters, intended change and tool result.","Instantiate against one named event, retry, issue or output when a run is attached.",awaiting_execution,,,https://dhigdec.github.io/creative-ai-benchmark/gatsby-v4/#PHOTO-08
SB3-008-PHO,PHOTO-08,K6_Q2,PHOTO-08/K6_Q2/T2,The settings match the stated requirement for the affected output.,Output requirement and sanitized settings.,"Instantiate against one named event, retry, issue or output when a run is attached.",awaiting_execution,,,https://dhigdec.github.io/creative-ai-benchmark/gatsby-v4/#PHOTO-08
SB3-008-PHO,PHOTO-08,K6_Q3,PHOTO-08/K6_Q3/T1,The input version is the latest approved version for this step.,"Input artifact version, approval state and predecessor event.","Instantiate against one named event, retry, issue or output when a run is attached.",awaiting_execution,,,https://dhigdec.github.io/creative-ai-benchmark/gatsby-v4/#PHOTO-08
SB3-008-PHO,PHOTO-08,K6_Q3,PHOTO-08/K6_Q3/T2,The tool acts on the intended document or selection.,Document or selection identifier and preview.,"Instantiate against one named event, retry, issue or output when a run is attached.",awaiting_execution,,,https://dhigdec.github.io/creative-ai-benchmark/gatsby-v4/#PHOTO-08
SB3-008-PHO,PHOTO-08,K6_Q4,PHOTO-08/K6_Q4/T1,"This step produces a change, an inspection result or verification evidence.",Before/after state or recorded inspection.,"Instantiate against one named event, retry, issue or output when a run is attached.",awaiting_execution,,,https://dhigdec.github.io/creative-ai-benchmark/gatsby-v4/#PHOTO-08
SB3-008-PHO,PHOTO-08,K6_Q4,PHOTO-08/K6_Q4/T2,A repeated call has a stated reason grounded in the previous result.,"Previous call, response and retry rationale.","Instantiate against one named event, retry, issue or output when a run is attached.",awaiting_execution,,,https://dhigdec.github.io/creative-ai-benchmark/gatsby-v4/#PHOTO-08
SB3-008-PHO,PHOTO-08,K6_Q5,PHOTO-08/K6_Q5/T1,The failed result is recorded before the next dependent action.,Error or defect observation and ordered events.,"Instantiate against one named event, retry, issue or output when a run is attached.",awaiting_execution,,,https://dhigdec.github.io/creative-ai-benchmark/gatsby-v4/#PHOTO-08
SB3-008-PHO,PHOTO-08,K6_Q5,PHOTO-08/K6_Q5/T2,The recovery action addresses the recorded failure.,"Failure, changed settings or fallback, and subsequent result.","Instantiate against one named event, retry, issue or output when a run is attached.",awaiting_execution,,,https://dhigdec.github.io/creative-ai-benchmark/gatsby-v4/#PHOTO-08
SB3-008-PHO,PHOTO-08,K6_Q6,PHOTO-08/K6_Q6/T1,The named output is checked before it is submitted.,Output-specific verification event and submission event.,"Instantiate against one named event, retry, issue or output when a run is attached.",awaiting_execution,,,https://dhigdec.github.io/creative-ai-benchmark/gatsby-v4/#PHOTO-08
SB3-008-PHO,PHOTO-08,K6_Q6,PHOTO-08/K6_Q6/T2,The stop decision states whether the named output is complete or blocked.,Stop event and actual delivery status.,"Instantiate against one named event, retry, issue or output when a run is attached.",awaiting_execution,,,https://dhigdec.github.io/creative-ai-benchmark/gatsby-v4/#PHOTO-08
SB3-008-PHO,PHOTO-08,K6_Q7,PHOTO-08/K6_Q7/T1,The final handoff discloses the recorded unresolved issue.,Unresolved issue and matching handoff disclosure.,"Instantiate against one named event, retry, issue or output when a run is attached.",awaiting_execution,,,https://dhigdec.github.io/creative-ai-benchmark/gatsby-v4/#PHOTO-08
SB3-008-PHO,PHOTO-08,K6_Q7,PHOTO-08/K6_Q7/T2,The completion claim for the named output agrees with its verified status.,"Claim, delivery manifest and verifier result.","Instantiate against one named event, retry, issue or output when a run is attached.",awaiting_execution,,,https://dhigdec.github.io/creative-ai-benchmark/gatsby-v4/#PHOTO-08
SB3-008-PHO,PHOTO-08,K6_Q8,PHOTO-08/K6_Q8/T1,The stated confidence agrees with the independent assessment of this run.,Agent confidence and separate expert outcome.,"Instantiate against one named event, retry, issue or output when a run is attached.",awaiting_execution,,,https://dhigdec.github.io/creative-ai-benchmark/gatsby-v4/#PHOTO-08
SB3-009-PHO,PHOTO-09,K6_Q1,PHOTO-09/K6_Q1/T1,A prerequisite is completed before the step that depends on it.,Dependency event IDs and event order.,"Instantiate against one named event, retry, issue or output when a run is attached.",awaiting_execution,,,https://dhigdec.github.io/creative-ai-benchmark/gatsby-v4/#PHOTO-09
SB3-009-PHO,PHOTO-09,K6_Q2,PHOTO-09/K6_Q2/T1,The named tool supports the operation attempted in this step.,"Exact tool name, sanitized parameters, intended change and tool result.","Instantiate against one named event, retry, issue or output when a run is attached.",awaiting_execution,,,https://dhigdec.github.io/creative-ai-benchmark/gatsby-v4/#PHOTO-09
SB3-009-PHO,PHOTO-09,K6_Q2,PHOTO-09/K6_Q2/T2,The settings match the stated requirement for the affected output.,Output requirement and sanitized settings.,"Instantiate against one named event, retry, issue or output when a run is attached.",awaiting_execution,,,https://dhigdec.github.io/creative-ai-benchmark/gatsby-v4/#PHOTO-09
SB3-009-PHO,PHOTO-09,K6_Q3,PHOTO-09/K6_Q3/T1,The input version is the latest approved version for this step.,"Input artifact version, approval state and predecessor event.","Instantiate against one named event, retry, issue or output when a run is attached.",awaiting_execution,,,https://dhigdec.github.io/creative-ai-benchmark/gatsby-v4/#PHOTO-09
SB3-009-PHO,PHOTO-09,K6_Q3,PHOTO-09/K6_Q3/T2,The tool acts on the intended document or selection.,Document or selection identifier and preview.,"Instantiate against one named event, retry, issue or output when a run is attached.",awaiting_execution,,,https://dhigdec.github.io/creative-ai-benchmark/gatsby-v4/#PHOTO-09
SB3-009-PHO,PHOTO-09,K6_Q4,PHOTO-09/K6_Q4/T1,"This step produces a change, an inspection result or verification evidence.",Before/after state or recorded inspection.,"Instantiate against one named event, retry, issue or output when a run is attached.",awaiting_execution,,,https://dhigdec.github.io/creative-ai-benchmark/gatsby-v4/#PHOTO-09
SB3-009-PHO,PHOTO-09,K6_Q4,PHOTO-09/K6_Q4/T2,A repeated call has a stated reason grounded in the previous result.,"Previous call, response and retry rationale.","Instantiate against one named event, retry, issue or output when a run is attached.",awaiting_execution,,,https://dhigdec.github.io/creative-ai-benchmark/gatsby-v4/#PHOTO-09
SB3-009-PHO,PHOTO-09,K6_Q5,PHOTO-09/K6_Q5/T1,The failed result is recorded before the next dependent action.,Error or defect observation and ordered events.,"Instantiate against one named event, retry, issue or output when a run is attached.",awaiting_execution,,,https://dhigdec.github.io/creative-ai-benchmark/gatsby-v4/#PHOTO-09
SB3-009-PHO,PHOTO-09,K6_Q5,PHOTO-09/K6_Q5/T2,The recovery action addresses the recorded failure.,"Failure, changed settings or fallback, and subsequent result.","Instantiate against one named event, retry, issue or output when a run is attached.",awaiting_execution,,,https://dhigdec.github.io/creative-ai-benchmark/gatsby-v4/#PHOTO-09
SB3-009-PHO,PHOTO-09,K6_Q6,PHOTO-09/K6_Q6/T1,The named output is checked before it is submitted.,Output-specific verification event and submission event.,"Instantiate against one named event, retry, issue or output when a run is attached.",awaiting_execution,,,https://dhigdec.github.io/creative-ai-benchmark/gatsby-v4/#PHOTO-09
SB3-009-PHO,PHOTO-09,K6_Q6,PHOTO-09/K6_Q6/T2,The stop decision states whether the named output is complete or blocked.,Stop event and actual delivery status.,"Instantiate against one named event, retry, issue or output when a run is attached.",awaiting_execution,,,https://dhigdec.github.io/creative-ai-benchmark/gatsby-v4/#PHOTO-09
SB3-009-PHO,PHOTO-09,K6_Q7,PHOTO-09/K6_Q7/T1,The final handoff discloses the recorded unresolved issue.,Unresolved issue and matching handoff disclosure.,"Instantiate against one named event, retry, issue or output when a run is attached.",awaiting_execution,,,https://dhigdec.github.io/creative-ai-benchmark/gatsby-v4/#PHOTO-09
SB3-009-PHO,PHOTO-09,K6_Q7,PHOTO-09/K6_Q7/T2,The completion claim for the named output agrees with its verified status.,"Claim, delivery manifest and verifier result.","Instantiate against one named event, retry, issue or output when a run is attached.",awaiting_execution,,,https://dhigdec.github.io/creative-ai-benchmark/gatsby-v4/#PHOTO-09
SB3-009-PHO,PHOTO-09,K6_Q8,PHOTO-09/K6_Q8/T1,The stated confidence agrees with the independent assessment of this run.,Agent confidence and separate expert outcome.,"Instantiate against one named event, retry, issue or output when a run is attached.",awaiting_execution,,,https://dhigdec.github.io/creative-ai-benchmark/gatsby-v4/#PHOTO-09
SB3-010-PHO,PHOTO-10,K6_Q1,PHOTO-10/K6_Q1/T1,A prerequisite is completed before the step that depends on it.,Dependency event IDs and event order.,"Instantiate against one named event, retry, issue or output when a run is attached.",awaiting_execution,,,https://dhigdec.github.io/creative-ai-benchmark/gatsby-v4/#PHOTO-10
SB3-010-PHO,PHOTO-10,K6_Q2,PHOTO-10/K6_Q2/T1,The named tool supports the operation attempted in this step.,"Exact tool name, sanitized parameters, intended change and tool result.","Instantiate against one named event, retry, issue or output when a run is attached.",awaiting_execution,,,https://dhigdec.github.io/creative-ai-benchmark/gatsby-v4/#PHOTO-10
SB3-010-PHO,PHOTO-10,K6_Q2,PHOTO-10/K6_Q2/T2,The settings match the stated requirement for the affected output.,Output requirement and sanitized settings.,"Instantiate against one named event, retry, issue or output when a run is attached.",awaiting_execution,,,https://dhigdec.github.io/creative-ai-benchmark/gatsby-v4/#PHOTO-10
SB3-010-PHO,PHOTO-10,K6_Q3,PHOTO-10/K6_Q3/T1,The input version is the latest approved version for this step.,"Input artifact version, approval state and predecessor event.","Instantiate against one named event, retry, issue or output when a run is attached.",awaiting_execution,,,https://dhigdec.github.io/creative-ai-benchmark/gatsby-v4/#PHOTO-10
SB3-010-PHO,PHOTO-10,K6_Q3,PHOTO-10/K6_Q3/T2,The tool acts on the intended document or selection.,Document or selection identifier and preview.,"Instantiate against one named event, retry, issue or output when a run is attached.",awaiting_execution,,,https://dhigdec.github.io/creative-ai-benchmark/gatsby-v4/#PHOTO-10
SB3-010-PHO,PHOTO-10,K6_Q4,PHOTO-10/K6_Q4/T1,"This step produces a change, an inspection result or verification evidence.",Before/after state or recorded inspection.,"Instantiate against one named event, retry, issue or output when a run is attached.",awaiting_execution,,,https://dhigdec.github.io/creative-ai-benchmark/gatsby-v4/#PHOTO-10
SB3-010-PHO,PHOTO-10,K6_Q4,PHOTO-10/K6_Q4/T2,A repeated call has a stated reason grounded in the previous result.,"Previous call, response and retry rationale.","Instantiate against one named event, retry, issue or output when a run is attached.",awaiting_execution,,,https://dhigdec.github.io/creative-ai-benchmark/gatsby-v4/#PHOTO-10
SB3-010-PHO,PHOTO-10,K6_Q5,PHOTO-10/K6_Q5/T1,The failed result is recorded before the next dependent action.,Error or defect observation and ordered events.,"Instantiate against one named event, retry, issue or output when a run is attached.",awaiting_execution,,,https://dhigdec.github.io/creative-ai-benchmark/gatsby-v4/#PHOTO-10
SB3-010-PHO,PHOTO-10,K6_Q5,PHOTO-10/K6_Q5/T2,The recovery action addresses the recorded failure.,"Failure, changed settings or fallback, and subsequent result.","Instantiate against one named event, retry, issue or output when a run is attached.",awaiting_execution,,,https://dhigdec.github.io/creative-ai-benchmark/gatsby-v4/#PHOTO-10
SB3-010-PHO,PHOTO-10,K6_Q6,PHOTO-10/K6_Q6/T1,The named output is checked before it is submitted.,Output-specific verification event and submission event.,"Instantiate against one named event, retry, issue or output when a run is attached.",awaiting_execution,,,https://dhigdec.github.io/creative-ai-benchmark/gatsby-v4/#PHOTO-10
SB3-010-PHO,PHOTO-10,K6_Q6,PHOTO-10/K6_Q6/T2,The stop decision states whether the named output is complete or blocked.,Stop event and actual delivery status.,"Instantiate against one named event, retry, issue or output when a run is attached.",awaiting_execution,,,https://dhigdec.github.io/creative-ai-benchmark/gatsby-v4/#PHOTO-10
SB3-010-PHO,PHOTO-10,K6_Q7,PHOTO-10/K6_Q7/T1,The final handoff discloses the recorded unresolved issue.,Unresolved issue and matching handoff disclosure.,"Instantiate against one named event, retry, issue or output when a run is attached.",awaiting_execution,,,https://dhigdec.github.io/creative-ai-benchmark/gatsby-v4/#PHOTO-10
SB3-010-PHO,PHOTO-10,K6_Q7,PHOTO-10/K6_Q7/T2,The completion claim for the named output agrees with its verified status.,"Claim, delivery manifest and verifier result.","Instantiate against one named event, retry, issue or output when a run is attached.",awaiting_execution,,,https://dhigdec.github.io/creative-ai-benchmark/gatsby-v4/#PHOTO-10
SB3-010-PHO,PHOTO-10,K6_Q8,PHOTO-10/K6_Q8/T1,The stated confidence agrees with the independent assessment of this run.,Agent confidence and separate expert outcome.,"Instantiate against one named event, retry, issue or output when a run is attached.",awaiting_execution,,,https://dhigdec.github.io/creative-ai-benchmark/gatsby-v4/#PHOTO-10
SB3-011-PHO,PHOTO-11,K6_Q1,PHOTO-11/K6_Q1/T1,A prerequisite is completed before the step that depends on it.,Dependency event IDs and event order.,"Instantiate against one named event, retry, issue or output when a run is attached.",awaiting_execution,,,https://dhigdec.github.io/creative-ai-benchmark/gatsby-v4/#PHOTO-11
SB3-011-PHO,PHOTO-11,K6_Q2,PHOTO-11/K6_Q2/T1,The named tool supports the operation attempted in this step.,"Exact tool name, sanitized parameters, intended change and tool result.","Instantiate against one named event, retry, issue or output when a run is attached.",awaiting_execution,,,https://dhigdec.github.io/creative-ai-benchmark/gatsby-v4/#PHOTO-11
SB3-011-PHO,PHOTO-11,K6_Q2,PHOTO-11/K6_Q2/T2,The settings match the stated requirement for the affected output.,Output requirement and sanitized settings.,"Instantiate against one named event, retry, issue or output when a run is attached.",awaiting_execution,,,https://dhigdec.github.io/creative-ai-benchmark/gatsby-v4/#PHOTO-11
SB3-011-PHO,PHOTO-11,K6_Q3,PHOTO-11/K6_Q3/T1,The input version is the latest approved version for this step.,"Input artifact version, approval state and predecessor event.","Instantiate against one named event, retry, issue or output when a run is attached.",awaiting_execution,,,https://dhigdec.github.io/creative-ai-benchmark/gatsby-v4/#PHOTO-11
SB3-011-PHO,PHOTO-11,K6_Q3,PHOTO-11/K6_Q3/T2,The tool acts on the intended document or selection.,Document or selection identifier and preview.,"Instantiate against one named event, retry, issue or output when a run is attached.",awaiting_execution,,,https://dhigdec.github.io/creative-ai-benchmark/gatsby-v4/#PHOTO-11
SB3-011-PHO,PHOTO-11,K6_Q4,PHOTO-11/K6_Q4/T1,"This step produces a change, an inspection result or verification evidence.",Before/after state or recorded inspection.,"Instantiate against one named event, retry, issue or output when a run is attached.",awaiting_execution,,,https://dhigdec.github.io/creative-ai-benchmark/gatsby-v4/#PHOTO-11
SB3-011-PHO,PHOTO-11,K6_Q4,PHOTO-11/K6_Q4/T2,A repeated call has a stated reason grounded in the previous result.,"Previous call, response and retry rationale.","Instantiate against one named event, retry, issue or output when a run is attached.",awaiting_execution,,,https://dhigdec.github.io/creative-ai-benchmark/gatsby-v4/#PHOTO-11
SB3-011-PHO,PHOTO-11,K6_Q5,PHOTO-11/K6_Q5/T1,The failed result is recorded before the next dependent action.,Error or defect observation and ordered events.,"Instantiate against one named event, retry, issue or output when a run is attached.",awaiting_execution,,,https://dhigdec.github.io/creative-ai-benchmark/gatsby-v4/#PHOTO-11
SB3-011-PHO,PHOTO-11,K6_Q5,PHOTO-11/K6_Q5/T2,The recovery action addresses the recorded failure.,"Failure, changed settings or fallback, and subsequent result.","Instantiate against one named event, retry, issue or output when a run is attached.",awaiting_execution,,,https://dhigdec.github.io/creative-ai-benchmark/gatsby-v4/#PHOTO-11
SB3-011-PHO,PHOTO-11,K6_Q6,PHOTO-11/K6_Q6/T1,The named output is checked before it is submitted.,Output-specific verification event and submission event.,"Instantiate against one named event, retry, issue or output when a run is attached.",awaiting_execution,,,https://dhigdec.github.io/creative-ai-benchmark/gatsby-v4/#PHOTO-11
SB3-011-PHO,PHOTO-11,K6_Q6,PHOTO-11/K6_Q6/T2,The stop decision states whether the named output is complete or blocked.,Stop event and actual delivery status.,"Instantiate against one named event, retry, issue or output when a run is attached.",awaiting_execution,,,https://dhigdec.github.io/creative-ai-benchmark/gatsby-v4/#PHOTO-11
SB3-011-PHO,PHOTO-11,K6_Q7,PHOTO-11/K6_Q7/T1,The final handoff discloses the recorded unresolved issue.,Unresolved issue and matching handoff disclosure.,"Instantiate against one named event, retry, issue or output when a run is attached.",awaiting_execution,,,https://dhigdec.github.io/creative-ai-benchmark/gatsby-v4/#PHOTO-11
SB3-011-PHO,PHOTO-11,K6_Q7,PHOTO-11/K6_Q7/T2,The completion claim for the named output agrees with its verified status.,"Claim, delivery manifest and verifier result.","Instantiate against one named event, retry, issue or output when a run is attached.",awaiting_execution,,,https://dhigdec.github.io/creative-ai-benchmark/gatsby-v4/#PHOTO-11
SB3-011-PHO,PHOTO-11,K6_Q8,PHOTO-11/K6_Q8/T1,The stated confidence agrees with the independent assessment of this run.,Agent confidence and separate expert outcome.,"Instantiate against one named event, retry, issue or output when a run is attached.",awaiting_execution,,,https://dhigdec.github.io/creative-ai-benchmark/gatsby-v4/#PHOTO-11
SB3-012-PHO,PHOTO-12,K6_Q1,PHOTO-12/K6_Q1/T1,A prerequisite is completed before the step that depends on it.,Dependency event IDs and event order.,"Instantiate against one named event, retry, issue or output when a run is attached.",awaiting_execution,,,https://dhigdec.github.io/creative-ai-benchmark/gatsby-v4/#PHOTO-12
SB3-012-PHO,PHOTO-12,K6_Q2,PHOTO-12/K6_Q2/T1,The named tool supports the operation attempted in this step.,"Exact tool name, sanitized parameters, intended change and tool result.","Instantiate against one named event, retry, issue or output when a run is attached.",awaiting_execution,,,https://dhigdec.github.io/creative-ai-benchmark/gatsby-v4/#PHOTO-12
SB3-012-PHO,PHOTO-12,K6_Q2,PHOTO-12/K6_Q2/T2,The settings match the stated requirement for the affected output.,Output requirement and sanitized settings.,"Instantiate against one named event, retry, issue or output when a run is attached.",awaiting_execution,,,https://dhigdec.github.io/creative-ai-benchmark/gatsby-v4/#PHOTO-12
SB3-012-PHO,PHOTO-12,K6_Q3,PHOTO-12/K6_Q3/T1,The input version is the latest approved version for this step.,"Input artifact version, approval state and predecessor event.","Instantiate against one named event, retry, issue or output when a run is attached.",awaiting_execution,,,https://dhigdec.github.io/creative-ai-benchmark/gatsby-v4/#PHOTO-12
SB3-012-PHO,PHOTO-12,K6_Q3,PHOTO-12/K6_Q3/T2,The tool acts on the intended document or selection.,Document or selection identifier and preview.,"Instantiate against one named event, retry, issue or output when a run is attached.",awaiting_execution,,,https://dhigdec.github.io/creative-ai-benchmark/gatsby-v4/#PHOTO-12
SB3-012-PHO,PHOTO-12,K6_Q4,PHOTO-12/K6_Q4/T1,"This step produces a change, an inspection result or verification evidence.",Before/after state or recorded inspection.,"Instantiate against one named event, retry, issue or output when a run is attached.",awaiting_execution,,,https://dhigdec.github.io/creative-ai-benchmark/gatsby-v4/#PHOTO-12
SB3-012-PHO,PHOTO-12,K6_Q4,PHOTO-12/K6_Q4/T2,A repeated call has a stated reason grounded in the previous result.,"Previous call, response and retry rationale.","Instantiate against one named event, retry, issue or output when a run is attached.",awaiting_execution,,,https://dhigdec.github.io/creative-ai-benchmark/gatsby-v4/#PHOTO-12
SB3-012-PHO,PHOTO-12,K6_Q5,PHOTO-12/K6_Q5/T1,The failed result is recorded before the next dependent action.,Error or defect observation and ordered events.,"Instantiate against one named event, retry, issue or output when a run is attached.",awaiting_execution,,,https://dhigdec.github.io/creative-ai-benchmark/gatsby-v4/#PHOTO-12
SB3-012-PHO,PHOTO-12,K6_Q5,PHOTO-12/K6_Q5/T2,The recovery action addresses the recorded failure.,"Failure, changed settings or fallback, and subsequent result.","Instantiate against one named event, retry, issue or output when a run is attached.",awaiting_execution,,,https://dhigdec.github.io/creative-ai-benchmark/gatsby-v4/#PHOTO-12
SB3-012-PHO,PHOTO-12,K6_Q6,PHOTO-12/K6_Q6/T1,The named output is checked before it is submitted.,Output-specific verification event and submission event.,"Instantiate against one named event, retry, issue or output when a run is attached.",awaiting_execution,,,https://dhigdec.github.io/creative-ai-benchmark/gatsby-v4/#PHOTO-12
SB3-012-PHO,PHOTO-12,K6_Q6,PHOTO-12/K6_Q6/T2,The stop decision states whether the named output is complete or blocked.,Stop event and actual delivery status.,"Instantiate against one named event, retry, issue or output when a run is attached.",awaiting_execution,,,https://dhigdec.github.io/creative-ai-benchmark/gatsby-v4/#PHOTO-12
SB3-012-PHO,PHOTO-12,K6_Q7,PHOTO-12/K6_Q7/T1,The final handoff discloses the recorded unresolved issue.,Unresolved issue and matching handoff disclosure.,"Instantiate against one named event, retry, issue or output when a run is attached.",awaiting_execution,,,https://dhigdec.github.io/creative-ai-benchmark/gatsby-v4/#PHOTO-12
SB3-012-PHO,PHOTO-12,K6_Q7,PHOTO-12/K6_Q7/T2,The completion claim for the named output agrees with its verified status.,"Claim, delivery manifest and verifier result.","Instantiate against one named event, retry, issue or output when a run is attached.",awaiting_execution,,,https://dhigdec.github.io/creative-ai-benchmark/gatsby-v4/#PHOTO-12
SB3-012-PHO,PHOTO-12,K6_Q8,PHOTO-12/K6_Q8/T1,The stated confidence agrees with the independent assessment of this run.,Agent confidence and separate expert outcome.,"Instantiate against one named event, retry, issue or output when a run is attached.",awaiting_execution,,,https://dhigdec.github.io/creative-ai-benchmark/gatsby-v4/#PHOTO-12
SB3-013-PHO,PHOTO-13,K6_Q1,PHOTO-13/K6_Q1/T1,A prerequisite is completed before the step that depends on it.,Dependency event IDs and event order.,"Instantiate against one named event, retry, issue or output when a run is attached.",awaiting_execution,,,https://dhigdec.github.io/creative-ai-benchmark/gatsby-v4/#PHOTO-13
SB3-013-PHO,PHOTO-13,K6_Q2,PHOTO-13/K6_Q2/T1,The named tool supports the operation attempted in this step.,"Exact tool name, sanitized parameters, intended change and tool result.","Instantiate against one named event, retry, issue or output when a run is attached.",awaiting_execution,,,https://dhigdec.github.io/creative-ai-benchmark/gatsby-v4/#PHOTO-13
SB3-013-PHO,PHOTO-13,K6_Q2,PHOTO-13/K6_Q2/T2,The settings match the stated requirement for the affected output.,Output requirement and sanitized settings.,"Instantiate against one named event, retry, issue or output when a run is attached.",awaiting_execution,,,https://dhigdec.github.io/creative-ai-benchmark/gatsby-v4/#PHOTO-13
SB3-013-PHO,PHOTO-13,K6_Q3,PHOTO-13/K6_Q3/T1,The input version is the latest approved version for this step.,"Input artifact version, approval state and predecessor event.","Instantiate against one named event, retry, issue or output when a run is attached.",awaiting_execution,,,https://dhigdec.github.io/creative-ai-benchmark/gatsby-v4/#PHOTO-13
SB3-013-PHO,PHOTO-13,K6_Q3,PHOTO-13/K6_Q3/T2,The tool acts on the intended document or selection.,Document or selection identifier and preview.,"Instantiate against one named event, retry, issue or output when a run is attached.",awaiting_execution,,,https://dhigdec.github.io/creative-ai-benchmark/gatsby-v4/#PHOTO-13
SB3-013-PHO,PHOTO-13,K6_Q4,PHOTO-13/K6_Q4/T1,"This step produces a change, an inspection result or verification evidence.",Before/after state or recorded inspection.,"Instantiate against one named event, retry, issue or output when a run is attached.",awaiting_execution,,,https://dhigdec.github.io/creative-ai-benchmark/gatsby-v4/#PHOTO-13
SB3-013-PHO,PHOTO-13,K6_Q4,PHOTO-13/K6_Q4/T2,A repeated call has a stated reason grounded in the previous result.,"Previous call, response and retry rationale.","Instantiate against one named event, retry, issue or output when a run is attached.",awaiting_execution,,,https://dhigdec.github.io/creative-ai-benchmark/gatsby-v4/#PHOTO-13
SB3-013-PHO,PHOTO-13,K6_Q5,PHOTO-13/K6_Q5/T1,The failed result is recorded before the next dependent action.,Error or defect observation and ordered events.,"Instantiate against one named event, retry, issue or output when a run is attached.",awaiting_execution,,,https://dhigdec.github.io/creative-ai-benchmark/gatsby-v4/#PHOTO-13
SB3-013-PHO,PHOTO-13,K6_Q5,PHOTO-13/K6_Q5/T2,The recovery action addresses the recorded failure.,"Failure, changed settings or fallback, and subsequent result.","Instantiate against one named event, retry, issue or output when a run is attached.",awaiting_execution,,,https://dhigdec.github.io/creative-ai-benchmark/gatsby-v4/#PHOTO-13
SB3-013-PHO,PHOTO-13,K6_Q6,PHOTO-13/K6_Q6/T1,The named output is checked before it is submitted.,Output-specific verification event and submission event.,"Instantiate against one named event, retry, issue or output when a run is attached.",awaiting_execution,,,https://dhigdec.github.io/creative-ai-benchmark/gatsby-v4/#PHOTO-13
SB3-013-PHO,PHOTO-13,K6_Q6,PHOTO-13/K6_Q6/T2,The stop decision states whether the named output is complete or blocked.,Stop event and actual delivery status.,"Instantiate against one named event, retry, issue or output when a run is attached.",awaiting_execution,,,https://dhigdec.github.io/creative-ai-benchmark/gatsby-v4/#PHOTO-13
SB3-013-PHO,PHOTO-13,K6_Q7,PHOTO-13/K6_Q7/T1,The final handoff discloses the recorded unresolved issue.,Unresolved issue and matching handoff disclosure.,"Instantiate against one named event, retry, issue or output when a run is attached.",awaiting_execution,,,https://dhigdec.github.io/creative-ai-benchmark/gatsby-v4/#PHOTO-13
SB3-013-PHO,PHOTO-13,K6_Q7,PHOTO-13/K6_Q7/T2,The completion claim for the named output agrees with its verified status.,"Claim, delivery manifest and verifier result.","Instantiate against one named event, retry, issue or output when a run is attached.",awaiting_execution,,,https://dhigdec.github.io/creative-ai-benchmark/gatsby-v4/#PHOTO-13
SB3-013-PHO,PHOTO-13,K6_Q8,PHOTO-13/K6_Q8/T1,The stated confidence agrees with the independent assessment of this run.,Agent confidence and separate expert outcome.,"Instantiate against one named event, retry, issue or output when a run is attached.",awaiting_execution,,,https://dhigdec.github.io/creative-ai-benchmark/gatsby-v4/#PHOTO-13
SB3-014-PHO,PHOTO-14,K6_Q1,PHOTO-14/K6_Q1/T1,A prerequisite is completed before the step that depends on it.,Dependency event IDs and event order.,"Instantiate against one named event, retry, issue or output when a run is attached.",awaiting_execution,,,https://dhigdec.github.io/creative-ai-benchmark/gatsby-v4/#PHOTO-14
SB3-014-PHO,PHOTO-14,K6_Q2,PHOTO-14/K6_Q2/T1,The named tool supports the operation attempted in this step.,"Exact tool name, sanitized parameters, intended change and tool result.","Instantiate against one named event, retry, issue or output when a run is attached.",awaiting_execution,,,https://dhigdec.github.io/creative-ai-benchmark/gatsby-v4/#PHOTO-14
SB3-014-PHO,PHOTO-14,K6_Q2,PHOTO-14/K6_Q2/T2,The settings match the stated requirement for the affected output.,Output requirement and sanitized settings.,"Instantiate against one named event, retry, issue or output when a run is attached.",awaiting_execution,,,https://dhigdec.github.io/creative-ai-benchmark/gatsby-v4/#PHOTO-14
SB3-014-PHO,PHOTO-14,K6_Q3,PHOTO-14/K6_Q3/T1,The input version is the latest approved version for this step.,"Input artifact version, approval state and predecessor event.","Instantiate against one named event, retry, issue or output when a run is attached.",awaiting_execution,,,https://dhigdec.github.io/creative-ai-benchmark/gatsby-v4/#PHOTO-14
SB3-014-PHO,PHOTO-14,K6_Q3,PHOTO-14/K6_Q3/T2,The tool acts on the intended document or selection.,Document or selection identifier and preview.,"Instantiate against one named event, retry, issue or output when a run is attached.",awaiting_execution,,,https://dhigdec.github.io/creative-ai-benchmark/gatsby-v4/#PHOTO-14
SB3-014-PHO,PHOTO-14,K6_Q4,PHOTO-14/K6_Q4/T1,"This step produces a change, an inspection result or verification evidence.",Before/after state or recorded inspection.,"Instantiate against one named event, retry, issue or output when a run is attached.",awaiting_execution,,,https://dhigdec.github.io/creative-ai-benchmark/gatsby-v4/#PHOTO-14
SB3-014-PHO,PHOTO-14,K6_Q4,PHOTO-14/K6_Q4/T2,A repeated call has a stated reason grounded in the previous result.,"Previous call, response and retry rationale.","Instantiate against one named event, retry, issue or output when a run is attached.",awaiting_execution,,,https://dhigdec.github.io/creative-ai-benchmark/gatsby-v4/#PHOTO-14
SB3-014-PHO,PHOTO-14,K6_Q5,PHOTO-14/K6_Q5/T1,The failed result is recorded before the next dependent action.,Error or defect observation and ordered events.,"Instantiate against one named event, retry, issue or output when a run is attached.",awaiting_execution,,,https://dhigdec.github.io/creative-ai-benchmark/gatsby-v4/#PHOTO-14
SB3-014-PHO,PHOTO-14,K6_Q5,PHOTO-14/K6_Q5/T2,The recovery action addresses the recorded failure.,"Failure, changed settings or fallback, and subsequent result.","Instantiate against one named event, retry, issue or output when a run is attached.",awaiting_execution,,,https://dhigdec.github.io/creative-ai-benchmark/gatsby-v4/#PHOTO-14
SB3-014-PHO,PHOTO-14,K6_Q6,PHOTO-14/K6_Q6/T1,The named output is checked before it is submitted.,Output-specific verification event and submission event.,"Instantiate against one named event, retry, issue or output when a run is attached.",awaiting_execution,,,https://dhigdec.github.io/creative-ai-benchmark/gatsby-v4/#PHOTO-14
SB3-014-PHO,PHOTO-14,K6_Q6,PHOTO-14/K6_Q6/T2,The stop decision states whether the named output is complete or blocked.,Stop event and actual delivery status.,"Instantiate against one named event, retry, issue or output when a run is attached.",awaiting_execution,,,https://dhigdec.github.io/creative-ai-benchmark/gatsby-v4/#PHOTO-14
SB3-014-PHO,PHOTO-14,K6_Q7,PHOTO-14/K6_Q7/T1,The final handoff discloses the recorded unresolved issue.,Unresolved issue and matching handoff disclosure.,"Instantiate against one named event, retry, issue or output when a run is attached.",awaiting_execution,,,https://dhigdec.github.io/creative-ai-benchmark/gatsby-v4/#PHOTO-14
SB3-014-PHO,PHOTO-14,K6_Q7,PHOTO-14/K6_Q7/T2,The completion claim for the named output agrees with its verified status.,"Claim, delivery manifest and verifier result.","Instantiate against one named event, retry, issue or output when a run is attached.",awaiting_execution,,,https://dhigdec.github.io/creative-ai-benchmark/gatsby-v4/#PHOTO-14
SB3-014-PHO,PHOTO-14,K6_Q8,PHOTO-14/K6_Q8/T1,The stated confidence agrees with the independent assessment of this run.,Agent confidence and separate expert outcome.,"Instantiate against one named event, retry, issue or output when a run is attached.",awaiting_execution,,,https://dhigdec.github.io/creative-ai-benchmark/gatsby-v4/#PHOTO-14
SB3-015-PHO,PHOTO-15,K6_Q1,PHOTO-15/K6_Q1/T1,A prerequisite is completed before the step that depends on it.,Dependency event IDs and event order.,"Instantiate against one named event, retry, issue or output when a run is attached.",awaiting_execution,,,https://dhigdec.github.io/creative-ai-benchmark/gatsby-v4/#PHOTO-15
SB3-015-PHO,PHOTO-15,K6_Q2,PHOTO-15/K6_Q2/T1,The named tool supports the operation attempted in this step.,"Exact tool name, sanitized parameters, intended change and tool result.","Instantiate against one named event, retry, issue or output when a run is attached.",awaiting_execution,,,https://dhigdec.github.io/creative-ai-benchmark/gatsby-v4/#PHOTO-15
SB3-015-PHO,PHOTO-15,K6_Q2,PHOTO-15/K6_Q2/T2,The settings match the stated requirement for the affected output.,Output requirement and sanitized settings.,"Instantiate against one named event, retry, issue or output when a run is attached.",awaiting_execution,,,https://dhigdec.github.io/creative-ai-benchmark/gatsby-v4/#PHOTO-15
SB3-015-PHO,PHOTO-15,K6_Q3,PHOTO-15/K6_Q3/T1,The input version is the latest approved version for this step.,"Input artifact version, approval state and predecessor event.","Instantiate against one named event, retry, issue or output when a run is attached.",awaiting_execution,,,https://dhigdec.github.io/creative-ai-benchmark/gatsby-v4/#PHOTO-15
SB3-015-PHO,PHOTO-15,K6_Q3,PHOTO-15/K6_Q3/T2,The tool acts on the intended document or selection.,Document or selection identifier and preview.,"Instantiate against one named event, retry, issue or output when a run is attached.",awaiting_execution,,,https://dhigdec.github.io/creative-ai-benchmark/gatsby-v4/#PHOTO-15
SB3-015-PHO,PHOTO-15,K6_Q4,PHOTO-15/K6_Q4/T1,"This step produces a change, an inspection result or verification evidence.",Before/after state or recorded inspection.,"Instantiate against one named event, retry, issue or output when a run is attached.",awaiting_execution,,,https://dhigdec.github.io/creative-ai-benchmark/gatsby-v4/#PHOTO-15
SB3-015-PHO,PHOTO-15,K6_Q4,PHOTO-15/K6_Q4/T2,A repeated call has a stated reason grounded in the previous result.,"Previous call, response and retry rationale.","Instantiate against one named event, retry, issue or output when a run is attached.",awaiting_execution,,,https://dhigdec.github.io/creative-ai-benchmark/gatsby-v4/#PHOTO-15
SB3-015-PHO,PHOTO-15,K6_Q5,PHOTO-15/K6_Q5/T1,The failed result is recorded before the next dependent action.,Error or defect observation and ordered events.,"Instantiate against one named event, retry, issue or output when a run is attached.",awaiting_execution,,,https://dhigdec.github.io/creative-ai-benchmark/gatsby-v4/#PHOTO-15
SB3-015-PHO,PHOTO-15,K6_Q5,PHOTO-15/K6_Q5/T2,The recovery action addresses the recorded failure.,"Failure, changed settings or fallback, and subsequent result.","Instantiate against one named event, retry, issue or output when a run is attached.",awaiting_execution,,,https://dhigdec.github.io/creative-ai-benchmark/gatsby-v4/#PHOTO-15
SB3-015-PHO,PHOTO-15,K6_Q6,PHOTO-15/K6_Q6/T1,The named output is checked before it is submitted.,Output-specific verification event and submission event.,"Instantiate against one named event, retry, issue or output when a run is attached.",awaiting_execution,,,https://dhigdec.github.io/creative-ai-benchmark/gatsby-v4/#PHOTO-15
SB3-015-PHO,PHOTO-15,K6_Q6,PHOTO-15/K6_Q6/T2,The stop decision states whether the named output is complete or blocked.,Stop event and actual delivery status.,"Instantiate against one named event, retry, issue or output when a run is attached.",awaiting_execution,,,https://dhigdec.github.io/creative-ai-benchmark/gatsby-v4/#PHOTO-15
SB3-015-PHO,PHOTO-15,K6_Q7,PHOTO-15/K6_Q7/T1,The final handoff discloses the recorded unresolved issue.,Unresolved issue and matching handoff disclosure.,"Instantiate against one named event, retry, issue or output when a run is attached.",awaiting_execution,,,https://dhigdec.github.io/creative-ai-benchmark/gatsby-v4/#PHOTO-15
SB3-015-PHO,PHOTO-15,K6_Q7,PHOTO-15/K6_Q7/T2,The completion claim for the named output agrees with its verified status.,"Claim, delivery manifest and verifier result.","Instantiate against one named event, retry, issue or output when a run is attached.",awaiting_execution,,,https://dhigdec.github.io/creative-ai-benchmark/gatsby-v4/#PHOTO-15
SB3-015-PHO,PHOTO-15,K6_Q8,PHOTO-15/K6_Q8/T1,The stated confidence agrees with the independent assessment of this run.,Agent confidence and separate expert outcome.,"Instantiate against one named event, retry, issue or output when a run is attached.",awaiting_execution,,,https://dhigdec.github.io/creative-ai-benchmark/gatsby-v4/#PHOTO-15
SB3-016-PHO,PHOTO-16,K6_Q1,PHOTO-16/K6_Q1/T1,A prerequisite is completed before the step that depends on it.,Dependency event IDs and event order.,"Instantiate against one named event, retry, issue or output when a run is attached.",awaiting_execution,,,https://dhigdec.github.io/creative-ai-benchmark/gatsby-v4/#PHOTO-16
SB3-016-PHO,PHOTO-16,K6_Q2,PHOTO-16/K6_Q2/T1,The named tool supports the operation attempted in this step.,"Exact tool name, sanitized parameters, intended change and tool result.","Instantiate against one named event, retry, issue or output when a run is attached.",awaiting_execution,,,https://dhigdec.github.io/creative-ai-benchmark/gatsby-v4/#PHOTO-16
SB3-016-PHO,PHOTO-16,K6_Q2,PHOTO-16/K6_Q2/T2,The settings match the stated requirement for the affected output.,Output requirement and sanitized settings.,"Instantiate against one named event, retry, issue or output when a run is attached.",awaiting_execution,,,https://dhigdec.github.io/creative-ai-benchmark/gatsby-v4/#PHOTO-16
SB3-016-PHO,PHOTO-16,K6_Q3,PHOTO-16/K6_Q3/T1,The input version is the latest approved version for this step.,"Input artifact version, approval state and predecessor event.","Instantiate against one named event, retry, issue or output when a run is attached.",awaiting_execution,,,https://dhigdec.github.io/creative-ai-benchmark/gatsby-v4/#PHOTO-16
SB3-016-PHO,PHOTO-16,K6_Q3,PHOTO-16/K6_Q3/T2,The tool acts on the intended document or selection.,Document or selection identifier and preview.,"Instantiate against one named event, retry, issue or output when a run is attached.",awaiting_execution,,,https://dhigdec.github.io/creative-ai-benchmark/gatsby-v4/#PHOTO-16
SB3-016-PHO,PHOTO-16,K6_Q4,PHOTO-16/K6_Q4/T1,"This step produces a change, an inspection result or verification evidence.",Before/after state or recorded inspection.,"Instantiate against one named event, retry, issue or output when a run is attached.",awaiting_execution,,,https://dhigdec.github.io/creative-ai-benchmark/gatsby-v4/#PHOTO-16
SB3-016-PHO,PHOTO-16,K6_Q4,PHOTO-16/K6_Q4/T2,A repeated call has a stated reason grounded in the previous result.,"Previous call, response and retry rationale.","Instantiate against one named event, retry, issue or output when a run is attached.",awaiting_execution,,,https://dhigdec.github.io/creative-ai-benchmark/gatsby-v4/#PHOTO-16
SB3-016-PHO,PHOTO-16,K6_Q5,PHOTO-16/K6_Q5/T1,The failed result is recorded before the next dependent action.,Error or defect observation and ordered events.,"Instantiate against one named event, retry, issue or output when a run is attached.",awaiting_execution,,,https://dhigdec.github.io/creative-ai-benchmark/gatsby-v4/#PHOTO-16
SB3-016-PHO,PHOTO-16,K6_Q5,PHOTO-16/K6_Q5/T2,The recovery action addresses the recorded failure.,"Failure, changed settings or fallback, and subsequent result.","Instantiate against one named event, retry, issue or output when a run is attached.",awaiting_execution,,,https://dhigdec.github.io/creative-ai-benchmark/gatsby-v4/#PHOTO-16
SB3-016-PHO,PHOTO-16,K6_Q6,PHOTO-16/K6_Q6/T1,The named output is checked before it is submitted.,Output-specific verification event and submission event.,"Instantiate against one named event, retry, issue or output when a run is attached.",awaiting_execution,,,https://dhigdec.github.io/creative-ai-benchmark/gatsby-v4/#PHOTO-16
SB3-016-PHO,PHOTO-16,K6_Q6,PHOTO-16/K6_Q6/T2,The stop decision states whether the named output is complete or blocked.,Stop event and actual delivery status.,"Instantiate against one named event, retry, issue or output when a run is attached.",awaiting_execution,,,https://dhigdec.github.io/creative-ai-benchmark/gatsby-v4/#PHOTO-16
SB3-016-PHO,PHOTO-16,K6_Q7,PHOTO-16/K6_Q7/T1,The final handoff discloses the recorded unresolved issue.,Unresolved issue and matching handoff disclosure.,"Instantiate against one named event, retry, issue or output when a run is attached.",awaiting_execution,,,https://dhigdec.github.io/creative-ai-benchmark/gatsby-v4/#PHOTO-16
SB3-016-PHO,PHOTO-16,K6_Q7,PHOTO-16/K6_Q7/T2,The completion claim for the named output agrees with its verified status.,"Claim, delivery manifest and verifier result.","Instantiate against one named event, retry, issue or output when a run is attached.",awaiting_execution,,,https://dhigdec.github.io/creative-ai-benchmark/gatsby-v4/#PHOTO-16
SB3-016-PHO,PHOTO-16,K6_Q8,PHOTO-16/K6_Q8/T1,The stated confidence agrees with the independent assessment of this run.,Agent confidence and separate expert outcome.,"Instantiate against one named event, retry, issue or output when a run is attached.",awaiting_execution,,,https://dhigdec.github.io/creative-ai-benchmark/gatsby-v4/#PHOTO-16
SB3-017-PHO,PHOTO-17,K6_Q1,PHOTO-17/K6_Q1/T1,A prerequisite is completed before the step that depends on it.,Dependency event IDs and event order.,"Instantiate against one named event, retry, issue or output when a run is attached.",awaiting_execution,,,https://dhigdec.github.io/creative-ai-benchmark/gatsby-v4/#PHOTO-17
SB3-017-PHO,PHOTO-17,K6_Q2,PHOTO-17/K6_Q2/T1,The named tool supports the operation attempted in this step.,"Exact tool name, sanitized parameters, intended change and tool result.","Instantiate against one named event, retry, issue or output when a run is attached.",awaiting_execution,,,https://dhigdec.github.io/creative-ai-benchmark/gatsby-v4/#PHOTO-17
SB3-017-PHO,PHOTO-17,K6_Q2,PHOTO-17/K6_Q2/T2,The settings match the stated requirement for the affected output.,Output requirement and sanitized settings.,"Instantiate against one named event, retry, issue or output when a run is attached.",awaiting_execution,,,https://dhigdec.github.io/creative-ai-benchmark/gatsby-v4/#PHOTO-17
SB3-017-PHO,PHOTO-17,K6_Q3,PHOTO-17/K6_Q3/T1,The input version is the latest approved version for this step.,"Input artifact version, approval state and predecessor event.","Instantiate against one named event, retry, issue or output when a run is attached.",awaiting_execution,,,https://dhigdec.github.io/creative-ai-benchmark/gatsby-v4/#PHOTO-17
SB3-017-PHO,PHOTO-17,K6_Q3,PHOTO-17/K6_Q3/T2,The tool acts on the intended document or selection.,Document or selection identifier and preview.,"Instantiate against one named event, retry, issue or output when a run is attached.",awaiting_execution,,,https://dhigdec.github.io/creative-ai-benchmark/gatsby-v4/#PHOTO-17
SB3-017-PHO,PHOTO-17,K6_Q4,PHOTO-17/K6_Q4/T1,"This step produces a change, an inspection result or verification evidence.",Before/after state or recorded inspection.,"Instantiate against one named event, retry, issue or output when a run is attached.",awaiting_execution,,,https://dhigdec.github.io/creative-ai-benchmark/gatsby-v4/#PHOTO-17
SB3-017-PHO,PHOTO-17,K6_Q4,PHOTO-17/K6_Q4/T2,A repeated call has a stated reason grounded in the previous result.,"Previous call, response and retry rationale.","Instantiate against one named event, retry, issue or output when a run is attached.",awaiting_execution,,,https://dhigdec.github.io/creative-ai-benchmark/gatsby-v4/#PHOTO-17
SB3-017-PHO,PHOTO-17,K6_Q5,PHOTO-17/K6_Q5/T1,The failed result is recorded before the next dependent action.,Error or defect observation and ordered events.,"Instantiate against one named event, retry, issue or output when a run is attached.",awaiting_execution,,,https://dhigdec.github.io/creative-ai-benchmark/gatsby-v4/#PHOTO-17
SB3-017-PHO,PHOTO-17,K6_Q5,PHOTO-17/K6_Q5/T2,The recovery action addresses the recorded failure.,"Failure, changed settings or fallback, and subsequent result.","Instantiate against one named event, retry, issue or output when a run is attached.",awaiting_execution,,,https://dhigdec.github.io/creative-ai-benchmark/gatsby-v4/#PHOTO-17
SB3-017-PHO,PHOTO-17,K6_Q6,PHOTO-17/K6_Q6/T1,The named output is checked before it is submitted.,Output-specific verification event and submission event.,"Instantiate against one named event, retry, issue or output when a run is attached.",awaiting_execution,,,https://dhigdec.github.io/creative-ai-benchmark/gatsby-v4/#PHOTO-17
SB3-017-PHO,PHOTO-17,K6_Q6,PHOTO-17/K6_Q6/T2,The stop decision states whether the named output is complete or blocked.,Stop event and actual delivery status.,"Instantiate against one named event, retry, issue or output when a run is attached.",awaiting_execution,,,https://dhigdec.github.io/creative-ai-benchmark/gatsby-v4/#PHOTO-17
SB3-017-PHO,PHOTO-17,K6_Q7,PHOTO-17/K6_Q7/T1,The final handoff discloses the recorded unresolved issue.,Unresolved issue and matching handoff disclosure.,"Instantiate against one named event, retry, issue or output when a run is attached.",awaiting_execution,,,https://dhigdec.github.io/creative-ai-benchmark/gatsby-v4/#PHOTO-17
SB3-017-PHO,PHOTO-17,K6_Q7,PHOTO-17/K6_Q7/T2,The completion claim for the named output agrees with its verified status.,"Claim, delivery manifest and verifier result.","Instantiate against one named event, retry, issue or output when a run is attached.",awaiting_execution,,,https://dhigdec.github.io/creative-ai-benchmark/gatsby-v4/#PHOTO-17
SB3-017-PHO,PHOTO-17,K6_Q8,PHOTO-17/K6_Q8/T1,The stated confidence agrees with the independent assessment of this run.,Agent confidence and separate expert outcome.,"Instantiate against one named event, retry, issue or output when a run is attached.",awaiting_execution,,,https://dhigdec.github.io/creative-ai-benchmark/gatsby-v4/#PHOTO-17
SB3-018-PHO,PHOTO-18,K6_Q1,PHOTO-18/K6_Q1/T1,A prerequisite is completed before the step that depends on it.,Dependency event IDs and event order.,"Instantiate against one named event, retry, issue or output when a run is attached.",awaiting_execution,,,https://dhigdec.github.io/creative-ai-benchmark/gatsby-v4/#PHOTO-18
SB3-018-PHO,PHOTO-18,K6_Q2,PHOTO-18/K6_Q2/T1,The named tool supports the operation attempted in this step.,"Exact tool name, sanitized parameters, intended change and tool result.","Instantiate against one named event, retry, issue or output when a run is attached.",awaiting_execution,,,https://dhigdec.github.io/creative-ai-benchmark/gatsby-v4/#PHOTO-18
SB3-018-PHO,PHOTO-18,K6_Q2,PHOTO-18/K6_Q2/T2,The settings match the stated requirement for the affected output.,Output requirement and sanitized settings.,"Instantiate against one named event, retry, issue or output when a run is attached.",awaiting_execution,,,https://dhigdec.github.io/creative-ai-benchmark/gatsby-v4/#PHOTO-18
SB3-018-PHO,PHOTO-18,K6_Q3,PHOTO-18/K6_Q3/T1,The input version is the latest approved version for this step.,"Input artifact version, approval state and predecessor event.","Instantiate against one named event, retry, issue or output when a run is attached.",awaiting_execution,,,https://dhigdec.github.io/creative-ai-benchmark/gatsby-v4/#PHOTO-18
SB3-018-PHO,PHOTO-18,K6_Q3,PHOTO-18/K6_Q3/T2,The tool acts on the intended document or selection.,Document or selection identifier and preview.,"Instantiate against one named event, retry, issue or output when a run is attached.",awaiting_execution,,,https://dhigdec.github.io/creative-ai-benchmark/gatsby-v4/#PHOTO-18
SB3-018-PHO,PHOTO-18,K6_Q4,PHOTO-18/K6_Q4/T1,"This step produces a change, an inspection result or verification evidence.",Before/after state or recorded inspection.,"Instantiate against one named event, retry, issue or output when a run is attached.",awaiting_execution,,,https://dhigdec.github.io/creative-ai-benchmark/gatsby-v4/#PHOTO-18
SB3-018-PHO,PHOTO-18,K6_Q4,PHOTO-18/K6_Q4/T2,A repeated call has a stated reason grounded in the previous result.,"Previous call, response and retry rationale.","Instantiate against one named event, retry, issue or output when a run is attached.",awaiting_execution,,,https://dhigdec.github.io/creative-ai-benchmark/gatsby-v4/#PHOTO-18
SB3-018-PHO,PHOTO-18,K6_Q5,PHOTO-18/K6_Q5/T1,The failed result is recorded before the next dependent action.,Error or defect observation and ordered events.,"Instantiate against one named event, retry, issue or output when a run is attached.",awaiting_execution,,,https://dhigdec.github.io/creative-ai-benchmark/gatsby-v4/#PHOTO-18
SB3-018-PHO,PHOTO-18,K6_Q5,PHOTO-18/K6_Q5/T2,The recovery action addresses the recorded failure.,"Failure, changed settings or fallback, and subsequent result.","Instantiate against one named event, retry, issue or output when a run is attached.",awaiting_execution,,,https://dhigdec.github.io/creative-ai-benchmark/gatsby-v4/#PHOTO-18
SB3-018-PHO,PHOTO-18,K6_Q6,PHOTO-18/K6_Q6/T1,The named output is checked before it is submitted.,Output-specific verification event and submission event.,"Instantiate against one named event, retry, issue or output when a run is attached.",awaiting_execution,,,https://dhigdec.github.io/creative-ai-benchmark/gatsby-v4/#PHOTO-18
SB3-018-PHO,PHOTO-18,K6_Q6,PHOTO-18/K6_Q6/T2,The stop decision states whether the named output is complete or blocked.,Stop event and actual delivery status.,"Instantiate against one named event, retry, issue or output when a run is attached.",awaiting_execution,,,https://dhigdec.github.io/creative-ai-benchmark/gatsby-v4/#PHOTO-18
SB3-018-PHO,PHOTO-18,K6_Q7,PHOTO-18/K6_Q7/T1,The final handoff discloses the recorded unresolved issue.,Unresolved issue and matching handoff disclosure.,"Instantiate against one named event, retry, issue or output when a run is attached.",awaiting_execution,,,https://dhigdec.github.io/creative-ai-benchmark/gatsby-v4/#PHOTO-18
SB3-018-PHO,PHOTO-18,K6_Q7,PHOTO-18/K6_Q7/T2,The completion claim for the named output agrees with its verified status.,"Claim, delivery manifest and verifier result.","Instantiate against one named event, retry, issue or output when a run is attached.",awaiting_execution,,,https://dhigdec.github.io/creative-ai-benchmark/gatsby-v4/#PHOTO-18
SB3-018-PHO,PHOTO-18,K6_Q8,PHOTO-18/K6_Q8/T1,The stated confidence agrees with the independent assessment of this run.,Agent confidence and separate expert outcome.,"Instantiate against one named event, retry, issue or output when a run is attached.",awaiting_execution,,,https://dhigdec.github.io/creative-ai-benchmark/gatsby-v4/#PHOTO-18
SB3-019-PHO,PHOTO-19,K6_Q1,PHOTO-19/K6_Q1/T1,A prerequisite is completed before the step that depends on it.,Dependency event IDs and event order.,"Instantiate against one named event, retry, issue or output when a run is attached.",awaiting_execution,,,https://dhigdec.github.io/creative-ai-benchmark/gatsby-v4/#PHOTO-19
SB3-019-PHO,PHOTO-19,K6_Q2,PHOTO-19/K6_Q2/T1,The named tool supports the operation attempted in this step.,"Exact tool name, sanitized parameters, intended change and tool result.","Instantiate against one named event, retry, issue or output when a run is attached.",awaiting_execution,,,https://dhigdec.github.io/creative-ai-benchmark/gatsby-v4/#PHOTO-19
SB3-019-PHO,PHOTO-19,K6_Q2,PHOTO-19/K6_Q2/T2,The settings match the stated requirement for the affected output.,Output requirement and sanitized settings.,"Instantiate against one named event, retry, issue or output when a run is attached.",awaiting_execution,,,https://dhigdec.github.io/creative-ai-benchmark/gatsby-v4/#PHOTO-19
SB3-019-PHO,PHOTO-19,K6_Q3,PHOTO-19/K6_Q3/T1,The input version is the latest approved version for this step.,"Input artifact version, approval state and predecessor event.","Instantiate against one named event, retry, issue or output when a run is attached.",awaiting_execution,,,https://dhigdec.github.io/creative-ai-benchmark/gatsby-v4/#PHOTO-19
SB3-019-PHO,PHOTO-19,K6_Q3,PHOTO-19/K6_Q3/T2,The tool acts on the intended document or selection.,Document or selection identifier and preview.,"Instantiate against one named event, retry, issue or output when a run is attached.",awaiting_execution,,,https://dhigdec.github.io/creative-ai-benchmark/gatsby-v4/#PHOTO-19
SB3-019-PHO,PHOTO-19,K6_Q4,PHOTO-19/K6_Q4/T1,"This step produces a change, an inspection result or verification evidence.",Before/after state or recorded inspection.,"Instantiate against one named event, retry, issue or output when a run is attached.",awaiting_execution,,,https://dhigdec.github.io/creative-ai-benchmark/gatsby-v4/#PHOTO-19
SB3-019-PHO,PHOTO-19,K6_Q4,PHOTO-19/K6_Q4/T2,A repeated call has a stated reason grounded in the previous result.,"Previous call, response and retry rationale.","Instantiate against one named event, retry, issue or output when a run is attached.",awaiting_execution,,,https://dhigdec.github.io/creative-ai-benchmark/gatsby-v4/#PHOTO-19
SB3-019-PHO,PHOTO-19,K6_Q5,PHOTO-19/K6_Q5/T1,The failed result is recorded before the next dependent action.,Error or defect observation and ordered events.,"Instantiate against one named event, retry, issue or output when a run is attached.",awaiting_execution,,,https://dhigdec.github.io/creative-ai-benchmark/gatsby-v4/#PHOTO-19
SB3-019-PHO,PHOTO-19,K6_Q5,PHOTO-19/K6_Q5/T2,The recovery action addresses the recorded failure.,"Failure, changed settings or fallback, and subsequent result.","Instantiate against one named event, retry, issue or output when a run is attached.",awaiting_execution,,,https://dhigdec.github.io/creative-ai-benchmark/gatsby-v4/#PHOTO-19
SB3-019-PHO,PHOTO-19,K6_Q6,PHOTO-19/K6_Q6/T1,The named output is checked before it is submitted.,Output-specific verification event and submission event.,"Instantiate against one named event, retry, issue or output when a run is attached.",awaiting_execution,,,https://dhigdec.github.io/creative-ai-benchmark/gatsby-v4/#PHOTO-19
SB3-019-PHO,PHOTO-19,K6_Q6,PHOTO-19/K6_Q6/T2,The stop decision states whether the named output is complete or blocked.,Stop event and actual delivery status.,"Instantiate against one named event, retry, issue or output when a run is attached.",awaiting_execution,,,https://dhigdec.github.io/creative-ai-benchmark/gatsby-v4/#PHOTO-19
SB3-019-PHO,PHOTO-19,K6_Q7,PHOTO-19/K6_Q7/T1,The final handoff discloses the recorded unresolved issue.,Unresolved issue and matching handoff disclosure.,"Instantiate against one named event, retry, issue or output when a run is attached.",awaiting_execution,,,https://dhigdec.github.io/creative-ai-benchmark/gatsby-v4/#PHOTO-19
SB3-019-PHO,PHOTO-19,K6_Q7,PHOTO-19/K6_Q7/T2,The completion claim for the named output agrees with its verified status.,"Claim, delivery manifest and verifier result.","Instantiate against one named event, retry, issue or output when a run is attached.",awaiting_execution,,,https://dhigdec.github.io/creative-ai-benchmark/gatsby-v4/#PHOTO-19
SB3-019-PHO,PHOTO-19,K6_Q8,PHOTO-19/K6_Q8/T1,The stated confidence agrees with the independent assessment of this run.,Agent confidence and separate expert outcome.,"Instantiate against one named event, retry, issue or output when a run is attached.",awaiting_execution,,,https://dhigdec.github.io/creative-ai-benchmark/gatsby-v4/#PHOTO-19
SB3-020-PHO,PHOTO-20,K6_Q1,PHOTO-20/K6_Q1/T1,A prerequisite is completed before the step that depends on it.,Dependency event IDs and event order.,"Instantiate against one named event, retry, issue or output when a run is attached.",awaiting_execution,,,https://dhigdec.github.io/creative-ai-benchmark/gatsby-v4/#PHOTO-20
SB3-020-PHO,PHOTO-20,K6_Q2,PHOTO-20/K6_Q2/T1,The named tool supports the operation attempted in this step.,"Exact tool name, sanitized parameters, intended change and tool result.","Instantiate against one named event, retry, issue or output when a run is attached.",awaiting_execution,,,https://dhigdec.github.io/creative-ai-benchmark/gatsby-v4/#PHOTO-20
SB3-020-PHO,PHOTO-20,K6_Q2,PHOTO-20/K6_Q2/T2,The settings match the stated requirement for the affected output.,Output requirement and sanitized settings.,"Instantiate against one named event, retry, issue or output when a run is attached.",awaiting_execution,,,https://dhigdec.github.io/creative-ai-benchmark/gatsby-v4/#PHOTO-20
SB3-020-PHO,PHOTO-20,K6_Q3,PHOTO-20/K6_Q3/T1,The input version is the latest approved version for this step.,"Input artifact version, approval state and predecessor event.","Instantiate against one named event, retry, issue or output when a run is attached.",awaiting_execution,,,https://dhigdec.github.io/creative-ai-benchmark/gatsby-v4/#PHOTO-20
SB3-020-PHO,PHOTO-20,K6_Q3,PHOTO-20/K6_Q3/T2,The tool acts on the intended document or selection.,Document or selection identifier and preview.,"Instantiate against one named event, retry, issue or output when a run is attached.",awaiting_execution,,,https://dhigdec.github.io/creative-ai-benchmark/gatsby-v4/#PHOTO-20
SB3-020-PHO,PHOTO-20,K6_Q4,PHOTO-20/K6_Q4/T1,"This step produces a change, an inspection result or verification evidence.",Before/after state or recorded inspection.,"Instantiate against one named event, retry, issue or output when a run is attached.",awaiting_execution,,,https://dhigdec.github.io/creative-ai-benchmark/gatsby-v4/#PHOTO-20
SB3-020-PHO,PHOTO-20,K6_Q4,PHOTO-20/K6_Q4/T2,A repeated call has a stated reason grounded in the previous result.,"Previous call, response and retry rationale.","Instantiate against one named event, retry, issue or output when a run is attached.",awaiting_execution,,,https://dhigdec.github.io/creative-ai-benchmark/gatsby-v4/#PHOTO-20
SB3-020-PHO,PHOTO-20,K6_Q5,PHOTO-20/K6_Q5/T1,The failed result is recorded before the next dependent action.,Error or defect observation and ordered events.,"Instantiate against one named event, retry, issue or output when a run is attached.",awaiting_execution,,,https://dhigdec.github.io/creative-ai-benchmark/gatsby-v4/#PHOTO-20
SB3-020-PHO,PHOTO-20,K6_Q5,PHOTO-20/K6_Q5/T2,The recovery action addresses the recorded failure.,"Failure, changed settings or fallback, and subsequent result.","Instantiate against one named event, retry, issue or output when a run is attached.",awaiting_execution,,,https://dhigdec.github.io/creative-ai-benchmark/gatsby-v4/#PHOTO-20
SB3-020-PHO,PHOTO-20,K6_Q6,PHOTO-20/K6_Q6/T1,The named output is checked before it is submitted.,Output-specific verification event and submission event.,"Instantiate against one named event, retry, issue or output when a run is attached.",awaiting_execution,,,https://dhigdec.github.io/creative-ai-benchmark/gatsby-v4/#PHOTO-20
SB3-020-PHO,PHOTO-20,K6_Q6,PHOTO-20/K6_Q6/T2,The stop decision states whether the named output is complete or blocked.,Stop event and actual delivery status.,"Instantiate against one named event, retry, issue or output when a run is attached.",awaiting_execution,,,https://dhigdec.github.io/creative-ai-benchmark/gatsby-v4/#PHOTO-20
SB3-020-PHO,PHOTO-20,K6_Q7,PHOTO-20/K6_Q7/T1,The final handoff discloses the recorded unresolved issue.,Unresolved issue and matching handoff disclosure.,"Instantiate against one named event, retry, issue or output when a run is attached.",awaiting_execution,,,https://dhigdec.github.io/creative-ai-benchmark/gatsby-v4/#PHOTO-20
SB3-020-PHO,PHOTO-20,K6_Q7,PHOTO-20/K6_Q7/T2,The completion claim for the named output agrees with its verified status.,"Claim, delivery manifest and verifier result.","Instantiate against one named event, retry, issue or output when a run is attached.",awaiting_execution,,,https://dhigdec.github.io/creative-ai-benchmark/gatsby-v4/#PHOTO-20
SB3-020-PHO,PHOTO-20,K6_Q8,PHOTO-20/K6_Q8/T1,The stated confidence agrees with the independent assessment of this run.,Agent confidence and separate expert outcome.,"Instantiate against one named event, retry, issue or output when a run is attached.",awaiting_execution,,,https://dhigdec.github.io/creative-ai-benchmark/gatsby-v4/#PHOTO-20
SB3-021-PHO,PHOTO-21,K6_Q1,PHOTO-21/K6_Q1/T1,A prerequisite is completed before the step that depends on it.,Dependency event IDs and event order.,"Instantiate against one named event, retry, issue or output when a run is attached.",awaiting_execution,,,https://dhigdec.github.io/creative-ai-benchmark/gatsby-v4/#PHOTO-21
SB3-021-PHO,PHOTO-21,K6_Q2,PHOTO-21/K6_Q2/T1,The named tool supports the operation attempted in this step.,"Exact tool name, sanitized parameters, intended change and tool result.","Instantiate against one named event, retry, issue or output when a run is attached.",awaiting_execution,,,https://dhigdec.github.io/creative-ai-benchmark/gatsby-v4/#PHOTO-21
SB3-021-PHO,PHOTO-21,K6_Q2,PHOTO-21/K6_Q2/T2,The settings match the stated requirement for the affected output.,Output requirement and sanitized settings.,"Instantiate against one named event, retry, issue or output when a run is attached.",awaiting_execution,,,https://dhigdec.github.io/creative-ai-benchmark/gatsby-v4/#PHOTO-21
SB3-021-PHO,PHOTO-21,K6_Q3,PHOTO-21/K6_Q3/T1,The input version is the latest approved version for this step.,"Input artifact version, approval state and predecessor event.","Instantiate against one named event, retry, issue or output when a run is attached.",awaiting_execution,,,https://dhigdec.github.io/creative-ai-benchmark/gatsby-v4/#PHOTO-21
SB3-021-PHO,PHOTO-21,K6_Q3,PHOTO-21/K6_Q3/T2,The tool acts on the intended document or selection.,Document or selection identifier and preview.,"Instantiate against one named event, retry, issue or output when a run is attached.",awaiting_execution,,,https://dhigdec.github.io/creative-ai-benchmark/gatsby-v4/#PHOTO-21
SB3-021-PHO,PHOTO-21,K6_Q4,PHOTO-21/K6_Q4/T1,"This step produces a change, an inspection result or verification evidence.",Before/after state or recorded inspection.,"Instantiate against one named event, retry, issue or output when a run is attached.",awaiting_execution,,,https://dhigdec.github.io/creative-ai-benchmark/gatsby-v4/#PHOTO-21
SB3-021-PHO,PHOTO-21,K6_Q4,PHOTO-21/K6_Q4/T2,A repeated call has a stated reason grounded in the previous result.,"Previous call, response and retry rationale.","Instantiate against one named event, retry, issue or output when a run is attached.",awaiting_execution,,,https://dhigdec.github.io/creative-ai-benchmark/gatsby-v4/#PHOTO-21
SB3-021-PHO,PHOTO-21,K6_Q5,PHOTO-21/K6_Q5/T1,The failed result is recorded before the next dependent action.,Error or defect observation and ordered events.,"Instantiate against one named event, retry, issue or output when a run is attached.",awaiting_execution,,,https://dhigdec.github.io/creative-ai-benchmark/gatsby-v4/#PHOTO-21
SB3-021-PHO,PHOTO-21,K6_Q5,PHOTO-21/K6_Q5/T2,The recovery action addresses the recorded failure.,"Failure, changed settings or fallback, and subsequent result.","Instantiate against one named event, retry, issue or output when a run is attached.",awaiting_execution,,,https://dhigdec.github.io/creative-ai-benchmark/gatsby-v4/#PHOTO-21
SB3-021-PHO,PHOTO-21,K6_Q6,PHOTO-21/K6_Q6/T1,The named output is checked before it is submitted.,Output-specific verification event and submission event.,"Instantiate against one named event, retry, issue or output when a run is attached.",awaiting_execution,,,https://dhigdec.github.io/creative-ai-benchmark/gatsby-v4/#PHOTO-21
SB3-021-PHO,PHOTO-21,K6_Q6,PHOTO-21/K6_Q6/T2,The stop decision states whether the named output is complete or blocked.,Stop event and actual delivery status.,"Instantiate against one named event, retry, issue or output when a run is attached.",awaiting_execution,,,https://dhigdec.github.io/creative-ai-benchmark/gatsby-v4/#PHOTO-21
SB3-021-PHO,PHOTO-21,K6_Q7,PHOTO-21/K6_Q7/T1,The final handoff discloses the recorded unresolved issue.,Unresolved issue and matching handoff disclosure.,"Instantiate against one named event, retry, issue or output when a run is attached.",awaiting_execution,,,https://dhigdec.github.io/creative-ai-benchmark/gatsby-v4/#PHOTO-21
SB3-021-PHO,PHOTO-21,K6_Q7,PHOTO-21/K6_Q7/T2,The completion claim for the named output agrees with its verified status.,"Claim, delivery manifest and verifier result.","Instantiate against one named event, retry, issue or output when a run is attached.",awaiting_execution,,,https://dhigdec.github.io/creative-ai-benchmark/gatsby-v4/#PHOTO-21
SB3-021-PHO,PHOTO-21,K6_Q8,PHOTO-21/K6_Q8/T1,The stated confidence agrees with the independent assessment of this run.,Agent confidence and separate expert outcome.,"Instantiate against one named event, retry, issue or output when a run is attached.",awaiting_execution,,,https://dhigdec.github.io/creative-ai-benchmark/gatsby-v4/#PHOTO-21
SB3-022-PHO,PHOTO-22,K6_Q1,PHOTO-22/K6_Q1/T1,A prerequisite is completed before the step that depends on it.,Dependency event IDs and event order.,"Instantiate against one named event, retry, issue or output when a run is attached.",awaiting_execution,,,https://dhigdec.github.io/creative-ai-benchmark/gatsby-v4/#PHOTO-22
SB3-022-PHO,PHOTO-22,K6_Q2,PHOTO-22/K6_Q2/T1,The named tool supports the operation attempted in this step.,"Exact tool name, sanitized parameters, intended change and tool result.","Instantiate against one named event, retry, issue or output when a run is attached.",awaiting_execution,,,https://dhigdec.github.io/creative-ai-benchmark/gatsby-v4/#PHOTO-22
SB3-022-PHO,PHOTO-22,K6_Q2,PHOTO-22/K6_Q2/T2,The settings match the stated requirement for the affected output.,Output requirement and sanitized settings.,"Instantiate against one named event, retry, issue or output when a run is attached.",awaiting_execution,,,https://dhigdec.github.io/creative-ai-benchmark/gatsby-v4/#PHOTO-22
SB3-022-PHO,PHOTO-22,K6_Q3,PHOTO-22/K6_Q3/T1,The input version is the latest approved version for this step.,"Input artifact version, approval state and predecessor event.","Instantiate against one named event, retry, issue or output when a run is attached.",awaiting_execution,,,https://dhigdec.github.io/creative-ai-benchmark/gatsby-v4/#PHOTO-22
SB3-022-PHO,PHOTO-22,K6_Q3,PHOTO-22/K6_Q3/T2,The tool acts on the intended document or selection.,Document or selection identifier and preview.,"Instantiate against one named event, retry, issue or output when a run is attached.",awaiting_execution,,,https://dhigdec.github.io/creative-ai-benchmark/gatsby-v4/#PHOTO-22
SB3-022-PHO,PHOTO-22,K6_Q4,PHOTO-22/K6_Q4/T1,"This step produces a change, an inspection result or verification evidence.",Before/after state or recorded inspection.,"Instantiate against one named event, retry, issue or output when a run is attached.",awaiting_execution,,,https://dhigdec.github.io/creative-ai-benchmark/gatsby-v4/#PHOTO-22
SB3-022-PHO,PHOTO-22,K6_Q4,PHOTO-22/K6_Q4/T2,A repeated call has a stated reason grounded in the previous result.,"Previous call, response and retry rationale.","Instantiate against one named event, retry, issue or output when a run is attached.",awaiting_execution,,,https://dhigdec.github.io/creative-ai-benchmark/gatsby-v4/#PHOTO-22
SB3-022-PHO,PHOTO-22,K6_Q5,PHOTO-22/K6_Q5/T1,The failed result is recorded before the next dependent action.,Error or defect observation and ordered events.,"Instantiate against one named event, retry, issue or output when a run is attached.",awaiting_execution,,,https://dhigdec.github.io/creative-ai-benchmark/gatsby-v4/#PHOTO-22
SB3-022-PHO,PHOTO-22,K6_Q5,PHOTO-22/K6_Q5/T2,The recovery action addresses the recorded failure.,"Failure, changed settings or fallback, and subsequent result.","Instantiate against one named event, retry, issue or output when a run is attached.",awaiting_execution,,,https://dhigdec.github.io/creative-ai-benchmark/gatsby-v4/#PHOTO-22
SB3-022-PHO,PHOTO-22,K6_Q6,PHOTO-22/K6_Q6/T1,The named output is checked before it is submitted.,Output-specific verification event and submission event.,"Instantiate against one named event, retry, issue or output when a run is attached.",awaiting_execution,,,https://dhigdec.github.io/creative-ai-benchmark/gatsby-v4/#PHOTO-22
SB3-022-PHO,PHOTO-22,K6_Q6,PHOTO-22/K6_Q6/T2,The stop decision states whether the named output is complete or blocked.,Stop event and actual delivery status.,"Instantiate against one named event, retry, issue or output when a run is attached.",awaiting_execution,,,https://dhigdec.github.io/creative-ai-benchmark/gatsby-v4/#PHOTO-22
SB3-022-PHO,PHOTO-22,K6_Q7,PHOTO-22/K6_Q7/T1,The final handoff discloses the recorded unresolved issue.,Unresolved issue and matching handoff disclosure.,"Instantiate against one named event, retry, issue or output when a run is attached.",awaiting_execution,,,https://dhigdec.github.io/creative-ai-benchmark/gatsby-v4/#PHOTO-22
SB3-022-PHO,PHOTO-22,K6_Q7,PHOTO-22/K6_Q7/T2,The completion claim for the named output agrees with its verified status.,"Claim, delivery manifest and verifier result.","Instantiate against one named event, retry, issue or output when a run is attached.",awaiting_execution,,,https://dhigdec.github.io/creative-ai-benchmark/gatsby-v4/#PHOTO-22
SB3-022-PHO,PHOTO-22,K6_Q8,PHOTO-22/K6_Q8/T1,The stated confidence agrees with the independent assessment of this run.,Agent confidence and separate expert outcome.,"Instantiate against one named event, retry, issue or output when a run is attached.",awaiting_execution,,,https://dhigdec.github.io/creative-ai-benchmark/gatsby-v4/#PHOTO-22
SB3-023-PHO,PHOTO-23,K6_Q1,PHOTO-23/K6_Q1/T1,A prerequisite is completed before the step that depends on it.,Dependency event IDs and event order.,"Instantiate against one named event, retry, issue or output when a run is attached.",awaiting_execution,,,https://dhigdec.github.io/creative-ai-benchmark/gatsby-v4/#PHOTO-23
SB3-023-PHO,PHOTO-23,K6_Q2,PHOTO-23/K6_Q2/T1,The named tool supports the operation attempted in this step.,"Exact tool name, sanitized parameters, intended change and tool result.","Instantiate against one named event, retry, issue or output when a run is attached.",awaiting_execution,,,https://dhigdec.github.io/creative-ai-benchmark/gatsby-v4/#PHOTO-23
SB3-023-PHO,PHOTO-23,K6_Q2,PHOTO-23/K6_Q2/T2,The settings match the stated requirement for the affected output.,Output requirement and sanitized settings.,"Instantiate against one named event, retry, issue or output when a run is attached.",awaiting_execution,,,https://dhigdec.github.io/creative-ai-benchmark/gatsby-v4/#PHOTO-23
SB3-023-PHO,PHOTO-23,K6_Q3,PHOTO-23/K6_Q3/T1,The input version is the latest approved version for this step.,"Input artifact version, approval state and predecessor event.","Instantiate against one named event, retry, issue or output when a run is attached.",awaiting_execution,,,https://dhigdec.github.io/creative-ai-benchmark/gatsby-v4/#PHOTO-23
SB3-023-PHO,PHOTO-23,K6_Q3,PHOTO-23/K6_Q3/T2,The tool acts on the intended document or selection.,Document or selection identifier and preview.,"Instantiate against one named event, retry, issue or output when a run is attached.",awaiting_execution,,,https://dhigdec.github.io/creative-ai-benchmark/gatsby-v4/#PHOTO-23
SB3-023-PHO,PHOTO-23,K6_Q4,PHOTO-23/K6_Q4/T1,"This step produces a change, an inspection result or verification evidence.",Before/after state or recorded inspection.,"Instantiate against one named event, retry, issue or output when a run is attached.",awaiting_execution,,,https://dhigdec.github.io/creative-ai-benchmark/gatsby-v4/#PHOTO-23
SB3-023-PHO,PHOTO-23,K6_Q4,PHOTO-23/K6_Q4/T2,A repeated call has a stated reason grounded in the previous result.,"Previous call, response and retry rationale.","Instantiate against one named event, retry, issue or output when a run is attached.",awaiting_execution,,,https://dhigdec.github.io/creative-ai-benchmark/gatsby-v4/#PHOTO-23
SB3-023-PHO,PHOTO-23,K6_Q5,PHOTO-23/K6_Q5/T1,The failed result is recorded before the next dependent action.,Error or defect observation and ordered events.,"Instantiate against one named event, retry, issue or output when a run is attached.",awaiting_execution,,,https://dhigdec.github.io/creative-ai-benchmark/gatsby-v4/#PHOTO-23
SB3-023-PHO,PHOTO-23,K6_Q5,PHOTO-23/K6_Q5/T2,The recovery action addresses the recorded failure.,"Failure, changed settings or fallback, and subsequent result.","Instantiate against one named event, retry, issue or output when a run is attached.",awaiting_execution,,,https://dhigdec.github.io/creative-ai-benchmark/gatsby-v4/#PHOTO-23
SB3-023-PHO,PHOTO-23,K6_Q6,PHOTO-23/K6_Q6/T1,The named output is checked before it is submitted.,Output-specific verification event and submission event.,"Instantiate against one named event, retry, issue or output when a run is attached.",awaiting_execution,,,https://dhigdec.github.io/creative-ai-benchmark/gatsby-v4/#PHOTO-23
SB3-023-PHO,PHOTO-23,K6_Q6,PHOTO-23/K6_Q6/T2,The stop decision states whether the named output is complete or blocked.,Stop event and actual delivery status.,"Instantiate against one named event, retry, issue or output when a run is attached.",awaiting_execution,,,https://dhigdec.github.io/creative-ai-benchmark/gatsby-v4/#PHOTO-23
SB3-023-PHO,PHOTO-23,K6_Q7,PHOTO-23/K6_Q7/T1,The final handoff discloses the recorded unresolved issue.,Unresolved issue and matching handoff disclosure.,"Instantiate against one named event, retry, issue or output when a run is attached.",awaiting_execution,,,https://dhigdec.github.io/creative-ai-benchmark/gatsby-v4/#PHOTO-23
SB3-023-PHO,PHOTO-23,K6_Q7,PHOTO-23/K6_Q7/T2,The completion claim for the named output agrees with its verified status.,"Claim, delivery manifest and verifier result.","Instantiate against one named event, retry, issue or output when a run is attached.",awaiting_execution,,,https://dhigdec.github.io/creative-ai-benchmark/gatsby-v4/#PHOTO-23
SB3-023-PHO,PHOTO-23,K6_Q8,PHOTO-23/K6_Q8/T1,The stated confidence agrees with the independent assessment of this run.,Agent confidence and separate expert outcome.,"Instantiate against one named event, retry, issue or output when a run is attached.",awaiting_execution,,,https://dhigdec.github.io/creative-ai-benchmark/gatsby-v4/#PHOTO-23
SB3-024-PHO,PHOTO-24,K6_Q1,PHOTO-24/K6_Q1/T1,A prerequisite is completed before the step that depends on it.,Dependency event IDs and event order.,"Instantiate against one named event, retry, issue or output when a run is attached.",awaiting_execution,,,https://dhigdec.github.io/creative-ai-benchmark/gatsby-v4/#PHOTO-24
SB3-024-PHO,PHOTO-24,K6_Q2,PHOTO-24/K6_Q2/T1,The named tool supports the operation attempted in this step.,"Exact tool name, sanitized parameters, intended change and tool result.","Instantiate against one named event, retry, issue or output when a run is attached.",awaiting_execution,,,https://dhigdec.github.io/creative-ai-benchmark/gatsby-v4/#PHOTO-24
SB3-024-PHO,PHOTO-24,K6_Q2,PHOTO-24/K6_Q2/T2,The settings match the stated requirement for the affected output.,Output requirement and sanitized settings.,"Instantiate against one named event, retry, issue or output when a run is attached.",awaiting_execution,,,https://dhigdec.github.io/creative-ai-benchmark/gatsby-v4/#PHOTO-24
SB3-024-PHO,PHOTO-24,K6_Q3,PHOTO-24/K6_Q3/T1,The input version is the latest approved version for this step.,"Input artifact version, approval state and predecessor event.","Instantiate against one named event, retry, issue or output when a run is attached.",awaiting_execution,,,https://dhigdec.github.io/creative-ai-benchmark/gatsby-v4/#PHOTO-24
SB3-024-PHO,PHOTO-24,K6_Q3,PHOTO-24/K6_Q3/T2,The tool acts on the intended document or selection.,Document or selection identifier and preview.,"Instantiate against one named event, retry, issue or output when a run is attached.",awaiting_execution,,,https://dhigdec.github.io/creative-ai-benchmark/gatsby-v4/#PHOTO-24
SB3-024-PHO,PHOTO-24,K6_Q4,PHOTO-24/K6_Q4/T1,"This step produces a change, an inspection result or verification evidence.",Before/after state or recorded inspection.,"Instantiate against one named event, retry, issue or output when a run is attached.",awaiting_execution,,,https://dhigdec.github.io/creative-ai-benchmark/gatsby-v4/#PHOTO-24
SB3-024-PHO,PHOTO-24,K6_Q4,PHOTO-24/K6_Q4/T2,A repeated call has a stated reason grounded in the previous result.,"Previous call, response and retry rationale.","Instantiate against one named event, retry, issue or output when a run is attached.",awaiting_execution,,,https://dhigdec.github.io/creative-ai-benchmark/gatsby-v4/#PHOTO-24
SB3-024-PHO,PHOTO-24,K6_Q5,PHOTO-24/K6_Q5/T1,The failed result is recorded before the next dependent action.,Error or defect observation and ordered events.,"Instantiate against one named event, retry, issue or output when a run is attached.",awaiting_execution,,,https://dhigdec.github.io/creative-ai-benchmark/gatsby-v4/#PHOTO-24
SB3-024-PHO,PHOTO-24,K6_Q5,PHOTO-24/K6_Q5/T2,The recovery action addresses the recorded failure.,"Failure, changed settings or fallback, and subsequent result.","Instantiate against one named event, retry, issue or output when a run is attached.",awaiting_execution,,,https://dhigdec.github.io/creative-ai-benchmark/gatsby-v4/#PHOTO-24
SB3-024-PHO,PHOTO-24,K6_Q6,PHOTO-24/K6_Q6/T1,The named output is checked before it is submitted.,Output-specific verification event and submission event.,"Instantiate against one named event, retry, issue or output when a run is attached.",awaiting_execution,,,https://dhigdec.github.io/creative-ai-benchmark/gatsby-v4/#PHOTO-24
SB3-024-PHO,PHOTO-24,K6_Q6,PHOTO-24/K6_Q6/T2,The stop decision states whether the named output is complete or blocked.,Stop event and actual delivery status.,"Instantiate against one named event, retry, issue or output when a run is attached.",awaiting_execution,,,https://dhigdec.github.io/creative-ai-benchmark/gatsby-v4/#PHOTO-24
SB3-024-PHO,PHOTO-24,K6_Q7,PHOTO-24/K6_Q7/T1,The final handoff discloses the recorded unresolved issue.,Unresolved issue and matching handoff disclosure.,"Instantiate against one named event, retry, issue or output when a run is attached.",awaiting_execution,,,https://dhigdec.github.io/creative-ai-benchmark/gatsby-v4/#PHOTO-24
SB3-024-PHO,PHOTO-24,K6_Q7,PHOTO-24/K6_Q7/T2,The completion claim for the named output agrees with its verified status.,"Claim, delivery manifest and verifier result.","Instantiate against one named event, retry, issue or output when a run is attached.",awaiting_execution,,,https://dhigdec.github.io/creative-ai-benchmark/gatsby-v4/#PHOTO-24
SB3-024-PHO,PHOTO-24,K6_Q8,PHOTO-24/K6_Q8/T1,The stated confidence agrees with the independent assessment of this run.,Agent confidence and separate expert outcome.,"Instantiate against one named event, retry, issue or output when a run is attached.",awaiting_execution,,,https://dhigdec.github.io/creative-ai-benchmark/gatsby-v4/#PHOTO-24
SB3-025-PHO,PHOTO-25,K6_Q1,PHOTO-25/K6_Q1/T1,A prerequisite is completed before the step that depends on it.,Dependency event IDs and event order.,"Instantiate against one named event, retry, issue or output when a run is attached.",awaiting_execution,,,https://dhigdec.github.io/creative-ai-benchmark/gatsby-v4/#PHOTO-25
SB3-025-PHO,PHOTO-25,K6_Q2,PHOTO-25/K6_Q2/T1,The named tool supports the operation attempted in this step.,"Exact tool name, sanitized parameters, intended change and tool result.","Instantiate against one named event, retry, issue or output when a run is attached.",awaiting_execution,,,https://dhigdec.github.io/creative-ai-benchmark/gatsby-v4/#PHOTO-25
SB3-025-PHO,PHOTO-25,K6_Q2,PHOTO-25/K6_Q2/T2,The settings match the stated requirement for the affected output.,Output requirement and sanitized settings.,"Instantiate against one named event, retry, issue or output when a run is attached.",awaiting_execution,,,https://dhigdec.github.io/creative-ai-benchmark/gatsby-v4/#PHOTO-25
SB3-025-PHO,PHOTO-25,K6_Q3,PHOTO-25/K6_Q3/T1,The input version is the latest approved version for this step.,"Input artifact version, approval state and predecessor event.","Instantiate against one named event, retry, issue or output when a run is attached.",awaiting_execution,,,https://dhigdec.github.io/creative-ai-benchmark/gatsby-v4/#PHOTO-25
SB3-025-PHO,PHOTO-25,K6_Q3,PHOTO-25/K6_Q3/T2,The tool acts on the intended document or selection.,Document or selection identifier and preview.,"Instantiate against one named event, retry, issue or output when a run is attached.",awaiting_execution,,,https://dhigdec.github.io/creative-ai-benchmark/gatsby-v4/#PHOTO-25
SB3-025-PHO,PHOTO-25,K6_Q4,PHOTO-25/K6_Q4/T1,"This step produces a change, an inspection result or verification evidence.",Before/after state or recorded inspection.,"Instantiate against one named event, retry, issue or output when a run is attached.",awaiting_execution,,,https://dhigdec.github.io/creative-ai-benchmark/gatsby-v4/#PHOTO-25
SB3-025-PHO,PHOTO-25,K6_Q4,PHOTO-25/K6_Q4/T2,A repeated call has a stated reason grounded in the previous result.,"Previous call, response and retry rationale.","Instantiate against one named event, retry, issue or output when a run is attached.",awaiting_execution,,,https://dhigdec.github.io/creative-ai-benchmark/gatsby-v4/#PHOTO-25
SB3-025-PHO,PHOTO-25,K6_Q5,PHOTO-25/K6_Q5/T1,The failed result is recorded before the next dependent action.,Error or defect observation and ordered events.,"Instantiate against one named event, retry, issue or output when a run is attached.",awaiting_execution,,,https://dhigdec.github.io/creative-ai-benchmark/gatsby-v4/#PHOTO-25
SB3-025-PHO,PHOTO-25,K6_Q5,PHOTO-25/K6_Q5/T2,The recovery action addresses the recorded failure.,"Failure, changed settings or fallback, and subsequent result.","Instantiate against one named event, retry, issue or output when a run is attached.",awaiting_execution,,,https://dhigdec.github.io/creative-ai-benchmark/gatsby-v4/#PHOTO-25
SB3-025-PHO,PHOTO-25,K6_Q6,PHOTO-25/K6_Q6/T1,The named output is checked before it is submitted.,Output-specific verification event and submission event.,"Instantiate against one named event, retry, issue or output when a run is attached.",awaiting_execution,,,https://dhigdec.github.io/creative-ai-benchmark/gatsby-v4/#PHOTO-25
SB3-025-PHO,PHOTO-25,K6_Q6,PHOTO-25/K6_Q6/T2,The stop decision states whether the named output is complete or blocked.,Stop event and actual delivery status.,"Instantiate against one named event, retry, issue or output when a run is attached.",awaiting_execution,,,https://dhigdec.github.io/creative-ai-benchmark/gatsby-v4/#PHOTO-25
SB3-025-PHO,PHOTO-25,K6_Q7,PHOTO-25/K6_Q7/T1,The final handoff discloses the recorded unresolved issue.,Unresolved issue and matching handoff disclosure.,"Instantiate against one named event, retry, issue or output when a run is attached.",awaiting_execution,,,https://dhigdec.github.io/creative-ai-benchmark/gatsby-v4/#PHOTO-25
SB3-025-PHO,PHOTO-25,K6_Q7,PHOTO-25/K6_Q7/T2,The completion claim for the named output agrees with its verified status.,"Claim, delivery manifest and verifier result.","Instantiate against one named event, retry, issue or output when a run is attached.",awaiting_execution,,,https://dhigdec.github.io/creative-ai-benchmark/gatsby-v4/#PHOTO-25
SB3-025-PHO,PHOTO-25,K6_Q8,PHOTO-25/K6_Q8/T1,The stated confidence agrees with the independent assessment of this run.,Agent confidence and separate expert outcome.,"Instantiate against one named event, retry, issue or output when a run is attached.",awaiting_execution,,,https://dhigdec.github.io/creative-ai-benchmark/gatsby-v4/#PHOTO-25
SB3-026-PHO,PHOTO-26,K6_Q1,PHOTO-26/K6_Q1/T1,A prerequisite is completed before the step that depends on it.,Dependency event IDs and event order.,"Instantiate against one named event, retry, issue or output when a run is attached.",awaiting_execution,,,https://dhigdec.github.io/creative-ai-benchmark/gatsby-v4/#PHOTO-26
SB3-026-PHO,PHOTO-26,K6_Q2,PHOTO-26/K6_Q2/T1,The named tool supports the operation attempted in this step.,"Exact tool name, sanitized parameters, intended change and tool result.","Instantiate against one named event, retry, issue or output when a run is attached.",awaiting_execution,,,https://dhigdec.github.io/creative-ai-benchmark/gatsby-v4/#PHOTO-26
SB3-026-PHO,PHOTO-26,K6_Q2,PHOTO-26/K6_Q2/T2,The settings match the stated requirement for the affected output.,Output requirement and sanitized settings.,"Instantiate against one named event, retry, issue or output when a run is attached.",awaiting_execution,,,https://dhigdec.github.io/creative-ai-benchmark/gatsby-v4/#PHOTO-26
SB3-026-PHO,PHOTO-26,K6_Q3,PHOTO-26/K6_Q3/T1,The input version is the latest approved version for this step.,"Input artifact version, approval state and predecessor event.","Instantiate against one named event, retry, issue or output when a run is attached.",awaiting_execution,,,https://dhigdec.github.io/creative-ai-benchmark/gatsby-v4/#PHOTO-26
SB3-026-PHO,PHOTO-26,K6_Q3,PHOTO-26/K6_Q3/T2,The tool acts on the intended document or selection.,Document or selection identifier and preview.,"Instantiate against one named event, retry, issue or output when a run is attached.",awaiting_execution,,,https://dhigdec.github.io/creative-ai-benchmark/gatsby-v4/#PHOTO-26
SB3-026-PHO,PHOTO-26,K6_Q4,PHOTO-26/K6_Q4/T1,"This step produces a change, an inspection result or verification evidence.",Before/after state or recorded inspection.,"Instantiate against one named event, retry, issue or output when a run is attached.",awaiting_execution,,,https://dhigdec.github.io/creative-ai-benchmark/gatsby-v4/#PHOTO-26
SB3-026-PHO,PHOTO-26,K6_Q4,PHOTO-26/K6_Q4/T2,A repeated call has a stated reason grounded in the previous result.,"Previous call, response and retry rationale.","Instantiate against one named event, retry, issue or output when a run is attached.",awaiting_execution,,,https://dhigdec.github.io/creative-ai-benchmark/gatsby-v4/#PHOTO-26
SB3-026-PHO,PHOTO-26,K6_Q5,PHOTO-26/K6_Q5/T1,The failed result is recorded before the next dependent action.,Error or defect observation and ordered events.,"Instantiate against one named event, retry, issue or output when a run is attached.",awaiting_execution,,,https://dhigdec.github.io/creative-ai-benchmark/gatsby-v4/#PHOTO-26
SB3-026-PHO,PHOTO-26,K6_Q5,PHOTO-26/K6_Q5/T2,The recovery action addresses the recorded failure.,"Failure, changed settings or fallback, and subsequent result.","Instantiate against one named event, retry, issue or output when a run is attached.",awaiting_execution,,,https://dhigdec.github.io/creative-ai-benchmark/gatsby-v4/#PHOTO-26
SB3-026-PHO,PHOTO-26,K6_Q6,PHOTO-26/K6_Q6/T1,The named output is checked before it is submitted.,Output-specific verification event and submission event.,"Instantiate against one named event, retry, issue or output when a run is attached.",awaiting_execution,,,https://dhigdec.github.io/creative-ai-benchmark/gatsby-v4/#PHOTO-26
SB3-026-PHO,PHOTO-26,K6_Q6,PHOTO-26/K6_Q6/T2,The stop decision states whether the named output is complete or blocked.,Stop event and actual delivery status.,"Instantiate against one named event, retry, issue or output when a run is attached.",awaiting_execution,,,https://dhigdec.github.io/creative-ai-benchmark/gatsby-v4/#PHOTO-26
SB3-026-PHO,PHOTO-26,K6_Q7,PHOTO-26/K6_Q7/T1,The final handoff discloses the recorded unresolved issue.,Unresolved issue and matching handoff disclosure.,"Instantiate against one named event, retry, issue or output when a run is attached.",awaiting_execution,,,https://dhigdec.github.io/creative-ai-benchmark/gatsby-v4/#PHOTO-26
SB3-026-PHO,PHOTO-26,K6_Q7,PHOTO-26/K6_Q7/T2,The completion claim for the named output agrees with its verified status.,"Claim, delivery manifest and verifier result.","Instantiate against one named event, retry, issue or output when a run is attached.",awaiting_execution,,,https://dhigdec.github.io/creative-ai-benchmark/gatsby-v4/#PHOTO-26
SB3-026-PHO,PHOTO-26,K6_Q8,PHOTO-26/K6_Q8/T1,The stated confidence agrees with the independent assessment of this run.,Agent confidence and separate expert outcome.,"Instantiate against one named event, retry, issue or output when a run is attached.",awaiting_execution,,,https://dhigdec.github.io/creative-ai-benchmark/gatsby-v4/#PHOTO-26
SB3-027-PHO,PHOTO-27,K6_Q1,PHOTO-27/K6_Q1/T1,A prerequisite is completed before the step that depends on it.,Dependency event IDs and event order.,"Instantiate against one named event, retry, issue or output when a run is attached.",awaiting_execution,,,https://dhigdec.github.io/creative-ai-benchmark/gatsby-v4/#PHOTO-27
SB3-027-PHO,PHOTO-27,K6_Q2,PHOTO-27/K6_Q2/T1,The named tool supports the operation attempted in this step.,"Exact tool name, sanitized parameters, intended change and tool result.","Instantiate against one named event, retry, issue or output when a run is attached.",awaiting_execution,,,https://dhigdec.github.io/creative-ai-benchmark/gatsby-v4/#PHOTO-27
SB3-027-PHO,PHOTO-27,K6_Q2,PHOTO-27/K6_Q2/T2,The settings match the stated requirement for the affected output.,Output requirement and sanitized settings.,"Instantiate against one named event, retry, issue or output when a run is attached.",awaiting_execution,,,https://dhigdec.github.io/creative-ai-benchmark/gatsby-v4/#PHOTO-27
SB3-027-PHO,PHOTO-27,K6_Q3,PHOTO-27/K6_Q3/T1,The input version is the latest approved version for this step.,"Input artifact version, approval state and predecessor event.","Instantiate against one named event, retry, issue or output when a run is attached.",awaiting_execution,,,https://dhigdec.github.io/creative-ai-benchmark/gatsby-v4/#PHOTO-27
SB3-027-PHO,PHOTO-27,K6_Q3,PHOTO-27/K6_Q3/T2,The tool acts on the intended document or selection.,Document or selection identifier and preview.,"Instantiate against one named event, retry, issue or output when a run is attached.",awaiting_execution,,,https://dhigdec.github.io/creative-ai-benchmark/gatsby-v4/#PHOTO-27
SB3-027-PHO,PHOTO-27,K6_Q4,PHOTO-27/K6_Q4/T1,"This step produces a change, an inspection result or verification evidence.",Before/after state or recorded inspection.,"Instantiate against one named event, retry, issue or output when a run is attached.",awaiting_execution,,,https://dhigdec.github.io/creative-ai-benchmark/gatsby-v4/#PHOTO-27
SB3-027-PHO,PHOTO-27,K6_Q4,PHOTO-27/K6_Q4/T2,A repeated call has a stated reason grounded in the previous result.,"Previous call, response and retry rationale.","Instantiate against one named event, retry, issue or output when a run is attached.",awaiting_execution,,,https://dhigdec.github.io/creative-ai-benchmark/gatsby-v4/#PHOTO-27
SB3-027-PHO,PHOTO-27,K6_Q5,PHOTO-27/K6_Q5/T1,The failed result is recorded before the next dependent action.,Error or defect observation and ordered events.,"Instantiate against one named event, retry, issue or output when a run is attached.",awaiting_execution,,,https://dhigdec.github.io/creative-ai-benchmark/gatsby-v4/#PHOTO-27
SB3-027-PHO,PHOTO-27,K6_Q5,PHOTO-27/K6_Q5/T2,The recovery action addresses the recorded failure.,"Failure, changed settings or fallback, and subsequent result.","Instantiate against one named event, retry, issue or output when a run is attached.",awaiting_execution,,,https://dhigdec.github.io/creative-ai-benchmark/gatsby-v4/#PHOTO-27
SB3-027-PHO,PHOTO-27,K6_Q6,PHOTO-27/K6_Q6/T1,The named output is checked before it is submitted.,Output-specific verification event and submission event.,"Instantiate against one named event, retry, issue or output when a run is attached.",awaiting_execution,,,https://dhigdec.github.io/creative-ai-benchmark/gatsby-v4/#PHOTO-27
SB3-027-PHO,PHOTO-27,K6_Q6,PHOTO-27/K6_Q6/T2,The stop decision states whether the named output is complete or blocked.,Stop event and actual delivery status.,"Instantiate against one named event, retry, issue or output when a run is attached.",awaiting_execution,,,https://dhigdec.github.io/creative-ai-benchmark/gatsby-v4/#PHOTO-27
SB3-027-PHO,PHOTO-27,K6_Q7,PHOTO-27/K6_Q7/T1,The final handoff discloses the recorded unresolved issue.,Unresolved issue and matching handoff disclosure.,"Instantiate against one named event, retry, issue or output when a run is attached.",awaiting_execution,,,https://dhigdec.github.io/creative-ai-benchmark/gatsby-v4/#PHOTO-27
SB3-027-PHO,PHOTO-27,K6_Q7,PHOTO-27/K6_Q7/T2,The completion claim for the named output agrees with its verified status.,"Claim, delivery manifest and verifier result.","Instantiate against one named event, retry, issue or output when a run is attached.",awaiting_execution,,,https://dhigdec.github.io/creative-ai-benchmark/gatsby-v4/#PHOTO-27
SB3-027-PHO,PHOTO-27,K6_Q8,PHOTO-27/K6_Q8/T1,The stated confidence agrees with the independent assessment of this run.,Agent confidence and separate expert outcome.,"Instantiate against one named event, retry, issue or output when a run is attached.",awaiting_execution,,,https://dhigdec.github.io/creative-ai-benchmark/gatsby-v4/#PHOTO-27
SB3-028-PHO,PHOTO-28,K6_Q1,PHOTO-28/K6_Q1/T1,A prerequisite is completed before the step that depends on it.,Dependency event IDs and event order.,"Instantiate against one named event, retry, issue or output when a run is attached.",awaiting_execution,,,https://dhigdec.github.io/creative-ai-benchmark/gatsby-v4/#PHOTO-28
SB3-028-PHO,PHOTO-28,K6_Q2,PHOTO-28/K6_Q2/T1,The named tool supports the operation attempted in this step.,"Exact tool name, sanitized parameters, intended change and tool result.","Instantiate against one named event, retry, issue or output when a run is attached.",awaiting_execution,,,https://dhigdec.github.io/creative-ai-benchmark/gatsby-v4/#PHOTO-28
SB3-028-PHO,PHOTO-28,K6_Q2,PHOTO-28/K6_Q2/T2,The settings match the stated requirement for the affected output.,Output requirement and sanitized settings.,"Instantiate against one named event, retry, issue or output when a run is attached.",awaiting_execution,,,https://dhigdec.github.io/creative-ai-benchmark/gatsby-v4/#PHOTO-28
SB3-028-PHO,PHOTO-28,K6_Q3,PHOTO-28/K6_Q3/T1,The input version is the latest approved version for this step.,"Input artifact version, approval state and predecessor event.","Instantiate against one named event, retry, issue or output when a run is attached.",awaiting_execution,,,https://dhigdec.github.io/creative-ai-benchmark/gatsby-v4/#PHOTO-28
SB3-028-PHO,PHOTO-28,K6_Q3,PHOTO-28/K6_Q3/T2,The tool acts on the intended document or selection.,Document or selection identifier and preview.,"Instantiate against one named event, retry, issue or output when a run is attached.",awaiting_execution,,,https://dhigdec.github.io/creative-ai-benchmark/gatsby-v4/#PHOTO-28
SB3-028-PHO,PHOTO-28,K6_Q4,PHOTO-28/K6_Q4/T1,"This step produces a change, an inspection result or verification evidence.",Before/after state or recorded inspection.,"Instantiate against one named event, retry, issue or output when a run is attached.",awaiting_execution,,,https://dhigdec.github.io/creative-ai-benchmark/gatsby-v4/#PHOTO-28
SB3-028-PHO,PHOTO-28,K6_Q4,PHOTO-28/K6_Q4/T2,A repeated call has a stated reason grounded in the previous result.,"Previous call, response and retry rationale.","Instantiate against one named event, retry, issue or output when a run is attached.",awaiting_execution,,,https://dhigdec.github.io/creative-ai-benchmark/gatsby-v4/#PHOTO-28
SB3-028-PHO,PHOTO-28,K6_Q5,PHOTO-28/K6_Q5/T1,The failed result is recorded before the next dependent action.,Error or defect observation and ordered events.,"Instantiate against one named event, retry, issue or output when a run is attached.",awaiting_execution,,,https://dhigdec.github.io/creative-ai-benchmark/gatsby-v4/#PHOTO-28
SB3-028-PHO,PHOTO-28,K6_Q5,PHOTO-28/K6_Q5/T2,The recovery action addresses the recorded failure.,"Failure, changed settings or fallback, and subsequent result.","Instantiate against one named event, retry, issue or output when a run is attached.",awaiting_execution,,,https://dhigdec.github.io/creative-ai-benchmark/gatsby-v4/#PHOTO-28
SB3-028-PHO,PHOTO-28,K6_Q6,PHOTO-28/K6_Q6/T1,The named output is checked before it is submitted.,Output-specific verification event and submission event.,"Instantiate against one named event, retry, issue or output when a run is attached.",awaiting_execution,,,https://dhigdec.github.io/creative-ai-benchmark/gatsby-v4/#PHOTO-28
SB3-028-PHO,PHOTO-28,K6_Q6,PHOTO-28/K6_Q6/T2,The stop decision states whether the named output is complete or blocked.,Stop event and actual delivery status.,"Instantiate against one named event, retry, issue or output when a run is attached.",awaiting_execution,,,https://dhigdec.github.io/creative-ai-benchmark/gatsby-v4/#PHOTO-28
SB3-028-PHO,PHOTO-28,K6_Q7,PHOTO-28/K6_Q7/T1,The final handoff discloses the recorded unresolved issue.,Unresolved issue and matching handoff disclosure.,"Instantiate against one named event, retry, issue or output when a run is attached.",awaiting_execution,,,https://dhigdec.github.io/creative-ai-benchmark/gatsby-v4/#PHOTO-28
SB3-028-PHO,PHOTO-28,K6_Q7,PHOTO-28/K6_Q7/T2,The completion claim for the named output agrees with its verified status.,"Claim, delivery manifest and verifier result.","Instantiate against one named event, retry, issue or output when a run is attached.",awaiting_execution,,,https://dhigdec.github.io/creative-ai-benchmark/gatsby-v4/#PHOTO-28
SB3-028-PHO,PHOTO-28,K6_Q8,PHOTO-28/K6_Q8/T1,The stated confidence agrees with the independent assessment of this run.,Agent confidence and separate expert outcome.,"Instantiate against one named event, retry, issue or output when a run is attached.",awaiting_execution,,,https://dhigdec.github.io/creative-ai-benchmark/gatsby-v4/#PHOTO-28
SB3-029-PHO,PHOTO-29,K6_Q1,PHOTO-29/K6_Q1/T1,A prerequisite is completed before the step that depends on it.,Dependency event IDs and event order.,"Instantiate against one named event, retry, issue or output when a run is attached.",awaiting_execution,,,https://dhigdec.github.io/creative-ai-benchmark/gatsby-v4/#PHOTO-29
SB3-029-PHO,PHOTO-29,K6_Q2,PHOTO-29/K6_Q2/T1,The named tool supports the operation attempted in this step.,"Exact tool name, sanitized parameters, intended change and tool result.","Instantiate against one named event, retry, issue or output when a run is attached.",awaiting_execution,,,https://dhigdec.github.io/creative-ai-benchmark/gatsby-v4/#PHOTO-29
SB3-029-PHO,PHOTO-29,K6_Q2,PHOTO-29/K6_Q2/T2,The settings match the stated requirement for the affected output.,Output requirement and sanitized settings.,"Instantiate against one named event, retry, issue or output when a run is attached.",awaiting_execution,,,https://dhigdec.github.io/creative-ai-benchmark/gatsby-v4/#PHOTO-29
SB3-029-PHO,PHOTO-29,K6_Q3,PHOTO-29/K6_Q3/T1,The input version is the latest approved version for this step.,"Input artifact version, approval state and predecessor event.","Instantiate against one named event, retry, issue or output when a run is attached.",awaiting_execution,,,https://dhigdec.github.io/creative-ai-benchmark/gatsby-v4/#PHOTO-29
SB3-029-PHO,PHOTO-29,K6_Q3,PHOTO-29/K6_Q3/T2,The tool acts on the intended document or selection.,Document or selection identifier and preview.,"Instantiate against one named event, retry, issue or output when a run is attached.",awaiting_execution,,,https://dhigdec.github.io/creative-ai-benchmark/gatsby-v4/#PHOTO-29
SB3-029-PHO,PHOTO-29,K6_Q4,PHOTO-29/K6_Q4/T1,"This step produces a change, an inspection result or verification evidence.",Before/after state or recorded inspection.,"Instantiate against one named event, retry, issue or output when a run is attached.",awaiting_execution,,,https://dhigdec.github.io/creative-ai-benchmark/gatsby-v4/#PHOTO-29
SB3-029-PHO,PHOTO-29,K6_Q4,PHOTO-29/K6_Q4/T2,A repeated call has a stated reason grounded in the previous result.,"Previous call, response and retry rationale.","Instantiate against one named event, retry, issue or output when a run is attached.",awaiting_execution,,,https://dhigdec.github.io/creative-ai-benchmark/gatsby-v4/#PHOTO-29
SB3-029-PHO,PHOTO-29,K6_Q5,PHOTO-29/K6_Q5/T1,The failed result is recorded before the next dependent action.,Error or defect observation and ordered events.,"Instantiate against one named event, retry, issue or output when a run is attached.",awaiting_execution,,,https://dhigdec.github.io/creative-ai-benchmark/gatsby-v4/#PHOTO-29
SB3-029-PHO,PHOTO-29,K6_Q5,PHOTO-29/K6_Q5/T2,The recovery action addresses the recorded failure.,"Failure, changed settings or fallback, and subsequent result.","Instantiate against one named event, retry, issue or output when a run is attached.",awaiting_execution,,,https://dhigdec.github.io/creative-ai-benchmark/gatsby-v4/#PHOTO-29
SB3-029-PHO,PHOTO-29,K6_Q6,PHOTO-29/K6_Q6/T1,The named output is checked before it is submitted.,Output-specific verification event and submission event.,"Instantiate against one named event, retry, issue or output when a run is attached.",awaiting_execution,,,https://dhigdec.github.io/creative-ai-benchmark/gatsby-v4/#PHOTO-29
SB3-029-PHO,PHOTO-29,K6_Q6,PHOTO-29/K6_Q6/T2,The stop decision states whether the named output is complete or blocked.,Stop event and actual delivery status.,"Instantiate against one named event, retry, issue or output when a run is attached.",awaiting_execution,,,https://dhigdec.github.io/creative-ai-benchmark/gatsby-v4/#PHOTO-29
SB3-029-PHO,PHOTO-29,K6_Q7,PHOTO-29/K6_Q7/T1,The final handoff discloses the recorded unresolved issue.,Unresolved issue and matching handoff disclosure.,"Instantiate against one named event, retry, issue or output when a run is attached.",awaiting_execution,,,https://dhigdec.github.io/creative-ai-benchmark/gatsby-v4/#PHOTO-29
SB3-029-PHO,PHOTO-29,K6_Q7,PHOTO-29/K6_Q7/T2,The completion claim for the named output agrees with its verified status.,"Claim, delivery manifest and verifier result.","Instantiate against one named event, retry, issue or output when a run is attached.",awaiting_execution,,,https://dhigdec.github.io/creative-ai-benchmark/gatsby-v4/#PHOTO-29
SB3-029-PHO,PHOTO-29,K6_Q8,PHOTO-29/K6_Q8/T1,The stated confidence agrees with the independent assessment of this run.,Agent confidence and separate expert outcome.,"Instantiate against one named event, retry, issue or output when a run is attached.",awaiting_execution,,,https://dhigdec.github.io/creative-ai-benchmark/gatsby-v4/#PHOTO-29
SB3-030-PHO,PHOTO-30,K6_Q1,PHOTO-30/K6_Q1/T1,A prerequisite is completed before the step that depends on it.,Dependency event IDs and event order.,"Instantiate against one named event, retry, issue or output when a run is attached.",awaiting_execution,,,https://dhigdec.github.io/creative-ai-benchmark/gatsby-v4/#PHOTO-30
SB3-030-PHO,PHOTO-30,K6_Q2,PHOTO-30/K6_Q2/T1,The named tool supports the operation attempted in this step.,"Exact tool name, sanitized parameters, intended change and tool result.","Instantiate against one named event, retry, issue or output when a run is attached.",awaiting_execution,,,https://dhigdec.github.io/creative-ai-benchmark/gatsby-v4/#PHOTO-30
SB3-030-PHO,PHOTO-30,K6_Q2,PHOTO-30/K6_Q2/T2,The settings match the stated requirement for the affected output.,Output requirement and sanitized settings.,"Instantiate against one named event, retry, issue or output when a run is attached.",awaiting_execution,,,https://dhigdec.github.io/creative-ai-benchmark/gatsby-v4/#PHOTO-30
SB3-030-PHO,PHOTO-30,K6_Q3,PHOTO-30/K6_Q3/T1,The input version is the latest approved version for this step.,"Input artifact version, approval state and predecessor event.","Instantiate against one named event, retry, issue or output when a run is attached.",awaiting_execution,,,https://dhigdec.github.io/creative-ai-benchmark/gatsby-v4/#PHOTO-30
SB3-030-PHO,PHOTO-30,K6_Q3,PHOTO-30/K6_Q3/T2,The tool acts on the intended document or selection.,Document or selection identifier and preview.,"Instantiate against one named event, retry, issue or output when a run is attached.",awaiting_execution,,,https://dhigdec.github.io/creative-ai-benchmark/gatsby-v4/#PHOTO-30
SB3-030-PHO,PHOTO-30,K6_Q4,PHOTO-30/K6_Q4/T1,"This step produces a change, an inspection result or verification evidence.",Before/after state or recorded inspection.,"Instantiate against one named event, retry, issue or output when a run is attached.",awaiting_execution,,,https://dhigdec.github.io/creative-ai-benchmark/gatsby-v4/#PHOTO-30
SB3-030-PHO,PHOTO-30,K6_Q4,PHOTO-30/K6_Q4/T2,A repeated call has a stated reason grounded in the previous result.,"Previous call, response and retry rationale.","Instantiate against one named event, retry, issue or output when a run is attached.",awaiting_execution,,,https://dhigdec.github.io/creative-ai-benchmark/gatsby-v4/#PHOTO-30
SB3-030-PHO,PHOTO-30,K6_Q5,PHOTO-30/K6_Q5/T1,The failed result is recorded before the next dependent action.,Error or defect observation and ordered events.,"Instantiate against one named event, retry, issue or output when a run is attached.",awaiting_execution,,,https://dhigdec.github.io/creative-ai-benchmark/gatsby-v4/#PHOTO-30
SB3-030-PHO,PHOTO-30,K6_Q5,PHOTO-30/K6_Q5/T2,The recovery action addresses the recorded failure.,"Failure, changed settings or fallback, and subsequent result.","Instantiate against one named event, retry, issue or output when a run is attached.",awaiting_execution,,,https://dhigdec.github.io/creative-ai-benchmark/gatsby-v4/#PHOTO-30
SB3-030-PHO,PHOTO-30,K6_Q6,PHOTO-30/K6_Q6/T1,The named output is checked before it is submitted.,Output-specific verification event and submission event.,"Instantiate against one named event, retry, issue or output when a run is attached.",awaiting_execution,,,https://dhigdec.github.io/creative-ai-benchmark/gatsby-v4/#PHOTO-30
SB3-030-PHO,PHOTO-30,K6_Q6,PHOTO-30/K6_Q6/T2,The stop decision states whether the named output is complete or blocked.,Stop event and actual delivery status.,"Instantiate against one named event, retry, issue or output when a run is attached.",awaiting_execution,,,https://dhigdec.github.io/creative-ai-benchmark/gatsby-v4/#PHOTO-30
SB3-030-PHO,PHOTO-30,K6_Q7,PHOTO-30/K6_Q7/T1,The final handoff discloses the recorded unresolved issue.,Unresolved issue and matching handoff disclosure.,"Instantiate against one named event, retry, issue or output when a run is attached.",awaiting_execution,,,https://dhigdec.github.io/creative-ai-benchmark/gatsby-v4/#PHOTO-30
SB3-030-PHO,PHOTO-30,K6_Q7,PHOTO-30/K6_Q7/T2,The completion claim for the named output agrees with its verified status.,"Claim, delivery manifest and verifier result.","Instantiate against one named event, retry, issue or output when a run is attached.",awaiting_execution,,,https://dhigdec.github.io/creative-ai-benchmark/gatsby-v4/#PHOTO-30
SB3-030-PHO,PHOTO-30,K6_Q8,PHOTO-30/K6_Q8/T1,The stated confidence agrees with the independent assessment of this run.,Agent confidence and separate expert outcome.,"Instantiate against one named event, retry, issue or output when a run is attached.",awaiting_execution,,,https://dhigdec.github.io/creative-ai-benchmark/gatsby-v4/#PHOTO-30
SB3-031-VEC,VECTOR-01,K6_Q1,VECTOR-01/K6_Q1/T1,A prerequisite is completed before the step that depends on it.,Dependency event IDs and event order.,"Instantiate against one named event, retry, issue or output when a run is attached.",awaiting_execution,,,https://dhigdec.github.io/creative-ai-benchmark/gatsby-v4/#VECTOR-01
SB3-031-VEC,VECTOR-01,K6_Q2,VECTOR-01/K6_Q2/T1,The named tool supports the operation attempted in this step.,"Exact tool name, sanitized parameters, intended change and tool result.","Instantiate against one named event, retry, issue or output when a run is attached.",awaiting_execution,,,https://dhigdec.github.io/creative-ai-benchmark/gatsby-v4/#VECTOR-01
SB3-031-VEC,VECTOR-01,K6_Q2,VECTOR-01/K6_Q2/T2,The settings match the stated requirement for the affected output.,Output requirement and sanitized settings.,"Instantiate against one named event, retry, issue or output when a run is attached.",awaiting_execution,,,https://dhigdec.github.io/creative-ai-benchmark/gatsby-v4/#VECTOR-01
SB3-031-VEC,VECTOR-01,K6_Q3,VECTOR-01/K6_Q3/T1,The input version is the latest approved version for this step.,"Input artifact version, approval state and predecessor event.","Instantiate against one named event, retry, issue or output when a run is attached.",awaiting_execution,,,https://dhigdec.github.io/creative-ai-benchmark/gatsby-v4/#VECTOR-01
SB3-031-VEC,VECTOR-01,K6_Q3,VECTOR-01/K6_Q3/T2,The tool acts on the intended document or selection.,Document or selection identifier and preview.,"Instantiate against one named event, retry, issue or output when a run is attached.",awaiting_execution,,,https://dhigdec.github.io/creative-ai-benchmark/gatsby-v4/#VECTOR-01
SB3-031-VEC,VECTOR-01,K6_Q4,VECTOR-01/K6_Q4/T1,"This step produces a change, an inspection result or verification evidence.",Before/after state or recorded inspection.,"Instantiate against one named event, retry, issue or output when a run is attached.",awaiting_execution,,,https://dhigdec.github.io/creative-ai-benchmark/gatsby-v4/#VECTOR-01
SB3-031-VEC,VECTOR-01,K6_Q4,VECTOR-01/K6_Q4/T2,A repeated call has a stated reason grounded in the previous result.,"Previous call, response and retry rationale.","Instantiate against one named event, retry, issue or output when a run is attached.",awaiting_execution,,,https://dhigdec.github.io/creative-ai-benchmark/gatsby-v4/#VECTOR-01
SB3-031-VEC,VECTOR-01,K6_Q5,VECTOR-01/K6_Q5/T1,The failed result is recorded before the next dependent action.,Error or defect observation and ordered events.,"Instantiate against one named event, retry, issue or output when a run is attached.",awaiting_execution,,,https://dhigdec.github.io/creative-ai-benchmark/gatsby-v4/#VECTOR-01
SB3-031-VEC,VECTOR-01,K6_Q5,VECTOR-01/K6_Q5/T2,The recovery action addresses the recorded failure.,"Failure, changed settings or fallback, and subsequent result.","Instantiate against one named event, retry, issue or output when a run is attached.",awaiting_execution,,,https://dhigdec.github.io/creative-ai-benchmark/gatsby-v4/#VECTOR-01
SB3-031-VEC,VECTOR-01,K6_Q6,VECTOR-01/K6_Q6/T1,The named output is checked before it is submitted.,Output-specific verification event and submission event.,"Instantiate against one named event, retry, issue or output when a run is attached.",awaiting_execution,,,https://dhigdec.github.io/creative-ai-benchmark/gatsby-v4/#VECTOR-01
SB3-031-VEC,VECTOR-01,K6_Q6,VECTOR-01/K6_Q6/T2,The stop decision states whether the named output is complete or blocked.,Stop event and actual delivery status.,"Instantiate against one named event, retry, issue or output when a run is attached.",awaiting_execution,,,https://dhigdec.github.io/creative-ai-benchmark/gatsby-v4/#VECTOR-01
SB3-031-VEC,VECTOR-01,K6_Q7,VECTOR-01/K6_Q7/T1,The final handoff discloses the recorded unresolved issue.,Unresolved issue and matching handoff disclosure.,"Instantiate against one named event, retry, issue or output when a run is attached.",awaiting_execution,,,https://dhigdec.github.io/creative-ai-benchmark/gatsby-v4/#VECTOR-01
SB3-031-VEC,VECTOR-01,K6_Q7,VECTOR-01/K6_Q7/T2,The completion claim for the named output agrees with its verified status.,"Claim, delivery manifest and verifier result.","Instantiate against one named event, retry, issue or output when a run is attached.",awaiting_execution,,,https://dhigdec.github.io/creative-ai-benchmark/gatsby-v4/#VECTOR-01
SB3-031-VEC,VECTOR-01,K6_Q8,VECTOR-01/K6_Q8/T1,The stated confidence agrees with the independent assessment of this run.,Agent confidence and separate expert outcome.,"Instantiate against one named event, retry, issue or output when a run is attached.",awaiting_execution,,,https://dhigdec.github.io/creative-ai-benchmark/gatsby-v4/#VECTOR-01
SB3-032-VEC,VECTOR-02,K6_Q1,VECTOR-02/K6_Q1/T1,A prerequisite is completed before the step that depends on it.,Dependency event IDs and event order.,"Instantiate against one named event, retry, issue or output when a run is attached.",awaiting_execution,,,https://dhigdec.github.io/creative-ai-benchmark/gatsby-v4/#VECTOR-02
SB3-032-VEC,VECTOR-02,K6_Q2,VECTOR-02/K6_Q2/T1,The named tool supports the operation attempted in this step.,"Exact tool name, sanitized parameters, intended change and tool result.","Instantiate against one named event, retry, issue or output when a run is attached.",awaiting_execution,,,https://dhigdec.github.io/creative-ai-benchmark/gatsby-v4/#VECTOR-02
SB3-032-VEC,VECTOR-02,K6_Q2,VECTOR-02/K6_Q2/T2,The settings match the stated requirement for the affected output.,Output requirement and sanitized settings.,"Instantiate against one named event, retry, issue or output when a run is attached.",awaiting_execution,,,https://dhigdec.github.io/creative-ai-benchmark/gatsby-v4/#VECTOR-02
SB3-032-VEC,VECTOR-02,K6_Q3,VECTOR-02/K6_Q3/T1,The input version is the latest approved version for this step.,"Input artifact version, approval state and predecessor event.","Instantiate against one named event, retry, issue or output when a run is attached.",awaiting_execution,,,https://dhigdec.github.io/creative-ai-benchmark/gatsby-v4/#VECTOR-02
SB3-032-VEC,VECTOR-02,K6_Q3,VECTOR-02/K6_Q3/T2,The tool acts on the intended document or selection.,Document or selection identifier and preview.,"Instantiate against one named event, retry, issue or output when a run is attached.",awaiting_execution,,,https://dhigdec.github.io/creative-ai-benchmark/gatsby-v4/#VECTOR-02
SB3-032-VEC,VECTOR-02,K6_Q4,VECTOR-02/K6_Q4/T1,"This step produces a change, an inspection result or verification evidence.",Before/after state or recorded inspection.,"Instantiate against one named event, retry, issue or output when a run is attached.",awaiting_execution,,,https://dhigdec.github.io/creative-ai-benchmark/gatsby-v4/#VECTOR-02
SB3-032-VEC,VECTOR-02,K6_Q4,VECTOR-02/K6_Q4/T2,A repeated call has a stated reason grounded in the previous result.,"Previous call, response and retry rationale.","Instantiate against one named event, retry, issue or output when a run is attached.",awaiting_execution,,,https://dhigdec.github.io/creative-ai-benchmark/gatsby-v4/#VECTOR-02
SB3-032-VEC,VECTOR-02,K6_Q5,VECTOR-02/K6_Q5/T1,The failed result is recorded before the next dependent action.,Error or defect observation and ordered events.,"Instantiate against one named event, retry, issue or output when a run is attached.",awaiting_execution,,,https://dhigdec.github.io/creative-ai-benchmark/gatsby-v4/#VECTOR-02
SB3-032-VEC,VECTOR-02,K6_Q5,VECTOR-02/K6_Q5/T2,The recovery action addresses the recorded failure.,"Failure, changed settings or fallback, and subsequent result.","Instantiate against one named event, retry, issue or output when a run is attached.",awaiting_execution,,,https://dhigdec.github.io/creative-ai-benchmark/gatsby-v4/#VECTOR-02
SB3-032-VEC,VECTOR-02,K6_Q6,VECTOR-02/K6_Q6/T1,The named output is checked before it is submitted.,Output-specific verification event and submission event.,"Instantiate against one named event, retry, issue or output when a run is attached.",awaiting_execution,,,https://dhigdec.github.io/creative-ai-benchmark/gatsby-v4/#VECTOR-02
SB3-032-VEC,VECTOR-02,K6_Q6,VECTOR-02/K6_Q6/T2,The stop decision states whether the named output is complete or blocked.,Stop event and actual delivery status.,"Instantiate against one named event, retry, issue or output when a run is attached.",awaiting_execution,,,https://dhigdec.github.io/creative-ai-benchmark/gatsby-v4/#VECTOR-02
SB3-032-VEC,VECTOR-02,K6_Q7,VECTOR-02/K6_Q7/T1,The final handoff discloses the recorded unresolved issue.,Unresolved issue and matching handoff disclosure.,"Instantiate against one named event, retry, issue or output when a run is attached.",awaiting_execution,,,https://dhigdec.github.io/creative-ai-benchmark/gatsby-v4/#VECTOR-02
SB3-032-VEC,VECTOR-02,K6_Q7,VECTOR-02/K6_Q7/T2,The completion claim for the named output agrees with its verified status.,"Claim, delivery manifest and verifier result.","Instantiate against one named event, retry, issue or output when a run is attached.",awaiting_execution,,,https://dhigdec.github.io/creative-ai-benchmark/gatsby-v4/#VECTOR-02
SB3-032-VEC,VECTOR-02,K6_Q8,VECTOR-02/K6_Q8/T1,The stated confidence agrees with the independent assessment of this run.,Agent confidence and separate expert outcome.,"Instantiate against one named event, retry, issue or output when a run is attached.",awaiting_execution,,,https://dhigdec.github.io/creative-ai-benchmark/gatsby-v4/#VECTOR-02
SB3-033-VEC,VECTOR-03,K6_Q1,VECTOR-03/K6_Q1/T1,A prerequisite is completed before the step that depends on it.,Dependency event IDs and event order.,"Instantiate against one named event, retry, issue or output when a run is attached.",awaiting_execution,,,https://dhigdec.github.io/creative-ai-benchmark/gatsby-v4/#VECTOR-03
SB3-033-VEC,VECTOR-03,K6_Q2,VECTOR-03/K6_Q2/T1,The named tool supports the operation attempted in this step.,"Exact tool name, sanitized parameters, intended change and tool result.","Instantiate against one named event, retry, issue or output when a run is attached.",awaiting_execution,,,https://dhigdec.github.io/creative-ai-benchmark/gatsby-v4/#VECTOR-03
SB3-033-VEC,VECTOR-03,K6_Q2,VECTOR-03/K6_Q2/T2,The settings match the stated requirement for the affected output.,Output requirement and sanitized settings.,"Instantiate against one named event, retry, issue or output when a run is attached.",awaiting_execution,,,https://dhigdec.github.io/creative-ai-benchmark/gatsby-v4/#VECTOR-03
SB3-033-VEC,VECTOR-03,K6_Q3,VECTOR-03/K6_Q3/T1,The input version is the latest approved version for this step.,"Input artifact version, approval state and predecessor event.","Instantiate against one named event, retry, issue or output when a run is attached.",awaiting_execution,,,https://dhigdec.github.io/creative-ai-benchmark/gatsby-v4/#VECTOR-03
SB3-033-VEC,VECTOR-03,K6_Q3,VECTOR-03/K6_Q3/T2,The tool acts on the intended document or selection.,Document or selection identifier and preview.,"Instantiate against one named event, retry, issue or output when a run is attached.",awaiting_execution,,,https://dhigdec.github.io/creative-ai-benchmark/gatsby-v4/#VECTOR-03
SB3-033-VEC,VECTOR-03,K6_Q4,VECTOR-03/K6_Q4/T1,"This step produces a change, an inspection result or verification evidence.",Before/after state or recorded inspection.,"Instantiate against one named event, retry, issue or output when a run is attached.",awaiting_execution,,,https://dhigdec.github.io/creative-ai-benchmark/gatsby-v4/#VECTOR-03
SB3-033-VEC,VECTOR-03,K6_Q4,VECTOR-03/K6_Q4/T2,A repeated call has a stated reason grounded in the previous result.,"Previous call, response and retry rationale.","Instantiate against one named event, retry, issue or output when a run is attached.",awaiting_execution,,,https://dhigdec.github.io/creative-ai-benchmark/gatsby-v4/#VECTOR-03
SB3-033-VEC,VECTOR-03,K6_Q5,VECTOR-03/K6_Q5/T1,The failed result is recorded before the next dependent action.,Error or defect observation and ordered events.,"Instantiate against one named event, retry, issue or output when a run is attached.",awaiting_execution,,,https://dhigdec.github.io/creative-ai-benchmark/gatsby-v4/#VECTOR-03
SB3-033-VEC,VECTOR-03,K6_Q5,VECTOR-03/K6_Q5/T2,The recovery action addresses the recorded failure.,"Failure, changed settings or fallback, and subsequent result.","Instantiate against one named event, retry, issue or output when a run is attached.",awaiting_execution,,,https://dhigdec.github.io/creative-ai-benchmark/gatsby-v4/#VECTOR-03
SB3-033-VEC,VECTOR-03,K6_Q6,VECTOR-03/K6_Q6/T1,The named output is checked before it is submitted.,Output-specific verification event and submission event.,"Instantiate against one named event, retry, issue or output when a run is attached.",awaiting_execution,,,https://dhigdec.github.io/creative-ai-benchmark/gatsby-v4/#VECTOR-03
SB3-033-VEC,VECTOR-03,K6_Q6,VECTOR-03/K6_Q6/T2,The stop decision states whether the named output is complete or blocked.,Stop event and actual delivery status.,"Instantiate against one named event, retry, issue or output when a run is attached.",awaiting_execution,,,https://dhigdec.github.io/creative-ai-benchmark/gatsby-v4/#VECTOR-03
SB3-033-VEC,VECTOR-03,K6_Q7,VECTOR-03/K6_Q7/T1,The final handoff discloses the recorded unresolved issue.,Unresolved issue and matching handoff disclosure.,"Instantiate against one named event, retry, issue or output when a run is attached.",awaiting_execution,,,https://dhigdec.github.io/creative-ai-benchmark/gatsby-v4/#VECTOR-03
SB3-033-VEC,VECTOR-03,K6_Q7,VECTOR-03/K6_Q7/T2,The completion claim for the named output agrees with its verified status.,"Claim, delivery manifest and verifier result.","Instantiate against one named event, retry, issue or output when a run is attached.",awaiting_execution,,,https://dhigdec.github.io/creative-ai-benchmark/gatsby-v4/#VECTOR-03
SB3-033-VEC,VECTOR-03,K6_Q8,VECTOR-03/K6_Q8/T1,The stated confidence agrees with the independent assessment of this run.,Agent confidence and separate expert outcome.,"Instantiate against one named event, retry, issue or output when a run is attached.",awaiting_execution,,,https://dhigdec.github.io/creative-ai-benchmark/gatsby-v4/#VECTOR-03
SB3-034-VEC,VECTOR-04,K6_Q1,VECTOR-04/K6_Q1/T1,A prerequisite is completed before the step that depends on it.,Dependency event IDs and event order.,"Instantiate against one named event, retry, issue or output when a run is attached.",awaiting_execution,,,https://dhigdec.github.io/creative-ai-benchmark/gatsby-v4/#VECTOR-04
SB3-034-VEC,VECTOR-04,K6_Q2,VECTOR-04/K6_Q2/T1,The named tool supports the operation attempted in this step.,"Exact tool name, sanitized parameters, intended change and tool result.","Instantiate against one named event, retry, issue or output when a run is attached.",awaiting_execution,,,https://dhigdec.github.io/creative-ai-benchmark/gatsby-v4/#VECTOR-04
SB3-034-VEC,VECTOR-04,K6_Q2,VECTOR-04/K6_Q2/T2,The settings match the stated requirement for the affected output.,Output requirement and sanitized settings.,"Instantiate against one named event, retry, issue or output when a run is attached.",awaiting_execution,,,https://dhigdec.github.io/creative-ai-benchmark/gatsby-v4/#VECTOR-04
SB3-034-VEC,VECTOR-04,K6_Q3,VECTOR-04/K6_Q3/T1,The input version is the latest approved version for this step.,"Input artifact version, approval state and predecessor event.","Instantiate against one named event, retry, issue or output when a run is attached.",awaiting_execution,,,https://dhigdec.github.io/creative-ai-benchmark/gatsby-v4/#VECTOR-04
SB3-034-VEC,VECTOR-04,K6_Q3,VECTOR-04/K6_Q3/T2,The tool acts on the intended document or selection.,Document or selection identifier and preview.,"Instantiate against one named event, retry, issue or output when a run is attached.",awaiting_execution,,,https://dhigdec.github.io/creative-ai-benchmark/gatsby-v4/#VECTOR-04
SB3-034-VEC,VECTOR-04,K6_Q4,VECTOR-04/K6_Q4/T1,"This step produces a change, an inspection result or verification evidence.",Before/after state or recorded inspection.,"Instantiate against one named event, retry, issue or output when a run is attached.",awaiting_execution,,,https://dhigdec.github.io/creative-ai-benchmark/gatsby-v4/#VECTOR-04
SB3-034-VEC,VECTOR-04,K6_Q4,VECTOR-04/K6_Q4/T2,A repeated call has a stated reason grounded in the previous result.,"Previous call, response and retry rationale.","Instantiate against one named event, retry, issue or output when a run is attached.",awaiting_execution,,,https://dhigdec.github.io/creative-ai-benchmark/gatsby-v4/#VECTOR-04
SB3-034-VEC,VECTOR-04,K6_Q5,VECTOR-04/K6_Q5/T1,The failed result is recorded before the next dependent action.,Error or defect observation and ordered events.,"Instantiate against one named event, retry, issue or output when a run is attached.",awaiting_execution,,,https://dhigdec.github.io/creative-ai-benchmark/gatsby-v4/#VECTOR-04
SB3-034-VEC,VECTOR-04,K6_Q5,VECTOR-04/K6_Q5/T2,The recovery action addresses the recorded failure.,"Failure, changed settings or fallback, and subsequent result.","Instantiate against one named event, retry, issue or output when a run is attached.",awaiting_execution,,,https://dhigdec.github.io/creative-ai-benchmark/gatsby-v4/#VECTOR-04
SB3-034-VEC,VECTOR-04,K6_Q6,VECTOR-04/K6_Q6/T1,The named output is checked before it is submitted.,Output-specific verification event and submission event.,"Instantiate against one named event, retry, issue or output when a run is attached.",awaiting_execution,,,https://dhigdec.github.io/creative-ai-benchmark/gatsby-v4/#VECTOR-04
SB3-034-VEC,VECTOR-04,K6_Q6,VECTOR-04/K6_Q6/T2,The stop decision states whether the named output is complete or blocked.,Stop event and actual delivery status.,"Instantiate against one named event, retry, issue or output when a run is attached.",awaiting_execution,,,https://dhigdec.github.io/creative-ai-benchmark/gatsby-v4/#VECTOR-04
SB3-034-VEC,VECTOR-04,K6_Q7,VECTOR-04/K6_Q7/T1,The final handoff discloses the recorded unresolved issue.,Unresolved issue and matching handoff disclosure.,"Instantiate against one named event, retry, issue or output when a run is attached.",awaiting_execution,,,https://dhigdec.github.io/creative-ai-benchmark/gatsby-v4/#VECTOR-04
SB3-034-VEC,VECTOR-04,K6_Q7,VECTOR-04/K6_Q7/T2,The completion claim for the named output agrees with its verified status.,"Claim, delivery manifest and verifier result.","Instantiate against one named event, retry, issue or output when a run is attached.",awaiting_execution,,,https://dhigdec.github.io/creative-ai-benchmark/gatsby-v4/#VECTOR-04
SB3-034-VEC,VECTOR-04,K6_Q8,VECTOR-04/K6_Q8/T1,The stated confidence agrees with the independent assessment of this run.,Agent confidence and separate expert outcome.,"Instantiate against one named event, retry, issue or output when a run is attached.",awaiting_execution,,,https://dhigdec.github.io/creative-ai-benchmark/gatsby-v4/#VECTOR-04
SB3-035-VEC,VECTOR-05,K6_Q1,VECTOR-05/K6_Q1/T1,A prerequisite is completed before the step that depends on it.,Dependency event IDs and event order.,"Instantiate against one named event, retry, issue or output when a run is attached.",awaiting_execution,,,https://dhigdec.github.io/creative-ai-benchmark/gatsby-v4/#VECTOR-05
SB3-035-VEC,VECTOR-05,K6_Q2,VECTOR-05/K6_Q2/T1,The named tool supports the operation attempted in this step.,"Exact tool name, sanitized parameters, intended change and tool result.","Instantiate against one named event, retry, issue or output when a run is attached.",awaiting_execution,,,https://dhigdec.github.io/creative-ai-benchmark/gatsby-v4/#VECTOR-05
SB3-035-VEC,VECTOR-05,K6_Q2,VECTOR-05/K6_Q2/T2,The settings match the stated requirement for the affected output.,Output requirement and sanitized settings.,"Instantiate against one named event, retry, issue or output when a run is attached.",awaiting_execution,,,https://dhigdec.github.io/creative-ai-benchmark/gatsby-v4/#VECTOR-05
SB3-035-VEC,VECTOR-05,K6_Q3,VECTOR-05/K6_Q3/T1,The input version is the latest approved version for this step.,"Input artifact version, approval state and predecessor event.","Instantiate against one named event, retry, issue or output when a run is attached.",awaiting_execution,,,https://dhigdec.github.io/creative-ai-benchmark/gatsby-v4/#VECTOR-05
SB3-035-VEC,VECTOR-05,K6_Q3,VECTOR-05/K6_Q3/T2,The tool acts on the intended document or selection.,Document or selection identifier and preview.,"Instantiate against one named event, retry, issue or output when a run is attached.",awaiting_execution,,,https://dhigdec.github.io/creative-ai-benchmark/gatsby-v4/#VECTOR-05
SB3-035-VEC,VECTOR-05,K6_Q4,VECTOR-05/K6_Q4/T1,"This step produces a change, an inspection result or verification evidence.",Before/after state or recorded inspection.,"Instantiate against one named event, retry, issue or output when a run is attached.",awaiting_execution,,,https://dhigdec.github.io/creative-ai-benchmark/gatsby-v4/#VECTOR-05
SB3-035-VEC,VECTOR-05,K6_Q4,VECTOR-05/K6_Q4/T2,A repeated call has a stated reason grounded in the previous result.,"Previous call, response and retry rationale.","Instantiate against one named event, retry, issue or output when a run is attached.",awaiting_execution,,,https://dhigdec.github.io/creative-ai-benchmark/gatsby-v4/#VECTOR-05
SB3-035-VEC,VECTOR-05,K6_Q5,VECTOR-05/K6_Q5/T1,The failed result is recorded before the next dependent action.,Error or defect observation and ordered events.,"Instantiate against one named event, retry, issue or output when a run is attached.",awaiting_execution,,,https://dhigdec.github.io/creative-ai-benchmark/gatsby-v4/#VECTOR-05
SB3-035-VEC,VECTOR-05,K6_Q5,VECTOR-05/K6_Q5/T2,The recovery action addresses the recorded failure.,"Failure, changed settings or fallback, and subsequent result.","Instantiate against one named event, retry, issue or output when a run is attached.",awaiting_execution,,,https://dhigdec.github.io/creative-ai-benchmark/gatsby-v4/#VECTOR-05
SB3-035-VEC,VECTOR-05,K6_Q6,VECTOR-05/K6_Q6/T1,The named output is checked before it is submitted.,Output-specific verification event and submission event.,"Instantiate against one named event, retry, issue or output when a run is attached.",awaiting_execution,,,https://dhigdec.github.io/creative-ai-benchmark/gatsby-v4/#VECTOR-05
SB3-035-VEC,VECTOR-05,K6_Q6,VECTOR-05/K6_Q6/T2,The stop decision states whether the named output is complete or blocked.,Stop event and actual delivery status.,"Instantiate against one named event, retry, issue or output when a run is attached.",awaiting_execution,,,https://dhigdec.github.io/creative-ai-benchmark/gatsby-v4/#VECTOR-05
SB3-035-VEC,VECTOR-05,K6_Q7,VECTOR-05/K6_Q7/T1,The final handoff discloses the recorded unresolved issue.,Unresolved issue and matching handoff disclosure.,"Instantiate against one named event, retry, issue or output when a run is attached.",awaiting_execution,,,https://dhigdec.github.io/creative-ai-benchmark/gatsby-v4/#VECTOR-05
SB3-035-VEC,VECTOR-05,K6_Q7,VECTOR-05/K6_Q7/T2,The completion claim for the named output agrees with its verified status.,"Claim, delivery manifest and verifier result.","Instantiate against one named event, retry, issue or output when a run is attached.",awaiting_execution,,,https://dhigdec.github.io/creative-ai-benchmark/gatsby-v4/#VECTOR-05
SB3-035-VEC,VECTOR-05,K6_Q8,VECTOR-05/K6_Q8/T1,The stated confidence agrees with the independent assessment of this run.,Agent confidence and separate expert outcome.,"Instantiate against one named event, retry, issue or output when a run is attached.",awaiting_execution,,,https://dhigdec.github.io/creative-ai-benchmark/gatsby-v4/#VECTOR-05
SB3-036-VEC,VECTOR-06,K6_Q1,VECTOR-06/K6_Q1/T1,A prerequisite is completed before the step that depends on it.,Dependency event IDs and event order.,"Instantiate against one named event, retry, issue or output when a run is attached.",awaiting_execution,,,https://dhigdec.github.io/creative-ai-benchmark/gatsby-v4/#VECTOR-06
SB3-036-VEC,VECTOR-06,K6_Q2,VECTOR-06/K6_Q2/T1,The named tool supports the operation attempted in this step.,"Exact tool name, sanitized parameters, intended change and tool result.","Instantiate against one named event, retry, issue or output when a run is attached.",awaiting_execution,,,https://dhigdec.github.io/creative-ai-benchmark/gatsby-v4/#VECTOR-06
SB3-036-VEC,VECTOR-06,K6_Q2,VECTOR-06/K6_Q2/T2,The settings match the stated requirement for the affected output.,Output requirement and sanitized settings.,"Instantiate against one named event, retry, issue or output when a run is attached.",awaiting_execution,,,https://dhigdec.github.io/creative-ai-benchmark/gatsby-v4/#VECTOR-06
SB3-036-VEC,VECTOR-06,K6_Q3,VECTOR-06/K6_Q3/T1,The input version is the latest approved version for this step.,"Input artifact version, approval state and predecessor event.","Instantiate against one named event, retry, issue or output when a run is attached.",awaiting_execution,,,https://dhigdec.github.io/creative-ai-benchmark/gatsby-v4/#VECTOR-06
SB3-036-VEC,VECTOR-06,K6_Q3,VECTOR-06/K6_Q3/T2,The tool acts on the intended document or selection.,Document or selection identifier and preview.,"Instantiate against one named event, retry, issue or output when a run is attached.",awaiting_execution,,,https://dhigdec.github.io/creative-ai-benchmark/gatsby-v4/#VECTOR-06
SB3-036-VEC,VECTOR-06,K6_Q4,VECTOR-06/K6_Q4/T1,"This step produces a change, an inspection result or verification evidence.",Before/after state or recorded inspection.,"Instantiate against one named event, retry, issue or output when a run is attached.",awaiting_execution,,,https://dhigdec.github.io/creative-ai-benchmark/gatsby-v4/#VECTOR-06
SB3-036-VEC,VECTOR-06,K6_Q4,VECTOR-06/K6_Q4/T2,A repeated call has a stated reason grounded in the previous result.,"Previous call, response and retry rationale.","Instantiate against one named event, retry, issue or output when a run is attached.",awaiting_execution,,,https://dhigdec.github.io/creative-ai-benchmark/gatsby-v4/#VECTOR-06
SB3-036-VEC,VECTOR-06,K6_Q5,VECTOR-06/K6_Q5/T1,The failed result is recorded before the next dependent action.,Error or defect observation and ordered events.,"Instantiate against one named event, retry, issue or output when a run is attached.",awaiting_execution,,,https://dhigdec.github.io/creative-ai-benchmark/gatsby-v4/#VECTOR-06
SB3-036-VEC,VECTOR-06,K6_Q5,VECTOR-06/K6_Q5/T2,The recovery action addresses the recorded failure.,"Failure, changed settings or fallback, and subsequent result.","Instantiate against one named event, retry, issue or output when a run is attached.",awaiting_execution,,,https://dhigdec.github.io/creative-ai-benchmark/gatsby-v4/#VECTOR-06
SB3-036-VEC,VECTOR-06,K6_Q6,VECTOR-06/K6_Q6/T1,The named output is checked before it is submitted.,Output-specific verification event and submission event.,"Instantiate against one named event, retry, issue or output when a run is attached.",awaiting_execution,,,https://dhigdec.github.io/creative-ai-benchmark/gatsby-v4/#VECTOR-06
SB3-036-VEC,VECTOR-06,K6_Q6,VECTOR-06/K6_Q6/T2,The stop decision states whether the named output is complete or blocked.,Stop event and actual delivery status.,"Instantiate against one named event, retry, issue or output when a run is attached.",awaiting_execution,,,https://dhigdec.github.io/creative-ai-benchmark/gatsby-v4/#VECTOR-06
SB3-036-VEC,VECTOR-06,K6_Q7,VECTOR-06/K6_Q7/T1,The final handoff discloses the recorded unresolved issue.,Unresolved issue and matching handoff disclosure.,"Instantiate against one named event, retry, issue or output when a run is attached.",awaiting_execution,,,https://dhigdec.github.io/creative-ai-benchmark/gatsby-v4/#VECTOR-06
SB3-036-VEC,VECTOR-06,K6_Q7,VECTOR-06/K6_Q7/T2,The completion claim for the named output agrees with its verified status.,"Claim, delivery manifest and verifier result.","Instantiate against one named event, retry, issue or output when a run is attached.",awaiting_execution,,,https://dhigdec.github.io/creative-ai-benchmark/gatsby-v4/#VECTOR-06
SB3-036-VEC,VECTOR-06,K6_Q8,VECTOR-06/K6_Q8/T1,The stated confidence agrees with the independent assessment of this run.,Agent confidence and separate expert outcome.,"Instantiate against one named event, retry, issue or output when a run is attached.",awaiting_execution,,,https://dhigdec.github.io/creative-ai-benchmark/gatsby-v4/#VECTOR-06
SB3-037-VEC,VECTOR-07,K6_Q1,VECTOR-07/K6_Q1/T1,A prerequisite is completed before the step that depends on it.,Dependency event IDs and event order.,"Instantiate against one named event, retry, issue or output when a run is attached.",awaiting_execution,,,https://dhigdec.github.io/creative-ai-benchmark/gatsby-v4/#VECTOR-07
SB3-037-VEC,VECTOR-07,K6_Q2,VECTOR-07/K6_Q2/T1,The named tool supports the operation attempted in this step.,"Exact tool name, sanitized parameters, intended change and tool result.","Instantiate against one named event, retry, issue or output when a run is attached.",awaiting_execution,,,https://dhigdec.github.io/creative-ai-benchmark/gatsby-v4/#VECTOR-07
SB3-037-VEC,VECTOR-07,K6_Q2,VECTOR-07/K6_Q2/T2,The settings match the stated requirement for the affected output.,Output requirement and sanitized settings.,"Instantiate against one named event, retry, issue or output when a run is attached.",awaiting_execution,,,https://dhigdec.github.io/creative-ai-benchmark/gatsby-v4/#VECTOR-07
SB3-037-VEC,VECTOR-07,K6_Q3,VECTOR-07/K6_Q3/T1,The input version is the latest approved version for this step.,"Input artifact version, approval state and predecessor event.","Instantiate against one named event, retry, issue or output when a run is attached.",awaiting_execution,,,https://dhigdec.github.io/creative-ai-benchmark/gatsby-v4/#VECTOR-07
SB3-037-VEC,VECTOR-07,K6_Q3,VECTOR-07/K6_Q3/T2,The tool acts on the intended document or selection.,Document or selection identifier and preview.,"Instantiate against one named event, retry, issue or output when a run is attached.",awaiting_execution,,,https://dhigdec.github.io/creative-ai-benchmark/gatsby-v4/#VECTOR-07
SB3-037-VEC,VECTOR-07,K6_Q4,VECTOR-07/K6_Q4/T1,"This step produces a change, an inspection result or verification evidence.",Before/after state or recorded inspection.,"Instantiate against one named event, retry, issue or output when a run is attached.",awaiting_execution,,,https://dhigdec.github.io/creative-ai-benchmark/gatsby-v4/#VECTOR-07
SB3-037-VEC,VECTOR-07,K6_Q4,VECTOR-07/K6_Q4/T2,A repeated call has a stated reason grounded in the previous result.,"Previous call, response and retry rationale.","Instantiate against one named event, retry, issue or output when a run is attached.",awaiting_execution,,,https://dhigdec.github.io/creative-ai-benchmark/gatsby-v4/#VECTOR-07
SB3-037-VEC,VECTOR-07,K6_Q5,VECTOR-07/K6_Q5/T1,The failed result is recorded before the next dependent action.,Error or defect observation and ordered events.,"Instantiate against one named event, retry, issue or output when a run is attached.",awaiting_execution,,,https://dhigdec.github.io/creative-ai-benchmark/gatsby-v4/#VECTOR-07
SB3-037-VEC,VECTOR-07,K6_Q5,VECTOR-07/K6_Q5/T2,The recovery action addresses the recorded failure.,"Failure, changed settings or fallback, and subsequent result.","Instantiate against one named event, retry, issue or output when a run is attached.",awaiting_execution,,,https://dhigdec.github.io/creative-ai-benchmark/gatsby-v4/#VECTOR-07
SB3-037-VEC,VECTOR-07,K6_Q6,VECTOR-07/K6_Q6/T1,The named output is checked before it is submitted.,Output-specific verification event and submission event.,"Instantiate against one named event, retry, issue or output when a run is attached.",awaiting_execution,,,https://dhigdec.github.io/creative-ai-benchmark/gatsby-v4/#VECTOR-07
SB3-037-VEC,VECTOR-07,K6_Q6,VECTOR-07/K6_Q6/T2,The stop decision states whether the named output is complete or blocked.,Stop event and actual delivery status.,"Instantiate against one named event, retry, issue or output when a run is attached.",awaiting_execution,,,https://dhigdec.github.io/creative-ai-benchmark/gatsby-v4/#VECTOR-07
SB3-037-VEC,VECTOR-07,K6_Q7,VECTOR-07/K6_Q7/T1,The final handoff discloses the recorded unresolved issue.,Unresolved issue and matching handoff disclosure.,"Instantiate against one named event, retry, issue or output when a run is attached.",awaiting_execution,,,https://dhigdec.github.io/creative-ai-benchmark/gatsby-v4/#VECTOR-07
SB3-037-VEC,VECTOR-07,K6_Q7,VECTOR-07/K6_Q7/T2,The completion claim for the named output agrees with its verified status.,"Claim, delivery manifest and verifier result.","Instantiate against one named event, retry, issue or output when a run is attached.",awaiting_execution,,,https://dhigdec.github.io/creative-ai-benchmark/gatsby-v4/#VECTOR-07
SB3-037-VEC,VECTOR-07,K6_Q8,VECTOR-07/K6_Q8/T1,The stated confidence agrees with the independent assessment of this run.,Agent confidence and separate expert outcome.,"Instantiate against one named event, retry, issue or output when a run is attached.",awaiting_execution,,,https://dhigdec.github.io/creative-ai-benchmark/gatsby-v4/#VECTOR-07
SB3-038-VEC,VECTOR-08,K6_Q1,VECTOR-08/K6_Q1/T1,A prerequisite is completed before the step that depends on it.,Dependency event IDs and event order.,"Instantiate against one named event, retry, issue or output when a run is attached.",awaiting_execution,,,https://dhigdec.github.io/creative-ai-benchmark/gatsby-v4/#VECTOR-08
SB3-038-VEC,VECTOR-08,K6_Q2,VECTOR-08/K6_Q2/T1,The named tool supports the operation attempted in this step.,"Exact tool name, sanitized parameters, intended change and tool result.","Instantiate against one named event, retry, issue or output when a run is attached.",awaiting_execution,,,https://dhigdec.github.io/creative-ai-benchmark/gatsby-v4/#VECTOR-08
SB3-038-VEC,VECTOR-08,K6_Q2,VECTOR-08/K6_Q2/T2,The settings match the stated requirement for the affected output.,Output requirement and sanitized settings.,"Instantiate against one named event, retry, issue or output when a run is attached.",awaiting_execution,,,https://dhigdec.github.io/creative-ai-benchmark/gatsby-v4/#VECTOR-08
SB3-038-VEC,VECTOR-08,K6_Q3,VECTOR-08/K6_Q3/T1,The input version is the latest approved version for this step.,"Input artifact version, approval state and predecessor event.","Instantiate against one named event, retry, issue or output when a run is attached.",awaiting_execution,,,https://dhigdec.github.io/creative-ai-benchmark/gatsby-v4/#VECTOR-08
SB3-038-VEC,VECTOR-08,K6_Q3,VECTOR-08/K6_Q3/T2,The tool acts on the intended document or selection.,Document or selection identifier and preview.,"Instantiate against one named event, retry, issue or output when a run is attached.",awaiting_execution,,,https://dhigdec.github.io/creative-ai-benchmark/gatsby-v4/#VECTOR-08
SB3-038-VEC,VECTOR-08,K6_Q4,VECTOR-08/K6_Q4/T1,"This step produces a change, an inspection result or verification evidence.",Before/after state or recorded inspection.,"Instantiate against one named event, retry, issue or output when a run is attached.",awaiting_execution,,,https://dhigdec.github.io/creative-ai-benchmark/gatsby-v4/#VECTOR-08
SB3-038-VEC,VECTOR-08,K6_Q4,VECTOR-08/K6_Q4/T2,A repeated call has a stated reason grounded in the previous result.,"Previous call, response and retry rationale.","Instantiate against one named event, retry, issue or output when a run is attached.",awaiting_execution,,,https://dhigdec.github.io/creative-ai-benchmark/gatsby-v4/#VECTOR-08
SB3-038-VEC,VECTOR-08,K6_Q5,VECTOR-08/K6_Q5/T1,The failed result is recorded before the next dependent action.,Error or defect observation and ordered events.,"Instantiate against one named event, retry, issue or output when a run is attached.",awaiting_execution,,,https://dhigdec.github.io/creative-ai-benchmark/gatsby-v4/#VECTOR-08
SB3-038-VEC,VECTOR-08,K6_Q5,VECTOR-08/K6_Q5/T2,The recovery action addresses the recorded failure.,"Failure, changed settings or fallback, and subsequent result.","Instantiate against one named event, retry, issue or output when a run is attached.",awaiting_execution,,,https://dhigdec.github.io/creative-ai-benchmark/gatsby-v4/#VECTOR-08
SB3-038-VEC,VECTOR-08,K6_Q6,VECTOR-08/K6_Q6/T1,The named output is checked before it is submitted.,Output-specific verification event and submission event.,"Instantiate against one named event, retry, issue or output when a run is attached.",awaiting_execution,,,https://dhigdec.github.io/creative-ai-benchmark/gatsby-v4/#VECTOR-08
SB3-038-VEC,VECTOR-08,K6_Q6,VECTOR-08/K6_Q6/T2,The stop decision states whether the named output is complete or blocked.,Stop event and actual delivery status.,"Instantiate against one named event, retry, issue or output when a run is attached.",awaiting_execution,,,https://dhigdec.github.io/creative-ai-benchmark/gatsby-v4/#VECTOR-08
SB3-038-VEC,VECTOR-08,K6_Q7,VECTOR-08/K6_Q7/T1,The final handoff discloses the recorded unresolved issue.,Unresolved issue and matching handoff disclosure.,"Instantiate against one named event, retry, issue or output when a run is attached.",awaiting_execution,,,https://dhigdec.github.io/creative-ai-benchmark/gatsby-v4/#VECTOR-08
SB3-038-VEC,VECTOR-08,K6_Q7,VECTOR-08/K6_Q7/T2,The completion claim for the named output agrees with its verified status.,"Claim, delivery manifest and verifier result.","Instantiate against one named event, retry, issue or output when a run is attached.",awaiting_execution,,,https://dhigdec.github.io/creative-ai-benchmark/gatsby-v4/#VECTOR-08
SB3-038-VEC,VECTOR-08,K6_Q8,VECTOR-08/K6_Q8/T1,The stated confidence agrees with the independent assessment of this run.,Agent confidence and separate expert outcome.,"Instantiate against one named event, retry, issue or output when a run is attached.",awaiting_execution,,,https://dhigdec.github.io/creative-ai-benchmark/gatsby-v4/#VECTOR-08
SB3-039-VEC,VECTOR-09,K6_Q1,VECTOR-09/K6_Q1/T1,A prerequisite is completed before the step that depends on it.,Dependency event IDs and event order.,"Instantiate against one named event, retry, issue or output when a run is attached.",awaiting_execution,,,https://dhigdec.github.io/creative-ai-benchmark/gatsby-v4/#VECTOR-09
SB3-039-VEC,VECTOR-09,K6_Q2,VECTOR-09/K6_Q2/T1,The named tool supports the operation attempted in this step.,"Exact tool name, sanitized parameters, intended change and tool result.","Instantiate against one named event, retry, issue or output when a run is attached.",awaiting_execution,,,https://dhigdec.github.io/creative-ai-benchmark/gatsby-v4/#VECTOR-09
SB3-039-VEC,VECTOR-09,K6_Q2,VECTOR-09/K6_Q2/T2,The settings match the stated requirement for the affected output.,Output requirement and sanitized settings.,"Instantiate against one named event, retry, issue or output when a run is attached.",awaiting_execution,,,https://dhigdec.github.io/creative-ai-benchmark/gatsby-v4/#VECTOR-09
SB3-039-VEC,VECTOR-09,K6_Q3,VECTOR-09/K6_Q3/T1,The input version is the latest approved version for this step.,"Input artifact version, approval state and predecessor event.","Instantiate against one named event, retry, issue or output when a run is attached.",awaiting_execution,,,https://dhigdec.github.io/creative-ai-benchmark/gatsby-v4/#VECTOR-09
SB3-039-VEC,VECTOR-09,K6_Q3,VECTOR-09/K6_Q3/T2,The tool acts on the intended document or selection.,Document or selection identifier and preview.,"Instantiate against one named event, retry, issue or output when a run is attached.",awaiting_execution,,,https://dhigdec.github.io/creative-ai-benchmark/gatsby-v4/#VECTOR-09
SB3-039-VEC,VECTOR-09,K6_Q4,VECTOR-09/K6_Q4/T1,"This step produces a change, an inspection result or verification evidence.",Before/after state or recorded inspection.,"Instantiate against one named event, retry, issue or output when a run is attached.",awaiting_execution,,,https://dhigdec.github.io/creative-ai-benchmark/gatsby-v4/#VECTOR-09
SB3-039-VEC,VECTOR-09,K6_Q4,VECTOR-09/K6_Q4/T2,A repeated call has a stated reason grounded in the previous result.,"Previous call, response and retry rationale.","Instantiate against one named event, retry, issue or output when a run is attached.",awaiting_execution,,,https://dhigdec.github.io/creative-ai-benchmark/gatsby-v4/#VECTOR-09
SB3-039-VEC,VECTOR-09,K6_Q5,VECTOR-09/K6_Q5/T1,The failed result is recorded before the next dependent action.,Error or defect observation and ordered events.,"Instantiate against one named event, retry, issue or output when a run is attached.",awaiting_execution,,,https://dhigdec.github.io/creative-ai-benchmark/gatsby-v4/#VECTOR-09
SB3-039-VEC,VECTOR-09,K6_Q5,VECTOR-09/K6_Q5/T2,The recovery action addresses the recorded failure.,"Failure, changed settings or fallback, and subsequent result.","Instantiate against one named event, retry, issue or output when a run is attached.",awaiting_execution,,,https://dhigdec.github.io/creative-ai-benchmark/gatsby-v4/#VECTOR-09
SB3-039-VEC,VECTOR-09,K6_Q6,VECTOR-09/K6_Q6/T1,The named output is checked before it is submitted.,Output-specific verification event and submission event.,"Instantiate against one named event, retry, issue or output when a run is attached.",awaiting_execution,,,https://dhigdec.github.io/creative-ai-benchmark/gatsby-v4/#VECTOR-09
SB3-039-VEC,VECTOR-09,K6_Q6,VECTOR-09/K6_Q6/T2,The stop decision states whether the named output is complete or blocked.,Stop event and actual delivery status.,"Instantiate against one named event, retry, issue or output when a run is attached.",awaiting_execution,,,https://dhigdec.github.io/creative-ai-benchmark/gatsby-v4/#VECTOR-09
SB3-039-VEC,VECTOR-09,K6_Q7,VECTOR-09/K6_Q7/T1,The final handoff discloses the recorded unresolved issue.,Unresolved issue and matching handoff disclosure.,"Instantiate against one named event, retry, issue or output when a run is attached.",awaiting_execution,,,https://dhigdec.github.io/creative-ai-benchmark/gatsby-v4/#VECTOR-09
SB3-039-VEC,VECTOR-09,K6_Q7,VECTOR-09/K6_Q7/T2,The completion claim for the named output agrees with its verified status.,"Claim, delivery manifest and verifier result.","Instantiate against one named event, retry, issue or output when a run is attached.",awaiting_execution,,,https://dhigdec.github.io/creative-ai-benchmark/gatsby-v4/#VECTOR-09
SB3-039-VEC,VECTOR-09,K6_Q8,VECTOR-09/K6_Q8/T1,The stated confidence agrees with the independent assessment of this run.,Agent confidence and separate expert outcome.,"Instantiate against one named event, retry, issue or output when a run is attached.",awaiting_execution,,,https://dhigdec.github.io/creative-ai-benchmark/gatsby-v4/#VECTOR-09
SB3-040-VEC,VECTOR-10,K6_Q1,VECTOR-10/K6_Q1/T1,A prerequisite is completed before the step that depends on it.,Dependency event IDs and event order.,"Instantiate against one named event, retry, issue or output when a run is attached.",awaiting_execution,,,https://dhigdec.github.io/creative-ai-benchmark/gatsby-v4/#VECTOR-10
SB3-040-VEC,VECTOR-10,K6_Q2,VECTOR-10/K6_Q2/T1,The named tool supports the operation attempted in this step.,"Exact tool name, sanitized parameters, intended change and tool result.","Instantiate against one named event, retry, issue or output when a run is attached.",awaiting_execution,,,https://dhigdec.github.io/creative-ai-benchmark/gatsby-v4/#VECTOR-10
SB3-040-VEC,VECTOR-10,K6_Q2,VECTOR-10/K6_Q2/T2,The settings match the stated requirement for the affected output.,Output requirement and sanitized settings.,"Instantiate against one named event, retry, issue or output when a run is attached.",awaiting_execution,,,https://dhigdec.github.io/creative-ai-benchmark/gatsby-v4/#VECTOR-10
SB3-040-VEC,VECTOR-10,K6_Q3,VECTOR-10/K6_Q3/T1,The input version is the latest approved version for this step.,"Input artifact version, approval state and predecessor event.","Instantiate against one named event, retry, issue or output when a run is attached.",awaiting_execution,,,https://dhigdec.github.io/creative-ai-benchmark/gatsby-v4/#VECTOR-10
SB3-040-VEC,VECTOR-10,K6_Q3,VECTOR-10/K6_Q3/T2,The tool acts on the intended document or selection.,Document or selection identifier and preview.,"Instantiate against one named event, retry, issue or output when a run is attached.",awaiting_execution,,,https://dhigdec.github.io/creative-ai-benchmark/gatsby-v4/#VECTOR-10
SB3-040-VEC,VECTOR-10,K6_Q4,VECTOR-10/K6_Q4/T1,"This step produces a change, an inspection result or verification evidence.",Before/after state or recorded inspection.,"Instantiate against one named event, retry, issue or output when a run is attached.",awaiting_execution,,,https://dhigdec.github.io/creative-ai-benchmark/gatsby-v4/#VECTOR-10
SB3-040-VEC,VECTOR-10,K6_Q4,VECTOR-10/K6_Q4/T2,A repeated call has a stated reason grounded in the previous result.,"Previous call, response and retry rationale.","Instantiate against one named event, retry, issue or output when a run is attached.",awaiting_execution,,,https://dhigdec.github.io/creative-ai-benchmark/gatsby-v4/#VECTOR-10
SB3-040-VEC,VECTOR-10,K6_Q5,VECTOR-10/K6_Q5/T1,The failed result is recorded before the next dependent action.,Error or defect observation and ordered events.,"Instantiate against one named event, retry, issue or output when a run is attached.",awaiting_execution,,,https://dhigdec.github.io/creative-ai-benchmark/gatsby-v4/#VECTOR-10
SB3-040-VEC,VECTOR-10,K6_Q5,VECTOR-10/K6_Q5/T2,The recovery action addresses the recorded failure.,"Failure, changed settings or fallback, and subsequent result.","Instantiate against one named event, retry, issue or output when a run is attached.",awaiting_execution,,,https://dhigdec.github.io/creative-ai-benchmark/gatsby-v4/#VECTOR-10
SB3-040-VEC,VECTOR-10,K6_Q6,VECTOR-10/K6_Q6/T1,The named output is checked before it is submitted.,Output-specific verification event and submission event.,"Instantiate against one named event, retry, issue or output when a run is attached.",awaiting_execution,,,https://dhigdec.github.io/creative-ai-benchmark/gatsby-v4/#VECTOR-10
SB3-040-VEC,VECTOR-10,K6_Q6,VECTOR-10/K6_Q6/T2,The stop decision states whether the named output is complete or blocked.,Stop event and actual delivery status.,"Instantiate against one named event, retry, issue or output when a run is attached.",awaiting_execution,,,https://dhigdec.github.io/creative-ai-benchmark/gatsby-v4/#VECTOR-10
SB3-040-VEC,VECTOR-10,K6_Q7,VECTOR-10/K6_Q7/T1,The final handoff discloses the recorded unresolved issue.,Unresolved issue and matching handoff disclosure.,"Instantiate against one named event, retry, issue or output when a run is attached.",awaiting_execution,,,https://dhigdec.github.io/creative-ai-benchmark/gatsby-v4/#VECTOR-10
SB3-040-VEC,VECTOR-10,K6_Q7,VECTOR-10/K6_Q7/T2,The completion claim for the named output agrees with its verified status.,"Claim, delivery manifest and verifier result.","Instantiate against one named event, retry, issue or output when a run is attached.",awaiting_execution,,,https://dhigdec.github.io/creative-ai-benchmark/gatsby-v4/#VECTOR-10
SB3-040-VEC,VECTOR-10,K6_Q8,VECTOR-10/K6_Q8/T1,The stated confidence agrees with the independent assessment of this run.,Agent confidence and separate expert outcome.,"Instantiate against one named event, retry, issue or output when a run is attached.",awaiting_execution,,,https://dhigdec.github.io/creative-ai-benchmark/gatsby-v4/#VECTOR-10
SB3-041-VEC,VECTOR-11,K6_Q1,VECTOR-11/K6_Q1/T1,A prerequisite is completed before the step that depends on it.,Dependency event IDs and event order.,"Instantiate against one named event, retry, issue or output when a run is attached.",awaiting_execution,,,https://dhigdec.github.io/creative-ai-benchmark/gatsby-v4/#VECTOR-11
SB3-041-VEC,VECTOR-11,K6_Q2,VECTOR-11/K6_Q2/T1,The named tool supports the operation attempted in this step.,"Exact tool name, sanitized parameters, intended change and tool result.","Instantiate against one named event, retry, issue or output when a run is attached.",awaiting_execution,,,https://dhigdec.github.io/creative-ai-benchmark/gatsby-v4/#VECTOR-11
SB3-041-VEC,VECTOR-11,K6_Q2,VECTOR-11/K6_Q2/T2,The settings match the stated requirement for the affected output.,Output requirement and sanitized settings.,"Instantiate against one named event, retry, issue or output when a run is attached.",awaiting_execution,,,https://dhigdec.github.io/creative-ai-benchmark/gatsby-v4/#VECTOR-11
SB3-041-VEC,VECTOR-11,K6_Q3,VECTOR-11/K6_Q3/T1,The input version is the latest approved version for this step.,"Input artifact version, approval state and predecessor event.","Instantiate against one named event, retry, issue or output when a run is attached.",awaiting_execution,,,https://dhigdec.github.io/creative-ai-benchmark/gatsby-v4/#VECTOR-11
SB3-041-VEC,VECTOR-11,K6_Q3,VECTOR-11/K6_Q3/T2,The tool acts on the intended document or selection.,Document or selection identifier and preview.,"Instantiate against one named event, retry, issue or output when a run is attached.",awaiting_execution,,,https://dhigdec.github.io/creative-ai-benchmark/gatsby-v4/#VECTOR-11
SB3-041-VEC,VECTOR-11,K6_Q4,VECTOR-11/K6_Q4/T1,"This step produces a change, an inspection result or verification evidence.",Before/after state or recorded inspection.,"Instantiate against one named event, retry, issue or output when a run is attached.",awaiting_execution,,,https://dhigdec.github.io/creative-ai-benchmark/gatsby-v4/#VECTOR-11
SB3-041-VEC,VECTOR-11,K6_Q4,VECTOR-11/K6_Q4/T2,A repeated call has a stated reason grounded in the previous result.,"Previous call, response and retry rationale.","Instantiate against one named event, retry, issue or output when a run is attached.",awaiting_execution,,,https://dhigdec.github.io/creative-ai-benchmark/gatsby-v4/#VECTOR-11
SB3-041-VEC,VECTOR-11,K6_Q5,VECTOR-11/K6_Q5/T1,The failed result is recorded before the next dependent action.,Error or defect observation and ordered events.,"Instantiate against one named event, retry, issue or output when a run is attached.",awaiting_execution,,,https://dhigdec.github.io/creative-ai-benchmark/gatsby-v4/#VECTOR-11
SB3-041-VEC,VECTOR-11,K6_Q5,VECTOR-11/K6_Q5/T2,The recovery action addresses the recorded failure.,"Failure, changed settings or fallback, and subsequent result.","Instantiate against one named event, retry, issue or output when a run is attached.",awaiting_execution,,,https://dhigdec.github.io/creative-ai-benchmark/gatsby-v4/#VECTOR-11
SB3-041-VEC,VECTOR-11,K6_Q6,VECTOR-11/K6_Q6/T1,The named output is checked before it is submitted.,Output-specific verification event and submission event.,"Instantiate against one named event, retry, issue or output when a run is attached.",awaiting_execution,,,https://dhigdec.github.io/creative-ai-benchmark/gatsby-v4/#VECTOR-11
SB3-041-VEC,VECTOR-11,K6_Q6,VECTOR-11/K6_Q6/T2,The stop decision states whether the named output is complete or blocked.,Stop event and actual delivery status.,"Instantiate against one named event, retry, issue or output when a run is attached.",awaiting_execution,,,https://dhigdec.github.io/creative-ai-benchmark/gatsby-v4/#VECTOR-11
SB3-041-VEC,VECTOR-11,K6_Q7,VECTOR-11/K6_Q7/T1,The final handoff discloses the recorded unresolved issue.,Unresolved issue and matching handoff disclosure.,"Instantiate against one named event, retry, issue or output when a run is attached.",awaiting_execution,,,https://dhigdec.github.io/creative-ai-benchmark/gatsby-v4/#VECTOR-11
SB3-041-VEC,VECTOR-11,K6_Q7,VECTOR-11/K6_Q7/T2,The completion claim for the named output agrees with its verified status.,"Claim, delivery manifest and verifier result.","Instantiate against one named event, retry, issue or output when a run is attached.",awaiting_execution,,,https://dhigdec.github.io/creative-ai-benchmark/gatsby-v4/#VECTOR-11
SB3-041-VEC,VECTOR-11,K6_Q8,VECTOR-11/K6_Q8/T1,The stated confidence agrees with the independent assessment of this run.,Agent confidence and separate expert outcome.,"Instantiate against one named event, retry, issue or output when a run is attached.",awaiting_execution,,,https://dhigdec.github.io/creative-ai-benchmark/gatsby-v4/#VECTOR-11
SB3-042-VEC,VECTOR-12,K6_Q1,VECTOR-12/K6_Q1/T1,A prerequisite is completed before the step that depends on it.,Dependency event IDs and event order.,"Instantiate against one named event, retry, issue or output when a run is attached.",awaiting_execution,,,https://dhigdec.github.io/creative-ai-benchmark/gatsby-v4/#VECTOR-12
SB3-042-VEC,VECTOR-12,K6_Q2,VECTOR-12/K6_Q2/T1,The named tool supports the operation attempted in this step.,"Exact tool name, sanitized parameters, intended change and tool result.","Instantiate against one named event, retry, issue or output when a run is attached.",awaiting_execution,,,https://dhigdec.github.io/creative-ai-benchmark/gatsby-v4/#VECTOR-12
SB3-042-VEC,VECTOR-12,K6_Q2,VECTOR-12/K6_Q2/T2,The settings match the stated requirement for the affected output.,Output requirement and sanitized settings.,"Instantiate against one named event, retry, issue or output when a run is attached.",awaiting_execution,,,https://dhigdec.github.io/creative-ai-benchmark/gatsby-v4/#VECTOR-12
SB3-042-VEC,VECTOR-12,K6_Q3,VECTOR-12/K6_Q3/T1,The input version is the latest approved version for this step.,"Input artifact version, approval state and predecessor event.","Instantiate against one named event, retry, issue or output when a run is attached.",awaiting_execution,,,https://dhigdec.github.io/creative-ai-benchmark/gatsby-v4/#VECTOR-12
SB3-042-VEC,VECTOR-12,K6_Q3,VECTOR-12/K6_Q3/T2,The tool acts on the intended document or selection.,Document or selection identifier and preview.,"Instantiate against one named event, retry, issue or output when a run is attached.",awaiting_execution,,,https://dhigdec.github.io/creative-ai-benchmark/gatsby-v4/#VECTOR-12
SB3-042-VEC,VECTOR-12,K6_Q4,VECTOR-12/K6_Q4/T1,"This step produces a change, an inspection result or verification evidence.",Before/after state or recorded inspection.,"Instantiate against one named event, retry, issue or output when a run is attached.",awaiting_execution,,,https://dhigdec.github.io/creative-ai-benchmark/gatsby-v4/#VECTOR-12
SB3-042-VEC,VECTOR-12,K6_Q4,VECTOR-12/K6_Q4/T2,A repeated call has a stated reason grounded in the previous result.,"Previous call, response and retry rationale.","Instantiate against one named event, retry, issue or output when a run is attached.",awaiting_execution,,,https://dhigdec.github.io/creative-ai-benchmark/gatsby-v4/#VECTOR-12
SB3-042-VEC,VECTOR-12,K6_Q5,VECTOR-12/K6_Q5/T1,The failed result is recorded before the next dependent action.,Error or defect observation and ordered events.,"Instantiate against one named event, retry, issue or output when a run is attached.",awaiting_execution,,,https://dhigdec.github.io/creative-ai-benchmark/gatsby-v4/#VECTOR-12
SB3-042-VEC,VECTOR-12,K6_Q5,VECTOR-12/K6_Q5/T2,The recovery action addresses the recorded failure.,"Failure, changed settings or fallback, and subsequent result.","Instantiate against one named event, retry, issue or output when a run is attached.",awaiting_execution,,,https://dhigdec.github.io/creative-ai-benchmark/gatsby-v4/#VECTOR-12
SB3-042-VEC,VECTOR-12,K6_Q6,VECTOR-12/K6_Q6/T1,The named output is checked before it is submitted.,Output-specific verification event and submission event.,"Instantiate against one named event, retry, issue or output when a run is attached.",awaiting_execution,,,https://dhigdec.github.io/creative-ai-benchmark/gatsby-v4/#VECTOR-12
SB3-042-VEC,VECTOR-12,K6_Q6,VECTOR-12/K6_Q6/T2,The stop decision states whether the named output is complete or blocked.,Stop event and actual delivery status.,"Instantiate against one named event, retry, issue or output when a run is attached.",awaiting_execution,,,https://dhigdec.github.io/creative-ai-benchmark/gatsby-v4/#VECTOR-12
SB3-042-VEC,VECTOR-12,K6_Q7,VECTOR-12/K6_Q7/T1,The final handoff discloses the recorded unresolved issue.,Unresolved issue and matching handoff disclosure.,"Instantiate against one named event, retry, issue or output when a run is attached.",awaiting_execution,,,https://dhigdec.github.io/creative-ai-benchmark/gatsby-v4/#VECTOR-12
SB3-042-VEC,VECTOR-12,K6_Q7,VECTOR-12/K6_Q7/T2,The completion claim for the named output agrees with its verified status.,"Claim, delivery manifest and verifier result.","Instantiate against one named event, retry, issue or output when a run is attached.",awaiting_execution,,,https://dhigdec.github.io/creative-ai-benchmark/gatsby-v4/#VECTOR-12
SB3-042-VEC,VECTOR-12,K6_Q8,VECTOR-12/K6_Q8/T1,The stated confidence agrees with the independent assessment of this run.,Agent confidence and separate expert outcome.,"Instantiate against one named event, retry, issue or output when a run is attached.",awaiting_execution,,,https://dhigdec.github.io/creative-ai-benchmark/gatsby-v4/#VECTOR-12
SB3-043-VEC,VECTOR-13,K6_Q1,VECTOR-13/K6_Q1/T1,A prerequisite is completed before the step that depends on it.,Dependency event IDs and event order.,"Instantiate against one named event, retry, issue or output when a run is attached.",awaiting_execution,,,https://dhigdec.github.io/creative-ai-benchmark/gatsby-v4/#VECTOR-13
SB3-043-VEC,VECTOR-13,K6_Q2,VECTOR-13/K6_Q2/T1,The named tool supports the operation attempted in this step.,"Exact tool name, sanitized parameters, intended change and tool result.","Instantiate against one named event, retry, issue or output when a run is attached.",awaiting_execution,,,https://dhigdec.github.io/creative-ai-benchmark/gatsby-v4/#VECTOR-13
SB3-043-VEC,VECTOR-13,K6_Q2,VECTOR-13/K6_Q2/T2,The settings match the stated requirement for the affected output.,Output requirement and sanitized settings.,"Instantiate against one named event, retry, issue or output when a run is attached.",awaiting_execution,,,https://dhigdec.github.io/creative-ai-benchmark/gatsby-v4/#VECTOR-13
SB3-043-VEC,VECTOR-13,K6_Q3,VECTOR-13/K6_Q3/T1,The input version is the latest approved version for this step.,"Input artifact version, approval state and predecessor event.","Instantiate against one named event, retry, issue or output when a run is attached.",awaiting_execution,,,https://dhigdec.github.io/creative-ai-benchmark/gatsby-v4/#VECTOR-13
SB3-043-VEC,VECTOR-13,K6_Q3,VECTOR-13/K6_Q3/T2,The tool acts on the intended document or selection.,Document or selection identifier and preview.,"Instantiate against one named event, retry, issue or output when a run is attached.",awaiting_execution,,,https://dhigdec.github.io/creative-ai-benchmark/gatsby-v4/#VECTOR-13
SB3-043-VEC,VECTOR-13,K6_Q4,VECTOR-13/K6_Q4/T1,"This step produces a change, an inspection result or verification evidence.",Before/after state or recorded inspection.,"Instantiate against one named event, retry, issue or output when a run is attached.",awaiting_execution,,,https://dhigdec.github.io/creative-ai-benchmark/gatsby-v4/#VECTOR-13
SB3-043-VEC,VECTOR-13,K6_Q4,VECTOR-13/K6_Q4/T2,A repeated call has a stated reason grounded in the previous result.,"Previous call, response and retry rationale.","Instantiate against one named event, retry, issue or output when a run is attached.",awaiting_execution,,,https://dhigdec.github.io/creative-ai-benchmark/gatsby-v4/#VECTOR-13
SB3-043-VEC,VECTOR-13,K6_Q5,VECTOR-13/K6_Q5/T1,The failed result is recorded before the next dependent action.,Error or defect observation and ordered events.,"Instantiate against one named event, retry, issue or output when a run is attached.",awaiting_execution,,,https://dhigdec.github.io/creative-ai-benchmark/gatsby-v4/#VECTOR-13
SB3-043-VEC,VECTOR-13,K6_Q5,VECTOR-13/K6_Q5/T2,The recovery action addresses the recorded failure.,"Failure, changed settings or fallback, and subsequent result.","Instantiate against one named event, retry, issue or output when a run is attached.",awaiting_execution,,,https://dhigdec.github.io/creative-ai-benchmark/gatsby-v4/#VECTOR-13
SB3-043-VEC,VECTOR-13,K6_Q6,VECTOR-13/K6_Q6/T1,The named output is checked before it is submitted.,Output-specific verification event and submission event.,"Instantiate against one named event, retry, issue or output when a run is attached.",awaiting_execution,,,https://dhigdec.github.io/creative-ai-benchmark/gatsby-v4/#VECTOR-13
SB3-043-VEC,VECTOR-13,K6_Q6,VECTOR-13/K6_Q6/T2,The stop decision states whether the named output is complete or blocked.,Stop event and actual delivery status.,"Instantiate against one named event, retry, issue or output when a run is attached.",awaiting_execution,,,https://dhigdec.github.io/creative-ai-benchmark/gatsby-v4/#VECTOR-13
SB3-043-VEC,VECTOR-13,K6_Q7,VECTOR-13/K6_Q7/T1,The final handoff discloses the recorded unresolved issue.,Unresolved issue and matching handoff disclosure.,"Instantiate against one named event, retry, issue or output when a run is attached.",awaiting_execution,,,https://dhigdec.github.io/creative-ai-benchmark/gatsby-v4/#VECTOR-13
SB3-043-VEC,VECTOR-13,K6_Q7,VECTOR-13/K6_Q7/T2,The completion claim for the named output agrees with its verified status.,"Claim, delivery manifest and verifier result.","Instantiate against one named event, retry, issue or output when a run is attached.",awaiting_execution,,,https://dhigdec.github.io/creative-ai-benchmark/gatsby-v4/#VECTOR-13
SB3-043-VEC,VECTOR-13,K6_Q8,VECTOR-13/K6_Q8/T1,The stated confidence agrees with the independent assessment of this run.,Agent confidence and separate expert outcome.,"Instantiate against one named event, retry, issue or output when a run is attached.",awaiting_execution,,,https://dhigdec.github.io/creative-ai-benchmark/gatsby-v4/#VECTOR-13
SB3-044-VEC,VECTOR-14,K6_Q1,VECTOR-14/K6_Q1/T1,A prerequisite is completed before the step that depends on it.,Dependency event IDs and event order.,"Instantiate against one named event, retry, issue or output when a run is attached.",awaiting_execution,,,https://dhigdec.github.io/creative-ai-benchmark/gatsby-v4/#VECTOR-14
SB3-044-VEC,VECTOR-14,K6_Q2,VECTOR-14/K6_Q2/T1,The named tool supports the operation attempted in this step.,"Exact tool name, sanitized parameters, intended change and tool result.","Instantiate against one named event, retry, issue or output when a run is attached.",awaiting_execution,,,https://dhigdec.github.io/creative-ai-benchmark/gatsby-v4/#VECTOR-14
SB3-044-VEC,VECTOR-14,K6_Q2,VECTOR-14/K6_Q2/T2,The settings match the stated requirement for the affected output.,Output requirement and sanitized settings.,"Instantiate against one named event, retry, issue or output when a run is attached.",awaiting_execution,,,https://dhigdec.github.io/creative-ai-benchmark/gatsby-v4/#VECTOR-14
SB3-044-VEC,VECTOR-14,K6_Q3,VECTOR-14/K6_Q3/T1,The input version is the latest approved version for this step.,"Input artifact version, approval state and predecessor event.","Instantiate against one named event, retry, issue or output when a run is attached.",awaiting_execution,,,https://dhigdec.github.io/creative-ai-benchmark/gatsby-v4/#VECTOR-14
SB3-044-VEC,VECTOR-14,K6_Q3,VECTOR-14/K6_Q3/T2,The tool acts on the intended document or selection.,Document or selection identifier and preview.,"Instantiate against one named event, retry, issue or output when a run is attached.",awaiting_execution,,,https://dhigdec.github.io/creative-ai-benchmark/gatsby-v4/#VECTOR-14
SB3-044-VEC,VECTOR-14,K6_Q4,VECTOR-14/K6_Q4/T1,"This step produces a change, an inspection result or verification evidence.",Before/after state or recorded inspection.,"Instantiate against one named event, retry, issue or output when a run is attached.",awaiting_execution,,,https://dhigdec.github.io/creative-ai-benchmark/gatsby-v4/#VECTOR-14
SB3-044-VEC,VECTOR-14,K6_Q4,VECTOR-14/K6_Q4/T2,A repeated call has a stated reason grounded in the previous result.,"Previous call, response and retry rationale.","Instantiate against one named event, retry, issue or output when a run is attached.",awaiting_execution,,,https://dhigdec.github.io/creative-ai-benchmark/gatsby-v4/#VECTOR-14
SB3-044-VEC,VECTOR-14,K6_Q5,VECTOR-14/K6_Q5/T1,The failed result is recorded before the next dependent action.,Error or defect observation and ordered events.,"Instantiate against one named event, retry, issue or output when a run is attached.",awaiting_execution,,,https://dhigdec.github.io/creative-ai-benchmark/gatsby-v4/#VECTOR-14
SB3-044-VEC,VECTOR-14,K6_Q5,VECTOR-14/K6_Q5/T2,The recovery action addresses the recorded failure.,"Failure, changed settings or fallback, and subsequent result.","Instantiate against one named event, retry, issue or output when a run is attached.",awaiting_execution,,,https://dhigdec.github.io/creative-ai-benchmark/gatsby-v4/#VECTOR-14
SB3-044-VEC,VECTOR-14,K6_Q6,VECTOR-14/K6_Q6/T1,The named output is checked before it is submitted.,Output-specific verification event and submission event.,"Instantiate against one named event, retry, issue or output when a run is attached.",awaiting_execution,,,https://dhigdec.github.io/creative-ai-benchmark/gatsby-v4/#VECTOR-14
SB3-044-VEC,VECTOR-14,K6_Q6,VECTOR-14/K6_Q6/T2,The stop decision states whether the named output is complete or blocked.,Stop event and actual delivery status.,"Instantiate against one named event, retry, issue or output when a run is attached.",awaiting_execution,,,https://dhigdec.github.io/creative-ai-benchmark/gatsby-v4/#VECTOR-14
SB3-044-VEC,VECTOR-14,K6_Q7,VECTOR-14/K6_Q7/T1,The final handoff discloses the recorded unresolved issue.,Unresolved issue and matching handoff disclosure.,"Instantiate against one named event, retry, issue or output when a run is attached.",awaiting_execution,,,https://dhigdec.github.io/creative-ai-benchmark/gatsby-v4/#VECTOR-14
SB3-044-VEC,VECTOR-14,K6_Q7,VECTOR-14/K6_Q7/T2,The completion claim for the named output agrees with its verified status.,"Claim, delivery manifest and verifier result.","Instantiate against one named event, retry, issue or output when a run is attached.",awaiting_execution,,,https://dhigdec.github.io/creative-ai-benchmark/gatsby-v4/#VECTOR-14
SB3-044-VEC,VECTOR-14,K6_Q8,VECTOR-14/K6_Q8/T1,The stated confidence agrees with the independent assessment of this run.,Agent confidence and separate expert outcome.,"Instantiate against one named event, retry, issue or output when a run is attached.",awaiting_execution,,,https://dhigdec.github.io/creative-ai-benchmark/gatsby-v4/#VECTOR-14
SB3-045-VEC,VECTOR-15,K6_Q1,VECTOR-15/K6_Q1/T1,A prerequisite is completed before the step that depends on it.,Dependency event IDs and event order.,"Instantiate against one named event, retry, issue or output when a run is attached.",awaiting_execution,,,https://dhigdec.github.io/creative-ai-benchmark/gatsby-v4/#VECTOR-15
SB3-045-VEC,VECTOR-15,K6_Q2,VECTOR-15/K6_Q2/T1,The named tool supports the operation attempted in this step.,"Exact tool name, sanitized parameters, intended change and tool result.","Instantiate against one named event, retry, issue or output when a run is attached.",awaiting_execution,,,https://dhigdec.github.io/creative-ai-benchmark/gatsby-v4/#VECTOR-15
SB3-045-VEC,VECTOR-15,K6_Q2,VECTOR-15/K6_Q2/T2,The settings match the stated requirement for the affected output.,Output requirement and sanitized settings.,"Instantiate against one named event, retry, issue or output when a run is attached.",awaiting_execution,,,https://dhigdec.github.io/creative-ai-benchmark/gatsby-v4/#VECTOR-15
SB3-045-VEC,VECTOR-15,K6_Q3,VECTOR-15/K6_Q3/T1,The input version is the latest approved version for this step.,"Input artifact version, approval state and predecessor event.","Instantiate against one named event, retry, issue or output when a run is attached.",awaiting_execution,,,https://dhigdec.github.io/creative-ai-benchmark/gatsby-v4/#VECTOR-15
SB3-045-VEC,VECTOR-15,K6_Q3,VECTOR-15/K6_Q3/T2,The tool acts on the intended document or selection.,Document or selection identifier and preview.,"Instantiate against one named event, retry, issue or output when a run is attached.",awaiting_execution,,,https://dhigdec.github.io/creative-ai-benchmark/gatsby-v4/#VECTOR-15
SB3-045-VEC,VECTOR-15,K6_Q4,VECTOR-15/K6_Q4/T1,"This step produces a change, an inspection result or verification evidence.",Before/after state or recorded inspection.,"Instantiate against one named event, retry, issue or output when a run is attached.",awaiting_execution,,,https://dhigdec.github.io/creative-ai-benchmark/gatsby-v4/#VECTOR-15
SB3-045-VEC,VECTOR-15,K6_Q4,VECTOR-15/K6_Q4/T2,A repeated call has a stated reason grounded in the previous result.,"Previous call, response and retry rationale.","Instantiate against one named event, retry, issue or output when a run is attached.",awaiting_execution,,,https://dhigdec.github.io/creative-ai-benchmark/gatsby-v4/#VECTOR-15
SB3-045-VEC,VECTOR-15,K6_Q5,VECTOR-15/K6_Q5/T1,The failed result is recorded before the next dependent action.,Error or defect observation and ordered events.,"Instantiate against one named event, retry, issue or output when a run is attached.",awaiting_execution,,,https://dhigdec.github.io/creative-ai-benchmark/gatsby-v4/#VECTOR-15
SB3-045-VEC,VECTOR-15,K6_Q5,VECTOR-15/K6_Q5/T2,The recovery action addresses the recorded failure.,"Failure, changed settings or fallback, and subsequent result.","Instantiate against one named event, retry, issue or output when a run is attached.",awaiting_execution,,,https://dhigdec.github.io/creative-ai-benchmark/gatsby-v4/#VECTOR-15
SB3-045-VEC,VECTOR-15,K6_Q6,VECTOR-15/K6_Q6/T1,The named output is checked before it is submitted.,Output-specific verification event and submission event.,"Instantiate against one named event, retry, issue or output when a run is attached.",awaiting_execution,,,https://dhigdec.github.io/creative-ai-benchmark/gatsby-v4/#VECTOR-15
SB3-045-VEC,VECTOR-15,K6_Q6,VECTOR-15/K6_Q6/T2,The stop decision states whether the named output is complete or blocked.,Stop event and actual delivery status.,"Instantiate against one named event, retry, issue or output when a run is attached.",awaiting_execution,,,https://dhigdec.github.io/creative-ai-benchmark/gatsby-v4/#VECTOR-15
SB3-045-VEC,VECTOR-15,K6_Q7,VECTOR-15/K6_Q7/T1,The final handoff discloses the recorded unresolved issue.,Unresolved issue and matching handoff disclosure.,"Instantiate against one named event, retry, issue or output when a run is attached.",awaiting_execution,,,https://dhigdec.github.io/creative-ai-benchmark/gatsby-v4/#VECTOR-15
SB3-045-VEC,VECTOR-15,K6_Q7,VECTOR-15/K6_Q7/T2,The completion claim for the named output agrees with its verified status.,"Claim, delivery manifest and verifier result.","Instantiate against one named event, retry, issue or output when a run is attached.",awaiting_execution,,,https://dhigdec.github.io/creative-ai-benchmark/gatsby-v4/#VECTOR-15
SB3-045-VEC,VECTOR-15,K6_Q8,VECTOR-15/K6_Q8/T1,The stated confidence agrees with the independent assessment of this run.,Agent confidence and separate expert outcome.,"Instantiate against one named event, retry, issue or output when a run is attached.",awaiting_execution,,,https://dhigdec.github.io/creative-ai-benchmark/gatsby-v4/#VECTOR-15
SB3-046-LAY,LAYOUT-01,K6_Q1,LAYOUT-01/K6_Q1/T1,A prerequisite is completed before the step that depends on it.,Dependency event IDs and event order.,"Instantiate against one named event, retry, issue or output when a run is attached.",awaiting_execution,,,https://dhigdec.github.io/creative-ai-benchmark/gatsby-v4/#LAYOUT-01
SB3-046-LAY,LAYOUT-01,K6_Q2,LAYOUT-01/K6_Q2/T1,The named tool supports the operation attempted in this step.,"Exact tool name, sanitized parameters, intended change and tool result.","Instantiate against one named event, retry, issue or output when a run is attached.",awaiting_execution,,,https://dhigdec.github.io/creative-ai-benchmark/gatsby-v4/#LAYOUT-01
SB3-046-LAY,LAYOUT-01,K6_Q2,LAYOUT-01/K6_Q2/T2,The settings match the stated requirement for the affected output.,Output requirement and sanitized settings.,"Instantiate against one named event, retry, issue or output when a run is attached.",awaiting_execution,,,https://dhigdec.github.io/creative-ai-benchmark/gatsby-v4/#LAYOUT-01
SB3-046-LAY,LAYOUT-01,K6_Q3,LAYOUT-01/K6_Q3/T1,The input version is the latest approved version for this step.,"Input artifact version, approval state and predecessor event.","Instantiate against one named event, retry, issue or output when a run is attached.",awaiting_execution,,,https://dhigdec.github.io/creative-ai-benchmark/gatsby-v4/#LAYOUT-01
SB3-046-LAY,LAYOUT-01,K6_Q3,LAYOUT-01/K6_Q3/T2,The tool acts on the intended document or selection.,Document or selection identifier and preview.,"Instantiate against one named event, retry, issue or output when a run is attached.",awaiting_execution,,,https://dhigdec.github.io/creative-ai-benchmark/gatsby-v4/#LAYOUT-01
SB3-046-LAY,LAYOUT-01,K6_Q4,LAYOUT-01/K6_Q4/T1,"This step produces a change, an inspection result or verification evidence.",Before/after state or recorded inspection.,"Instantiate against one named event, retry, issue or output when a run is attached.",awaiting_execution,,,https://dhigdec.github.io/creative-ai-benchmark/gatsby-v4/#LAYOUT-01
SB3-046-LAY,LAYOUT-01,K6_Q4,LAYOUT-01/K6_Q4/T2,A repeated call has a stated reason grounded in the previous result.,"Previous call, response and retry rationale.","Instantiate against one named event, retry, issue or output when a run is attached.",awaiting_execution,,,https://dhigdec.github.io/creative-ai-benchmark/gatsby-v4/#LAYOUT-01
SB3-046-LAY,LAYOUT-01,K6_Q5,LAYOUT-01/K6_Q5/T1,The failed result is recorded before the next dependent action.,Error or defect observation and ordered events.,"Instantiate against one named event, retry, issue or output when a run is attached.",awaiting_execution,,,https://dhigdec.github.io/creative-ai-benchmark/gatsby-v4/#LAYOUT-01
SB3-046-LAY,LAYOUT-01,K6_Q5,LAYOUT-01/K6_Q5/T2,The recovery action addresses the recorded failure.,"Failure, changed settings or fallback, and subsequent result.","Instantiate against one named event, retry, issue or output when a run is attached.",awaiting_execution,,,https://dhigdec.github.io/creative-ai-benchmark/gatsby-v4/#LAYOUT-01
SB3-046-LAY,LAYOUT-01,K6_Q6,LAYOUT-01/K6_Q6/T1,The named output is checked before it is submitted.,Output-specific verification event and submission event.,"Instantiate against one named event, retry, issue or output when a run is attached.",awaiting_execution,,,https://dhigdec.github.io/creative-ai-benchmark/gatsby-v4/#LAYOUT-01
SB3-046-LAY,LAYOUT-01,K6_Q6,LAYOUT-01/K6_Q6/T2,The stop decision states whether the named output is complete or blocked.,Stop event and actual delivery status.,"Instantiate against one named event, retry, issue or output when a run is attached.",awaiting_execution,,,https://dhigdec.github.io/creative-ai-benchmark/gatsby-v4/#LAYOUT-01
SB3-046-LAY,LAYOUT-01,K6_Q7,LAYOUT-01/K6_Q7/T1,The final handoff discloses the recorded unresolved issue.,Unresolved issue and matching handoff disclosure.,"Instantiate against one named event, retry, issue or output when a run is attached.",awaiting_execution,,,https://dhigdec.github.io/creative-ai-benchmark/gatsby-v4/#LAYOUT-01
SB3-046-LAY,LAYOUT-01,K6_Q7,LAYOUT-01/K6_Q7/T2,The completion claim for the named output agrees with its verified status.,"Claim, delivery manifest and verifier result.","Instantiate against one named event, retry, issue or output when a run is attached.",awaiting_execution,,,https://dhigdec.github.io/creative-ai-benchmark/gatsby-v4/#LAYOUT-01
SB3-046-LAY,LAYOUT-01,K6_Q8,LAYOUT-01/K6_Q8/T1,The stated confidence agrees with the independent assessment of this run.,Agent confidence and separate expert outcome.,"Instantiate against one named event, retry, issue or output when a run is attached.",awaiting_execution,,,https://dhigdec.github.io/creative-ai-benchmark/gatsby-v4/#LAYOUT-01
SB3-047-LAY,LAYOUT-02,K6_Q1,LAYOUT-02/K6_Q1/T1,A prerequisite is completed before the step that depends on it.,Dependency event IDs and event order.,"Instantiate against one named event, retry, issue or output when a run is attached.",awaiting_execution,,,https://dhigdec.github.io/creative-ai-benchmark/gatsby-v4/#LAYOUT-02
SB3-047-LAY,LAYOUT-02,K6_Q2,LAYOUT-02/K6_Q2/T1,The named tool supports the operation attempted in this step.,"Exact tool name, sanitized parameters, intended change and tool result.","Instantiate against one named event, retry, issue or output when a run is attached.",awaiting_execution,,,https://dhigdec.github.io/creative-ai-benchmark/gatsby-v4/#LAYOUT-02
SB3-047-LAY,LAYOUT-02,K6_Q2,LAYOUT-02/K6_Q2/T2,The settings match the stated requirement for the affected output.,Output requirement and sanitized settings.,"Instantiate against one named event, retry, issue or output when a run is attached.",awaiting_execution,,,https://dhigdec.github.io/creative-ai-benchmark/gatsby-v4/#LAYOUT-02
SB3-047-LAY,LAYOUT-02,K6_Q3,LAYOUT-02/K6_Q3/T1,The input version is the latest approved version for this step.,"Input artifact version, approval state and predecessor event.","Instantiate against one named event, retry, issue or output when a run is attached.",awaiting_execution,,,https://dhigdec.github.io/creative-ai-benchmark/gatsby-v4/#LAYOUT-02
SB3-047-LAY,LAYOUT-02,K6_Q3,LAYOUT-02/K6_Q3/T2,The tool acts on the intended document or selection.,Document or selection identifier and preview.,"Instantiate against one named event, retry, issue or output when a run is attached.",awaiting_execution,,,https://dhigdec.github.io/creative-ai-benchmark/gatsby-v4/#LAYOUT-02
SB3-047-LAY,LAYOUT-02,K6_Q4,LAYOUT-02/K6_Q4/T1,"This step produces a change, an inspection result or verification evidence.",Before/after state or recorded inspection.,"Instantiate against one named event, retry, issue or output when a run is attached.",awaiting_execution,,,https://dhigdec.github.io/creative-ai-benchmark/gatsby-v4/#LAYOUT-02
SB3-047-LAY,LAYOUT-02,K6_Q4,LAYOUT-02/K6_Q4/T2,A repeated call has a stated reason grounded in the previous result.,"Previous call, response and retry rationale.","Instantiate against one named event, retry, issue or output when a run is attached.",awaiting_execution,,,https://dhigdec.github.io/creative-ai-benchmark/gatsby-v4/#LAYOUT-02
SB3-047-LAY,LAYOUT-02,K6_Q5,LAYOUT-02/K6_Q5/T1,The failed result is recorded before the next dependent action.,Error or defect observation and ordered events.,"Instantiate against one named event, retry, issue or output when a run is attached.",awaiting_execution,,,https://dhigdec.github.io/creative-ai-benchmark/gatsby-v4/#LAYOUT-02
SB3-047-LAY,LAYOUT-02,K6_Q5,LAYOUT-02/K6_Q5/T2,The recovery action addresses the recorded failure.,"Failure, changed settings or fallback, and subsequent result.","Instantiate against one named event, retry, issue or output when a run is attached.",awaiting_execution,,,https://dhigdec.github.io/creative-ai-benchmark/gatsby-v4/#LAYOUT-02
SB3-047-LAY,LAYOUT-02,K6_Q6,LAYOUT-02/K6_Q6/T1,The named output is checked before it is submitted.,Output-specific verification event and submission event.,"Instantiate against one named event, retry, issue or output when a run is attached.",awaiting_execution,,,https://dhigdec.github.io/creative-ai-benchmark/gatsby-v4/#LAYOUT-02
SB3-047-LAY,LAYOUT-02,K6_Q6,LAYOUT-02/K6_Q6/T2,The stop decision states whether the named output is complete or blocked.,Stop event and actual delivery status.,"Instantiate against one named event, retry, issue or output when a run is attached.",awaiting_execution,,,https://dhigdec.github.io/creative-ai-benchmark/gatsby-v4/#LAYOUT-02
SB3-047-LAY,LAYOUT-02,K6_Q7,LAYOUT-02/K6_Q7/T1,The final handoff discloses the recorded unresolved issue.,Unresolved issue and matching handoff disclosure.,"Instantiate against one named event, retry, issue or output when a run is attached.",awaiting_execution,,,https://dhigdec.github.io/creative-ai-benchmark/gatsby-v4/#LAYOUT-02
SB3-047-LAY,LAYOUT-02,K6_Q7,LAYOUT-02/K6_Q7/T2,The completion claim for the named output agrees with its verified status.,"Claim, delivery manifest and verifier result.","Instantiate against one named event, retry, issue or output when a run is attached.",awaiting_execution,,,https://dhigdec.github.io/creative-ai-benchmark/gatsby-v4/#LAYOUT-02
SB3-047-LAY,LAYOUT-02,K6_Q8,LAYOUT-02/K6_Q8/T1,The stated confidence agrees with the independent assessment of this run.,Agent confidence and separate expert outcome.,"Instantiate against one named event, retry, issue or output when a run is attached.",awaiting_execution,,,https://dhigdec.github.io/creative-ai-benchmark/gatsby-v4/#LAYOUT-02
SB3-048-LAY,LAYOUT-03,K6_Q1,LAYOUT-03/K6_Q1/T1,A prerequisite is completed before the step that depends on it.,Dependency event IDs and event order.,"Instantiate against one named event, retry, issue or output when a run is attached.",awaiting_execution,,,https://dhigdec.github.io/creative-ai-benchmark/gatsby-v4/#LAYOUT-03
SB3-048-LAY,LAYOUT-03,K6_Q2,LAYOUT-03/K6_Q2/T1,The named tool supports the operation attempted in this step.,"Exact tool name, sanitized parameters, intended change and tool result.","Instantiate against one named event, retry, issue or output when a run is attached.",awaiting_execution,,,https://dhigdec.github.io/creative-ai-benchmark/gatsby-v4/#LAYOUT-03
SB3-048-LAY,LAYOUT-03,K6_Q2,LAYOUT-03/K6_Q2/T2,The settings match the stated requirement for the affected output.,Output requirement and sanitized settings.,"Instantiate against one named event, retry, issue or output when a run is attached.",awaiting_execution,,,https://dhigdec.github.io/creative-ai-benchmark/gatsby-v4/#LAYOUT-03
SB3-048-LAY,LAYOUT-03,K6_Q3,LAYOUT-03/K6_Q3/T1,The input version is the latest approved version for this step.,"Input artifact version, approval state and predecessor event.","Instantiate against one named event, retry, issue or output when a run is attached.",awaiting_execution,,,https://dhigdec.github.io/creative-ai-benchmark/gatsby-v4/#LAYOUT-03
SB3-048-LAY,LAYOUT-03,K6_Q3,LAYOUT-03/K6_Q3/T2,The tool acts on the intended document or selection.,Document or selection identifier and preview.,"Instantiate against one named event, retry, issue or output when a run is attached.",awaiting_execution,,,https://dhigdec.github.io/creative-ai-benchmark/gatsby-v4/#LAYOUT-03
SB3-048-LAY,LAYOUT-03,K6_Q4,LAYOUT-03/K6_Q4/T1,"This step produces a change, an inspection result or verification evidence.",Before/after state or recorded inspection.,"Instantiate against one named event, retry, issue or output when a run is attached.",awaiting_execution,,,https://dhigdec.github.io/creative-ai-benchmark/gatsby-v4/#LAYOUT-03
SB3-048-LAY,LAYOUT-03,K6_Q4,LAYOUT-03/K6_Q4/T2,A repeated call has a stated reason grounded in the previous result.,"Previous call, response and retry rationale.","Instantiate against one named event, retry, issue or output when a run is attached.",awaiting_execution,,,https://dhigdec.github.io/creative-ai-benchmark/gatsby-v4/#LAYOUT-03
SB3-048-LAY,LAYOUT-03,K6_Q5,LAYOUT-03/K6_Q5/T1,The failed result is recorded before the next dependent action.,Error or defect observation and ordered events.,"Instantiate against one named event, retry, issue or output when a run is attached.",awaiting_execution,,,https://dhigdec.github.io/creative-ai-benchmark/gatsby-v4/#LAYOUT-03
SB3-048-LAY,LAYOUT-03,K6_Q5,LAYOUT-03/K6_Q5/T2,The recovery action addresses the recorded failure.,"Failure, changed settings or fallback, and subsequent result.","Instantiate against one named event, retry, issue or output when a run is attached.",awaiting_execution,,,https://dhigdec.github.io/creative-ai-benchmark/gatsby-v4/#LAYOUT-03
SB3-048-LAY,LAYOUT-03,K6_Q6,LAYOUT-03/K6_Q6/T1,The named output is checked before it is submitted.,Output-specific verification event and submission event.,"Instantiate against one named event, retry, issue or output when a run is attached.",awaiting_execution,,,https://dhigdec.github.io/creative-ai-benchmark/gatsby-v4/#LAYOUT-03
SB3-048-LAY,LAYOUT-03,K6_Q6,LAYOUT-03/K6_Q6/T2,The stop decision states whether the named output is complete or blocked.,Stop event and actual delivery status.,"Instantiate against one named event, retry, issue or output when a run is attached.",awaiting_execution,,,https://dhigdec.github.io/creative-ai-benchmark/gatsby-v4/#LAYOUT-03
SB3-048-LAY,LAYOUT-03,K6_Q7,LAYOUT-03/K6_Q7/T1,The final handoff discloses the recorded unresolved issue.,Unresolved issue and matching handoff disclosure.,"Instantiate against one named event, retry, issue or output when a run is attached.",awaiting_execution,,,https://dhigdec.github.io/creative-ai-benchmark/gatsby-v4/#LAYOUT-03
SB3-048-LAY,LAYOUT-03,K6_Q7,LAYOUT-03/K6_Q7/T2,The completion claim for the named output agrees with its verified status.,"Claim, delivery manifest and verifier result.","Instantiate against one named event, retry, issue or output when a run is attached.",awaiting_execution,,,https://dhigdec.github.io/creative-ai-benchmark/gatsby-v4/#LAYOUT-03
SB3-048-LAY,LAYOUT-03,K6_Q8,LAYOUT-03/K6_Q8/T1,The stated confidence agrees with the independent assessment of this run.,Agent confidence and separate expert outcome.,"Instantiate against one named event, retry, issue or output when a run is attached.",awaiting_execution,,,https://dhigdec.github.io/creative-ai-benchmark/gatsby-v4/#LAYOUT-03
SB3-049-LAY,LAYOUT-04,K6_Q1,LAYOUT-04/K6_Q1/T1,A prerequisite is completed before the step that depends on it.,Dependency event IDs and event order.,"Instantiate against one named event, retry, issue or output when a run is attached.",awaiting_execution,,,https://dhigdec.github.io/creative-ai-benchmark/gatsby-v4/#LAYOUT-04
SB3-049-LAY,LAYOUT-04,K6_Q2,LAYOUT-04/K6_Q2/T1,The named tool supports the operation attempted in this step.,"Exact tool name, sanitized parameters, intended change and tool result.","Instantiate against one named event, retry, issue or output when a run is attached.",awaiting_execution,,,https://dhigdec.github.io/creative-ai-benchmark/gatsby-v4/#LAYOUT-04
SB3-049-LAY,LAYOUT-04,K6_Q2,LAYOUT-04/K6_Q2/T2,The settings match the stated requirement for the affected output.,Output requirement and sanitized settings.,"Instantiate against one named event, retry, issue or output when a run is attached.",awaiting_execution,,,https://dhigdec.github.io/creative-ai-benchmark/gatsby-v4/#LAYOUT-04
SB3-049-LAY,LAYOUT-04,K6_Q3,LAYOUT-04/K6_Q3/T1,The input version is the latest approved version for this step.,"Input artifact version, approval state and predecessor event.","Instantiate against one named event, retry, issue or output when a run is attached.",awaiting_execution,,,https://dhigdec.github.io/creative-ai-benchmark/gatsby-v4/#LAYOUT-04
SB3-049-LAY,LAYOUT-04,K6_Q3,LAYOUT-04/K6_Q3/T2,The tool acts on the intended document or selection.,Document or selection identifier and preview.,"Instantiate against one named event, retry, issue or output when a run is attached.",awaiting_execution,,,https://dhigdec.github.io/creative-ai-benchmark/gatsby-v4/#LAYOUT-04
SB3-049-LAY,LAYOUT-04,K6_Q4,LAYOUT-04/K6_Q4/T1,"This step produces a change, an inspection result or verification evidence.",Before/after state or recorded inspection.,"Instantiate against one named event, retry, issue or output when a run is attached.",awaiting_execution,,,https://dhigdec.github.io/creative-ai-benchmark/gatsby-v4/#LAYOUT-04
SB3-049-LAY,LAYOUT-04,K6_Q4,LAYOUT-04/K6_Q4/T2,A repeated call has a stated reason grounded in the previous result.,"Previous call, response and retry rationale.","Instantiate against one named event, retry, issue or output when a run is attached.",awaiting_execution,,,https://dhigdec.github.io/creative-ai-benchmark/gatsby-v4/#LAYOUT-04
SB3-049-LAY,LAYOUT-04,K6_Q5,LAYOUT-04/K6_Q5/T1,The failed result is recorded before the next dependent action.,Error or defect observation and ordered events.,"Instantiate against one named event, retry, issue or output when a run is attached.",awaiting_execution,,,https://dhigdec.github.io/creative-ai-benchmark/gatsby-v4/#LAYOUT-04
SB3-049-LAY,LAYOUT-04,K6_Q5,LAYOUT-04/K6_Q5/T2,The recovery action addresses the recorded failure.,"Failure, changed settings or fallback, and subsequent result.","Instantiate against one named event, retry, issue or output when a run is attached.",awaiting_execution,,,https://dhigdec.github.io/creative-ai-benchmark/gatsby-v4/#LAYOUT-04
SB3-049-LAY,LAYOUT-04,K6_Q6,LAYOUT-04/K6_Q6/T1,The named output is checked before it is submitted.,Output-specific verification event and submission event.,"Instantiate against one named event, retry, issue or output when a run is attached.",awaiting_execution,,,https://dhigdec.github.io/creative-ai-benchmark/gatsby-v4/#LAYOUT-04
SB3-049-LAY,LAYOUT-04,K6_Q6,LAYOUT-04/K6_Q6/T2,The stop decision states whether the named output is complete or blocked.,Stop event and actual delivery status.,"Instantiate against one named event, retry, issue or output when a run is attached.",awaiting_execution,,,https://dhigdec.github.io/creative-ai-benchmark/gatsby-v4/#LAYOUT-04
SB3-049-LAY,LAYOUT-04,K6_Q7,LAYOUT-04/K6_Q7/T1,The final handoff discloses the recorded unresolved issue.,Unresolved issue and matching handoff disclosure.,"Instantiate against one named event, retry, issue or output when a run is attached.",awaiting_execution,,,https://dhigdec.github.io/creative-ai-benchmark/gatsby-v4/#LAYOUT-04
SB3-049-LAY,LAYOUT-04,K6_Q7,LAYOUT-04/K6_Q7/T2,The completion claim for the named output agrees with its verified status.,"Claim, delivery manifest and verifier result.","Instantiate against one named event, retry, issue or output when a run is attached.",awaiting_execution,,,https://dhigdec.github.io/creative-ai-benchmark/gatsby-v4/#LAYOUT-04
SB3-049-LAY,LAYOUT-04,K6_Q8,LAYOUT-04/K6_Q8/T1,The stated confidence agrees with the independent assessment of this run.,Agent confidence and separate expert outcome.,"Instantiate against one named event, retry, issue or output when a run is attached.",awaiting_execution,,,https://dhigdec.github.io/creative-ai-benchmark/gatsby-v4/#LAYOUT-04
SB3-050-LAY,LAYOUT-05,K6_Q1,LAYOUT-05/K6_Q1/T1,A prerequisite is completed before the step that depends on it.,Dependency event IDs and event order.,"Instantiate against one named event, retry, issue or output when a run is attached.",awaiting_execution,,,https://dhigdec.github.io/creative-ai-benchmark/gatsby-v4/#LAYOUT-05
SB3-050-LAY,LAYOUT-05,K6_Q2,LAYOUT-05/K6_Q2/T1,The named tool supports the operation attempted in this step.,"Exact tool name, sanitized parameters, intended change and tool result.","Instantiate against one named event, retry, issue or output when a run is attached.",awaiting_execution,,,https://dhigdec.github.io/creative-ai-benchmark/gatsby-v4/#LAYOUT-05
SB3-050-LAY,LAYOUT-05,K6_Q2,LAYOUT-05/K6_Q2/T2,The settings match the stated requirement for the affected output.,Output requirement and sanitized settings.,"Instantiate against one named event, retry, issue or output when a run is attached.",awaiting_execution,,,https://dhigdec.github.io/creative-ai-benchmark/gatsby-v4/#LAYOUT-05
SB3-050-LAY,LAYOUT-05,K6_Q3,LAYOUT-05/K6_Q3/T1,The input version is the latest approved version for this step.,"Input artifact version, approval state and predecessor event.","Instantiate against one named event, retry, issue or output when a run is attached.",awaiting_execution,,,https://dhigdec.github.io/creative-ai-benchmark/gatsby-v4/#LAYOUT-05
SB3-050-LAY,LAYOUT-05,K6_Q3,LAYOUT-05/K6_Q3/T2,The tool acts on the intended document or selection.,Document or selection identifier and preview.,"Instantiate against one named event, retry, issue or output when a run is attached.",awaiting_execution,,,https://dhigdec.github.io/creative-ai-benchmark/gatsby-v4/#LAYOUT-05
SB3-050-LAY,LAYOUT-05,K6_Q4,LAYOUT-05/K6_Q4/T1,"This step produces a change, an inspection result or verification evidence.",Before/after state or recorded inspection.,"Instantiate against one named event, retry, issue or output when a run is attached.",awaiting_execution,,,https://dhigdec.github.io/creative-ai-benchmark/gatsby-v4/#LAYOUT-05
SB3-050-LAY,LAYOUT-05,K6_Q4,LAYOUT-05/K6_Q4/T2,A repeated call has a stated reason grounded in the previous result.,"Previous call, response and retry rationale.","Instantiate against one named event, retry, issue or output when a run is attached.",awaiting_execution,,,https://dhigdec.github.io/creative-ai-benchmark/gatsby-v4/#LAYOUT-05
SB3-050-LAY,LAYOUT-05,K6_Q5,LAYOUT-05/K6_Q5/T1,The failed result is recorded before the next dependent action.,Error or defect observation and ordered events.,"Instantiate against one named event, retry, issue or output when a run is attached.",awaiting_execution,,,https://dhigdec.github.io/creative-ai-benchmark/gatsby-v4/#LAYOUT-05
SB3-050-LAY,LAYOUT-05,K6_Q5,LAYOUT-05/K6_Q5/T2,The recovery action addresses the recorded failure.,"Failure, changed settings or fallback, and subsequent result.","Instantiate against one named event, retry, issue or output when a run is attached.",awaiting_execution,,,https://dhigdec.github.io/creative-ai-benchmark/gatsby-v4/#LAYOUT-05
SB3-050-LAY,LAYOUT-05,K6_Q6,LAYOUT-05/K6_Q6/T1,The named output is checked before it is submitted.,Output-specific verification event and submission event.,"Instantiate against one named event, retry, issue or output when a run is attached.",awaiting_execution,,,https://dhigdec.github.io/creative-ai-benchmark/gatsby-v4/#LAYOUT-05
SB3-050-LAY,LAYOUT-05,K6_Q6,LAYOUT-05/K6_Q6/T2,The stop decision states whether the named output is complete or blocked.,Stop event and actual delivery status.,"Instantiate against one named event, retry, issue or output when a run is attached.",awaiting_execution,,,https://dhigdec.github.io/creative-ai-benchmark/gatsby-v4/#LAYOUT-05
SB3-050-LAY,LAYOUT-05,K6_Q7,LAYOUT-05/K6_Q7/T1,The final handoff discloses the recorded unresolved issue.,Unresolved issue and matching handoff disclosure.,"Instantiate against one named event, retry, issue or output when a run is attached.",awaiting_execution,,,https://dhigdec.github.io/creative-ai-benchmark/gatsby-v4/#LAYOUT-05
SB3-050-LAY,LAYOUT-05,K6_Q7,LAYOUT-05/K6_Q7/T2,The completion claim for the named output agrees with its verified status.,"Claim, delivery manifest and verifier result.","Instantiate against one named event, retry, issue or output when a run is attached.",awaiting_execution,,,https://dhigdec.github.io/creative-ai-benchmark/gatsby-v4/#LAYOUT-05
SB3-050-LAY,LAYOUT-05,K6_Q8,LAYOUT-05/K6_Q8/T1,The stated confidence agrees with the independent assessment of this run.,Agent confidence and separate expert outcome.,"Instantiate against one named event, retry, issue or output when a run is attached.",awaiting_execution,,,https://dhigdec.github.io/creative-ai-benchmark/gatsby-v4/#LAYOUT-05
SB3-051-LAY,LAYOUT-06,K6_Q1,LAYOUT-06/K6_Q1/T1,A prerequisite is completed before the step that depends on it.,Dependency event IDs and event order.,"Instantiate against one named event, retry, issue or output when a run is attached.",awaiting_execution,,,https://dhigdec.github.io/creative-ai-benchmark/gatsby-v4/#LAYOUT-06
SB3-051-LAY,LAYOUT-06,K6_Q2,LAYOUT-06/K6_Q2/T1,The named tool supports the operation attempted in this step.,"Exact tool name, sanitized parameters, intended change and tool result.","Instantiate against one named event, retry, issue or output when a run is attached.",awaiting_execution,,,https://dhigdec.github.io/creative-ai-benchmark/gatsby-v4/#LAYOUT-06
SB3-051-LAY,LAYOUT-06,K6_Q2,LAYOUT-06/K6_Q2/T2,The settings match the stated requirement for the affected output.,Output requirement and sanitized settings.,"Instantiate against one named event, retry, issue or output when a run is attached.",awaiting_execution,,,https://dhigdec.github.io/creative-ai-benchmark/gatsby-v4/#LAYOUT-06
SB3-051-LAY,LAYOUT-06,K6_Q3,LAYOUT-06/K6_Q3/T1,The input version is the latest approved version for this step.,"Input artifact version, approval state and predecessor event.","Instantiate against one named event, retry, issue or output when a run is attached.",awaiting_execution,,,https://dhigdec.github.io/creative-ai-benchmark/gatsby-v4/#LAYOUT-06
SB3-051-LAY,LAYOUT-06,K6_Q3,LAYOUT-06/K6_Q3/T2,The tool acts on the intended document or selection.,Document or selection identifier and preview.,"Instantiate against one named event, retry, issue or output when a run is attached.",awaiting_execution,,,https://dhigdec.github.io/creative-ai-benchmark/gatsby-v4/#LAYOUT-06
SB3-051-LAY,LAYOUT-06,K6_Q4,LAYOUT-06/K6_Q4/T1,"This step produces a change, an inspection result or verification evidence.",Before/after state or recorded inspection.,"Instantiate against one named event, retry, issue or output when a run is attached.",awaiting_execution,,,https://dhigdec.github.io/creative-ai-benchmark/gatsby-v4/#LAYOUT-06
SB3-051-LAY,LAYOUT-06,K6_Q4,LAYOUT-06/K6_Q4/T2,A repeated call has a stated reason grounded in the previous result.,"Previous call, response and retry rationale.","Instantiate against one named event, retry, issue or output when a run is attached.",awaiting_execution,,,https://dhigdec.github.io/creative-ai-benchmark/gatsby-v4/#LAYOUT-06
SB3-051-LAY,LAYOUT-06,K6_Q5,LAYOUT-06/K6_Q5/T1,The failed result is recorded before the next dependent action.,Error or defect observation and ordered events.,"Instantiate against one named event, retry, issue or output when a run is attached.",awaiting_execution,,,https://dhigdec.github.io/creative-ai-benchmark/gatsby-v4/#LAYOUT-06
SB3-051-LAY,LAYOUT-06,K6_Q5,LAYOUT-06/K6_Q5/T2,The recovery action addresses the recorded failure.,"Failure, changed settings or fallback, and subsequent result.","Instantiate against one named event, retry, issue or output when a run is attached.",awaiting_execution,,,https://dhigdec.github.io/creative-ai-benchmark/gatsby-v4/#LAYOUT-06
SB3-051-LAY,LAYOUT-06,K6_Q6,LAYOUT-06/K6_Q6/T1,The named output is checked before it is submitted.,Output-specific verification event and submission event.,"Instantiate against one named event, retry, issue or output when a run is attached.",awaiting_execution,,,https://dhigdec.github.io/creative-ai-benchmark/gatsby-v4/#LAYOUT-06
SB3-051-LAY,LAYOUT-06,K6_Q6,LAYOUT-06/K6_Q6/T2,The stop decision states whether the named output is complete or blocked.,Stop event and actual delivery status.,"Instantiate against one named event, retry, issue or output when a run is attached.",awaiting_execution,,,https://dhigdec.github.io/creative-ai-benchmark/gatsby-v4/#LAYOUT-06
SB3-051-LAY,LAYOUT-06,K6_Q7,LAYOUT-06/K6_Q7/T1,The final handoff discloses the recorded unresolved issue.,Unresolved issue and matching handoff disclosure.,"Instantiate against one named event, retry, issue or output when a run is attached.",awaiting_execution,,,https://dhigdec.github.io/creative-ai-benchmark/gatsby-v4/#LAYOUT-06
SB3-051-LAY,LAYOUT-06,K6_Q7,LAYOUT-06/K6_Q7/T2,The completion claim for the named output agrees with its verified status.,"Claim, delivery manifest and verifier result.","Instantiate against one named event, retry, issue or output when a run is attached.",awaiting_execution,,,https://dhigdec.github.io/creative-ai-benchmark/gatsby-v4/#LAYOUT-06
SB3-051-LAY,LAYOUT-06,K6_Q8,LAYOUT-06/K6_Q8/T1,The stated confidence agrees with the independent assessment of this run.,Agent confidence and separate expert outcome.,"Instantiate against one named event, retry, issue or output when a run is attached.",awaiting_execution,,,https://dhigdec.github.io/creative-ai-benchmark/gatsby-v4/#LAYOUT-06
SB3-052-LAY,LAYOUT-07,K6_Q1,LAYOUT-07/K6_Q1/T1,A prerequisite is completed before the step that depends on it.,Dependency event IDs and event order.,"Instantiate against one named event, retry, issue or output when a run is attached.",awaiting_execution,,,https://dhigdec.github.io/creative-ai-benchmark/gatsby-v4/#LAYOUT-07
SB3-052-LAY,LAYOUT-07,K6_Q2,LAYOUT-07/K6_Q2/T1,The named tool supports the operation attempted in this step.,"Exact tool name, sanitized parameters, intended change and tool result.","Instantiate against one named event, retry, issue or output when a run is attached.",awaiting_execution,,,https://dhigdec.github.io/creative-ai-benchmark/gatsby-v4/#LAYOUT-07
SB3-052-LAY,LAYOUT-07,K6_Q2,LAYOUT-07/K6_Q2/T2,The settings match the stated requirement for the affected output.,Output requirement and sanitized settings.,"Instantiate against one named event, retry, issue or output when a run is attached.",awaiting_execution,,,https://dhigdec.github.io/creative-ai-benchmark/gatsby-v4/#LAYOUT-07
SB3-052-LAY,LAYOUT-07,K6_Q3,LAYOUT-07/K6_Q3/T1,The input version is the latest approved version for this step.,"Input artifact version, approval state and predecessor event.","Instantiate against one named event, retry, issue or output when a run is attached.",awaiting_execution,,,https://dhigdec.github.io/creative-ai-benchmark/gatsby-v4/#LAYOUT-07
SB3-052-LAY,LAYOUT-07,K6_Q3,LAYOUT-07/K6_Q3/T2,The tool acts on the intended document or selection.,Document or selection identifier and preview.,"Instantiate against one named event, retry, issue or output when a run is attached.",awaiting_execution,,,https://dhigdec.github.io/creative-ai-benchmark/gatsby-v4/#LAYOUT-07
SB3-052-LAY,LAYOUT-07,K6_Q4,LAYOUT-07/K6_Q4/T1,"This step produces a change, an inspection result or verification evidence.",Before/after state or recorded inspection.,"Instantiate against one named event, retry, issue or output when a run is attached.",awaiting_execution,,,https://dhigdec.github.io/creative-ai-benchmark/gatsby-v4/#LAYOUT-07
SB3-052-LAY,LAYOUT-07,K6_Q4,LAYOUT-07/K6_Q4/T2,A repeated call has a stated reason grounded in the previous result.,"Previous call, response and retry rationale.","Instantiate against one named event, retry, issue or output when a run is attached.",awaiting_execution,,,https://dhigdec.github.io/creative-ai-benchmark/gatsby-v4/#LAYOUT-07
SB3-052-LAY,LAYOUT-07,K6_Q5,LAYOUT-07/K6_Q5/T1,The failed result is recorded before the next dependent action.,Error or defect observation and ordered events.,"Instantiate against one named event, retry, issue or output when a run is attached.",awaiting_execution,,,https://dhigdec.github.io/creative-ai-benchmark/gatsby-v4/#LAYOUT-07
SB3-052-LAY,LAYOUT-07,K6_Q5,LAYOUT-07/K6_Q5/T2,The recovery action addresses the recorded failure.,"Failure, changed settings or fallback, and subsequent result.","Instantiate against one named event, retry, issue or output when a run is attached.",awaiting_execution,,,https://dhigdec.github.io/creative-ai-benchmark/gatsby-v4/#LAYOUT-07
SB3-052-LAY,LAYOUT-07,K6_Q6,LAYOUT-07/K6_Q6/T1,The named output is checked before it is submitted.,Output-specific verification event and submission event.,"Instantiate against one named event, retry, issue or output when a run is attached.",awaiting_execution,,,https://dhigdec.github.io/creative-ai-benchmark/gatsby-v4/#LAYOUT-07
SB3-052-LAY,LAYOUT-07,K6_Q6,LAYOUT-07/K6_Q6/T2,The stop decision states whether the named output is complete or blocked.,Stop event and actual delivery status.,"Instantiate against one named event, retry, issue or output when a run is attached.",awaiting_execution,,,https://dhigdec.github.io/creative-ai-benchmark/gatsby-v4/#LAYOUT-07
SB3-052-LAY,LAYOUT-07,K6_Q7,LAYOUT-07/K6_Q7/T1,The final handoff discloses the recorded unresolved issue.,Unresolved issue and matching handoff disclosure.,"Instantiate against one named event, retry, issue or output when a run is attached.",awaiting_execution,,,https://dhigdec.github.io/creative-ai-benchmark/gatsby-v4/#LAYOUT-07
SB3-052-LAY,LAYOUT-07,K6_Q7,LAYOUT-07/K6_Q7/T2,The completion claim for the named output agrees with its verified status.,"Claim, delivery manifest and verifier result.","Instantiate against one named event, retry, issue or output when a run is attached.",awaiting_execution,,,https://dhigdec.github.io/creative-ai-benchmark/gatsby-v4/#LAYOUT-07
SB3-052-LAY,LAYOUT-07,K6_Q8,LAYOUT-07/K6_Q8/T1,The stated confidence agrees with the independent assessment of this run.,Agent confidence and separate expert outcome.,"Instantiate against one named event, retry, issue or output when a run is attached.",awaiting_execution,,,https://dhigdec.github.io/creative-ai-benchmark/gatsby-v4/#LAYOUT-07
SB3-053-LAY,LAYOUT-08,K6_Q1,LAYOUT-08/K6_Q1/T1,A prerequisite is completed before the step that depends on it.,Dependency event IDs and event order.,"Instantiate against one named event, retry, issue or output when a run is attached.",awaiting_execution,,,https://dhigdec.github.io/creative-ai-benchmark/gatsby-v4/#LAYOUT-08
SB3-053-LAY,LAYOUT-08,K6_Q2,LAYOUT-08/K6_Q2/T1,The named tool supports the operation attempted in this step.,"Exact tool name, sanitized parameters, intended change and tool result.","Instantiate against one named event, retry, issue or output when a run is attached.",awaiting_execution,,,https://dhigdec.github.io/creative-ai-benchmark/gatsby-v4/#LAYOUT-08
SB3-053-LAY,LAYOUT-08,K6_Q2,LAYOUT-08/K6_Q2/T2,The settings match the stated requirement for the affected output.,Output requirement and sanitized settings.,"Instantiate against one named event, retry, issue or output when a run is attached.",awaiting_execution,,,https://dhigdec.github.io/creative-ai-benchmark/gatsby-v4/#LAYOUT-08
SB3-053-LAY,LAYOUT-08,K6_Q3,LAYOUT-08/K6_Q3/T1,The input version is the latest approved version for this step.,"Input artifact version, approval state and predecessor event.","Instantiate against one named event, retry, issue or output when a run is attached.",awaiting_execution,,,https://dhigdec.github.io/creative-ai-benchmark/gatsby-v4/#LAYOUT-08
SB3-053-LAY,LAYOUT-08,K6_Q3,LAYOUT-08/K6_Q3/T2,The tool acts on the intended document or selection.,Document or selection identifier and preview.,"Instantiate against one named event, retry, issue or output when a run is attached.",awaiting_execution,,,https://dhigdec.github.io/creative-ai-benchmark/gatsby-v4/#LAYOUT-08
SB3-053-LAY,LAYOUT-08,K6_Q4,LAYOUT-08/K6_Q4/T1,"This step produces a change, an inspection result or verification evidence.",Before/after state or recorded inspection.,"Instantiate against one named event, retry, issue or output when a run is attached.",awaiting_execution,,,https://dhigdec.github.io/creative-ai-benchmark/gatsby-v4/#LAYOUT-08
SB3-053-LAY,LAYOUT-08,K6_Q4,LAYOUT-08/K6_Q4/T2,A repeated call has a stated reason grounded in the previous result.,"Previous call, response and retry rationale.","Instantiate against one named event, retry, issue or output when a run is attached.",awaiting_execution,,,https://dhigdec.github.io/creative-ai-benchmark/gatsby-v4/#LAYOUT-08
SB3-053-LAY,LAYOUT-08,K6_Q5,LAYOUT-08/K6_Q5/T1,The failed result is recorded before the next dependent action.,Error or defect observation and ordered events.,"Instantiate against one named event, retry, issue or output when a run is attached.",awaiting_execution,,,https://dhigdec.github.io/creative-ai-benchmark/gatsby-v4/#LAYOUT-08
SB3-053-LAY,LAYOUT-08,K6_Q5,LAYOUT-08/K6_Q5/T2,The recovery action addresses the recorded failure.,"Failure, changed settings or fallback, and subsequent result.","Instantiate against one named event, retry, issue or output when a run is attached.",awaiting_execution,,,https://dhigdec.github.io/creative-ai-benchmark/gatsby-v4/#LAYOUT-08
SB3-053-LAY,LAYOUT-08,K6_Q6,LAYOUT-08/K6_Q6/T1,The named output is checked before it is submitted.,Output-specific verification event and submission event.,"Instantiate against one named event, retry, issue or output when a run is attached.",awaiting_execution,,,https://dhigdec.github.io/creative-ai-benchmark/gatsby-v4/#LAYOUT-08
SB3-053-LAY,LAYOUT-08,K6_Q6,LAYOUT-08/K6_Q6/T2,The stop decision states whether the named output is complete or blocked.,Stop event and actual delivery status.,"Instantiate against one named event, retry, issue or output when a run is attached.",awaiting_execution,,,https://dhigdec.github.io/creative-ai-benchmark/gatsby-v4/#LAYOUT-08
SB3-053-LAY,LAYOUT-08,K6_Q7,LAYOUT-08/K6_Q7/T1,The final handoff discloses the recorded unresolved issue.,Unresolved issue and matching handoff disclosure.,"Instantiate against one named event, retry, issue or output when a run is attached.",awaiting_execution,,,https://dhigdec.github.io/creative-ai-benchmark/gatsby-v4/#LAYOUT-08
SB3-053-LAY,LAYOUT-08,K6_Q7,LAYOUT-08/K6_Q7/T2,The completion claim for the named output agrees with its verified status.,"Claim, delivery manifest and verifier result.","Instantiate against one named event, retry, issue or output when a run is attached.",awaiting_execution,,,https://dhigdec.github.io/creative-ai-benchmark/gatsby-v4/#LAYOUT-08
SB3-053-LAY,LAYOUT-08,K6_Q8,LAYOUT-08/K6_Q8/T1,The stated confidence agrees with the independent assessment of this run.,Agent confidence and separate expert outcome.,"Instantiate against one named event, retry, issue or output when a run is attached.",awaiting_execution,,,https://dhigdec.github.io/creative-ai-benchmark/gatsby-v4/#LAYOUT-08
SB3-054-LAY,LAYOUT-09,K6_Q1,LAYOUT-09/K6_Q1/T1,A prerequisite is completed before the step that depends on it.,Dependency event IDs and event order.,"Instantiate against one named event, retry, issue or output when a run is attached.",awaiting_execution,,,https://dhigdec.github.io/creative-ai-benchmark/gatsby-v4/#LAYOUT-09
SB3-054-LAY,LAYOUT-09,K6_Q2,LAYOUT-09/K6_Q2/T1,The named tool supports the operation attempted in this step.,"Exact tool name, sanitized parameters, intended change and tool result.","Instantiate against one named event, retry, issue or output when a run is attached.",awaiting_execution,,,https://dhigdec.github.io/creative-ai-benchmark/gatsby-v4/#LAYOUT-09
SB3-054-LAY,LAYOUT-09,K6_Q2,LAYOUT-09/K6_Q2/T2,The settings match the stated requirement for the affected output.,Output requirement and sanitized settings.,"Instantiate against one named event, retry, issue or output when a run is attached.",awaiting_execution,,,https://dhigdec.github.io/creative-ai-benchmark/gatsby-v4/#LAYOUT-09
SB3-054-LAY,LAYOUT-09,K6_Q3,LAYOUT-09/K6_Q3/T1,The input version is the latest approved version for this step.,"Input artifact version, approval state and predecessor event.","Instantiate against one named event, retry, issue or output when a run is attached.",awaiting_execution,,,https://dhigdec.github.io/creative-ai-benchmark/gatsby-v4/#LAYOUT-09
SB3-054-LAY,LAYOUT-09,K6_Q3,LAYOUT-09/K6_Q3/T2,The tool acts on the intended document or selection.,Document or selection identifier and preview.,"Instantiate against one named event, retry, issue or output when a run is attached.",awaiting_execution,,,https://dhigdec.github.io/creative-ai-benchmark/gatsby-v4/#LAYOUT-09
SB3-054-LAY,LAYOUT-09,K6_Q4,LAYOUT-09/K6_Q4/T1,"This step produces a change, an inspection result or verification evidence.",Before/after state or recorded inspection.,"Instantiate against one named event, retry, issue or output when a run is attached.",awaiting_execution,,,https://dhigdec.github.io/creative-ai-benchmark/gatsby-v4/#LAYOUT-09
SB3-054-LAY,LAYOUT-09,K6_Q4,LAYOUT-09/K6_Q4/T2,A repeated call has a stated reason grounded in the previous result.,"Previous call, response and retry rationale.","Instantiate against one named event, retry, issue or output when a run is attached.",awaiting_execution,,,https://dhigdec.github.io/creative-ai-benchmark/gatsby-v4/#LAYOUT-09
SB3-054-LAY,LAYOUT-09,K6_Q5,LAYOUT-09/K6_Q5/T1,The failed result is recorded before the next dependent action.,Error or defect observation and ordered events.,"Instantiate against one named event, retry, issue or output when a run is attached.",awaiting_execution,,,https://dhigdec.github.io/creative-ai-benchmark/gatsby-v4/#LAYOUT-09
SB3-054-LAY,LAYOUT-09,K6_Q5,LAYOUT-09/K6_Q5/T2,The recovery action addresses the recorded failure.,"Failure, changed settings or fallback, and subsequent result.","Instantiate against one named event, retry, issue or output when a run is attached.",awaiting_execution,,,https://dhigdec.github.io/creative-ai-benchmark/gatsby-v4/#LAYOUT-09
SB3-054-LAY,LAYOUT-09,K6_Q6,LAYOUT-09/K6_Q6/T1,The named output is checked before it is submitted.,Output-specific verification event and submission event.,"Instantiate against one named event, retry, issue or output when a run is attached.",awaiting_execution,,,https://dhigdec.github.io/creative-ai-benchmark/gatsby-v4/#LAYOUT-09
SB3-054-LAY,LAYOUT-09,K6_Q6,LAYOUT-09/K6_Q6/T2,The stop decision states whether the named output is complete or blocked.,Stop event and actual delivery status.,"Instantiate against one named event, retry, issue or output when a run is attached.",awaiting_execution,,,https://dhigdec.github.io/creative-ai-benchmark/gatsby-v4/#LAYOUT-09
SB3-054-LAY,LAYOUT-09,K6_Q7,LAYOUT-09/K6_Q7/T1,The final handoff discloses the recorded unresolved issue.,Unresolved issue and matching handoff disclosure.,"Instantiate against one named event, retry, issue or output when a run is attached.",awaiting_execution,,,https://dhigdec.github.io/creative-ai-benchmark/gatsby-v4/#LAYOUT-09
SB3-054-LAY,LAYOUT-09,K6_Q7,LAYOUT-09/K6_Q7/T2,The completion claim for the named output agrees with its verified status.,"Claim, delivery manifest and verifier result.","Instantiate against one named event, retry, issue or output when a run is attached.",awaiting_execution,,,https://dhigdec.github.io/creative-ai-benchmark/gatsby-v4/#LAYOUT-09
SB3-054-LAY,LAYOUT-09,K6_Q8,LAYOUT-09/K6_Q8/T1,The stated confidence agrees with the independent assessment of this run.,Agent confidence and separate expert outcome.,"Instantiate against one named event, retry, issue or output when a run is attached.",awaiting_execution,,,https://dhigdec.github.io/creative-ai-benchmark/gatsby-v4/#LAYOUT-09
SB3-055-LAY,LAYOUT-10,K6_Q1,LAYOUT-10/K6_Q1/T1,A prerequisite is completed before the step that depends on it.,Dependency event IDs and event order.,"Instantiate against one named event, retry, issue or output when a run is attached.",awaiting_execution,,,https://dhigdec.github.io/creative-ai-benchmark/gatsby-v4/#LAYOUT-10
SB3-055-LAY,LAYOUT-10,K6_Q2,LAYOUT-10/K6_Q2/T1,The named tool supports the operation attempted in this step.,"Exact tool name, sanitized parameters, intended change and tool result.","Instantiate against one named event, retry, issue or output when a run is attached.",awaiting_execution,,,https://dhigdec.github.io/creative-ai-benchmark/gatsby-v4/#LAYOUT-10
SB3-055-LAY,LAYOUT-10,K6_Q2,LAYOUT-10/K6_Q2/T2,The settings match the stated requirement for the affected output.,Output requirement and sanitized settings.,"Instantiate against one named event, retry, issue or output when a run is attached.",awaiting_execution,,,https://dhigdec.github.io/creative-ai-benchmark/gatsby-v4/#LAYOUT-10
SB3-055-LAY,LAYOUT-10,K6_Q3,LAYOUT-10/K6_Q3/T1,The input version is the latest approved version for this step.,"Input artifact version, approval state and predecessor event.","Instantiate against one named event, retry, issue or output when a run is attached.",awaiting_execution,,,https://dhigdec.github.io/creative-ai-benchmark/gatsby-v4/#LAYOUT-10
SB3-055-LAY,LAYOUT-10,K6_Q3,LAYOUT-10/K6_Q3/T2,The tool acts on the intended document or selection.,Document or selection identifier and preview.,"Instantiate against one named event, retry, issue or output when a run is attached.",awaiting_execution,,,https://dhigdec.github.io/creative-ai-benchmark/gatsby-v4/#LAYOUT-10
SB3-055-LAY,LAYOUT-10,K6_Q4,LAYOUT-10/K6_Q4/T1,"This step produces a change, an inspection result or verification evidence.",Before/after state or recorded inspection.,"Instantiate against one named event, retry, issue or output when a run is attached.",awaiting_execution,,,https://dhigdec.github.io/creative-ai-benchmark/gatsby-v4/#LAYOUT-10
SB3-055-LAY,LAYOUT-10,K6_Q4,LAYOUT-10/K6_Q4/T2,A repeated call has a stated reason grounded in the previous result.,"Previous call, response and retry rationale.","Instantiate against one named event, retry, issue or output when a run is attached.",awaiting_execution,,,https://dhigdec.github.io/creative-ai-benchmark/gatsby-v4/#LAYOUT-10
SB3-055-LAY,LAYOUT-10,K6_Q5,LAYOUT-10/K6_Q5/T1,The failed result is recorded before the next dependent action.,Error or defect observation and ordered events.,"Instantiate against one named event, retry, issue or output when a run is attached.",awaiting_execution,,,https://dhigdec.github.io/creative-ai-benchmark/gatsby-v4/#LAYOUT-10
SB3-055-LAY,LAYOUT-10,K6_Q5,LAYOUT-10/K6_Q5/T2,The recovery action addresses the recorded failure.,"Failure, changed settings or fallback, and subsequent result.","Instantiate against one named event, retry, issue or output when a run is attached.",awaiting_execution,,,https://dhigdec.github.io/creative-ai-benchmark/gatsby-v4/#LAYOUT-10
SB3-055-LAY,LAYOUT-10,K6_Q6,LAYOUT-10/K6_Q6/T1,The named output is checked before it is submitted.,Output-specific verification event and submission event.,"Instantiate against one named event, retry, issue or output when a run is attached.",awaiting_execution,,,https://dhigdec.github.io/creative-ai-benchmark/gatsby-v4/#LAYOUT-10
SB3-055-LAY,LAYOUT-10,K6_Q6,LAYOUT-10/K6_Q6/T2,The stop decision states whether the named output is complete or blocked.,Stop event and actual delivery status.,"Instantiate against one named event, retry, issue or output when a run is attached.",awaiting_execution,,,https://dhigdec.github.io/creative-ai-benchmark/gatsby-v4/#LAYOUT-10
SB3-055-LAY,LAYOUT-10,K6_Q7,LAYOUT-10/K6_Q7/T1,The final handoff discloses the recorded unresolved issue.,Unresolved issue and matching handoff disclosure.,"Instantiate against one named event, retry, issue or output when a run is attached.",awaiting_execution,,,https://dhigdec.github.io/creative-ai-benchmark/gatsby-v4/#LAYOUT-10
SB3-055-LAY,LAYOUT-10,K6_Q7,LAYOUT-10/K6_Q7/T2,The completion claim for the named output agrees with its verified status.,"Claim, delivery manifest and verifier result.","Instantiate against one named event, retry, issue or output when a run is attached.",awaiting_execution,,,https://dhigdec.github.io/creative-ai-benchmark/gatsby-v4/#LAYOUT-10
SB3-055-LAY,LAYOUT-10,K6_Q8,LAYOUT-10/K6_Q8/T1,The stated confidence agrees with the independent assessment of this run.,Agent confidence and separate expert outcome.,"Instantiate against one named event, retry, issue or output when a run is attached.",awaiting_execution,,,https://dhigdec.github.io/creative-ai-benchmark/gatsby-v4/#LAYOUT-10
SB3-056-LAY,LAYOUT-11,K6_Q1,LAYOUT-11/K6_Q1/T1,A prerequisite is completed before the step that depends on it.,Dependency event IDs and event order.,"Instantiate against one named event, retry, issue or output when a run is attached.",awaiting_execution,,,https://dhigdec.github.io/creative-ai-benchmark/gatsby-v4/#LAYOUT-11
SB3-056-LAY,LAYOUT-11,K6_Q2,LAYOUT-11/K6_Q2/T1,The named tool supports the operation attempted in this step.,"Exact tool name, sanitized parameters, intended change and tool result.","Instantiate against one named event, retry, issue or output when a run is attached.",awaiting_execution,,,https://dhigdec.github.io/creative-ai-benchmark/gatsby-v4/#LAYOUT-11
SB3-056-LAY,LAYOUT-11,K6_Q2,LAYOUT-11/K6_Q2/T2,The settings match the stated requirement for the affected output.,Output requirement and sanitized settings.,"Instantiate against one named event, retry, issue or output when a run is attached.",awaiting_execution,,,https://dhigdec.github.io/creative-ai-benchmark/gatsby-v4/#LAYOUT-11
SB3-056-LAY,LAYOUT-11,K6_Q3,LAYOUT-11/K6_Q3/T1,The input version is the latest approved version for this step.,"Input artifact version, approval state and predecessor event.","Instantiate against one named event, retry, issue or output when a run is attached.",awaiting_execution,,,https://dhigdec.github.io/creative-ai-benchmark/gatsby-v4/#LAYOUT-11
SB3-056-LAY,LAYOUT-11,K6_Q3,LAYOUT-11/K6_Q3/T2,The tool acts on the intended document or selection.,Document or selection identifier and preview.,"Instantiate against one named event, retry, issue or output when a run is attached.",awaiting_execution,,,https://dhigdec.github.io/creative-ai-benchmark/gatsby-v4/#LAYOUT-11
SB3-056-LAY,LAYOUT-11,K6_Q4,LAYOUT-11/K6_Q4/T1,"This step produces a change, an inspection result or verification evidence.",Before/after state or recorded inspection.,"Instantiate against one named event, retry, issue or output when a run is attached.",awaiting_execution,,,https://dhigdec.github.io/creative-ai-benchmark/gatsby-v4/#LAYOUT-11
SB3-056-LAY,LAYOUT-11,K6_Q4,LAYOUT-11/K6_Q4/T2,A repeated call has a stated reason grounded in the previous result.,"Previous call, response and retry rationale.","Instantiate against one named event, retry, issue or output when a run is attached.",awaiting_execution,,,https://dhigdec.github.io/creative-ai-benchmark/gatsby-v4/#LAYOUT-11
SB3-056-LAY,LAYOUT-11,K6_Q5,LAYOUT-11/K6_Q5/T1,The failed result is recorded before the next dependent action.,Error or defect observation and ordered events.,"Instantiate against one named event, retry, issue or output when a run is attached.",awaiting_execution,,,https://dhigdec.github.io/creative-ai-benchmark/gatsby-v4/#LAYOUT-11
SB3-056-LAY,LAYOUT-11,K6_Q5,LAYOUT-11/K6_Q5/T2,The recovery action addresses the recorded failure.,"Failure, changed settings or fallback, and subsequent result.","Instantiate against one named event, retry, issue or output when a run is attached.",awaiting_execution,,,https://dhigdec.github.io/creative-ai-benchmark/gatsby-v4/#LAYOUT-11
SB3-056-LAY,LAYOUT-11,K6_Q6,LAYOUT-11/K6_Q6/T1,The named output is checked before it is submitted.,Output-specific verification event and submission event.,"Instantiate against one named event, retry, issue or output when a run is attached.",awaiting_execution,,,https://dhigdec.github.io/creative-ai-benchmark/gatsby-v4/#LAYOUT-11
SB3-056-LAY,LAYOUT-11,K6_Q6,LAYOUT-11/K6_Q6/T2,The stop decision states whether the named output is complete or blocked.,Stop event and actual delivery status.,"Instantiate against one named event, retry, issue or output when a run is attached.",awaiting_execution,,,https://dhigdec.github.io/creative-ai-benchmark/gatsby-v4/#LAYOUT-11
SB3-056-LAY,LAYOUT-11,K6_Q7,LAYOUT-11/K6_Q7/T1,The final handoff discloses the recorded unresolved issue.,Unresolved issue and matching handoff disclosure.,"Instantiate against one named event, retry, issue or output when a run is attached.",awaiting_execution,,,https://dhigdec.github.io/creative-ai-benchmark/gatsby-v4/#LAYOUT-11
SB3-056-LAY,LAYOUT-11,K6_Q7,LAYOUT-11/K6_Q7/T2,The completion claim for the named output agrees with its verified status.,"Claim, delivery manifest and verifier result.","Instantiate against one named event, retry, issue or output when a run is attached.",awaiting_execution,,,https://dhigdec.github.io/creative-ai-benchmark/gatsby-v4/#LAYOUT-11
SB3-056-LAY,LAYOUT-11,K6_Q8,LAYOUT-11/K6_Q8/T1,The stated confidence agrees with the independent assessment of this run.,Agent confidence and separate expert outcome.,"Instantiate against one named event, retry, issue or output when a run is attached.",awaiting_execution,,,https://dhigdec.github.io/creative-ai-benchmark/gatsby-v4/#LAYOUT-11
SB3-057-LAY,LAYOUT-12,K6_Q1,LAYOUT-12/K6_Q1/T1,A prerequisite is completed before the step that depends on it.,Dependency event IDs and event order.,"Instantiate against one named event, retry, issue or output when a run is attached.",awaiting_execution,,,https://dhigdec.github.io/creative-ai-benchmark/gatsby-v4/#LAYOUT-12
SB3-057-LAY,LAYOUT-12,K6_Q2,LAYOUT-12/K6_Q2/T1,The named tool supports the operation attempted in this step.,"Exact tool name, sanitized parameters, intended change and tool result.","Instantiate against one named event, retry, issue or output when a run is attached.",awaiting_execution,,,https://dhigdec.github.io/creative-ai-benchmark/gatsby-v4/#LAYOUT-12
SB3-057-LAY,LAYOUT-12,K6_Q2,LAYOUT-12/K6_Q2/T2,The settings match the stated requirement for the affected output.,Output requirement and sanitized settings.,"Instantiate against one named event, retry, issue or output when a run is attached.",awaiting_execution,,,https://dhigdec.github.io/creative-ai-benchmark/gatsby-v4/#LAYOUT-12
SB3-057-LAY,LAYOUT-12,K6_Q3,LAYOUT-12/K6_Q3/T1,The input version is the latest approved version for this step.,"Input artifact version, approval state and predecessor event.","Instantiate against one named event, retry, issue or output when a run is attached.",awaiting_execution,,,https://dhigdec.github.io/creative-ai-benchmark/gatsby-v4/#LAYOUT-12
SB3-057-LAY,LAYOUT-12,K6_Q3,LAYOUT-12/K6_Q3/T2,The tool acts on the intended document or selection.,Document or selection identifier and preview.,"Instantiate against one named event, retry, issue or output when a run is attached.",awaiting_execution,,,https://dhigdec.github.io/creative-ai-benchmark/gatsby-v4/#LAYOUT-12
SB3-057-LAY,LAYOUT-12,K6_Q4,LAYOUT-12/K6_Q4/T1,"This step produces a change, an inspection result or verification evidence.",Before/after state or recorded inspection.,"Instantiate against one named event, retry, issue or output when a run is attached.",awaiting_execution,,,https://dhigdec.github.io/creative-ai-benchmark/gatsby-v4/#LAYOUT-12
SB3-057-LAY,LAYOUT-12,K6_Q4,LAYOUT-12/K6_Q4/T2,A repeated call has a stated reason grounded in the previous result.,"Previous call, response and retry rationale.","Instantiate against one named event, retry, issue or output when a run is attached.",awaiting_execution,,,https://dhigdec.github.io/creative-ai-benchmark/gatsby-v4/#LAYOUT-12
SB3-057-LAY,LAYOUT-12,K6_Q5,LAYOUT-12/K6_Q5/T1,The failed result is recorded before the next dependent action.,Error or defect observation and ordered events.,"Instantiate against one named event, retry, issue or output when a run is attached.",awaiting_execution,,,https://dhigdec.github.io/creative-ai-benchmark/gatsby-v4/#LAYOUT-12
SB3-057-LAY,LAYOUT-12,K6_Q5,LAYOUT-12/K6_Q5/T2,The recovery action addresses the recorded failure.,"Failure, changed settings or fallback, and subsequent result.","Instantiate against one named event, retry, issue or output when a run is attached.",awaiting_execution,,,https://dhigdec.github.io/creative-ai-benchmark/gatsby-v4/#LAYOUT-12
SB3-057-LAY,LAYOUT-12,K6_Q6,LAYOUT-12/K6_Q6/T1,The named output is checked before it is submitted.,Output-specific verification event and submission event.,"Instantiate against one named event, retry, issue or output when a run is attached.",awaiting_execution,,,https://dhigdec.github.io/creative-ai-benchmark/gatsby-v4/#LAYOUT-12
SB3-057-LAY,LAYOUT-12,K6_Q6,LAYOUT-12/K6_Q6/T2,The stop decision states whether the named output is complete or blocked.,Stop event and actual delivery status.,"Instantiate against one named event, retry, issue or output when a run is attached.",awaiting_execution,,,https://dhigdec.github.io/creative-ai-benchmark/gatsby-v4/#LAYOUT-12
SB3-057-LAY,LAYOUT-12,K6_Q7,LAYOUT-12/K6_Q7/T1,The final handoff discloses the recorded unresolved issue.,Unresolved issue and matching handoff disclosure.,"Instantiate against one named event, retry, issue or output when a run is attached.",awaiting_execution,,,https://dhigdec.github.io/creative-ai-benchmark/gatsby-v4/#LAYOUT-12
SB3-057-LAY,LAYOUT-12,K6_Q7,LAYOUT-12/K6_Q7/T2,The completion claim for the named output agrees with its verified status.,"Claim, delivery manifest and verifier result.","Instantiate against one named event, retry, issue or output when a run is attached.",awaiting_execution,,,https://dhigdec.github.io/creative-ai-benchmark/gatsby-v4/#LAYOUT-12
SB3-057-LAY,LAYOUT-12,K6_Q8,LAYOUT-12/K6_Q8/T1,The stated confidence agrees with the independent assessment of this run.,Agent confidence and separate expert outcome.,"Instantiate against one named event, retry, issue or output when a run is attached.",awaiting_execution,,,https://dhigdec.github.io/creative-ai-benchmark/gatsby-v4/#LAYOUT-12
SB3-058-LAY,LAYOUT-13,K6_Q1,LAYOUT-13/K6_Q1/T1,A prerequisite is completed before the step that depends on it.,Dependency event IDs and event order.,"Instantiate against one named event, retry, issue or output when a run is attached.",awaiting_execution,,,https://dhigdec.github.io/creative-ai-benchmark/gatsby-v4/#LAYOUT-13
SB3-058-LAY,LAYOUT-13,K6_Q2,LAYOUT-13/K6_Q2/T1,The named tool supports the operation attempted in this step.,"Exact tool name, sanitized parameters, intended change and tool result.","Instantiate against one named event, retry, issue or output when a run is attached.",awaiting_execution,,,https://dhigdec.github.io/creative-ai-benchmark/gatsby-v4/#LAYOUT-13
SB3-058-LAY,LAYOUT-13,K6_Q2,LAYOUT-13/K6_Q2/T2,The settings match the stated requirement for the affected output.,Output requirement and sanitized settings.,"Instantiate against one named event, retry, issue or output when a run is attached.",awaiting_execution,,,https://dhigdec.github.io/creative-ai-benchmark/gatsby-v4/#LAYOUT-13
SB3-058-LAY,LAYOUT-13,K6_Q3,LAYOUT-13/K6_Q3/T1,The input version is the latest approved version for this step.,"Input artifact version, approval state and predecessor event.","Instantiate against one named event, retry, issue or output when a run is attached.",awaiting_execution,,,https://dhigdec.github.io/creative-ai-benchmark/gatsby-v4/#LAYOUT-13
SB3-058-LAY,LAYOUT-13,K6_Q3,LAYOUT-13/K6_Q3/T2,The tool acts on the intended document or selection.,Document or selection identifier and preview.,"Instantiate against one named event, retry, issue or output when a run is attached.",awaiting_execution,,,https://dhigdec.github.io/creative-ai-benchmark/gatsby-v4/#LAYOUT-13
SB3-058-LAY,LAYOUT-13,K6_Q4,LAYOUT-13/K6_Q4/T1,"This step produces a change, an inspection result or verification evidence.",Before/after state or recorded inspection.,"Instantiate against one named event, retry, issue or output when a run is attached.",awaiting_execution,,,https://dhigdec.github.io/creative-ai-benchmark/gatsby-v4/#LAYOUT-13
SB3-058-LAY,LAYOUT-13,K6_Q4,LAYOUT-13/K6_Q4/T2,A repeated call has a stated reason grounded in the previous result.,"Previous call, response and retry rationale.","Instantiate against one named event, retry, issue or output when a run is attached.",awaiting_execution,,,https://dhigdec.github.io/creative-ai-benchmark/gatsby-v4/#LAYOUT-13
SB3-058-LAY,LAYOUT-13,K6_Q5,LAYOUT-13/K6_Q5/T1,The failed result is recorded before the next dependent action.,Error or defect observation and ordered events.,"Instantiate against one named event, retry, issue or output when a run is attached.",awaiting_execution,,,https://dhigdec.github.io/creative-ai-benchmark/gatsby-v4/#LAYOUT-13
SB3-058-LAY,LAYOUT-13,K6_Q5,LAYOUT-13/K6_Q5/T2,The recovery action addresses the recorded failure.,"Failure, changed settings or fallback, and subsequent result.","Instantiate against one named event, retry, issue or output when a run is attached.",awaiting_execution,,,https://dhigdec.github.io/creative-ai-benchmark/gatsby-v4/#LAYOUT-13
SB3-058-LAY,LAYOUT-13,K6_Q6,LAYOUT-13/K6_Q6/T1,The named output is checked before it is submitted.,Output-specific verification event and submission event.,"Instantiate against one named event, retry, issue or output when a run is attached.",awaiting_execution,,,https://dhigdec.github.io/creative-ai-benchmark/gatsby-v4/#LAYOUT-13
SB3-058-LAY,LAYOUT-13,K6_Q6,LAYOUT-13/K6_Q6/T2,The stop decision states whether the named output is complete or blocked.,Stop event and actual delivery status.,"Instantiate against one named event, retry, issue or output when a run is attached.",awaiting_execution,,,https://dhigdec.github.io/creative-ai-benchmark/gatsby-v4/#LAYOUT-13
SB3-058-LAY,LAYOUT-13,K6_Q7,LAYOUT-13/K6_Q7/T1,The final handoff discloses the recorded unresolved issue.,Unresolved issue and matching handoff disclosure.,"Instantiate against one named event, retry, issue or output when a run is attached.",awaiting_execution,,,https://dhigdec.github.io/creative-ai-benchmark/gatsby-v4/#LAYOUT-13
SB3-058-LAY,LAYOUT-13,K6_Q7,LAYOUT-13/K6_Q7/T2,The completion claim for the named output agrees with its verified status.,"Claim, delivery manifest and verifier result.","Instantiate against one named event, retry, issue or output when a run is attached.",awaiting_execution,,,https://dhigdec.github.io/creative-ai-benchmark/gatsby-v4/#LAYOUT-13
SB3-058-LAY,LAYOUT-13,K6_Q8,LAYOUT-13/K6_Q8/T1,The stated confidence agrees with the independent assessment of this run.,Agent confidence and separate expert outcome.,"Instantiate against one named event, retry, issue or output when a run is attached.",awaiting_execution,,,https://dhigdec.github.io/creative-ai-benchmark/gatsby-v4/#LAYOUT-13
SB3-059-LAY,LAYOUT-14,K6_Q1,LAYOUT-14/K6_Q1/T1,A prerequisite is completed before the step that depends on it.,Dependency event IDs and event order.,"Instantiate against one named event, retry, issue or output when a run is attached.",awaiting_execution,,,https://dhigdec.github.io/creative-ai-benchmark/gatsby-v4/#LAYOUT-14
SB3-059-LAY,LAYOUT-14,K6_Q2,LAYOUT-14/K6_Q2/T1,The named tool supports the operation attempted in this step.,"Exact tool name, sanitized parameters, intended change and tool result.","Instantiate against one named event, retry, issue or output when a run is attached.",awaiting_execution,,,https://dhigdec.github.io/creative-ai-benchmark/gatsby-v4/#LAYOUT-14
SB3-059-LAY,LAYOUT-14,K6_Q2,LAYOUT-14/K6_Q2/T2,The settings match the stated requirement for the affected output.,Output requirement and sanitized settings.,"Instantiate against one named event, retry, issue or output when a run is attached.",awaiting_execution,,,https://dhigdec.github.io/creative-ai-benchmark/gatsby-v4/#LAYOUT-14
SB3-059-LAY,LAYOUT-14,K6_Q3,LAYOUT-14/K6_Q3/T1,The input version is the latest approved version for this step.,"Input artifact version, approval state and predecessor event.","Instantiate against one named event, retry, issue or output when a run is attached.",awaiting_execution,,,https://dhigdec.github.io/creative-ai-benchmark/gatsby-v4/#LAYOUT-14
SB3-059-LAY,LAYOUT-14,K6_Q3,LAYOUT-14/K6_Q3/T2,The tool acts on the intended document or selection.,Document or selection identifier and preview.,"Instantiate against one named event, retry, issue or output when a run is attached.",awaiting_execution,,,https://dhigdec.github.io/creative-ai-benchmark/gatsby-v4/#LAYOUT-14
SB3-059-LAY,LAYOUT-14,K6_Q4,LAYOUT-14/K6_Q4/T1,"This step produces a change, an inspection result or verification evidence.",Before/after state or recorded inspection.,"Instantiate against one named event, retry, issue or output when a run is attached.",awaiting_execution,,,https://dhigdec.github.io/creative-ai-benchmark/gatsby-v4/#LAYOUT-14
SB3-059-LAY,LAYOUT-14,K6_Q4,LAYOUT-14/K6_Q4/T2,A repeated call has a stated reason grounded in the previous result.,"Previous call, response and retry rationale.","Instantiate against one named event, retry, issue or output when a run is attached.",awaiting_execution,,,https://dhigdec.github.io/creative-ai-benchmark/gatsby-v4/#LAYOUT-14
SB3-059-LAY,LAYOUT-14,K6_Q5,LAYOUT-14/K6_Q5/T1,The failed result is recorded before the next dependent action.,Error or defect observation and ordered events.,"Instantiate against one named event, retry, issue or output when a run is attached.",awaiting_execution,,,https://dhigdec.github.io/creative-ai-benchmark/gatsby-v4/#LAYOUT-14
SB3-059-LAY,LAYOUT-14,K6_Q5,LAYOUT-14/K6_Q5/T2,The recovery action addresses the recorded failure.,"Failure, changed settings or fallback, and subsequent result.","Instantiate against one named event, retry, issue or output when a run is attached.",awaiting_execution,,,https://dhigdec.github.io/creative-ai-benchmark/gatsby-v4/#LAYOUT-14
SB3-059-LAY,LAYOUT-14,K6_Q6,LAYOUT-14/K6_Q6/T1,The named output is checked before it is submitted.,Output-specific verification event and submission event.,"Instantiate against one named event, retry, issue or output when a run is attached.",awaiting_execution,,,https://dhigdec.github.io/creative-ai-benchmark/gatsby-v4/#LAYOUT-14
SB3-059-LAY,LAYOUT-14,K6_Q6,LAYOUT-14/K6_Q6/T2,The stop decision states whether the named output is complete or blocked.,Stop event and actual delivery status.,"Instantiate against one named event, retry, issue or output when a run is attached.",awaiting_execution,,,https://dhigdec.github.io/creative-ai-benchmark/gatsby-v4/#LAYOUT-14
SB3-059-LAY,LAYOUT-14,K6_Q7,LAYOUT-14/K6_Q7/T1,The final handoff discloses the recorded unresolved issue.,Unresolved issue and matching handoff disclosure.,"Instantiate against one named event, retry, issue or output when a run is attached.",awaiting_execution,,,https://dhigdec.github.io/creative-ai-benchmark/gatsby-v4/#LAYOUT-14
SB3-059-LAY,LAYOUT-14,K6_Q7,LAYOUT-14/K6_Q7/T2,The completion claim for the named output agrees with its verified status.,"Claim, delivery manifest and verifier result.","Instantiate against one named event, retry, issue or output when a run is attached.",awaiting_execution,,,https://dhigdec.github.io/creative-ai-benchmark/gatsby-v4/#LAYOUT-14
SB3-059-LAY,LAYOUT-14,K6_Q8,LAYOUT-14/K6_Q8/T1,The stated confidence agrees with the independent assessment of this run.,Agent confidence and separate expert outcome.,"Instantiate against one named event, retry, issue or output when a run is attached.",awaiting_execution,,,https://dhigdec.github.io/creative-ai-benchmark/gatsby-v4/#LAYOUT-14
SB3-060-LAY,LAYOUT-15,K6_Q1,LAYOUT-15/K6_Q1/T1,A prerequisite is completed before the step that depends on it.,Dependency event IDs and event order.,"Instantiate against one named event, retry, issue or output when a run is attached.",awaiting_execution,,,https://dhigdec.github.io/creative-ai-benchmark/gatsby-v4/#LAYOUT-15
SB3-060-LAY,LAYOUT-15,K6_Q2,LAYOUT-15/K6_Q2/T1,The named tool supports the operation attempted in this step.,"Exact tool name, sanitized parameters, intended change and tool result.","Instantiate against one named event, retry, issue or output when a run is attached.",awaiting_execution,,,https://dhigdec.github.io/creative-ai-benchmark/gatsby-v4/#LAYOUT-15
SB3-060-LAY,LAYOUT-15,K6_Q2,LAYOUT-15/K6_Q2/T2,The settings match the stated requirement for the affected output.,Output requirement and sanitized settings.,"Instantiate against one named event, retry, issue or output when a run is attached.",awaiting_execution,,,https://dhigdec.github.io/creative-ai-benchmark/gatsby-v4/#LAYOUT-15
SB3-060-LAY,LAYOUT-15,K6_Q3,LAYOUT-15/K6_Q3/T1,The input version is the latest approved version for this step.,"Input artifact version, approval state and predecessor event.","Instantiate against one named event, retry, issue or output when a run is attached.",awaiting_execution,,,https://dhigdec.github.io/creative-ai-benchmark/gatsby-v4/#LAYOUT-15
SB3-060-LAY,LAYOUT-15,K6_Q3,LAYOUT-15/K6_Q3/T2,The tool acts on the intended document or selection.,Document or selection identifier and preview.,"Instantiate against one named event, retry, issue or output when a run is attached.",awaiting_execution,,,https://dhigdec.github.io/creative-ai-benchmark/gatsby-v4/#LAYOUT-15
SB3-060-LAY,LAYOUT-15,K6_Q4,LAYOUT-15/K6_Q4/T1,"This step produces a change, an inspection result or verification evidence.",Before/after state or recorded inspection.,"Instantiate against one named event, retry, issue or output when a run is attached.",awaiting_execution,,,https://dhigdec.github.io/creative-ai-benchmark/gatsby-v4/#LAYOUT-15
SB3-060-LAY,LAYOUT-15,K6_Q4,LAYOUT-15/K6_Q4/T2,A repeated call has a stated reason grounded in the previous result.,"Previous call, response and retry rationale.","Instantiate against one named event, retry, issue or output when a run is attached.",awaiting_execution,,,https://dhigdec.github.io/creative-ai-benchmark/gatsby-v4/#LAYOUT-15
SB3-060-LAY,LAYOUT-15,K6_Q5,LAYOUT-15/K6_Q5/T1,The failed result is recorded before the next dependent action.,Error or defect observation and ordered events.,"Instantiate against one named event, retry, issue or output when a run is attached.",awaiting_execution,,,https://dhigdec.github.io/creative-ai-benchmark/gatsby-v4/#LAYOUT-15
SB3-060-LAY,LAYOUT-15,K6_Q5,LAYOUT-15/K6_Q5/T2,The recovery action addresses the recorded failure.,"Failure, changed settings or fallback, and subsequent result.","Instantiate against one named event, retry, issue or output when a run is attached.",awaiting_execution,,,https://dhigdec.github.io/creative-ai-benchmark/gatsby-v4/#LAYOUT-15
SB3-060-LAY,LAYOUT-15,K6_Q6,LAYOUT-15/K6_Q6/T1,The named output is checked before it is submitted.,Output-specific verification event and submission event.,"Instantiate against one named event, retry, issue or output when a run is attached.",awaiting_execution,,,https://dhigdec.github.io/creative-ai-benchmark/gatsby-v4/#LAYOUT-15
SB3-060-LAY,LAYOUT-15,K6_Q6,LAYOUT-15/K6_Q6/T2,The stop decision states whether the named output is complete or blocked.,Stop event and actual delivery status.,"Instantiate against one named event, retry, issue or output when a run is attached.",awaiting_execution,,,https://dhigdec.github.io/creative-ai-benchmark/gatsby-v4/#LAYOUT-15
SB3-060-LAY,LAYOUT-15,K6_Q7,LAYOUT-15/K6_Q7/T1,The final handoff discloses the recorded unresolved issue.,Unresolved issue and matching handoff disclosure.,"Instantiate against one named event, retry, issue or output when a run is attached.",awaiting_execution,,,https://dhigdec.github.io/creative-ai-benchmark/gatsby-v4/#LAYOUT-15
SB3-060-LAY,LAYOUT-15,K6_Q7,LAYOUT-15/K6_Q7/T2,The completion claim for the named output agrees with its verified status.,"Claim, delivery manifest and verifier result.","Instantiate against one named event, retry, issue or output when a run is attached.",awaiting_execution,,,https://dhigdec.github.io/creative-ai-benchmark/gatsby-v4/#LAYOUT-15
SB3-060-LAY,LAYOUT-15,K6_Q8,LAYOUT-15/K6_Q8/T1,The stated confidence agrees with the independent assessment of this run.,Agent confidence and separate expert outcome.,"Instantiate against one named event, retry, issue or output when a run is attached.",awaiting_execution,,,https://dhigdec.github.io/creative-ai-benchmark/gatsby-v4/#LAYOUT-15
SB3-061-LAY,LAYOUT-16,K6_Q1,LAYOUT-16/K6_Q1/T1,A prerequisite is completed before the step that depends on it.,Dependency event IDs and event order.,"Instantiate against one named event, retry, issue or output when a run is attached.",awaiting_execution,,,https://dhigdec.github.io/creative-ai-benchmark/gatsby-v4/#LAYOUT-16
SB3-061-LAY,LAYOUT-16,K6_Q2,LAYOUT-16/K6_Q2/T1,The named tool supports the operation attempted in this step.,"Exact tool name, sanitized parameters, intended change and tool result.","Instantiate against one named event, retry, issue or output when a run is attached.",awaiting_execution,,,https://dhigdec.github.io/creative-ai-benchmark/gatsby-v4/#LAYOUT-16
SB3-061-LAY,LAYOUT-16,K6_Q2,LAYOUT-16/K6_Q2/T2,The settings match the stated requirement for the affected output.,Output requirement and sanitized settings.,"Instantiate against one named event, retry, issue or output when a run is attached.",awaiting_execution,,,https://dhigdec.github.io/creative-ai-benchmark/gatsby-v4/#LAYOUT-16
SB3-061-LAY,LAYOUT-16,K6_Q3,LAYOUT-16/K6_Q3/T1,The input version is the latest approved version for this step.,"Input artifact version, approval state and predecessor event.","Instantiate against one named event, retry, issue or output when a run is attached.",awaiting_execution,,,https://dhigdec.github.io/creative-ai-benchmark/gatsby-v4/#LAYOUT-16
SB3-061-LAY,LAYOUT-16,K6_Q3,LAYOUT-16/K6_Q3/T2,The tool acts on the intended document or selection.,Document or selection identifier and preview.,"Instantiate against one named event, retry, issue or output when a run is attached.",awaiting_execution,,,https://dhigdec.github.io/creative-ai-benchmark/gatsby-v4/#LAYOUT-16
SB3-061-LAY,LAYOUT-16,K6_Q4,LAYOUT-16/K6_Q4/T1,"This step produces a change, an inspection result or verification evidence.",Before/after state or recorded inspection.,"Instantiate against one named event, retry, issue or output when a run is attached.",awaiting_execution,,,https://dhigdec.github.io/creative-ai-benchmark/gatsby-v4/#LAYOUT-16
SB3-061-LAY,LAYOUT-16,K6_Q4,LAYOUT-16/K6_Q4/T2,A repeated call has a stated reason grounded in the previous result.,"Previous call, response and retry rationale.","Instantiate against one named event, retry, issue or output when a run is attached.",awaiting_execution,,,https://dhigdec.github.io/creative-ai-benchmark/gatsby-v4/#LAYOUT-16
SB3-061-LAY,LAYOUT-16,K6_Q5,LAYOUT-16/K6_Q5/T1,The failed result is recorded before the next dependent action.,Error or defect observation and ordered events.,"Instantiate against one named event, retry, issue or output when a run is attached.",awaiting_execution,,,https://dhigdec.github.io/creative-ai-benchmark/gatsby-v4/#LAYOUT-16
SB3-061-LAY,LAYOUT-16,K6_Q5,LAYOUT-16/K6_Q5/T2,The recovery action addresses the recorded failure.,"Failure, changed settings or fallback, and subsequent result.","Instantiate against one named event, retry, issue or output when a run is attached.",awaiting_execution,,,https://dhigdec.github.io/creative-ai-benchmark/gatsby-v4/#LAYOUT-16
SB3-061-LAY,LAYOUT-16,K6_Q6,LAYOUT-16/K6_Q6/T1,The named output is checked before it is submitted.,Output-specific verification event and submission event.,"Instantiate against one named event, retry, issue or output when a run is attached.",awaiting_execution,,,https://dhigdec.github.io/creative-ai-benchmark/gatsby-v4/#LAYOUT-16
SB3-061-LAY,LAYOUT-16,K6_Q6,LAYOUT-16/K6_Q6/T2,The stop decision states whether the named output is complete or blocked.,Stop event and actual delivery status.,"Instantiate against one named event, retry, issue or output when a run is attached.",awaiting_execution,,,https://dhigdec.github.io/creative-ai-benchmark/gatsby-v4/#LAYOUT-16
SB3-061-LAY,LAYOUT-16,K6_Q7,LAYOUT-16/K6_Q7/T1,The final handoff discloses the recorded unresolved issue.,Unresolved issue and matching handoff disclosure.,"Instantiate against one named event, retry, issue or output when a run is attached.",awaiting_execution,,,https://dhigdec.github.io/creative-ai-benchmark/gatsby-v4/#LAYOUT-16
SB3-061-LAY,LAYOUT-16,K6_Q7,LAYOUT-16/K6_Q7/T2,The completion claim for the named output agrees with its verified status.,"Claim, delivery manifest and verifier result.","Instantiate against one named event, retry, issue or output when a run is attached.",awaiting_execution,,,https://dhigdec.github.io/creative-ai-benchmark/gatsby-v4/#LAYOUT-16
SB3-061-LAY,LAYOUT-16,K6_Q8,LAYOUT-16/K6_Q8/T1,The stated confidence agrees with the independent assessment of this run.,Agent confidence and separate expert outcome.,"Instantiate against one named event, retry, issue or output when a run is attached.",awaiting_execution,,,https://dhigdec.github.io/creative-ai-benchmark/gatsby-v4/#LAYOUT-16
SB3-062-LAY,LAYOUT-17,K6_Q1,LAYOUT-17/K6_Q1/T1,A prerequisite is completed before the step that depends on it.,Dependency event IDs and event order.,"Instantiate against one named event, retry, issue or output when a run is attached.",awaiting_execution,,,https://dhigdec.github.io/creative-ai-benchmark/gatsby-v4/#LAYOUT-17
SB3-062-LAY,LAYOUT-17,K6_Q2,LAYOUT-17/K6_Q2/T1,The named tool supports the operation attempted in this step.,"Exact tool name, sanitized parameters, intended change and tool result.","Instantiate against one named event, retry, issue or output when a run is attached.",awaiting_execution,,,https://dhigdec.github.io/creative-ai-benchmark/gatsby-v4/#LAYOUT-17
SB3-062-LAY,LAYOUT-17,K6_Q2,LAYOUT-17/K6_Q2/T2,The settings match the stated requirement for the affected output.,Output requirement and sanitized settings.,"Instantiate against one named event, retry, issue or output when a run is attached.",awaiting_execution,,,https://dhigdec.github.io/creative-ai-benchmark/gatsby-v4/#LAYOUT-17
SB3-062-LAY,LAYOUT-17,K6_Q3,LAYOUT-17/K6_Q3/T1,The input version is the latest approved version for this step.,"Input artifact version, approval state and predecessor event.","Instantiate against one named event, retry, issue or output when a run is attached.",awaiting_execution,,,https://dhigdec.github.io/creative-ai-benchmark/gatsby-v4/#LAYOUT-17
SB3-062-LAY,LAYOUT-17,K6_Q3,LAYOUT-17/K6_Q3/T2,The tool acts on the intended document or selection.,Document or selection identifier and preview.,"Instantiate against one named event, retry, issue or output when a run is attached.",awaiting_execution,,,https://dhigdec.github.io/creative-ai-benchmark/gatsby-v4/#LAYOUT-17
SB3-062-LAY,LAYOUT-17,K6_Q4,LAYOUT-17/K6_Q4/T1,"This step produces a change, an inspection result or verification evidence.",Before/after state or recorded inspection.,"Instantiate against one named event, retry, issue or output when a run is attached.",awaiting_execution,,,https://dhigdec.github.io/creative-ai-benchmark/gatsby-v4/#LAYOUT-17
SB3-062-LAY,LAYOUT-17,K6_Q4,LAYOUT-17/K6_Q4/T2,A repeated call has a stated reason grounded in the previous result.,"Previous call, response and retry rationale.","Instantiate against one named event, retry, issue or output when a run is attached.",awaiting_execution,,,https://dhigdec.github.io/creative-ai-benchmark/gatsby-v4/#LAYOUT-17
SB3-062-LAY,LAYOUT-17,K6_Q5,LAYOUT-17/K6_Q5/T1,The failed result is recorded before the next dependent action.,Error or defect observation and ordered events.,"Instantiate against one named event, retry, issue or output when a run is attached.",awaiting_execution,,,https://dhigdec.github.io/creative-ai-benchmark/gatsby-v4/#LAYOUT-17
SB3-062-LAY,LAYOUT-17,K6_Q5,LAYOUT-17/K6_Q5/T2,The recovery action addresses the recorded failure.,"Failure, changed settings or fallback, and subsequent result.","Instantiate against one named event, retry, issue or output when a run is attached.",awaiting_execution,,,https://dhigdec.github.io/creative-ai-benchmark/gatsby-v4/#LAYOUT-17
SB3-062-LAY,LAYOUT-17,K6_Q6,LAYOUT-17/K6_Q6/T1,The named output is checked before it is submitted.,Output-specific verification event and submission event.,"Instantiate against one named event, retry, issue or output when a run is attached.",awaiting_execution,,,https://dhigdec.github.io/creative-ai-benchmark/gatsby-v4/#LAYOUT-17
SB3-062-LAY,LAYOUT-17,K6_Q6,LAYOUT-17/K6_Q6/T2,The stop decision states whether the named output is complete or blocked.,Stop event and actual delivery status.,"Instantiate against one named event, retry, issue or output when a run is attached.",awaiting_execution,,,https://dhigdec.github.io/creative-ai-benchmark/gatsby-v4/#LAYOUT-17
SB3-062-LAY,LAYOUT-17,K6_Q7,LAYOUT-17/K6_Q7/T1,The final handoff discloses the recorded unresolved issue.,Unresolved issue and matching handoff disclosure.,"Instantiate against one named event, retry, issue or output when a run is attached.",awaiting_execution,,,https://dhigdec.github.io/creative-ai-benchmark/gatsby-v4/#LAYOUT-17
SB3-062-LAY,LAYOUT-17,K6_Q7,LAYOUT-17/K6_Q7/T2,The completion claim for the named output agrees with its verified status.,"Claim, delivery manifest and verifier result.","Instantiate against one named event, retry, issue or output when a run is attached.",awaiting_execution,,,https://dhigdec.github.io/creative-ai-benchmark/gatsby-v4/#LAYOUT-17
SB3-062-LAY,LAYOUT-17,K6_Q8,LAYOUT-17/K6_Q8/T1,The stated confidence agrees with the independent assessment of this run.,Agent confidence and separate expert outcome.,"Instantiate against one named event, retry, issue or output when a run is attached.",awaiting_execution,,,https://dhigdec.github.io/creative-ai-benchmark/gatsby-v4/#LAYOUT-17
SB3-063-LAY,LAYOUT-18,K6_Q1,LAYOUT-18/K6_Q1/T1,A prerequisite is completed before the step that depends on it.,Dependency event IDs and event order.,"Instantiate against one named event, retry, issue or output when a run is attached.",awaiting_execution,,,https://dhigdec.github.io/creative-ai-benchmark/gatsby-v4/#LAYOUT-18
SB3-063-LAY,LAYOUT-18,K6_Q2,LAYOUT-18/K6_Q2/T1,The named tool supports the operation attempted in this step.,"Exact tool name, sanitized parameters, intended change and tool result.","Instantiate against one named event, retry, issue or output when a run is attached.",awaiting_execution,,,https://dhigdec.github.io/creative-ai-benchmark/gatsby-v4/#LAYOUT-18
SB3-063-LAY,LAYOUT-18,K6_Q2,LAYOUT-18/K6_Q2/T2,The settings match the stated requirement for the affected output.,Output requirement and sanitized settings.,"Instantiate against one named event, retry, issue or output when a run is attached.",awaiting_execution,,,https://dhigdec.github.io/creative-ai-benchmark/gatsby-v4/#LAYOUT-18
SB3-063-LAY,LAYOUT-18,K6_Q3,LAYOUT-18/K6_Q3/T1,The input version is the latest approved version for this step.,"Input artifact version, approval state and predecessor event.","Instantiate against one named event, retry, issue or output when a run is attached.",awaiting_execution,,,https://dhigdec.github.io/creative-ai-benchmark/gatsby-v4/#LAYOUT-18
SB3-063-LAY,LAYOUT-18,K6_Q3,LAYOUT-18/K6_Q3/T2,The tool acts on the intended document or selection.,Document or selection identifier and preview.,"Instantiate against one named event, retry, issue or output when a run is attached.",awaiting_execution,,,https://dhigdec.github.io/creative-ai-benchmark/gatsby-v4/#LAYOUT-18
SB3-063-LAY,LAYOUT-18,K6_Q4,LAYOUT-18/K6_Q4/T1,"This step produces a change, an inspection result or verification evidence.",Before/after state or recorded inspection.,"Instantiate against one named event, retry, issue or output when a run is attached.",awaiting_execution,,,https://dhigdec.github.io/creative-ai-benchmark/gatsby-v4/#LAYOUT-18
SB3-063-LAY,LAYOUT-18,K6_Q4,LAYOUT-18/K6_Q4/T2,A repeated call has a stated reason grounded in the previous result.,"Previous call, response and retry rationale.","Instantiate against one named event, retry, issue or output when a run is attached.",awaiting_execution,,,https://dhigdec.github.io/creative-ai-benchmark/gatsby-v4/#LAYOUT-18
SB3-063-LAY,LAYOUT-18,K6_Q5,LAYOUT-18/K6_Q5/T1,The failed result is recorded before the next dependent action.,Error or defect observation and ordered events.,"Instantiate against one named event, retry, issue or output when a run is attached.",awaiting_execution,,,https://dhigdec.github.io/creative-ai-benchmark/gatsby-v4/#LAYOUT-18
SB3-063-LAY,LAYOUT-18,K6_Q5,LAYOUT-18/K6_Q5/T2,The recovery action addresses the recorded failure.,"Failure, changed settings or fallback, and subsequent result.","Instantiate against one named event, retry, issue or output when a run is attached.",awaiting_execution,,,https://dhigdec.github.io/creative-ai-benchmark/gatsby-v4/#LAYOUT-18
SB3-063-LAY,LAYOUT-18,K6_Q6,LAYOUT-18/K6_Q6/T1,The named output is checked before it is submitted.,Output-specific verification event and submission event.,"Instantiate against one named event, retry, issue or output when a run is attached.",awaiting_execution,,,https://dhigdec.github.io/creative-ai-benchmark/gatsby-v4/#LAYOUT-18
SB3-063-LAY,LAYOUT-18,K6_Q6,LAYOUT-18/K6_Q6/T2,The stop decision states whether the named output is complete or blocked.,Stop event and actual delivery status.,"Instantiate against one named event, retry, issue or output when a run is attached.",awaiting_execution,,,https://dhigdec.github.io/creative-ai-benchmark/gatsby-v4/#LAYOUT-18
SB3-063-LAY,LAYOUT-18,K6_Q7,LAYOUT-18/K6_Q7/T1,The final handoff discloses the recorded unresolved issue.,Unresolved issue and matching handoff disclosure.,"Instantiate against one named event, retry, issue or output when a run is attached.",awaiting_execution,,,https://dhigdec.github.io/creative-ai-benchmark/gatsby-v4/#LAYOUT-18
SB3-063-LAY,LAYOUT-18,K6_Q7,LAYOUT-18/K6_Q7/T2,The completion claim for the named output agrees with its verified status.,"Claim, delivery manifest and verifier result.","Instantiate against one named event, retry, issue or output when a run is attached.",awaiting_execution,,,https://dhigdec.github.io/creative-ai-benchmark/gatsby-v4/#LAYOUT-18
SB3-063-LAY,LAYOUT-18,K6_Q8,LAYOUT-18/K6_Q8/T1,The stated confidence agrees with the independent assessment of this run.,Agent confidence and separate expert outcome.,"Instantiate against one named event, retry, issue or output when a run is attached.",awaiting_execution,,,https://dhigdec.github.io/creative-ai-benchmark/gatsby-v4/#LAYOUT-18
SB3-064-LAY,LAYOUT-19,K6_Q1,LAYOUT-19/K6_Q1/T1,A prerequisite is completed before the step that depends on it.,Dependency event IDs and event order.,"Instantiate against one named event, retry, issue or output when a run is attached.",awaiting_execution,,,https://dhigdec.github.io/creative-ai-benchmark/gatsby-v4/#LAYOUT-19
SB3-064-LAY,LAYOUT-19,K6_Q2,LAYOUT-19/K6_Q2/T1,The named tool supports the operation attempted in this step.,"Exact tool name, sanitized parameters, intended change and tool result.","Instantiate against one named event, retry, issue or output when a run is attached.",awaiting_execution,,,https://dhigdec.github.io/creative-ai-benchmark/gatsby-v4/#LAYOUT-19
SB3-064-LAY,LAYOUT-19,K6_Q2,LAYOUT-19/K6_Q2/T2,The settings match the stated requirement for the affected output.,Output requirement and sanitized settings.,"Instantiate against one named event, retry, issue or output when a run is attached.",awaiting_execution,,,https://dhigdec.github.io/creative-ai-benchmark/gatsby-v4/#LAYOUT-19
SB3-064-LAY,LAYOUT-19,K6_Q3,LAYOUT-19/K6_Q3/T1,The input version is the latest approved version for this step.,"Input artifact version, approval state and predecessor event.","Instantiate against one named event, retry, issue or output when a run is attached.",awaiting_execution,,,https://dhigdec.github.io/creative-ai-benchmark/gatsby-v4/#LAYOUT-19
SB3-064-LAY,LAYOUT-19,K6_Q3,LAYOUT-19/K6_Q3/T2,The tool acts on the intended document or selection.,Document or selection identifier and preview.,"Instantiate against one named event, retry, issue or output when a run is attached.",awaiting_execution,,,https://dhigdec.github.io/creative-ai-benchmark/gatsby-v4/#LAYOUT-19
SB3-064-LAY,LAYOUT-19,K6_Q4,LAYOUT-19/K6_Q4/T1,"This step produces a change, an inspection result or verification evidence.",Before/after state or recorded inspection.,"Instantiate against one named event, retry, issue or output when a run is attached.",awaiting_execution,,,https://dhigdec.github.io/creative-ai-benchmark/gatsby-v4/#LAYOUT-19
SB3-064-LAY,LAYOUT-19,K6_Q4,LAYOUT-19/K6_Q4/T2,A repeated call has a stated reason grounded in the previous result.,"Previous call, response and retry rationale.","Instantiate against one named event, retry, issue or output when a run is attached.",awaiting_execution,,,https://dhigdec.github.io/creative-ai-benchmark/gatsby-v4/#LAYOUT-19
SB3-064-LAY,LAYOUT-19,K6_Q5,LAYOUT-19/K6_Q5/T1,The failed result is recorded before the next dependent action.,Error or defect observation and ordered events.,"Instantiate against one named event, retry, issue or output when a run is attached.",awaiting_execution,,,https://dhigdec.github.io/creative-ai-benchmark/gatsby-v4/#LAYOUT-19
SB3-064-LAY,LAYOUT-19,K6_Q5,LAYOUT-19/K6_Q5/T2,The recovery action addresses the recorded failure.,"Failure, changed settings or fallback, and subsequent result.","Instantiate against one named event, retry, issue or output when a run is attached.",awaiting_execution,,,https://dhigdec.github.io/creative-ai-benchmark/gatsby-v4/#LAYOUT-19
SB3-064-LAY,LAYOUT-19,K6_Q6,LAYOUT-19/K6_Q6/T1,The named output is checked before it is submitted.,Output-specific verification event and submission event.,"Instantiate against one named event, retry, issue or output when a run is attached.",awaiting_execution,,,https://dhigdec.github.io/creative-ai-benchmark/gatsby-v4/#LAYOUT-19
SB3-064-LAY,LAYOUT-19,K6_Q6,LAYOUT-19/K6_Q6/T2,The stop decision states whether the named output is complete or blocked.,Stop event and actual delivery status.,"Instantiate against one named event, retry, issue or output when a run is attached.",awaiting_execution,,,https://dhigdec.github.io/creative-ai-benchmark/gatsby-v4/#LAYOUT-19
SB3-064-LAY,LAYOUT-19,K6_Q7,LAYOUT-19/K6_Q7/T1,The final handoff discloses the recorded unresolved issue.,Unresolved issue and matching handoff disclosure.,"Instantiate against one named event, retry, issue or output when a run is attached.",awaiting_execution,,,https://dhigdec.github.io/creative-ai-benchmark/gatsby-v4/#LAYOUT-19
SB3-064-LAY,LAYOUT-19,K6_Q7,LAYOUT-19/K6_Q7/T2,The completion claim for the named output agrees with its verified status.,"Claim, delivery manifest and verifier result.","Instantiate against one named event, retry, issue or output when a run is attached.",awaiting_execution,,,https://dhigdec.github.io/creative-ai-benchmark/gatsby-v4/#LAYOUT-19
SB3-064-LAY,LAYOUT-19,K6_Q8,LAYOUT-19/K6_Q8/T1,The stated confidence agrees with the independent assessment of this run.,Agent confidence and separate expert outcome.,"Instantiate against one named event, retry, issue or output when a run is attached.",awaiting_execution,,,https://dhigdec.github.io/creative-ai-benchmark/gatsby-v4/#LAYOUT-19
SB3-065-LAY,LAYOUT-20,K6_Q1,LAYOUT-20/K6_Q1/T1,A prerequisite is completed before the step that depends on it.,Dependency event IDs and event order.,"Instantiate against one named event, retry, issue or output when a run is attached.",awaiting_execution,,,https://dhigdec.github.io/creative-ai-benchmark/gatsby-v4/#LAYOUT-20
SB3-065-LAY,LAYOUT-20,K6_Q2,LAYOUT-20/K6_Q2/T1,The named tool supports the operation attempted in this step.,"Exact tool name, sanitized parameters, intended change and tool result.","Instantiate against one named event, retry, issue or output when a run is attached.",awaiting_execution,,,https://dhigdec.github.io/creative-ai-benchmark/gatsby-v4/#LAYOUT-20
SB3-065-LAY,LAYOUT-20,K6_Q2,LAYOUT-20/K6_Q2/T2,The settings match the stated requirement for the affected output.,Output requirement and sanitized settings.,"Instantiate against one named event, retry, issue or output when a run is attached.",awaiting_execution,,,https://dhigdec.github.io/creative-ai-benchmark/gatsby-v4/#LAYOUT-20
SB3-065-LAY,LAYOUT-20,K6_Q3,LAYOUT-20/K6_Q3/T1,The input version is the latest approved version for this step.,"Input artifact version, approval state and predecessor event.","Instantiate against one named event, retry, issue or output when a run is attached.",awaiting_execution,,,https://dhigdec.github.io/creative-ai-benchmark/gatsby-v4/#LAYOUT-20
SB3-065-LAY,LAYOUT-20,K6_Q3,LAYOUT-20/K6_Q3/T2,The tool acts on the intended document or selection.,Document or selection identifier and preview.,"Instantiate against one named event, retry, issue or output when a run is attached.",awaiting_execution,,,https://dhigdec.github.io/creative-ai-benchmark/gatsby-v4/#LAYOUT-20
SB3-065-LAY,LAYOUT-20,K6_Q4,LAYOUT-20/K6_Q4/T1,"This step produces a change, an inspection result or verification evidence.",Before/after state or recorded inspection.,"Instantiate against one named event, retry, issue or output when a run is attached.",awaiting_execution,,,https://dhigdec.github.io/creative-ai-benchmark/gatsby-v4/#LAYOUT-20
SB3-065-LAY,LAYOUT-20,K6_Q4,LAYOUT-20/K6_Q4/T2,A repeated call has a stated reason grounded in the previous result.,"Previous call, response and retry rationale.","Instantiate against one named event, retry, issue or output when a run is attached.",awaiting_execution,,,https://dhigdec.github.io/creative-ai-benchmark/gatsby-v4/#LAYOUT-20
SB3-065-LAY,LAYOUT-20,K6_Q5,LAYOUT-20/K6_Q5/T1,The failed result is recorded before the next dependent action.,Error or defect observation and ordered events.,"Instantiate against one named event, retry, issue or output when a run is attached.",awaiting_execution,,,https://dhigdec.github.io/creative-ai-benchmark/gatsby-v4/#LAYOUT-20
SB3-065-LAY,LAYOUT-20,K6_Q5,LAYOUT-20/K6_Q5/T2,The recovery action addresses the recorded failure.,"Failure, changed settings or fallback, and subsequent result.","Instantiate against one named event, retry, issue or output when a run is attached.",awaiting_execution,,,https://dhigdec.github.io/creative-ai-benchmark/gatsby-v4/#LAYOUT-20
SB3-065-LAY,LAYOUT-20,K6_Q6,LAYOUT-20/K6_Q6/T1,The named output is checked before it is submitted.,Output-specific verification event and submission event.,"Instantiate against one named event, retry, issue or output when a run is attached.",awaiting_execution,,,https://dhigdec.github.io/creative-ai-benchmark/gatsby-v4/#LAYOUT-20
SB3-065-LAY,LAYOUT-20,K6_Q6,LAYOUT-20/K6_Q6/T2,The stop decision states whether the named output is complete or blocked.,Stop event and actual delivery status.,"Instantiate against one named event, retry, issue or output when a run is attached.",awaiting_execution,,,https://dhigdec.github.io/creative-ai-benchmark/gatsby-v4/#LAYOUT-20
SB3-065-LAY,LAYOUT-20,K6_Q7,LAYOUT-20/K6_Q7/T1,The final handoff discloses the recorded unresolved issue.,Unresolved issue and matching handoff disclosure.,"Instantiate against one named event, retry, issue or output when a run is attached.",awaiting_execution,,,https://dhigdec.github.io/creative-ai-benchmark/gatsby-v4/#LAYOUT-20
SB3-065-LAY,LAYOUT-20,K6_Q7,LAYOUT-20/K6_Q7/T2,The completion claim for the named output agrees with its verified status.,"Claim, delivery manifest and verifier result.","Instantiate against one named event, retry, issue or output when a run is attached.",awaiting_execution,,,https://dhigdec.github.io/creative-ai-benchmark/gatsby-v4/#LAYOUT-20
SB3-065-LAY,LAYOUT-20,K6_Q8,LAYOUT-20/K6_Q8/T1,The stated confidence agrees with the independent assessment of this run.,Agent confidence and separate expert outcome.,"Instantiate against one named event, retry, issue or output when a run is attached.",awaiting_execution,,,https://dhigdec.github.io/creative-ai-benchmark/gatsby-v4/#LAYOUT-20
SB3-066-LAY,LAYOUT-21,K6_Q1,LAYOUT-21/K6_Q1/T1,A prerequisite is completed before the step that depends on it.,Dependency event IDs and event order.,"Instantiate against one named event, retry, issue or output when a run is attached.",awaiting_execution,,,https://dhigdec.github.io/creative-ai-benchmark/gatsby-v4/#LAYOUT-21
SB3-066-LAY,LAYOUT-21,K6_Q2,LAYOUT-21/K6_Q2/T1,The named tool supports the operation attempted in this step.,"Exact tool name, sanitized parameters, intended change and tool result.","Instantiate against one named event, retry, issue or output when a run is attached.",awaiting_execution,,,https://dhigdec.github.io/creative-ai-benchmark/gatsby-v4/#LAYOUT-21
SB3-066-LAY,LAYOUT-21,K6_Q2,LAYOUT-21/K6_Q2/T2,The settings match the stated requirement for the affected output.,Output requirement and sanitized settings.,"Instantiate against one named event, retry, issue or output when a run is attached.",awaiting_execution,,,https://dhigdec.github.io/creative-ai-benchmark/gatsby-v4/#LAYOUT-21
SB3-066-LAY,LAYOUT-21,K6_Q3,LAYOUT-21/K6_Q3/T1,The input version is the latest approved version for this step.,"Input artifact version, approval state and predecessor event.","Instantiate against one named event, retry, issue or output when a run is attached.",awaiting_execution,,,https://dhigdec.github.io/creative-ai-benchmark/gatsby-v4/#LAYOUT-21
SB3-066-LAY,LAYOUT-21,K6_Q3,LAYOUT-21/K6_Q3/T2,The tool acts on the intended document or selection.,Document or selection identifier and preview.,"Instantiate against one named event, retry, issue or output when a run is attached.",awaiting_execution,,,https://dhigdec.github.io/creative-ai-benchmark/gatsby-v4/#LAYOUT-21
SB3-066-LAY,LAYOUT-21,K6_Q4,LAYOUT-21/K6_Q4/T1,"This step produces a change, an inspection result or verification evidence.",Before/after state or recorded inspection.,"Instantiate against one named event, retry, issue or output when a run is attached.",awaiting_execution,,,https://dhigdec.github.io/creative-ai-benchmark/gatsby-v4/#LAYOUT-21
SB3-066-LAY,LAYOUT-21,K6_Q4,LAYOUT-21/K6_Q4/T2,A repeated call has a stated reason grounded in the previous result.,"Previous call, response and retry rationale.","Instantiate against one named event, retry, issue or output when a run is attached.",awaiting_execution,,,https://dhigdec.github.io/creative-ai-benchmark/gatsby-v4/#LAYOUT-21
SB3-066-LAY,LAYOUT-21,K6_Q5,LAYOUT-21/K6_Q5/T1,The failed result is recorded before the next dependent action.,Error or defect observation and ordered events.,"Instantiate against one named event, retry, issue or output when a run is attached.",awaiting_execution,,,https://dhigdec.github.io/creative-ai-benchmark/gatsby-v4/#LAYOUT-21
SB3-066-LAY,LAYOUT-21,K6_Q5,LAYOUT-21/K6_Q5/T2,The recovery action addresses the recorded failure.,"Failure, changed settings or fallback, and subsequent result.","Instantiate against one named event, retry, issue or output when a run is attached.",awaiting_execution,,,https://dhigdec.github.io/creative-ai-benchmark/gatsby-v4/#LAYOUT-21
SB3-066-LAY,LAYOUT-21,K6_Q6,LAYOUT-21/K6_Q6/T1,The named output is checked before it is submitted.,Output-specific verification event and submission event.,"Instantiate against one named event, retry, issue or output when a run is attached.",awaiting_execution,,,https://dhigdec.github.io/creative-ai-benchmark/gatsby-v4/#LAYOUT-21
SB3-066-LAY,LAYOUT-21,K6_Q6,LAYOUT-21/K6_Q6/T2,The stop decision states whether the named output is complete or blocked.,Stop event and actual delivery status.,"Instantiate against one named event, retry, issue or output when a run is attached.",awaiting_execution,,,https://dhigdec.github.io/creative-ai-benchmark/gatsby-v4/#LAYOUT-21
SB3-066-LAY,LAYOUT-21,K6_Q7,LAYOUT-21/K6_Q7/T1,The final handoff discloses the recorded unresolved issue.,Unresolved issue and matching handoff disclosure.,"Instantiate against one named event, retry, issue or output when a run is attached.",awaiting_execution,,,https://dhigdec.github.io/creative-ai-benchmark/gatsby-v4/#LAYOUT-21
SB3-066-LAY,LAYOUT-21,K6_Q7,LAYOUT-21/K6_Q7/T2,The completion claim for the named output agrees with its verified status.,"Claim, delivery manifest and verifier result.","Instantiate against one named event, retry, issue or output when a run is attached.",awaiting_execution,,,https://dhigdec.github.io/creative-ai-benchmark/gatsby-v4/#LAYOUT-21
SB3-066-LAY,LAYOUT-21,K6_Q8,LAYOUT-21/K6_Q8/T1,The stated confidence agrees with the independent assessment of this run.,Agent confidence and separate expert outcome.,"Instantiate against one named event, retry, issue or output when a run is attached.",awaiting_execution,,,https://dhigdec.github.io/creative-ai-benchmark/gatsby-v4/#LAYOUT-21
SB3-067-LAY,LAYOUT-22,K6_Q1,LAYOUT-22/K6_Q1/T1,A prerequisite is completed before the step that depends on it.,Dependency event IDs and event order.,"Instantiate against one named event, retry, issue or output when a run is attached.",awaiting_execution,,,https://dhigdec.github.io/creative-ai-benchmark/gatsby-v4/#LAYOUT-22
SB3-067-LAY,LAYOUT-22,K6_Q2,LAYOUT-22/K6_Q2/T1,The named tool supports the operation attempted in this step.,"Exact tool name, sanitized parameters, intended change and tool result.","Instantiate against one named event, retry, issue or output when a run is attached.",awaiting_execution,,,https://dhigdec.github.io/creative-ai-benchmark/gatsby-v4/#LAYOUT-22
SB3-067-LAY,LAYOUT-22,K6_Q2,LAYOUT-22/K6_Q2/T2,The settings match the stated requirement for the affected output.,Output requirement and sanitized settings.,"Instantiate against one named event, retry, issue or output when a run is attached.",awaiting_execution,,,https://dhigdec.github.io/creative-ai-benchmark/gatsby-v4/#LAYOUT-22
SB3-067-LAY,LAYOUT-22,K6_Q3,LAYOUT-22/K6_Q3/T1,The input version is the latest approved version for this step.,"Input artifact version, approval state and predecessor event.","Instantiate against one named event, retry, issue or output when a run is attached.",awaiting_execution,,,https://dhigdec.github.io/creative-ai-benchmark/gatsby-v4/#LAYOUT-22
SB3-067-LAY,LAYOUT-22,K6_Q3,LAYOUT-22/K6_Q3/T2,The tool acts on the intended document or selection.,Document or selection identifier and preview.,"Instantiate against one named event, retry, issue or output when a run is attached.",awaiting_execution,,,https://dhigdec.github.io/creative-ai-benchmark/gatsby-v4/#LAYOUT-22
SB3-067-LAY,LAYOUT-22,K6_Q4,LAYOUT-22/K6_Q4/T1,"This step produces a change, an inspection result or verification evidence.",Before/after state or recorded inspection.,"Instantiate against one named event, retry, issue or output when a run is attached.",awaiting_execution,,,https://dhigdec.github.io/creative-ai-benchmark/gatsby-v4/#LAYOUT-22
SB3-067-LAY,LAYOUT-22,K6_Q4,LAYOUT-22/K6_Q4/T2,A repeated call has a stated reason grounded in the previous result.,"Previous call, response and retry rationale.","Instantiate against one named event, retry, issue or output when a run is attached.",awaiting_execution,,,https://dhigdec.github.io/creative-ai-benchmark/gatsby-v4/#LAYOUT-22
SB3-067-LAY,LAYOUT-22,K6_Q5,LAYOUT-22/K6_Q5/T1,The failed result is recorded before the next dependent action.,Error or defect observation and ordered events.,"Instantiate against one named event, retry, issue or output when a run is attached.",awaiting_execution,,,https://dhigdec.github.io/creative-ai-benchmark/gatsby-v4/#LAYOUT-22
SB3-067-LAY,LAYOUT-22,K6_Q5,LAYOUT-22/K6_Q5/T2,The recovery action addresses the recorded failure.,"Failure, changed settings or fallback, and subsequent result.","Instantiate against one named event, retry, issue or output when a run is attached.",awaiting_execution,,,https://dhigdec.github.io/creative-ai-benchmark/gatsby-v4/#LAYOUT-22
SB3-067-LAY,LAYOUT-22,K6_Q6,LAYOUT-22/K6_Q6/T1,The named output is checked before it is submitted.,Output-specific verification event and submission event.,"Instantiate against one named event, retry, issue or output when a run is attached.",awaiting_execution,,,https://dhigdec.github.io/creative-ai-benchmark/gatsby-v4/#LAYOUT-22
SB3-067-LAY,LAYOUT-22,K6_Q6,LAYOUT-22/K6_Q6/T2,The stop decision states whether the named output is complete or blocked.,Stop event and actual delivery status.,"Instantiate against one named event, retry, issue or output when a run is attached.",awaiting_execution,,,https://dhigdec.github.io/creative-ai-benchmark/gatsby-v4/#LAYOUT-22
SB3-067-LAY,LAYOUT-22,K6_Q7,LAYOUT-22/K6_Q7/T1,The final handoff discloses the recorded unresolved issue.,Unresolved issue and matching handoff disclosure.,"Instantiate against one named event, retry, issue or output when a run is attached.",awaiting_execution,,,https://dhigdec.github.io/creative-ai-benchmark/gatsby-v4/#LAYOUT-22
SB3-067-LAY,LAYOUT-22,K6_Q7,LAYOUT-22/K6_Q7/T2,The completion claim for the named output agrees with its verified status.,"Claim, delivery manifest and verifier result.","Instantiate against one named event, retry, issue or output when a run is attached.",awaiting_execution,,,https://dhigdec.github.io/creative-ai-benchmark/gatsby-v4/#LAYOUT-22
SB3-067-LAY,LAYOUT-22,K6_Q8,LAYOUT-22/K6_Q8/T1,The stated confidence agrees with the independent assessment of this run.,Agent confidence and separate expert outcome.,"Instantiate against one named event, retry, issue or output when a run is attached.",awaiting_execution,,,https://dhigdec.github.io/creative-ai-benchmark/gatsby-v4/#LAYOUT-22
SB3-068-LAY,LAYOUT-23,K6_Q1,LAYOUT-23/K6_Q1/T1,A prerequisite is completed before the step that depends on it.,Dependency event IDs and event order.,"Instantiate against one named event, retry, issue or output when a run is attached.",awaiting_execution,,,https://dhigdec.github.io/creative-ai-benchmark/gatsby-v4/#LAYOUT-23
SB3-068-LAY,LAYOUT-23,K6_Q2,LAYOUT-23/K6_Q2/T1,The named tool supports the operation attempted in this step.,"Exact tool name, sanitized parameters, intended change and tool result.","Instantiate against one named event, retry, issue or output when a run is attached.",awaiting_execution,,,https://dhigdec.github.io/creative-ai-benchmark/gatsby-v4/#LAYOUT-23
SB3-068-LAY,LAYOUT-23,K6_Q2,LAYOUT-23/K6_Q2/T2,The settings match the stated requirement for the affected output.,Output requirement and sanitized settings.,"Instantiate against one named event, retry, issue or output when a run is attached.",awaiting_execution,,,https://dhigdec.github.io/creative-ai-benchmark/gatsby-v4/#LAYOUT-23
SB3-068-LAY,LAYOUT-23,K6_Q3,LAYOUT-23/K6_Q3/T1,The input version is the latest approved version for this step.,"Input artifact version, approval state and predecessor event.","Instantiate against one named event, retry, issue or output when a run is attached.",awaiting_execution,,,https://dhigdec.github.io/creative-ai-benchmark/gatsby-v4/#LAYOUT-23
SB3-068-LAY,LAYOUT-23,K6_Q3,LAYOUT-23/K6_Q3/T2,The tool acts on the intended document or selection.,Document or selection identifier and preview.,"Instantiate against one named event, retry, issue or output when a run is attached.",awaiting_execution,,,https://dhigdec.github.io/creative-ai-benchmark/gatsby-v4/#LAYOUT-23
SB3-068-LAY,LAYOUT-23,K6_Q4,LAYOUT-23/K6_Q4/T1,"This step produces a change, an inspection result or verification evidence.",Before/after state or recorded inspection.,"Instantiate against one named event, retry, issue or output when a run is attached.",awaiting_execution,,,https://dhigdec.github.io/creative-ai-benchmark/gatsby-v4/#LAYOUT-23
SB3-068-LAY,LAYOUT-23,K6_Q4,LAYOUT-23/K6_Q4/T2,A repeated call has a stated reason grounded in the previous result.,"Previous call, response and retry rationale.","Instantiate against one named event, retry, issue or output when a run is attached.",awaiting_execution,,,https://dhigdec.github.io/creative-ai-benchmark/gatsby-v4/#LAYOUT-23
SB3-068-LAY,LAYOUT-23,K6_Q5,LAYOUT-23/K6_Q5/T1,The failed result is recorded before the next dependent action.,Error or defect observation and ordered events.,"Instantiate against one named event, retry, issue or output when a run is attached.",awaiting_execution,,,https://dhigdec.github.io/creative-ai-benchmark/gatsby-v4/#LAYOUT-23
SB3-068-LAY,LAYOUT-23,K6_Q5,LAYOUT-23/K6_Q5/T2,The recovery action addresses the recorded failure.,"Failure, changed settings or fallback, and subsequent result.","Instantiate against one named event, retry, issue or output when a run is attached.",awaiting_execution,,,https://dhigdec.github.io/creative-ai-benchmark/gatsby-v4/#LAYOUT-23
SB3-068-LAY,LAYOUT-23,K6_Q6,LAYOUT-23/K6_Q6/T1,The named output is checked before it is submitted.,Output-specific verification event and submission event.,"Instantiate against one named event, retry, issue or output when a run is attached.",awaiting_execution,,,https://dhigdec.github.io/creative-ai-benchmark/gatsby-v4/#LAYOUT-23
SB3-068-LAY,LAYOUT-23,K6_Q6,LAYOUT-23/K6_Q6/T2,The stop decision states whether the named output is complete or blocked.,Stop event and actual delivery status.,"Instantiate against one named event, retry, issue or output when a run is attached.",awaiting_execution,,,https://dhigdec.github.io/creative-ai-benchmark/gatsby-v4/#LAYOUT-23
SB3-068-LAY,LAYOUT-23,K6_Q7,LAYOUT-23/K6_Q7/T1,The final handoff discloses the recorded unresolved issue.,Unresolved issue and matching handoff disclosure.,"Instantiate against one named event, retry, issue or output when a run is attached.",awaiting_execution,,,https://dhigdec.github.io/creative-ai-benchmark/gatsby-v4/#LAYOUT-23
SB3-068-LAY,LAYOUT-23,K6_Q7,LAYOUT-23/K6_Q7/T2,The completion claim for the named output agrees with its verified status.,"Claim, delivery manifest and verifier result.","Instantiate against one named event, retry, issue or output when a run is attached.",awaiting_execution,,,https://dhigdec.github.io/creative-ai-benchmark/gatsby-v4/#LAYOUT-23
SB3-068-LAY,LAYOUT-23,K6_Q8,LAYOUT-23/K6_Q8/T1,The stated confidence agrees with the independent assessment of this run.,Agent confidence and separate expert outcome.,"Instantiate against one named event, retry, issue or output when a run is attached.",awaiting_execution,,,https://dhigdec.github.io/creative-ai-benchmark/gatsby-v4/#LAYOUT-23
SB3-069-LAY,LAYOUT-24,K6_Q1,LAYOUT-24/K6_Q1/T1,A prerequisite is completed before the step that depends on it.,Dependency event IDs and event order.,"Instantiate against one named event, retry, issue or output when a run is attached.",awaiting_execution,,,https://dhigdec.github.io/creative-ai-benchmark/gatsby-v4/#LAYOUT-24
SB3-069-LAY,LAYOUT-24,K6_Q2,LAYOUT-24/K6_Q2/T1,The named tool supports the operation attempted in this step.,"Exact tool name, sanitized parameters, intended change and tool result.","Instantiate against one named event, retry, issue or output when a run is attached.",awaiting_execution,,,https://dhigdec.github.io/creative-ai-benchmark/gatsby-v4/#LAYOUT-24
SB3-069-LAY,LAYOUT-24,K6_Q2,LAYOUT-24/K6_Q2/T2,The settings match the stated requirement for the affected output.,Output requirement and sanitized settings.,"Instantiate against one named event, retry, issue or output when a run is attached.",awaiting_execution,,,https://dhigdec.github.io/creative-ai-benchmark/gatsby-v4/#LAYOUT-24
SB3-069-LAY,LAYOUT-24,K6_Q3,LAYOUT-24/K6_Q3/T1,The input version is the latest approved version for this step.,"Input artifact version, approval state and predecessor event.","Instantiate against one named event, retry, issue or output when a run is attached.",awaiting_execution,,,https://dhigdec.github.io/creative-ai-benchmark/gatsby-v4/#LAYOUT-24
SB3-069-LAY,LAYOUT-24,K6_Q3,LAYOUT-24/K6_Q3/T2,The tool acts on the intended document or selection.,Document or selection identifier and preview.,"Instantiate against one named event, retry, issue or output when a run is attached.",awaiting_execution,,,https://dhigdec.github.io/creative-ai-benchmark/gatsby-v4/#LAYOUT-24
SB3-069-LAY,LAYOUT-24,K6_Q4,LAYOUT-24/K6_Q4/T1,"This step produces a change, an inspection result or verification evidence.",Before/after state or recorded inspection.,"Instantiate against one named event, retry, issue or output when a run is attached.",awaiting_execution,,,https://dhigdec.github.io/creative-ai-benchmark/gatsby-v4/#LAYOUT-24
SB3-069-LAY,LAYOUT-24,K6_Q4,LAYOUT-24/K6_Q4/T2,A repeated call has a stated reason grounded in the previous result.,"Previous call, response and retry rationale.","Instantiate against one named event, retry, issue or output when a run is attached.",awaiting_execution,,,https://dhigdec.github.io/creative-ai-benchmark/gatsby-v4/#LAYOUT-24
SB3-069-LAY,LAYOUT-24,K6_Q5,LAYOUT-24/K6_Q5/T1,The failed result is recorded before the next dependent action.,Error or defect observation and ordered events.,"Instantiate against one named event, retry, issue or output when a run is attached.",awaiting_execution,,,https://dhigdec.github.io/creative-ai-benchmark/gatsby-v4/#LAYOUT-24
SB3-069-LAY,LAYOUT-24,K6_Q5,LAYOUT-24/K6_Q5/T2,The recovery action addresses the recorded failure.,"Failure, changed settings or fallback, and subsequent result.","Instantiate against one named event, retry, issue or output when a run is attached.",awaiting_execution,,,https://dhigdec.github.io/creative-ai-benchmark/gatsby-v4/#LAYOUT-24
SB3-069-LAY,LAYOUT-24,K6_Q6,LAYOUT-24/K6_Q6/T1,The named output is checked before it is submitted.,Output-specific verification event and submission event.,"Instantiate against one named event, retry, issue or output when a run is attached.",awaiting_execution,,,https://dhigdec.github.io/creative-ai-benchmark/gatsby-v4/#LAYOUT-24
SB3-069-LAY,LAYOUT-24,K6_Q6,LAYOUT-24/K6_Q6/T2,The stop decision states whether the named output is complete or blocked.,Stop event and actual delivery status.,"Instantiate against one named event, retry, issue or output when a run is attached.",awaiting_execution,,,https://dhigdec.github.io/creative-ai-benchmark/gatsby-v4/#LAYOUT-24
SB3-069-LAY,LAYOUT-24,K6_Q7,LAYOUT-24/K6_Q7/T1,The final handoff discloses the recorded unresolved issue.,Unresolved issue and matching handoff disclosure.,"Instantiate against one named event, retry, issue or output when a run is attached.",awaiting_execution,,,https://dhigdec.github.io/creative-ai-benchmark/gatsby-v4/#LAYOUT-24
SB3-069-LAY,LAYOUT-24,K6_Q7,LAYOUT-24/K6_Q7/T2,The completion claim for the named output agrees with its verified status.,"Claim, delivery manifest and verifier result.","Instantiate against one named event, retry, issue or output when a run is attached.",awaiting_execution,,,https://dhigdec.github.io/creative-ai-benchmark/gatsby-v4/#LAYOUT-24
SB3-069-LAY,LAYOUT-24,K6_Q8,LAYOUT-24/K6_Q8/T1,The stated confidence agrees with the independent assessment of this run.,Agent confidence and separate expert outcome.,"Instantiate against one named event, retry, issue or output when a run is attached.",awaiting_execution,,,https://dhigdec.github.io/creative-ai-benchmark/gatsby-v4/#LAYOUT-24
SB3-070-LAY,LAYOUT-25,K6_Q1,LAYOUT-25/K6_Q1/T1,A prerequisite is completed before the step that depends on it.,Dependency event IDs and event order.,"Instantiate against one named event, retry, issue or output when a run is attached.",awaiting_execution,,,https://dhigdec.github.io/creative-ai-benchmark/gatsby-v4/#LAYOUT-25
SB3-070-LAY,LAYOUT-25,K6_Q2,LAYOUT-25/K6_Q2/T1,The named tool supports the operation attempted in this step.,"Exact tool name, sanitized parameters, intended change and tool result.","Instantiate against one named event, retry, issue or output when a run is attached.",awaiting_execution,,,https://dhigdec.github.io/creative-ai-benchmark/gatsby-v4/#LAYOUT-25
SB3-070-LAY,LAYOUT-25,K6_Q2,LAYOUT-25/K6_Q2/T2,The settings match the stated requirement for the affected output.,Output requirement and sanitized settings.,"Instantiate against one named event, retry, issue or output when a run is attached.",awaiting_execution,,,https://dhigdec.github.io/creative-ai-benchmark/gatsby-v4/#LAYOUT-25
SB3-070-LAY,LAYOUT-25,K6_Q3,LAYOUT-25/K6_Q3/T1,The input version is the latest approved version for this step.,"Input artifact version, approval state and predecessor event.","Instantiate against one named event, retry, issue or output when a run is attached.",awaiting_execution,,,https://dhigdec.github.io/creative-ai-benchmark/gatsby-v4/#LAYOUT-25
SB3-070-LAY,LAYOUT-25,K6_Q3,LAYOUT-25/K6_Q3/T2,The tool acts on the intended document or selection.,Document or selection identifier and preview.,"Instantiate against one named event, retry, issue or output when a run is attached.",awaiting_execution,,,https://dhigdec.github.io/creative-ai-benchmark/gatsby-v4/#LAYOUT-25
SB3-070-LAY,LAYOUT-25,K6_Q4,LAYOUT-25/K6_Q4/T1,"This step produces a change, an inspection result or verification evidence.",Before/after state or recorded inspection.,"Instantiate against one named event, retry, issue or output when a run is attached.",awaiting_execution,,,https://dhigdec.github.io/creative-ai-benchmark/gatsby-v4/#LAYOUT-25
SB3-070-LAY,LAYOUT-25,K6_Q4,LAYOUT-25/K6_Q4/T2,A repeated call has a stated reason grounded in the previous result.,"Previous call, response and retry rationale.","Instantiate against one named event, retry, issue or output when a run is attached.",awaiting_execution,,,https://dhigdec.github.io/creative-ai-benchmark/gatsby-v4/#LAYOUT-25
SB3-070-LAY,LAYOUT-25,K6_Q5,LAYOUT-25/K6_Q5/T1,The failed result is recorded before the next dependent action.,Error or defect observation and ordered events.,"Instantiate against one named event, retry, issue or output when a run is attached.",awaiting_execution,,,https://dhigdec.github.io/creative-ai-benchmark/gatsby-v4/#LAYOUT-25
SB3-070-LAY,LAYOUT-25,K6_Q5,LAYOUT-25/K6_Q5/T2,The recovery action addresses the recorded failure.,"Failure, changed settings or fallback, and subsequent result.","Instantiate against one named event, retry, issue or output when a run is attached.",awaiting_execution,,,https://dhigdec.github.io/creative-ai-benchmark/gatsby-v4/#LAYOUT-25
SB3-070-LAY,LAYOUT-25,K6_Q6,LAYOUT-25/K6_Q6/T1,The named output is checked before it is submitted.,Output-specific verification event and submission event.,"Instantiate against one named event, retry, issue or output when a run is attached.",awaiting_execution,,,https://dhigdec.github.io/creative-ai-benchmark/gatsby-v4/#LAYOUT-25
SB3-070-LAY,LAYOUT-25,K6_Q6,LAYOUT-25/K6_Q6/T2,The stop decision states whether the named output is complete or blocked.,Stop event and actual delivery status.,"Instantiate against one named event, retry, issue or output when a run is attached.",awaiting_execution,,,https://dhigdec.github.io/creative-ai-benchmark/gatsby-v4/#LAYOUT-25
SB3-070-LAY,LAYOUT-25,K6_Q7,LAYOUT-25/K6_Q7/T1,The final handoff discloses the recorded unresolved issue.,Unresolved issue and matching handoff disclosure.,"Instantiate against one named event, retry, issue or output when a run is attached.",awaiting_execution,,,https://dhigdec.github.io/creative-ai-benchmark/gatsby-v4/#LAYOUT-25
SB3-070-LAY,LAYOUT-25,K6_Q7,LAYOUT-25/K6_Q7/T2,The completion claim for the named output agrees with its verified status.,"Claim, delivery manifest and verifier result.","Instantiate against one named event, retry, issue or output when a run is attached.",awaiting_execution,,,https://dhigdec.github.io/creative-ai-benchmark/gatsby-v4/#LAYOUT-25
SB3-070-LAY,LAYOUT-25,K6_Q8,LAYOUT-25/K6_Q8/T1,The stated confidence agrees with the independent assessment of this run.,Agent confidence and separate expert outcome.,"Instantiate against one named event, retry, issue or output when a run is attached.",awaiting_execution,,,https://dhigdec.github.io/creative-ai-benchmark/gatsby-v4/#LAYOUT-25
SB3-071-LAY,LAYOUT-26,K6_Q1,LAYOUT-26/K6_Q1/T1,A prerequisite is completed before the step that depends on it.,Dependency event IDs and event order.,"Instantiate against one named event, retry, issue or output when a run is attached.",awaiting_execution,,,https://dhigdec.github.io/creative-ai-benchmark/gatsby-v4/#LAYOUT-26
SB3-071-LAY,LAYOUT-26,K6_Q2,LAYOUT-26/K6_Q2/T1,The named tool supports the operation attempted in this step.,"Exact tool name, sanitized parameters, intended change and tool result.","Instantiate against one named event, retry, issue or output when a run is attached.",awaiting_execution,,,https://dhigdec.github.io/creative-ai-benchmark/gatsby-v4/#LAYOUT-26
SB3-071-LAY,LAYOUT-26,K6_Q2,LAYOUT-26/K6_Q2/T2,The settings match the stated requirement for the affected output.,Output requirement and sanitized settings.,"Instantiate against one named event, retry, issue or output when a run is attached.",awaiting_execution,,,https://dhigdec.github.io/creative-ai-benchmark/gatsby-v4/#LAYOUT-26
SB3-071-LAY,LAYOUT-26,K6_Q3,LAYOUT-26/K6_Q3/T1,The input version is the latest approved version for this step.,"Input artifact version, approval state and predecessor event.","Instantiate against one named event, retry, issue or output when a run is attached.",awaiting_execution,,,https://dhigdec.github.io/creative-ai-benchmark/gatsby-v4/#LAYOUT-26
SB3-071-LAY,LAYOUT-26,K6_Q3,LAYOUT-26/K6_Q3/T2,The tool acts on the intended document or selection.,Document or selection identifier and preview.,"Instantiate against one named event, retry, issue or output when a run is attached.",awaiting_execution,,,https://dhigdec.github.io/creative-ai-benchmark/gatsby-v4/#LAYOUT-26
SB3-071-LAY,LAYOUT-26,K6_Q4,LAYOUT-26/K6_Q4/T1,"This step produces a change, an inspection result or verification evidence.",Before/after state or recorded inspection.,"Instantiate against one named event, retry, issue or output when a run is attached.",awaiting_execution,,,https://dhigdec.github.io/creative-ai-benchmark/gatsby-v4/#LAYOUT-26
SB3-071-LAY,LAYOUT-26,K6_Q4,LAYOUT-26/K6_Q4/T2,A repeated call has a stated reason grounded in the previous result.,"Previous call, response and retry rationale.","Instantiate against one named event, retry, issue or output when a run is attached.",awaiting_execution,,,https://dhigdec.github.io/creative-ai-benchmark/gatsby-v4/#LAYOUT-26
SB3-071-LAY,LAYOUT-26,K6_Q5,LAYOUT-26/K6_Q5/T1,The failed result is recorded before the next dependent action.,Error or defect observation and ordered events.,"Instantiate against one named event, retry, issue or output when a run is attached.",awaiting_execution,,,https://dhigdec.github.io/creative-ai-benchmark/gatsby-v4/#LAYOUT-26
SB3-071-LAY,LAYOUT-26,K6_Q5,LAYOUT-26/K6_Q5/T2,The recovery action addresses the recorded failure.,"Failure, changed settings or fallback, and subsequent result.","Instantiate against one named event, retry, issue or output when a run is attached.",awaiting_execution,,,https://dhigdec.github.io/creative-ai-benchmark/gatsby-v4/#LAYOUT-26
SB3-071-LAY,LAYOUT-26,K6_Q6,LAYOUT-26/K6_Q6/T1,The named output is checked before it is submitted.,Output-specific verification event and submission event.,"Instantiate against one named event, retry, issue or output when a run is attached.",awaiting_execution,,,https://dhigdec.github.io/creative-ai-benchmark/gatsby-v4/#LAYOUT-26
SB3-071-LAY,LAYOUT-26,K6_Q6,LAYOUT-26/K6_Q6/T2,The stop decision states whether the named output is complete or blocked.,Stop event and actual delivery status.,"Instantiate against one named event, retry, issue or output when a run is attached.",awaiting_execution,,,https://dhigdec.github.io/creative-ai-benchmark/gatsby-v4/#LAYOUT-26
SB3-071-LAY,LAYOUT-26,K6_Q7,LAYOUT-26/K6_Q7/T1,The final handoff discloses the recorded unresolved issue.,Unresolved issue and matching handoff disclosure.,"Instantiate against one named event, retry, issue or output when a run is attached.",awaiting_execution,,,https://dhigdec.github.io/creative-ai-benchmark/gatsby-v4/#LAYOUT-26
SB3-071-LAY,LAYOUT-26,K6_Q7,LAYOUT-26/K6_Q7/T2,The completion claim for the named output agrees with its verified status.,"Claim, delivery manifest and verifier result.","Instantiate against one named event, retry, issue or output when a run is attached.",awaiting_execution,,,https://dhigdec.github.io/creative-ai-benchmark/gatsby-v4/#LAYOUT-26
SB3-071-LAY,LAYOUT-26,K6_Q8,LAYOUT-26/K6_Q8/T1,The stated confidence agrees with the independent assessment of this run.,Agent confidence and separate expert outcome.,"Instantiate against one named event, retry, issue or output when a run is attached.",awaiting_execution,,,https://dhigdec.github.io/creative-ai-benchmark/gatsby-v4/#LAYOUT-26
SB3-072-LAY,LAYOUT-27,K6_Q1,LAYOUT-27/K6_Q1/T1,A prerequisite is completed before the step that depends on it.,Dependency event IDs and event order.,"Instantiate against one named event, retry, issue or output when a run is attached.",awaiting_execution,,,https://dhigdec.github.io/creative-ai-benchmark/gatsby-v4/#LAYOUT-27
SB3-072-LAY,LAYOUT-27,K6_Q2,LAYOUT-27/K6_Q2/T1,The named tool supports the operation attempted in this step.,"Exact tool name, sanitized parameters, intended change and tool result.","Instantiate against one named event, retry, issue or output when a run is attached.",awaiting_execution,,,https://dhigdec.github.io/creative-ai-benchmark/gatsby-v4/#LAYOUT-27
SB3-072-LAY,LAYOUT-27,K6_Q2,LAYOUT-27/K6_Q2/T2,The settings match the stated requirement for the affected output.,Output requirement and sanitized settings.,"Instantiate against one named event, retry, issue or output when a run is attached.",awaiting_execution,,,https://dhigdec.github.io/creative-ai-benchmark/gatsby-v4/#LAYOUT-27
SB3-072-LAY,LAYOUT-27,K6_Q3,LAYOUT-27/K6_Q3/T1,The input version is the latest approved version for this step.,"Input artifact version, approval state and predecessor event.","Instantiate against one named event, retry, issue or output when a run is attached.",awaiting_execution,,,https://dhigdec.github.io/creative-ai-benchmark/gatsby-v4/#LAYOUT-27
SB3-072-LAY,LAYOUT-27,K6_Q3,LAYOUT-27/K6_Q3/T2,The tool acts on the intended document or selection.,Document or selection identifier and preview.,"Instantiate against one named event, retry, issue or output when a run is attached.",awaiting_execution,,,https://dhigdec.github.io/creative-ai-benchmark/gatsby-v4/#LAYOUT-27
SB3-072-LAY,LAYOUT-27,K6_Q4,LAYOUT-27/K6_Q4/T1,"This step produces a change, an inspection result or verification evidence.",Before/after state or recorded inspection.,"Instantiate against one named event, retry, issue or output when a run is attached.",awaiting_execution,,,https://dhigdec.github.io/creative-ai-benchmark/gatsby-v4/#LAYOUT-27
SB3-072-LAY,LAYOUT-27,K6_Q4,LAYOUT-27/K6_Q4/T2,A repeated call has a stated reason grounded in the previous result.,"Previous call, response and retry rationale.","Instantiate against one named event, retry, issue or output when a run is attached.",awaiting_execution,,,https://dhigdec.github.io/creative-ai-benchmark/gatsby-v4/#LAYOUT-27
SB3-072-LAY,LAYOUT-27,K6_Q5,LAYOUT-27/K6_Q5/T1,The failed result is recorded before the next dependent action.,Error or defect observation and ordered events.,"Instantiate against one named event, retry, issue or output when a run is attached.",awaiting_execution,,,https://dhigdec.github.io/creative-ai-benchmark/gatsby-v4/#LAYOUT-27
SB3-072-LAY,LAYOUT-27,K6_Q5,LAYOUT-27/K6_Q5/T2,The recovery action addresses the recorded failure.,"Failure, changed settings or fallback, and subsequent result.","Instantiate against one named event, retry, issue or output when a run is attached.",awaiting_execution,,,https://dhigdec.github.io/creative-ai-benchmark/gatsby-v4/#LAYOUT-27
SB3-072-LAY,LAYOUT-27,K6_Q6,LAYOUT-27/K6_Q6/T1,The named output is checked before it is submitted.,Output-specific verification event and submission event.,"Instantiate against one named event, retry, issue or output when a run is attached.",awaiting_execution,,,https://dhigdec.github.io/creative-ai-benchmark/gatsby-v4/#LAYOUT-27
SB3-072-LAY,LAYOUT-27,K6_Q6,LAYOUT-27/K6_Q6/T2,The stop decision states whether the named output is complete or blocked.,Stop event and actual delivery status.,"Instantiate against one named event, retry, issue or output when a run is attached.",awaiting_execution,,,https://dhigdec.github.io/creative-ai-benchmark/gatsby-v4/#LAYOUT-27
SB3-072-LAY,LAYOUT-27,K6_Q7,LAYOUT-27/K6_Q7/T1,The final handoff discloses the recorded unresolved issue.,Unresolved issue and matching handoff disclosure.,"Instantiate against one named event, retry, issue or output when a run is attached.",awaiting_execution,,,https://dhigdec.github.io/creative-ai-benchmark/gatsby-v4/#LAYOUT-27
SB3-072-LAY,LAYOUT-27,K6_Q7,LAYOUT-27/K6_Q7/T2,The completion claim for the named output agrees with its verified status.,"Claim, delivery manifest and verifier result.","Instantiate against one named event, retry, issue or output when a run is attached.",awaiting_execution,,,https://dhigdec.github.io/creative-ai-benchmark/gatsby-v4/#LAYOUT-27
SB3-072-LAY,LAYOUT-27,K6_Q8,LAYOUT-27/K6_Q8/T1,The stated confidence agrees with the independent assessment of this run.,Agent confidence and separate expert outcome.,"Instantiate against one named event, retry, issue or output when a run is attached.",awaiting_execution,,,https://dhigdec.github.io/creative-ai-benchmark/gatsby-v4/#LAYOUT-27
SB3-073-LAY,LAYOUT-28,K6_Q1,LAYOUT-28/K6_Q1/T1,A prerequisite is completed before the step that depends on it.,Dependency event IDs and event order.,"Instantiate against one named event, retry, issue or output when a run is attached.",awaiting_execution,,,https://dhigdec.github.io/creative-ai-benchmark/gatsby-v4/#LAYOUT-28
SB3-073-LAY,LAYOUT-28,K6_Q2,LAYOUT-28/K6_Q2/T1,The named tool supports the operation attempted in this step.,"Exact tool name, sanitized parameters, intended change and tool result.","Instantiate against one named event, retry, issue or output when a run is attached.",awaiting_execution,,,https://dhigdec.github.io/creative-ai-benchmark/gatsby-v4/#LAYOUT-28
SB3-073-LAY,LAYOUT-28,K6_Q2,LAYOUT-28/K6_Q2/T2,The settings match the stated requirement for the affected output.,Output requirement and sanitized settings.,"Instantiate against one named event, retry, issue or output when a run is attached.",awaiting_execution,,,https://dhigdec.github.io/creative-ai-benchmark/gatsby-v4/#LAYOUT-28
SB3-073-LAY,LAYOUT-28,K6_Q3,LAYOUT-28/K6_Q3/T1,The input version is the latest approved version for this step.,"Input artifact version, approval state and predecessor event.","Instantiate against one named event, retry, issue or output when a run is attached.",awaiting_execution,,,https://dhigdec.github.io/creative-ai-benchmark/gatsby-v4/#LAYOUT-28
SB3-073-LAY,LAYOUT-28,K6_Q3,LAYOUT-28/K6_Q3/T2,The tool acts on the intended document or selection.,Document or selection identifier and preview.,"Instantiate against one named event, retry, issue or output when a run is attached.",awaiting_execution,,,https://dhigdec.github.io/creative-ai-benchmark/gatsby-v4/#LAYOUT-28
SB3-073-LAY,LAYOUT-28,K6_Q4,LAYOUT-28/K6_Q4/T1,"This step produces a change, an inspection result or verification evidence.",Before/after state or recorded inspection.,"Instantiate against one named event, retry, issue or output when a run is attached.",awaiting_execution,,,https://dhigdec.github.io/creative-ai-benchmark/gatsby-v4/#LAYOUT-28
SB3-073-LAY,LAYOUT-28,K6_Q4,LAYOUT-28/K6_Q4/T2,A repeated call has a stated reason grounded in the previous result.,"Previous call, response and retry rationale.","Instantiate against one named event, retry, issue or output when a run is attached.",awaiting_execution,,,https://dhigdec.github.io/creative-ai-benchmark/gatsby-v4/#LAYOUT-28
SB3-073-LAY,LAYOUT-28,K6_Q5,LAYOUT-28/K6_Q5/T1,The failed result is recorded before the next dependent action.,Error or defect observation and ordered events.,"Instantiate against one named event, retry, issue or output when a run is attached.",awaiting_execution,,,https://dhigdec.github.io/creative-ai-benchmark/gatsby-v4/#LAYOUT-28
SB3-073-LAY,LAYOUT-28,K6_Q5,LAYOUT-28/K6_Q5/T2,The recovery action addresses the recorded failure.,"Failure, changed settings or fallback, and subsequent result.","Instantiate against one named event, retry, issue or output when a run is attached.",awaiting_execution,,,https://dhigdec.github.io/creative-ai-benchmark/gatsby-v4/#LAYOUT-28
SB3-073-LAY,LAYOUT-28,K6_Q6,LAYOUT-28/K6_Q6/T1,The named output is checked before it is submitted.,Output-specific verification event and submission event.,"Instantiate against one named event, retry, issue or output when a run is attached.",awaiting_execution,,,https://dhigdec.github.io/creative-ai-benchmark/gatsby-v4/#LAYOUT-28
SB3-073-LAY,LAYOUT-28,K6_Q6,LAYOUT-28/K6_Q6/T2,The stop decision states whether the named output is complete or blocked.,Stop event and actual delivery status.,"Instantiate against one named event, retry, issue or output when a run is attached.",awaiting_execution,,,https://dhigdec.github.io/creative-ai-benchmark/gatsby-v4/#LAYOUT-28
SB3-073-LAY,LAYOUT-28,K6_Q7,LAYOUT-28/K6_Q7/T1,The final handoff discloses the recorded unresolved issue.,Unresolved issue and matching handoff disclosure.,"Instantiate against one named event, retry, issue or output when a run is attached.",awaiting_execution,,,https://dhigdec.github.io/creative-ai-benchmark/gatsby-v4/#LAYOUT-28
SB3-073-LAY,LAYOUT-28,K6_Q7,LAYOUT-28/K6_Q7/T2,The completion claim for the named output agrees with its verified status.,"Claim, delivery manifest and verifier result.","Instantiate against one named event, retry, issue or output when a run is attached.",awaiting_execution,,,https://dhigdec.github.io/creative-ai-benchmark/gatsby-v4/#LAYOUT-28
SB3-073-LAY,LAYOUT-28,K6_Q8,LAYOUT-28/K6_Q8/T1,The stated confidence agrees with the independent assessment of this run.,Agent confidence and separate expert outcome.,"Instantiate against one named event, retry, issue or output when a run is attached.",awaiting_execution,,,https://dhigdec.github.io/creative-ai-benchmark/gatsby-v4/#LAYOUT-28
SB3-074-LAY,LAYOUT-29,K6_Q1,LAYOUT-29/K6_Q1/T1,A prerequisite is completed before the step that depends on it.,Dependency event IDs and event order.,"Instantiate against one named event, retry, issue or output when a run is attached.",awaiting_execution,,,https://dhigdec.github.io/creative-ai-benchmark/gatsby-v4/#LAYOUT-29
SB3-074-LAY,LAYOUT-29,K6_Q2,LAYOUT-29/K6_Q2/T1,The named tool supports the operation attempted in this step.,"Exact tool name, sanitized parameters, intended change and tool result.","Instantiate against one named event, retry, issue or output when a run is attached.",awaiting_execution,,,https://dhigdec.github.io/creative-ai-benchmark/gatsby-v4/#LAYOUT-29
SB3-074-LAY,LAYOUT-29,K6_Q2,LAYOUT-29/K6_Q2/T2,The settings match the stated requirement for the affected output.,Output requirement and sanitized settings.,"Instantiate against one named event, retry, issue or output when a run is attached.",awaiting_execution,,,https://dhigdec.github.io/creative-ai-benchmark/gatsby-v4/#LAYOUT-29
SB3-074-LAY,LAYOUT-29,K6_Q3,LAYOUT-29/K6_Q3/T1,The input version is the latest approved version for this step.,"Input artifact version, approval state and predecessor event.","Instantiate against one named event, retry, issue or output when a run is attached.",awaiting_execution,,,https://dhigdec.github.io/creative-ai-benchmark/gatsby-v4/#LAYOUT-29
SB3-074-LAY,LAYOUT-29,K6_Q3,LAYOUT-29/K6_Q3/T2,The tool acts on the intended document or selection.,Document or selection identifier and preview.,"Instantiate against one named event, retry, issue or output when a run is attached.",awaiting_execution,,,https://dhigdec.github.io/creative-ai-benchmark/gatsby-v4/#LAYOUT-29
SB3-074-LAY,LAYOUT-29,K6_Q4,LAYOUT-29/K6_Q4/T1,"This step produces a change, an inspection result or verification evidence.",Before/after state or recorded inspection.,"Instantiate against one named event, retry, issue or output when a run is attached.",awaiting_execution,,,https://dhigdec.github.io/creative-ai-benchmark/gatsby-v4/#LAYOUT-29
SB3-074-LAY,LAYOUT-29,K6_Q4,LAYOUT-29/K6_Q4/T2,A repeated call has a stated reason grounded in the previous result.,"Previous call, response and retry rationale.","Instantiate against one named event, retry, issue or output when a run is attached.",awaiting_execution,,,https://dhigdec.github.io/creative-ai-benchmark/gatsby-v4/#LAYOUT-29
SB3-074-LAY,LAYOUT-29,K6_Q5,LAYOUT-29/K6_Q5/T1,The failed result is recorded before the next dependent action.,Error or defect observation and ordered events.,"Instantiate against one named event, retry, issue or output when a run is attached.",awaiting_execution,,,https://dhigdec.github.io/creative-ai-benchmark/gatsby-v4/#LAYOUT-29
SB3-074-LAY,LAYOUT-29,K6_Q5,LAYOUT-29/K6_Q5/T2,The recovery action addresses the recorded failure.,"Failure, changed settings or fallback, and subsequent result.","Instantiate against one named event, retry, issue or output when a run is attached.",awaiting_execution,,,https://dhigdec.github.io/creative-ai-benchmark/gatsby-v4/#LAYOUT-29
SB3-074-LAY,LAYOUT-29,K6_Q6,LAYOUT-29/K6_Q6/T1,The named output is checked before it is submitted.,Output-specific verification event and submission event.,"Instantiate against one named event, retry, issue or output when a run is attached.",awaiting_execution,,,https://dhigdec.github.io/creative-ai-benchmark/gatsby-v4/#LAYOUT-29
SB3-074-LAY,LAYOUT-29,K6_Q6,LAYOUT-29/K6_Q6/T2,The stop decision states whether the named output is complete or blocked.,Stop event and actual delivery status.,"Instantiate against one named event, retry, issue or output when a run is attached.",awaiting_execution,,,https://dhigdec.github.io/creative-ai-benchmark/gatsby-v4/#LAYOUT-29
SB3-074-LAY,LAYOUT-29,K6_Q7,LAYOUT-29/K6_Q7/T1,The final handoff discloses the recorded unresolved issue.,Unresolved issue and matching handoff disclosure.,"Instantiate against one named event, retry, issue or output when a run is attached.",awaiting_execution,,,https://dhigdec.github.io/creative-ai-benchmark/gatsby-v4/#LAYOUT-29
SB3-074-LAY,LAYOUT-29,K6_Q7,LAYOUT-29/K6_Q7/T2,The completion claim for the named output agrees with its verified status.,"Claim, delivery manifest and verifier result.","Instantiate against one named event, retry, issue or output when a run is attached.",awaiting_execution,,,https://dhigdec.github.io/creative-ai-benchmark/gatsby-v4/#LAYOUT-29
SB3-074-LAY,LAYOUT-29,K6_Q8,LAYOUT-29/K6_Q8/T1,The stated confidence agrees with the independent assessment of this run.,Agent confidence and separate expert outcome.,"Instantiate against one named event, retry, issue or output when a run is attached.",awaiting_execution,,,https://dhigdec.github.io/creative-ai-benchmark/gatsby-v4/#LAYOUT-29
SB3-075-LAY,LAYOUT-30,K6_Q1,LAYOUT-30/K6_Q1/T1,A prerequisite is completed before the step that depends on it.,Dependency event IDs and event order.,"Instantiate against one named event, retry, issue or output when a run is attached.",awaiting_execution,,,https://dhigdec.github.io/creative-ai-benchmark/gatsby-v4/#LAYOUT-30
SB3-075-LAY,LAYOUT-30,K6_Q2,LAYOUT-30/K6_Q2/T1,The named tool supports the operation attempted in this step.,"Exact tool name, sanitized parameters, intended change and tool result.","Instantiate against one named event, retry, issue or output when a run is attached.",awaiting_execution,,,https://dhigdec.github.io/creative-ai-benchmark/gatsby-v4/#LAYOUT-30
SB3-075-LAY,LAYOUT-30,K6_Q2,LAYOUT-30/K6_Q2/T2,The settings match the stated requirement for the affected output.,Output requirement and sanitized settings.,"Instantiate against one named event, retry, issue or output when a run is attached.",awaiting_execution,,,https://dhigdec.github.io/creative-ai-benchmark/gatsby-v4/#LAYOUT-30
SB3-075-LAY,LAYOUT-30,K6_Q3,LAYOUT-30/K6_Q3/T1,The input version is the latest approved version for this step.,"Input artifact version, approval state and predecessor event.","Instantiate against one named event, retry, issue or output when a run is attached.",awaiting_execution,,,https://dhigdec.github.io/creative-ai-benchmark/gatsby-v4/#LAYOUT-30
SB3-075-LAY,LAYOUT-30,K6_Q3,LAYOUT-30/K6_Q3/T2,The tool acts on the intended document or selection.,Document or selection identifier and preview.,"Instantiate against one named event, retry, issue or output when a run is attached.",awaiting_execution,,,https://dhigdec.github.io/creative-ai-benchmark/gatsby-v4/#LAYOUT-30
SB3-075-LAY,LAYOUT-30,K6_Q4,LAYOUT-30/K6_Q4/T1,"This step produces a change, an inspection result or verification evidence.",Before/after state or recorded inspection.,"Instantiate against one named event, retry, issue or output when a run is attached.",awaiting_execution,,,https://dhigdec.github.io/creative-ai-benchmark/gatsby-v4/#LAYOUT-30
SB3-075-LAY,LAYOUT-30,K6_Q4,LAYOUT-30/K6_Q4/T2,A repeated call has a stated reason grounded in the previous result.,"Previous call, response and retry rationale.","Instantiate against one named event, retry, issue or output when a run is attached.",awaiting_execution,,,https://dhigdec.github.io/creative-ai-benchmark/gatsby-v4/#LAYOUT-30
SB3-075-LAY,LAYOUT-30,K6_Q5,LAYOUT-30/K6_Q5/T1,The failed result is recorded before the next dependent action.,Error or defect observation and ordered events.,"Instantiate against one named event, retry, issue or output when a run is attached.",awaiting_execution,,,https://dhigdec.github.io/creative-ai-benchmark/gatsby-v4/#LAYOUT-30
SB3-075-LAY,LAYOUT-30,K6_Q5,LAYOUT-30/K6_Q5/T2,The recovery action addresses the recorded failure.,"Failure, changed settings or fallback, and subsequent result.","Instantiate against one named event, retry, issue or output when a run is attached.",awaiting_execution,,,https://dhigdec.github.io/creative-ai-benchmark/gatsby-v4/#LAYOUT-30
SB3-075-LAY,LAYOUT-30,K6_Q6,LAYOUT-30/K6_Q6/T1,The named output is checked before it is submitted.,Output-specific verification event and submission event.,"Instantiate against one named event, retry, issue or output when a run is attached.",awaiting_execution,,,https://dhigdec.github.io/creative-ai-benchmark/gatsby-v4/#LAYOUT-30
SB3-075-LAY,LAYOUT-30,K6_Q6,LAYOUT-30/K6_Q6/T2,The stop decision states whether the named output is complete or blocked.,Stop event and actual delivery status.,"Instantiate against one named event, retry, issue or output when a run is attached.",awaiting_execution,,,https://dhigdec.github.io/creative-ai-benchmark/gatsby-v4/#LAYOUT-30
SB3-075-LAY,LAYOUT-30,K6_Q7,LAYOUT-30/K6_Q7/T1,The final handoff discloses the recorded unresolved issue.,Unresolved issue and matching handoff disclosure.,"Instantiate against one named event, retry, issue or output when a run is attached.",awaiting_execution,,,https://dhigdec.github.io/creative-ai-benchmark/gatsby-v4/#LAYOUT-30
SB3-075-LAY,LAYOUT-30,K6_Q7,LAYOUT-30/K6_Q7/T2,The completion claim for the named output agrees with its verified status.,"Claim, delivery manifest and verifier result.","Instantiate against one named event, retry, issue or output when a run is attached.",awaiting_execution,,,https://dhigdec.github.io/creative-ai-benchmark/gatsby-v4/#LAYOUT-30
SB3-075-LAY,LAYOUT-30,K6_Q8,LAYOUT-30/K6_Q8/T1,The stated confidence agrees with the independent assessment of this run.,Agent confidence and separate expert outcome.,"Instantiate against one named event, retry, issue or output when a run is attached.",awaiting_execution,,,https://dhigdec.github.io/creative-ai-benchmark/gatsby-v4/#LAYOUT-30
SB3-076-LAY,LAYOUT-31,K6_Q1,LAYOUT-31/K6_Q1/T1,A prerequisite is completed before the step that depends on it.,Dependency event IDs and event order.,"Instantiate against one named event, retry, issue or output when a run is attached.",awaiting_execution,,,https://dhigdec.github.io/creative-ai-benchmark/gatsby-v4/#LAYOUT-31
SB3-076-LAY,LAYOUT-31,K6_Q2,LAYOUT-31/K6_Q2/T1,The named tool supports the operation attempted in this step.,"Exact tool name, sanitized parameters, intended change and tool result.","Instantiate against one named event, retry, issue or output when a run is attached.",awaiting_execution,,,https://dhigdec.github.io/creative-ai-benchmark/gatsby-v4/#LAYOUT-31
SB3-076-LAY,LAYOUT-31,K6_Q2,LAYOUT-31/K6_Q2/T2,The settings match the stated requirement for the affected output.,Output requirement and sanitized settings.,"Instantiate against one named event, retry, issue or output when a run is attached.",awaiting_execution,,,https://dhigdec.github.io/creative-ai-benchmark/gatsby-v4/#LAYOUT-31
SB3-076-LAY,LAYOUT-31,K6_Q3,LAYOUT-31/K6_Q3/T1,The input version is the latest approved version for this step.,"Input artifact version, approval state and predecessor event.","Instantiate against one named event, retry, issue or output when a run is attached.",awaiting_execution,,,https://dhigdec.github.io/creative-ai-benchmark/gatsby-v4/#LAYOUT-31
SB3-076-LAY,LAYOUT-31,K6_Q3,LAYOUT-31/K6_Q3/T2,The tool acts on the intended document or selection.,Document or selection identifier and preview.,"Instantiate against one named event, retry, issue or output when a run is attached.",awaiting_execution,,,https://dhigdec.github.io/creative-ai-benchmark/gatsby-v4/#LAYOUT-31
SB3-076-LAY,LAYOUT-31,K6_Q4,LAYOUT-31/K6_Q4/T1,"This step produces a change, an inspection result or verification evidence.",Before/after state or recorded inspection.,"Instantiate against one named event, retry, issue or output when a run is attached.",awaiting_execution,,,https://dhigdec.github.io/creative-ai-benchmark/gatsby-v4/#LAYOUT-31
SB3-076-LAY,LAYOUT-31,K6_Q4,LAYOUT-31/K6_Q4/T2,A repeated call has a stated reason grounded in the previous result.,"Previous call, response and retry rationale.","Instantiate against one named event, retry, issue or output when a run is attached.",awaiting_execution,,,https://dhigdec.github.io/creative-ai-benchmark/gatsby-v4/#LAYOUT-31
SB3-076-LAY,LAYOUT-31,K6_Q5,LAYOUT-31/K6_Q5/T1,The failed result is recorded before the next dependent action.,Error or defect observation and ordered events.,"Instantiate against one named event, retry, issue or output when a run is attached.",awaiting_execution,,,https://dhigdec.github.io/creative-ai-benchmark/gatsby-v4/#LAYOUT-31
SB3-076-LAY,LAYOUT-31,K6_Q5,LAYOUT-31/K6_Q5/T2,The recovery action addresses the recorded failure.,"Failure, changed settings or fallback, and subsequent result.","Instantiate against one named event, retry, issue or output when a run is attached.",awaiting_execution,,,https://dhigdec.github.io/creative-ai-benchmark/gatsby-v4/#LAYOUT-31
SB3-076-LAY,LAYOUT-31,K6_Q6,LAYOUT-31/K6_Q6/T1,The named output is checked before it is submitted.,Output-specific verification event and submission event.,"Instantiate against one named event, retry, issue or output when a run is attached.",awaiting_execution,,,https://dhigdec.github.io/creative-ai-benchmark/gatsby-v4/#LAYOUT-31
SB3-076-LAY,LAYOUT-31,K6_Q6,LAYOUT-31/K6_Q6/T2,The stop decision states whether the named output is complete or blocked.,Stop event and actual delivery status.,"Instantiate against one named event, retry, issue or output when a run is attached.",awaiting_execution,,,https://dhigdec.github.io/creative-ai-benchmark/gatsby-v4/#LAYOUT-31
SB3-076-LAY,LAYOUT-31,K6_Q7,LAYOUT-31/K6_Q7/T1,The final handoff discloses the recorded unresolved issue.,Unresolved issue and matching handoff disclosure.,"Instantiate against one named event, retry, issue or output when a run is attached.",awaiting_execution,,,https://dhigdec.github.io/creative-ai-benchmark/gatsby-v4/#LAYOUT-31
SB3-076-LAY,LAYOUT-31,K6_Q7,LAYOUT-31/K6_Q7/T2,The completion claim for the named output agrees with its verified status.,"Claim, delivery manifest and verifier result.","Instantiate against one named event, retry, issue or output when a run is attached.",awaiting_execution,,,https://dhigdec.github.io/creative-ai-benchmark/gatsby-v4/#LAYOUT-31
SB3-076-LAY,LAYOUT-31,K6_Q8,LAYOUT-31/K6_Q8/T1,The stated confidence agrees with the independent assessment of this run.,Agent confidence and separate expert outcome.,"Instantiate against one named event, retry, issue or output when a run is attached.",awaiting_execution,,,https://dhigdec.github.io/creative-ai-benchmark/gatsby-v4/#LAYOUT-31
SB3-077-LAY,LAYOUT-32,K6_Q1,LAYOUT-32/K6_Q1/T1,A prerequisite is completed before the step that depends on it.,Dependency event IDs and event order.,"Instantiate against one named event, retry, issue or output when a run is attached.",awaiting_execution,,,https://dhigdec.github.io/creative-ai-benchmark/gatsby-v4/#LAYOUT-32
SB3-077-LAY,LAYOUT-32,K6_Q2,LAYOUT-32/K6_Q2/T1,The named tool supports the operation attempted in this step.,"Exact tool name, sanitized parameters, intended change and tool result.","Instantiate against one named event, retry, issue or output when a run is attached.",awaiting_execution,,,https://dhigdec.github.io/creative-ai-benchmark/gatsby-v4/#LAYOUT-32
SB3-077-LAY,LAYOUT-32,K6_Q2,LAYOUT-32/K6_Q2/T2,The settings match the stated requirement for the affected output.,Output requirement and sanitized settings.,"Instantiate against one named event, retry, issue or output when a run is attached.",awaiting_execution,,,https://dhigdec.github.io/creative-ai-benchmark/gatsby-v4/#LAYOUT-32
SB3-077-LAY,LAYOUT-32,K6_Q3,LAYOUT-32/K6_Q3/T1,The input version is the latest approved version for this step.,"Input artifact version, approval state and predecessor event.","Instantiate against one named event, retry, issue or output when a run is attached.",awaiting_execution,,,https://dhigdec.github.io/creative-ai-benchmark/gatsby-v4/#LAYOUT-32
SB3-077-LAY,LAYOUT-32,K6_Q3,LAYOUT-32/K6_Q3/T2,The tool acts on the intended document or selection.,Document or selection identifier and preview.,"Instantiate against one named event, retry, issue or output when a run is attached.",awaiting_execution,,,https://dhigdec.github.io/creative-ai-benchmark/gatsby-v4/#LAYOUT-32
SB3-077-LAY,LAYOUT-32,K6_Q4,LAYOUT-32/K6_Q4/T1,"This step produces a change, an inspection result or verification evidence.",Before/after state or recorded inspection.,"Instantiate against one named event, retry, issue or output when a run is attached.",awaiting_execution,,,https://dhigdec.github.io/creative-ai-benchmark/gatsby-v4/#LAYOUT-32
SB3-077-LAY,LAYOUT-32,K6_Q4,LAYOUT-32/K6_Q4/T2,A repeated call has a stated reason grounded in the previous result.,"Previous call, response and retry rationale.","Instantiate against one named event, retry, issue or output when a run is attached.",awaiting_execution,,,https://dhigdec.github.io/creative-ai-benchmark/gatsby-v4/#LAYOUT-32
SB3-077-LAY,LAYOUT-32,K6_Q5,LAYOUT-32/K6_Q5/T1,The failed result is recorded before the next dependent action.,Error or defect observation and ordered events.,"Instantiate against one named event, retry, issue or output when a run is attached.",awaiting_execution,,,https://dhigdec.github.io/creative-ai-benchmark/gatsby-v4/#LAYOUT-32
SB3-077-LAY,LAYOUT-32,K6_Q5,LAYOUT-32/K6_Q5/T2,The recovery action addresses the recorded failure.,"Failure, changed settings or fallback, and subsequent result.","Instantiate against one named event, retry, issue or output when a run is attached.",awaiting_execution,,,https://dhigdec.github.io/creative-ai-benchmark/gatsby-v4/#LAYOUT-32
SB3-077-LAY,LAYOUT-32,K6_Q6,LAYOUT-32/K6_Q6/T1,The named output is checked before it is submitted.,Output-specific verification event and submission event.,"Instantiate against one named event, retry, issue or output when a run is attached.",awaiting_execution,,,https://dhigdec.github.io/creative-ai-benchmark/gatsby-v4/#LAYOUT-32
SB3-077-LAY,LAYOUT-32,K6_Q6,LAYOUT-32/K6_Q6/T2,The stop decision states whether the named output is complete or blocked.,Stop event and actual delivery status.,"Instantiate against one named event, retry, issue or output when a run is attached.",awaiting_execution,,,https://dhigdec.github.io/creative-ai-benchmark/gatsby-v4/#LAYOUT-32
SB3-077-LAY,LAYOUT-32,K6_Q7,LAYOUT-32/K6_Q7/T1,The final handoff discloses the recorded unresolved issue.,Unresolved issue and matching handoff disclosure.,"Instantiate against one named event, retry, issue or output when a run is attached.",awaiting_execution,,,https://dhigdec.github.io/creative-ai-benchmark/gatsby-v4/#LAYOUT-32
SB3-077-LAY,LAYOUT-32,K6_Q7,LAYOUT-32/K6_Q7/T2,The completion claim for the named output agrees with its verified status.,"Claim, delivery manifest and verifier result.","Instantiate against one named event, retry, issue or output when a run is attached.",awaiting_execution,,,https://dhigdec.github.io/creative-ai-benchmark/gatsby-v4/#LAYOUT-32
SB3-077-LAY,LAYOUT-32,K6_Q8,LAYOUT-32/K6_Q8/T1,The stated confidence agrees with the independent assessment of this run.,Agent confidence and separate expert outcome.,"Instantiate against one named event, retry, issue or output when a run is attached.",awaiting_execution,,,https://dhigdec.github.io/creative-ai-benchmark/gatsby-v4/#LAYOUT-32
SB3-078-LAY,LAYOUT-33,K6_Q1,LAYOUT-33/K6_Q1/T1,A prerequisite is completed before the step that depends on it.,Dependency event IDs and event order.,"Instantiate against one named event, retry, issue or output when a run is attached.",awaiting_execution,,,https://dhigdec.github.io/creative-ai-benchmark/gatsby-v4/#LAYOUT-33
SB3-078-LAY,LAYOUT-33,K6_Q2,LAYOUT-33/K6_Q2/T1,The named tool supports the operation attempted in this step.,"Exact tool name, sanitized parameters, intended change and tool result.","Instantiate against one named event, retry, issue or output when a run is attached.",awaiting_execution,,,https://dhigdec.github.io/creative-ai-benchmark/gatsby-v4/#LAYOUT-33
SB3-078-LAY,LAYOUT-33,K6_Q2,LAYOUT-33/K6_Q2/T2,The settings match the stated requirement for the affected output.,Output requirement and sanitized settings.,"Instantiate against one named event, retry, issue or output when a run is attached.",awaiting_execution,,,https://dhigdec.github.io/creative-ai-benchmark/gatsby-v4/#LAYOUT-33
SB3-078-LAY,LAYOUT-33,K6_Q3,LAYOUT-33/K6_Q3/T1,The input version is the latest approved version for this step.,"Input artifact version, approval state and predecessor event.","Instantiate against one named event, retry, issue or output when a run is attached.",awaiting_execution,,,https://dhigdec.github.io/creative-ai-benchmark/gatsby-v4/#LAYOUT-33
SB3-078-LAY,LAYOUT-33,K6_Q3,LAYOUT-33/K6_Q3/T2,The tool acts on the intended document or selection.,Document or selection identifier and preview.,"Instantiate against one named event, retry, issue or output when a run is attached.",awaiting_execution,,,https://dhigdec.github.io/creative-ai-benchmark/gatsby-v4/#LAYOUT-33
SB3-078-LAY,LAYOUT-33,K6_Q4,LAYOUT-33/K6_Q4/T1,"This step produces a change, an inspection result or verification evidence.",Before/after state or recorded inspection.,"Instantiate against one named event, retry, issue or output when a run is attached.",awaiting_execution,,,https://dhigdec.github.io/creative-ai-benchmark/gatsby-v4/#LAYOUT-33
SB3-078-LAY,LAYOUT-33,K6_Q4,LAYOUT-33/K6_Q4/T2,A repeated call has a stated reason grounded in the previous result.,"Previous call, response and retry rationale.","Instantiate against one named event, retry, issue or output when a run is attached.",awaiting_execution,,,https://dhigdec.github.io/creative-ai-benchmark/gatsby-v4/#LAYOUT-33
SB3-078-LAY,LAYOUT-33,K6_Q5,LAYOUT-33/K6_Q5/T1,The failed result is recorded before the next dependent action.,Error or defect observation and ordered events.,"Instantiate against one named event, retry, issue or output when a run is attached.",awaiting_execution,,,https://dhigdec.github.io/creative-ai-benchmark/gatsby-v4/#LAYOUT-33
SB3-078-LAY,LAYOUT-33,K6_Q5,LAYOUT-33/K6_Q5/T2,The recovery action addresses the recorded failure.,"Failure, changed settings or fallback, and subsequent result.","Instantiate against one named event, retry, issue or output when a run is attached.",awaiting_execution,,,https://dhigdec.github.io/creative-ai-benchmark/gatsby-v4/#LAYOUT-33
SB3-078-LAY,LAYOUT-33,K6_Q6,LAYOUT-33/K6_Q6/T1,The named output is checked before it is submitted.,Output-specific verification event and submission event.,"Instantiate against one named event, retry, issue or output when a run is attached.",awaiting_execution,,,https://dhigdec.github.io/creative-ai-benchmark/gatsby-v4/#LAYOUT-33
SB3-078-LAY,LAYOUT-33,K6_Q6,LAYOUT-33/K6_Q6/T2,The stop decision states whether the named output is complete or blocked.,Stop event and actual delivery status.,"Instantiate against one named event, retry, issue or output when a run is attached.",awaiting_execution,,,https://dhigdec.github.io/creative-ai-benchmark/gatsby-v4/#LAYOUT-33
SB3-078-LAY,LAYOUT-33,K6_Q7,LAYOUT-33/K6_Q7/T1,The final handoff discloses the recorded unresolved issue.,Unresolved issue and matching handoff disclosure.,"Instantiate against one named event, retry, issue or output when a run is attached.",awaiting_execution,,,https://dhigdec.github.io/creative-ai-benchmark/gatsby-v4/#LAYOUT-33
SB3-078-LAY,LAYOUT-33,K6_Q7,LAYOUT-33/K6_Q7/T2,The completion claim for the named output agrees with its verified status.,"Claim, delivery manifest and verifier result.","Instantiate against one named event, retry, issue or output when a run is attached.",awaiting_execution,,,https://dhigdec.github.io/creative-ai-benchmark/gatsby-v4/#LAYOUT-33
SB3-078-LAY,LAYOUT-33,K6_Q8,LAYOUT-33/K6_Q8/T1,The stated confidence agrees with the independent assessment of this run.,Agent confidence and separate expert outcome.,"Instantiate against one named event, retry, issue or output when a run is attached.",awaiting_execution,,,https://dhigdec.github.io/creative-ai-benchmark/gatsby-v4/#LAYOUT-33
SB3-079-LAY,LAYOUT-34,K6_Q1,LAYOUT-34/K6_Q1/T1,A prerequisite is completed before the step that depends on it.,Dependency event IDs and event order.,"Instantiate against one named event, retry, issue or output when a run is attached.",awaiting_execution,,,https://dhigdec.github.io/creative-ai-benchmark/gatsby-v4/#LAYOUT-34
SB3-079-LAY,LAYOUT-34,K6_Q2,LAYOUT-34/K6_Q2/T1,The named tool supports the operation attempted in this step.,"Exact tool name, sanitized parameters, intended change and tool result.","Instantiate against one named event, retry, issue or output when a run is attached.",awaiting_execution,,,https://dhigdec.github.io/creative-ai-benchmark/gatsby-v4/#LAYOUT-34
SB3-079-LAY,LAYOUT-34,K6_Q2,LAYOUT-34/K6_Q2/T2,The settings match the stated requirement for the affected output.,Output requirement and sanitized settings.,"Instantiate against one named event, retry, issue or output when a run is attached.",awaiting_execution,,,https://dhigdec.github.io/creative-ai-benchmark/gatsby-v4/#LAYOUT-34
SB3-079-LAY,LAYOUT-34,K6_Q3,LAYOUT-34/K6_Q3/T1,The input version is the latest approved version for this step.,"Input artifact version, approval state and predecessor event.","Instantiate against one named event, retry, issue or output when a run is attached.",awaiting_execution,,,https://dhigdec.github.io/creative-ai-benchmark/gatsby-v4/#LAYOUT-34
SB3-079-LAY,LAYOUT-34,K6_Q3,LAYOUT-34/K6_Q3/T2,The tool acts on the intended document or selection.,Document or selection identifier and preview.,"Instantiate against one named event, retry, issue or output when a run is attached.",awaiting_execution,,,https://dhigdec.github.io/creative-ai-benchmark/gatsby-v4/#LAYOUT-34
SB3-079-LAY,LAYOUT-34,K6_Q4,LAYOUT-34/K6_Q4/T1,"This step produces a change, an inspection result or verification evidence.",Before/after state or recorded inspection.,"Instantiate against one named event, retry, issue or output when a run is attached.",awaiting_execution,,,https://dhigdec.github.io/creative-ai-benchmark/gatsby-v4/#LAYOUT-34
SB3-079-LAY,LAYOUT-34,K6_Q4,LAYOUT-34/K6_Q4/T2,A repeated call has a stated reason grounded in the previous result.,"Previous call, response and retry rationale.","Instantiate against one named event, retry, issue or output when a run is attached.",awaiting_execution,,,https://dhigdec.github.io/creative-ai-benchmark/gatsby-v4/#LAYOUT-34
SB3-079-LAY,LAYOUT-34,K6_Q5,LAYOUT-34/K6_Q5/T1,The failed result is recorded before the next dependent action.,Error or defect observation and ordered events.,"Instantiate against one named event, retry, issue or output when a run is attached.",awaiting_execution,,,https://dhigdec.github.io/creative-ai-benchmark/gatsby-v4/#LAYOUT-34
SB3-079-LAY,LAYOUT-34,K6_Q5,LAYOUT-34/K6_Q5/T2,The recovery action addresses the recorded failure.,"Failure, changed settings or fallback, and subsequent result.","Instantiate against one named event, retry, issue or output when a run is attached.",awaiting_execution,,,https://dhigdec.github.io/creative-ai-benchmark/gatsby-v4/#LAYOUT-34
SB3-079-LAY,LAYOUT-34,K6_Q6,LAYOUT-34/K6_Q6/T1,The named output is checked before it is submitted.,Output-specific verification event and submission event.,"Instantiate against one named event, retry, issue or output when a run is attached.",awaiting_execution,,,https://dhigdec.github.io/creative-ai-benchmark/gatsby-v4/#LAYOUT-34
SB3-079-LAY,LAYOUT-34,K6_Q6,LAYOUT-34/K6_Q6/T2,The stop decision states whether the named output is complete or blocked.,Stop event and actual delivery status.,"Instantiate against one named event, retry, issue or output when a run is attached.",awaiting_execution,,,https://dhigdec.github.io/creative-ai-benchmark/gatsby-v4/#LAYOUT-34
SB3-079-LAY,LAYOUT-34,K6_Q7,LAYOUT-34/K6_Q7/T1,The final handoff discloses the recorded unresolved issue.,Unresolved issue and matching handoff disclosure.,"Instantiate against one named event, retry, issue or output when a run is attached.",awaiting_execution,,,https://dhigdec.github.io/creative-ai-benchmark/gatsby-v4/#LAYOUT-34
SB3-079-LAY,LAYOUT-34,K6_Q7,LAYOUT-34/K6_Q7/T2,The completion claim for the named output agrees with its verified status.,"Claim, delivery manifest and verifier result.","Instantiate against one named event, retry, issue or output when a run is attached.",awaiting_execution,,,https://dhigdec.github.io/creative-ai-benchmark/gatsby-v4/#LAYOUT-34
SB3-079-LAY,LAYOUT-34,K6_Q8,LAYOUT-34/K6_Q8/T1,The stated confidence agrees with the independent assessment of this run.,Agent confidence and separate expert outcome.,"Instantiate against one named event, retry, issue or output when a run is attached.",awaiting_execution,,,https://dhigdec.github.io/creative-ai-benchmark/gatsby-v4/#LAYOUT-34
SB3-080-LAY,LAYOUT-35,K6_Q1,LAYOUT-35/K6_Q1/T1,A prerequisite is completed before the step that depends on it.,Dependency event IDs and event order.,"Instantiate against one named event, retry, issue or output when a run is attached.",awaiting_execution,,,https://dhigdec.github.io/creative-ai-benchmark/gatsby-v4/#LAYOUT-35
SB3-080-LAY,LAYOUT-35,K6_Q2,LAYOUT-35/K6_Q2/T1,The named tool supports the operation attempted in this step.,"Exact tool name, sanitized parameters, intended change and tool result.","Instantiate against one named event, retry, issue or output when a run is attached.",awaiting_execution,,,https://dhigdec.github.io/creative-ai-benchmark/gatsby-v4/#LAYOUT-35
SB3-080-LAY,LAYOUT-35,K6_Q2,LAYOUT-35/K6_Q2/T2,The settings match the stated requirement for the affected output.,Output requirement and sanitized settings.,"Instantiate against one named event, retry, issue or output when a run is attached.",awaiting_execution,,,https://dhigdec.github.io/creative-ai-benchmark/gatsby-v4/#LAYOUT-35
SB3-080-LAY,LAYOUT-35,K6_Q3,LAYOUT-35/K6_Q3/T1,The input version is the latest approved version for this step.,"Input artifact version, approval state and predecessor event.","Instantiate against one named event, retry, issue or output when a run is attached.",awaiting_execution,,,https://dhigdec.github.io/creative-ai-benchmark/gatsby-v4/#LAYOUT-35
SB3-080-LAY,LAYOUT-35,K6_Q3,LAYOUT-35/K6_Q3/T2,The tool acts on the intended document or selection.,Document or selection identifier and preview.,"Instantiate against one named event, retry, issue or output when a run is attached.",awaiting_execution,,,https://dhigdec.github.io/creative-ai-benchmark/gatsby-v4/#LAYOUT-35
SB3-080-LAY,LAYOUT-35,K6_Q4,LAYOUT-35/K6_Q4/T1,"This step produces a change, an inspection result or verification evidence.",Before/after state or recorded inspection.,"Instantiate against one named event, retry, issue or output when a run is attached.",awaiting_execution,,,https://dhigdec.github.io/creative-ai-benchmark/gatsby-v4/#LAYOUT-35
SB3-080-LAY,LAYOUT-35,K6_Q4,LAYOUT-35/K6_Q4/T2,A repeated call has a stated reason grounded in the previous result.,"Previous call, response and retry rationale.","Instantiate against one named event, retry, issue or output when a run is attached.",awaiting_execution,,,https://dhigdec.github.io/creative-ai-benchmark/gatsby-v4/#LAYOUT-35
SB3-080-LAY,LAYOUT-35,K6_Q5,LAYOUT-35/K6_Q5/T1,The failed result is recorded before the next dependent action.,Error or defect observation and ordered events.,"Instantiate against one named event, retry, issue or output when a run is attached.",awaiting_execution,,,https://dhigdec.github.io/creative-ai-benchmark/gatsby-v4/#LAYOUT-35
SB3-080-LAY,LAYOUT-35,K6_Q5,LAYOUT-35/K6_Q5/T2,The recovery action addresses the recorded failure.,"Failure, changed settings or fallback, and subsequent result.","Instantiate against one named event, retry, issue or output when a run is attached.",awaiting_execution,,,https://dhigdec.github.io/creative-ai-benchmark/gatsby-v4/#LAYOUT-35
SB3-080-LAY,LAYOUT-35,K6_Q6,LAYOUT-35/K6_Q6/T1,The named output is checked before it is submitted.,Output-specific verification event and submission event.,"Instantiate against one named event, retry, issue or output when a run is attached.",awaiting_execution,,,https://dhigdec.github.io/creative-ai-benchmark/gatsby-v4/#LAYOUT-35
SB3-080-LAY,LAYOUT-35,K6_Q6,LAYOUT-35/K6_Q6/T2,The stop decision states whether the named output is complete or blocked.,Stop event and actual delivery status.,"Instantiate against one named event, retry, issue or output when a run is attached.",awaiting_execution,,,https://dhigdec.github.io/creative-ai-benchmark/gatsby-v4/#LAYOUT-35
SB3-080-LAY,LAYOUT-35,K6_Q7,LAYOUT-35/K6_Q7/T1,The final handoff discloses the recorded unresolved issue.,Unresolved issue and matching handoff disclosure.,"Instantiate against one named event, retry, issue or output when a run is attached.",awaiting_execution,,,https://dhigdec.github.io/creative-ai-benchmark/gatsby-v4/#LAYOUT-35
SB3-080-LAY,LAYOUT-35,K6_Q7,LAYOUT-35/K6_Q7/T2,The completion claim for the named output agrees with its verified status.,"Claim, delivery manifest and verifier result.","Instantiate against one named event, retry, issue or output when a run is attached.",awaiting_execution,,,https://dhigdec.github.io/creative-ai-benchmark/gatsby-v4/#LAYOUT-35
SB3-080-LAY,LAYOUT-35,K6_Q8,LAYOUT-35/K6_Q8/T1,The stated confidence agrees with the independent assessment of this run.,Agent confidence and separate expert outcome.,"Instantiate against one named event, retry, issue or output when a run is attached.",awaiting_execution,,,https://dhigdec.github.io/creative-ai-benchmark/gatsby-v4/#LAYOUT-35
SB3-081-MOT,MOTION-01,K6_Q1,MOTION-01/K6_Q1/T1,A prerequisite is completed before the step that depends on it.,Dependency event IDs and event order.,"Instantiate against one named event, retry, issue or output when a run is attached.",awaiting_execution,,,https://dhigdec.github.io/creative-ai-benchmark/gatsby-v4/#MOTION-01
SB3-081-MOT,MOTION-01,K6_Q2,MOTION-01/K6_Q2/T1,The named tool supports the operation attempted in this step.,"Exact tool name, sanitized parameters, intended change and tool result.","Instantiate against one named event, retry, issue or output when a run is attached.",awaiting_execution,,,https://dhigdec.github.io/creative-ai-benchmark/gatsby-v4/#MOTION-01
SB3-081-MOT,MOTION-01,K6_Q2,MOTION-01/K6_Q2/T2,The settings match the stated requirement for the affected output.,Output requirement and sanitized settings.,"Instantiate against one named event, retry, issue or output when a run is attached.",awaiting_execution,,,https://dhigdec.github.io/creative-ai-benchmark/gatsby-v4/#MOTION-01
SB3-081-MOT,MOTION-01,K6_Q3,MOTION-01/K6_Q3/T1,The input version is the latest approved version for this step.,"Input artifact version, approval state and predecessor event.","Instantiate against one named event, retry, issue or output when a run is attached.",awaiting_execution,,,https://dhigdec.github.io/creative-ai-benchmark/gatsby-v4/#MOTION-01
SB3-081-MOT,MOTION-01,K6_Q3,MOTION-01/K6_Q3/T2,The tool acts on the intended document or selection.,Document or selection identifier and preview.,"Instantiate against one named event, retry, issue or output when a run is attached.",awaiting_execution,,,https://dhigdec.github.io/creative-ai-benchmark/gatsby-v4/#MOTION-01
SB3-081-MOT,MOTION-01,K6_Q4,MOTION-01/K6_Q4/T1,"This step produces a change, an inspection result or verification evidence.",Before/after state or recorded inspection.,"Instantiate against one named event, retry, issue or output when a run is attached.",awaiting_execution,,,https://dhigdec.github.io/creative-ai-benchmark/gatsby-v4/#MOTION-01
SB3-081-MOT,MOTION-01,K6_Q4,MOTION-01/K6_Q4/T2,A repeated call has a stated reason grounded in the previous result.,"Previous call, response and retry rationale.","Instantiate against one named event, retry, issue or output when a run is attached.",awaiting_execution,,,https://dhigdec.github.io/creative-ai-benchmark/gatsby-v4/#MOTION-01
SB3-081-MOT,MOTION-01,K6_Q5,MOTION-01/K6_Q5/T1,The failed result is recorded before the next dependent action.,Error or defect observation and ordered events.,"Instantiate against one named event, retry, issue or output when a run is attached.",awaiting_execution,,,https://dhigdec.github.io/creative-ai-benchmark/gatsby-v4/#MOTION-01
SB3-081-MOT,MOTION-01,K6_Q5,MOTION-01/K6_Q5/T2,The recovery action addresses the recorded failure.,"Failure, changed settings or fallback, and subsequent result.","Instantiate against one named event, retry, issue or output when a run is attached.",awaiting_execution,,,https://dhigdec.github.io/creative-ai-benchmark/gatsby-v4/#MOTION-01
SB3-081-MOT,MOTION-01,K6_Q6,MOTION-01/K6_Q6/T1,The named output is checked before it is submitted.,Output-specific verification event and submission event.,"Instantiate against one named event, retry, issue or output when a run is attached.",awaiting_execution,,,https://dhigdec.github.io/creative-ai-benchmark/gatsby-v4/#MOTION-01
SB3-081-MOT,MOTION-01,K6_Q6,MOTION-01/K6_Q6/T2,The stop decision states whether the named output is complete or blocked.,Stop event and actual delivery status.,"Instantiate against one named event, retry, issue or output when a run is attached.",awaiting_execution,,,https://dhigdec.github.io/creative-ai-benchmark/gatsby-v4/#MOTION-01
SB3-081-MOT,MOTION-01,K6_Q7,MOTION-01/K6_Q7/T1,The final handoff discloses the recorded unresolved issue.,Unresolved issue and matching handoff disclosure.,"Instantiate against one named event, retry, issue or output when a run is attached.",awaiting_execution,,,https://dhigdec.github.io/creative-ai-benchmark/gatsby-v4/#MOTION-01
SB3-081-MOT,MOTION-01,K6_Q7,MOTION-01/K6_Q7/T2,The completion claim for the named output agrees with its verified status.,"Claim, delivery manifest and verifier result.","Instantiate against one named event, retry, issue or output when a run is attached.",awaiting_execution,,,https://dhigdec.github.io/creative-ai-benchmark/gatsby-v4/#MOTION-01
SB3-081-MOT,MOTION-01,K6_Q8,MOTION-01/K6_Q8/T1,The stated confidence agrees with the independent assessment of this run.,Agent confidence and separate expert outcome.,"Instantiate against one named event, retry, issue or output when a run is attached.",awaiting_execution,,,https://dhigdec.github.io/creative-ai-benchmark/gatsby-v4/#MOTION-01
SB3-082-MOT,MOTION-02,K6_Q1,MOTION-02/K6_Q1/T1,A prerequisite is completed before the step that depends on it.,Dependency event IDs and event order.,"Instantiate against one named event, retry, issue or output when a run is attached.",awaiting_execution,,,https://dhigdec.github.io/creative-ai-benchmark/gatsby-v4/#MOTION-02
SB3-082-MOT,MOTION-02,K6_Q2,MOTION-02/K6_Q2/T1,The named tool supports the operation attempted in this step.,"Exact tool name, sanitized parameters, intended change and tool result.","Instantiate against one named event, retry, issue or output when a run is attached.",awaiting_execution,,,https://dhigdec.github.io/creative-ai-benchmark/gatsby-v4/#MOTION-02
SB3-082-MOT,MOTION-02,K6_Q2,MOTION-02/K6_Q2/T2,The settings match the stated requirement for the affected output.,Output requirement and sanitized settings.,"Instantiate against one named event, retry, issue or output when a run is attached.",awaiting_execution,,,https://dhigdec.github.io/creative-ai-benchmark/gatsby-v4/#MOTION-02
SB3-082-MOT,MOTION-02,K6_Q3,MOTION-02/K6_Q3/T1,The input version is the latest approved version for this step.,"Input artifact version, approval state and predecessor event.","Instantiate against one named event, retry, issue or output when a run is attached.",awaiting_execution,,,https://dhigdec.github.io/creative-ai-benchmark/gatsby-v4/#MOTION-02
SB3-082-MOT,MOTION-02,K6_Q3,MOTION-02/K6_Q3/T2,The tool acts on the intended document or selection.,Document or selection identifier and preview.,"Instantiate against one named event, retry, issue or output when a run is attached.",awaiting_execution,,,https://dhigdec.github.io/creative-ai-benchmark/gatsby-v4/#MOTION-02
SB3-082-MOT,MOTION-02,K6_Q4,MOTION-02/K6_Q4/T1,"This step produces a change, an inspection result or verification evidence.",Before/after state or recorded inspection.,"Instantiate against one named event, retry, issue or output when a run is attached.",awaiting_execution,,,https://dhigdec.github.io/creative-ai-benchmark/gatsby-v4/#MOTION-02
SB3-082-MOT,MOTION-02,K6_Q4,MOTION-02/K6_Q4/T2,A repeated call has a stated reason grounded in the previous result.,"Previous call, response and retry rationale.","Instantiate against one named event, retry, issue or output when a run is attached.",awaiting_execution,,,https://dhigdec.github.io/creative-ai-benchmark/gatsby-v4/#MOTION-02
SB3-082-MOT,MOTION-02,K6_Q5,MOTION-02/K6_Q5/T1,The failed result is recorded before the next dependent action.,Error or defect observation and ordered events.,"Instantiate against one named event, retry, issue or output when a run is attached.",awaiting_execution,,,https://dhigdec.github.io/creative-ai-benchmark/gatsby-v4/#MOTION-02
SB3-082-MOT,MOTION-02,K6_Q5,MOTION-02/K6_Q5/T2,The recovery action addresses the recorded failure.,"Failure, changed settings or fallback, and subsequent result.","Instantiate against one named event, retry, issue or output when a run is attached.",awaiting_execution,,,https://dhigdec.github.io/creative-ai-benchmark/gatsby-v4/#MOTION-02
SB3-082-MOT,MOTION-02,K6_Q6,MOTION-02/K6_Q6/T1,The named output is checked before it is submitted.,Output-specific verification event and submission event.,"Instantiate against one named event, retry, issue or output when a run is attached.",awaiting_execution,,,https://dhigdec.github.io/creative-ai-benchmark/gatsby-v4/#MOTION-02
SB3-082-MOT,MOTION-02,K6_Q6,MOTION-02/K6_Q6/T2,The stop decision states whether the named output is complete or blocked.,Stop event and actual delivery status.,"Instantiate against one named event, retry, issue or output when a run is attached.",awaiting_execution,,,https://dhigdec.github.io/creative-ai-benchmark/gatsby-v4/#MOTION-02
SB3-082-MOT,MOTION-02,K6_Q7,MOTION-02/K6_Q7/T1,The final handoff discloses the recorded unresolved issue.,Unresolved issue and matching handoff disclosure.,"Instantiate against one named event, retry, issue or output when a run is attached.",awaiting_execution,,,https://dhigdec.github.io/creative-ai-benchmark/gatsby-v4/#MOTION-02
SB3-082-MOT,MOTION-02,K6_Q7,MOTION-02/K6_Q7/T2,The completion claim for the named output agrees with its verified status.,"Claim, delivery manifest and verifier result.","Instantiate against one named event, retry, issue or output when a run is attached.",awaiting_execution,,,https://dhigdec.github.io/creative-ai-benchmark/gatsby-v4/#MOTION-02
SB3-082-MOT,MOTION-02,K6_Q8,MOTION-02/K6_Q8/T1,The stated confidence agrees with the independent assessment of this run.,Agent confidence and separate expert outcome.,"Instantiate against one named event, retry, issue or output when a run is attached.",awaiting_execution,,,https://dhigdec.github.io/creative-ai-benchmark/gatsby-v4/#MOTION-02
SB3-083-MOT,MOTION-03,K6_Q1,MOTION-03/K6_Q1/T1,A prerequisite is completed before the step that depends on it.,Dependency event IDs and event order.,"Instantiate against one named event, retry, issue or output when a run is attached.",awaiting_execution,,,https://dhigdec.github.io/creative-ai-benchmark/gatsby-v4/#MOTION-03
SB3-083-MOT,MOTION-03,K6_Q2,MOTION-03/K6_Q2/T1,The named tool supports the operation attempted in this step.,"Exact tool name, sanitized parameters, intended change and tool result.","Instantiate against one named event, retry, issue or output when a run is attached.",awaiting_execution,,,https://dhigdec.github.io/creative-ai-benchmark/gatsby-v4/#MOTION-03
SB3-083-MOT,MOTION-03,K6_Q2,MOTION-03/K6_Q2/T2,The settings match the stated requirement for the affected output.,Output requirement and sanitized settings.,"Instantiate against one named event, retry, issue or output when a run is attached.",awaiting_execution,,,https://dhigdec.github.io/creative-ai-benchmark/gatsby-v4/#MOTION-03
SB3-083-MOT,MOTION-03,K6_Q3,MOTION-03/K6_Q3/T1,The input version is the latest approved version for this step.,"Input artifact version, approval state and predecessor event.","Instantiate against one named event, retry, issue or output when a run is attached.",awaiting_execution,,,https://dhigdec.github.io/creative-ai-benchmark/gatsby-v4/#MOTION-03
SB3-083-MOT,MOTION-03,K6_Q3,MOTION-03/K6_Q3/T2,The tool acts on the intended document or selection.,Document or selection identifier and preview.,"Instantiate against one named event, retry, issue or output when a run is attached.",awaiting_execution,,,https://dhigdec.github.io/creative-ai-benchmark/gatsby-v4/#MOTION-03
SB3-083-MOT,MOTION-03,K6_Q4,MOTION-03/K6_Q4/T1,"This step produces a change, an inspection result or verification evidence.",Before/after state or recorded inspection.,"Instantiate against one named event, retry, issue or output when a run is attached.",awaiting_execution,,,https://dhigdec.github.io/creative-ai-benchmark/gatsby-v4/#MOTION-03
SB3-083-MOT,MOTION-03,K6_Q4,MOTION-03/K6_Q4/T2,A repeated call has a stated reason grounded in the previous result.,"Previous call, response and retry rationale.","Instantiate against one named event, retry, issue or output when a run is attached.",awaiting_execution,,,https://dhigdec.github.io/creative-ai-benchmark/gatsby-v4/#MOTION-03
SB3-083-MOT,MOTION-03,K6_Q5,MOTION-03/K6_Q5/T1,The failed result is recorded before the next dependent action.,Error or defect observation and ordered events.,"Instantiate against one named event, retry, issue or output when a run is attached.",awaiting_execution,,,https://dhigdec.github.io/creative-ai-benchmark/gatsby-v4/#MOTION-03
SB3-083-MOT,MOTION-03,K6_Q5,MOTION-03/K6_Q5/T2,The recovery action addresses the recorded failure.,"Failure, changed settings or fallback, and subsequent result.","Instantiate against one named event, retry, issue or output when a run is attached.",awaiting_execution,,,https://dhigdec.github.io/creative-ai-benchmark/gatsby-v4/#MOTION-03
SB3-083-MOT,MOTION-03,K6_Q6,MOTION-03/K6_Q6/T1,The named output is checked before it is submitted.,Output-specific verification event and submission event.,"Instantiate against one named event, retry, issue or output when a run is attached.",awaiting_execution,,,https://dhigdec.github.io/creative-ai-benchmark/gatsby-v4/#MOTION-03
SB3-083-MOT,MOTION-03,K6_Q6,MOTION-03/K6_Q6/T2,The stop decision states whether the named output is complete or blocked.,Stop event and actual delivery status.,"Instantiate against one named event, retry, issue or output when a run is attached.",awaiting_execution,,,https://dhigdec.github.io/creative-ai-benchmark/gatsby-v4/#MOTION-03
SB3-083-MOT,MOTION-03,K6_Q7,MOTION-03/K6_Q7/T1,The final handoff discloses the recorded unresolved issue.,Unresolved issue and matching handoff disclosure.,"Instantiate against one named event, retry, issue or output when a run is attached.",awaiting_execution,,,https://dhigdec.github.io/creative-ai-benchmark/gatsby-v4/#MOTION-03
SB3-083-MOT,MOTION-03,K6_Q7,MOTION-03/K6_Q7/T2,The completion claim for the named output agrees with its verified status.,"Claim, delivery manifest and verifier result.","Instantiate against one named event, retry, issue or output when a run is attached.",awaiting_execution,,,https://dhigdec.github.io/creative-ai-benchmark/gatsby-v4/#MOTION-03
SB3-083-MOT,MOTION-03,K6_Q8,MOTION-03/K6_Q8/T1,The stated confidence agrees with the independent assessment of this run.,Agent confidence and separate expert outcome.,"Instantiate against one named event, retry, issue or output when a run is attached.",awaiting_execution,,,https://dhigdec.github.io/creative-ai-benchmark/gatsby-v4/#MOTION-03
SB3-084-MOT,MOTION-04,K6_Q1,MOTION-04/K6_Q1/T1,A prerequisite is completed before the step that depends on it.,Dependency event IDs and event order.,"Instantiate against one named event, retry, issue or output when a run is attached.",awaiting_execution,,,https://dhigdec.github.io/creative-ai-benchmark/gatsby-v4/#MOTION-04
SB3-084-MOT,MOTION-04,K6_Q2,MOTION-04/K6_Q2/T1,The named tool supports the operation attempted in this step.,"Exact tool name, sanitized parameters, intended change and tool result.","Instantiate against one named event, retry, issue or output when a run is attached.",awaiting_execution,,,https://dhigdec.github.io/creative-ai-benchmark/gatsby-v4/#MOTION-04
SB3-084-MOT,MOTION-04,K6_Q2,MOTION-04/K6_Q2/T2,The settings match the stated requirement for the affected output.,Output requirement and sanitized settings.,"Instantiate against one named event, retry, issue or output when a run is attached.",awaiting_execution,,,https://dhigdec.github.io/creative-ai-benchmark/gatsby-v4/#MOTION-04
SB3-084-MOT,MOTION-04,K6_Q3,MOTION-04/K6_Q3/T1,The input version is the latest approved version for this step.,"Input artifact version, approval state and predecessor event.","Instantiate against one named event, retry, issue or output when a run is attached.",awaiting_execution,,,https://dhigdec.github.io/creative-ai-benchmark/gatsby-v4/#MOTION-04
SB3-084-MOT,MOTION-04,K6_Q3,MOTION-04/K6_Q3/T2,The tool acts on the intended document or selection.,Document or selection identifier and preview.,"Instantiate against one named event, retry, issue or output when a run is attached.",awaiting_execution,,,https://dhigdec.github.io/creative-ai-benchmark/gatsby-v4/#MOTION-04
SB3-084-MOT,MOTION-04,K6_Q4,MOTION-04/K6_Q4/T1,"This step produces a change, an inspection result or verification evidence.",Before/after state or recorded inspection.,"Instantiate against one named event, retry, issue or output when a run is attached.",awaiting_execution,,,https://dhigdec.github.io/creative-ai-benchmark/gatsby-v4/#MOTION-04
SB3-084-MOT,MOTION-04,K6_Q4,MOTION-04/K6_Q4/T2,A repeated call has a stated reason grounded in the previous result.,"Previous call, response and retry rationale.","Instantiate against one named event, retry, issue or output when a run is attached.",awaiting_execution,,,https://dhigdec.github.io/creative-ai-benchmark/gatsby-v4/#MOTION-04
SB3-084-MOT,MOTION-04,K6_Q5,MOTION-04/K6_Q5/T1,The failed result is recorded before the next dependent action.,Error or defect observation and ordered events.,"Instantiate against one named event, retry, issue or output when a run is attached.",awaiting_execution,,,https://dhigdec.github.io/creative-ai-benchmark/gatsby-v4/#MOTION-04
SB3-084-MOT,MOTION-04,K6_Q5,MOTION-04/K6_Q5/T2,The recovery action addresses the recorded failure.,"Failure, changed settings or fallback, and subsequent result.","Instantiate against one named event, retry, issue or output when a run is attached.",awaiting_execution,,,https://dhigdec.github.io/creative-ai-benchmark/gatsby-v4/#MOTION-04
SB3-084-MOT,MOTION-04,K6_Q6,MOTION-04/K6_Q6/T1,The named output is checked before it is submitted.,Output-specific verification event and submission event.,"Instantiate against one named event, retry, issue or output when a run is attached.",awaiting_execution,,,https://dhigdec.github.io/creative-ai-benchmark/gatsby-v4/#MOTION-04
SB3-084-MOT,MOTION-04,K6_Q6,MOTION-04/K6_Q6/T2,The stop decision states whether the named output is complete or blocked.,Stop event and actual delivery status.,"Instantiate against one named event, retry, issue or output when a run is attached.",awaiting_execution,,,https://dhigdec.github.io/creative-ai-benchmark/gatsby-v4/#MOTION-04
SB3-084-MOT,MOTION-04,K6_Q7,MOTION-04/K6_Q7/T1,The final handoff discloses the recorded unresolved issue.,Unresolved issue and matching handoff disclosure.,"Instantiate against one named event, retry, issue or output when a run is attached.",awaiting_execution,,,https://dhigdec.github.io/creative-ai-benchmark/gatsby-v4/#MOTION-04
SB3-084-MOT,MOTION-04,K6_Q7,MOTION-04/K6_Q7/T2,The completion claim for the named output agrees with its verified status.,"Claim, delivery manifest and verifier result.","Instantiate against one named event, retry, issue or output when a run is attached.",awaiting_execution,,,https://dhigdec.github.io/creative-ai-benchmark/gatsby-v4/#MOTION-04
SB3-084-MOT,MOTION-04,K6_Q8,MOTION-04/K6_Q8/T1,The stated confidence agrees with the independent assessment of this run.,Agent confidence and separate expert outcome.,"Instantiate against one named event, retry, issue or output when a run is attached.",awaiting_execution,,,https://dhigdec.github.io/creative-ai-benchmark/gatsby-v4/#MOTION-04
SB3-085-MOT,MOTION-05,K6_Q1,MOTION-05/K6_Q1/T1,A prerequisite is completed before the step that depends on it.,Dependency event IDs and event order.,"Instantiate against one named event, retry, issue or output when a run is attached.",awaiting_execution,,,https://dhigdec.github.io/creative-ai-benchmark/gatsby-v4/#MOTION-05
SB3-085-MOT,MOTION-05,K6_Q2,MOTION-05/K6_Q2/T1,The named tool supports the operation attempted in this step.,"Exact tool name, sanitized parameters, intended change and tool result.","Instantiate against one named event, retry, issue or output when a run is attached.",awaiting_execution,,,https://dhigdec.github.io/creative-ai-benchmark/gatsby-v4/#MOTION-05
SB3-085-MOT,MOTION-05,K6_Q2,MOTION-05/K6_Q2/T2,The settings match the stated requirement for the affected output.,Output requirement and sanitized settings.,"Instantiate against one named event, retry, issue or output when a run is attached.",awaiting_execution,,,https://dhigdec.github.io/creative-ai-benchmark/gatsby-v4/#MOTION-05
SB3-085-MOT,MOTION-05,K6_Q3,MOTION-05/K6_Q3/T1,The input version is the latest approved version for this step.,"Input artifact version, approval state and predecessor event.","Instantiate against one named event, retry, issue or output when a run is attached.",awaiting_execution,,,https://dhigdec.github.io/creative-ai-benchmark/gatsby-v4/#MOTION-05
SB3-085-MOT,MOTION-05,K6_Q3,MOTION-05/K6_Q3/T2,The tool acts on the intended document or selection.,Document or selection identifier and preview.,"Instantiate against one named event, retry, issue or output when a run is attached.",awaiting_execution,,,https://dhigdec.github.io/creative-ai-benchmark/gatsby-v4/#MOTION-05
SB3-085-MOT,MOTION-05,K6_Q4,MOTION-05/K6_Q4/T1,"This step produces a change, an inspection result or verification evidence.",Before/after state or recorded inspection.,"Instantiate against one named event, retry, issue or output when a run is attached.",awaiting_execution,,,https://dhigdec.github.io/creative-ai-benchmark/gatsby-v4/#MOTION-05
SB3-085-MOT,MOTION-05,K6_Q4,MOTION-05/K6_Q4/T2,A repeated call has a stated reason grounded in the previous result.,"Previous call, response and retry rationale.","Instantiate against one named event, retry, issue or output when a run is attached.",awaiting_execution,,,https://dhigdec.github.io/creative-ai-benchmark/gatsby-v4/#MOTION-05
SB3-085-MOT,MOTION-05,K6_Q5,MOTION-05/K6_Q5/T1,The failed result is recorded before the next dependent action.,Error or defect observation and ordered events.,"Instantiate against one named event, retry, issue or output when a run is attached.",awaiting_execution,,,https://dhigdec.github.io/creative-ai-benchmark/gatsby-v4/#MOTION-05
SB3-085-MOT,MOTION-05,K6_Q5,MOTION-05/K6_Q5/T2,The recovery action addresses the recorded failure.,"Failure, changed settings or fallback, and subsequent result.","Instantiate against one named event, retry, issue or output when a run is attached.",awaiting_execution,,,https://dhigdec.github.io/creative-ai-benchmark/gatsby-v4/#MOTION-05
SB3-085-MOT,MOTION-05,K6_Q6,MOTION-05/K6_Q6/T1,The named output is checked before it is submitted.,Output-specific verification event and submission event.,"Instantiate against one named event, retry, issue or output when a run is attached.",awaiting_execution,,,https://dhigdec.github.io/creative-ai-benchmark/gatsby-v4/#MOTION-05
SB3-085-MOT,MOTION-05,K6_Q6,MOTION-05/K6_Q6/T2,The stop decision states whether the named output is complete or blocked.,Stop event and actual delivery status.,"Instantiate against one named event, retry, issue or output when a run is attached.",awaiting_execution,,,https://dhigdec.github.io/creative-ai-benchmark/gatsby-v4/#MOTION-05
SB3-085-MOT,MOTION-05,K6_Q7,MOTION-05/K6_Q7/T1,The final handoff discloses the recorded unresolved issue.,Unresolved issue and matching handoff disclosure.,"Instantiate against one named event, retry, issue or output when a run is attached.",awaiting_execution,,,https://dhigdec.github.io/creative-ai-benchmark/gatsby-v4/#MOTION-05
SB3-085-MOT,MOTION-05,K6_Q7,MOTION-05/K6_Q7/T2,The completion claim for the named output agrees with its verified status.,"Claim, delivery manifest and verifier result.","Instantiate against one named event, retry, issue or output when a run is attached.",awaiting_execution,,,https://dhigdec.github.io/creative-ai-benchmark/gatsby-v4/#MOTION-05
SB3-085-MOT,MOTION-05,K6_Q8,MOTION-05/K6_Q8/T1,The stated confidence agrees with the independent assessment of this run.,Agent confidence and separate expert outcome.,"Instantiate against one named event, retry, issue or output when a run is attached.",awaiting_execution,,,https://dhigdec.github.io/creative-ai-benchmark/gatsby-v4/#MOTION-05
SB3-086-MOT,MOTION-06,K6_Q1,MOTION-06/K6_Q1/T1,A prerequisite is completed before the step that depends on it.,Dependency event IDs and event order.,"Instantiate against one named event, retry, issue or output when a run is attached.",awaiting_execution,,,https://dhigdec.github.io/creative-ai-benchmark/gatsby-v4/#MOTION-06
SB3-086-MOT,MOTION-06,K6_Q2,MOTION-06/K6_Q2/T1,The named tool supports the operation attempted in this step.,"Exact tool name, sanitized parameters, intended change and tool result.","Instantiate against one named event, retry, issue or output when a run is attached.",awaiting_execution,,,https://dhigdec.github.io/creative-ai-benchmark/gatsby-v4/#MOTION-06
SB3-086-MOT,MOTION-06,K6_Q2,MOTION-06/K6_Q2/T2,The settings match the stated requirement for the affected output.,Output requirement and sanitized settings.,"Instantiate against one named event, retry, issue or output when a run is attached.",awaiting_execution,,,https://dhigdec.github.io/creative-ai-benchmark/gatsby-v4/#MOTION-06
SB3-086-MOT,MOTION-06,K6_Q3,MOTION-06/K6_Q3/T1,The input version is the latest approved version for this step.,"Input artifact version, approval state and predecessor event.","Instantiate against one named event, retry, issue or output when a run is attached.",awaiting_execution,,,https://dhigdec.github.io/creative-ai-benchmark/gatsby-v4/#MOTION-06
SB3-086-MOT,MOTION-06,K6_Q3,MOTION-06/K6_Q3/T2,The tool acts on the intended document or selection.,Document or selection identifier and preview.,"Instantiate against one named event, retry, issue or output when a run is attached.",awaiting_execution,,,https://dhigdec.github.io/creative-ai-benchmark/gatsby-v4/#MOTION-06
SB3-086-MOT,MOTION-06,K6_Q4,MOTION-06/K6_Q4/T1,"This step produces a change, an inspection result or verification evidence.",Before/after state or recorded inspection.,"Instantiate against one named event, retry, issue or output when a run is attached.",awaiting_execution,,,https://dhigdec.github.io/creative-ai-benchmark/gatsby-v4/#MOTION-06
SB3-086-MOT,MOTION-06,K6_Q4,MOTION-06/K6_Q4/T2,A repeated call has a stated reason grounded in the previous result.,"Previous call, response and retry rationale.","Instantiate against one named event, retry, issue or output when a run is attached.",awaiting_execution,,,https://dhigdec.github.io/creative-ai-benchmark/gatsby-v4/#MOTION-06
SB3-086-MOT,MOTION-06,K6_Q5,MOTION-06/K6_Q5/T1,The failed result is recorded before the next dependent action.,Error or defect observation and ordered events.,"Instantiate against one named event, retry, issue or output when a run is attached.",awaiting_execution,,,https://dhigdec.github.io/creative-ai-benchmark/gatsby-v4/#MOTION-06
SB3-086-MOT,MOTION-06,K6_Q5,MOTION-06/K6_Q5/T2,The recovery action addresses the recorded failure.,"Failure, changed settings or fallback, and subsequent result.","Instantiate against one named event, retry, issue or output when a run is attached.",awaiting_execution,,,https://dhigdec.github.io/creative-ai-benchmark/gatsby-v4/#MOTION-06
SB3-086-MOT,MOTION-06,K6_Q6,MOTION-06/K6_Q6/T1,The named output is checked before it is submitted.,Output-specific verification event and submission event.,"Instantiate against one named event, retry, issue or output when a run is attached.",awaiting_execution,,,https://dhigdec.github.io/creative-ai-benchmark/gatsby-v4/#MOTION-06
SB3-086-MOT,MOTION-06,K6_Q6,MOTION-06/K6_Q6/T2,The stop decision states whether the named output is complete or blocked.,Stop event and actual delivery status.,"Instantiate against one named event, retry, issue or output when a run is attached.",awaiting_execution,,,https://dhigdec.github.io/creative-ai-benchmark/gatsby-v4/#MOTION-06
SB3-086-MOT,MOTION-06,K6_Q7,MOTION-06/K6_Q7/T1,The final handoff discloses the recorded unresolved issue.,Unresolved issue and matching handoff disclosure.,"Instantiate against one named event, retry, issue or output when a run is attached.",awaiting_execution,,,https://dhigdec.github.io/creative-ai-benchmark/gatsby-v4/#MOTION-06
SB3-086-MOT,MOTION-06,K6_Q7,MOTION-06/K6_Q7/T2,The completion claim for the named output agrees with its verified status.,"Claim, delivery manifest and verifier result.","Instantiate against one named event, retry, issue or output when a run is attached.",awaiting_execution,,,https://dhigdec.github.io/creative-ai-benchmark/gatsby-v4/#MOTION-06
SB3-086-MOT,MOTION-06,K6_Q8,MOTION-06/K6_Q8/T1,The stated confidence agrees with the independent assessment of this run.,Agent confidence and separate expert outcome.,"Instantiate against one named event, retry, issue or output when a run is attached.",awaiting_execution,,,https://dhigdec.github.io/creative-ai-benchmark/gatsby-v4/#MOTION-06
SB3-087-MOT,MOTION-07,K6_Q1,MOTION-07/K6_Q1/T1,A prerequisite is completed before the step that depends on it.,Dependency event IDs and event order.,"Instantiate against one named event, retry, issue or output when a run is attached.",awaiting_execution,,,https://dhigdec.github.io/creative-ai-benchmark/gatsby-v4/#MOTION-07
SB3-087-MOT,MOTION-07,K6_Q2,MOTION-07/K6_Q2/T1,The named tool supports the operation attempted in this step.,"Exact tool name, sanitized parameters, intended change and tool result.","Instantiate against one named event, retry, issue or output when a run is attached.",awaiting_execution,,,https://dhigdec.github.io/creative-ai-benchmark/gatsby-v4/#MOTION-07
SB3-087-MOT,MOTION-07,K6_Q2,MOTION-07/K6_Q2/T2,The settings match the stated requirement for the affected output.,Output requirement and sanitized settings.,"Instantiate against one named event, retry, issue or output when a run is attached.",awaiting_execution,,,https://dhigdec.github.io/creative-ai-benchmark/gatsby-v4/#MOTION-07
SB3-087-MOT,MOTION-07,K6_Q3,MOTION-07/K6_Q3/T1,The input version is the latest approved version for this step.,"Input artifact version, approval state and predecessor event.","Instantiate against one named event, retry, issue or output when a run is attached.",awaiting_execution,,,https://dhigdec.github.io/creative-ai-benchmark/gatsby-v4/#MOTION-07
SB3-087-MOT,MOTION-07,K6_Q3,MOTION-07/K6_Q3/T2,The tool acts on the intended document or selection.,Document or selection identifier and preview.,"Instantiate against one named event, retry, issue or output when a run is attached.",awaiting_execution,,,https://dhigdec.github.io/creative-ai-benchmark/gatsby-v4/#MOTION-07
SB3-087-MOT,MOTION-07,K6_Q4,MOTION-07/K6_Q4/T1,"This step produces a change, an inspection result or verification evidence.",Before/after state or recorded inspection.,"Instantiate against one named event, retry, issue or output when a run is attached.",awaiting_execution,,,https://dhigdec.github.io/creative-ai-benchmark/gatsby-v4/#MOTION-07
SB3-087-MOT,MOTION-07,K6_Q4,MOTION-07/K6_Q4/T2,A repeated call has a stated reason grounded in the previous result.,"Previous call, response and retry rationale.","Instantiate against one named event, retry, issue or output when a run is attached.",awaiting_execution,,,https://dhigdec.github.io/creative-ai-benchmark/gatsby-v4/#MOTION-07
SB3-087-MOT,MOTION-07,K6_Q5,MOTION-07/K6_Q5/T1,The failed result is recorded before the next dependent action.,Error or defect observation and ordered events.,"Instantiate against one named event, retry, issue or output when a run is attached.",awaiting_execution,,,https://dhigdec.github.io/creative-ai-benchmark/gatsby-v4/#MOTION-07
SB3-087-MOT,MOTION-07,K6_Q5,MOTION-07/K6_Q5/T2,The recovery action addresses the recorded failure.,"Failure, changed settings or fallback, and subsequent result.","Instantiate against one named event, retry, issue or output when a run is attached.",awaiting_execution,,,https://dhigdec.github.io/creative-ai-benchmark/gatsby-v4/#MOTION-07
SB3-087-MOT,MOTION-07,K6_Q6,MOTION-07/K6_Q6/T1,The named output is checked before it is submitted.,Output-specific verification event and submission event.,"Instantiate against one named event, retry, issue or output when a run is attached.",awaiting_execution,,,https://dhigdec.github.io/creative-ai-benchmark/gatsby-v4/#MOTION-07
SB3-087-MOT,MOTION-07,K6_Q6,MOTION-07/K6_Q6/T2,The stop decision states whether the named output is complete or blocked.,Stop event and actual delivery status.,"Instantiate against one named event, retry, issue or output when a run is attached.",awaiting_execution,,,https://dhigdec.github.io/creative-ai-benchmark/gatsby-v4/#MOTION-07
SB3-087-MOT,MOTION-07,K6_Q7,MOTION-07/K6_Q7/T1,The final handoff discloses the recorded unresolved issue.,Unresolved issue and matching handoff disclosure.,"Instantiate against one named event, retry, issue or output when a run is attached.",awaiting_execution,,,https://dhigdec.github.io/creative-ai-benchmark/gatsby-v4/#MOTION-07
SB3-087-MOT,MOTION-07,K6_Q7,MOTION-07/K6_Q7/T2,The completion claim for the named output agrees with its verified status.,"Claim, delivery manifest and verifier result.","Instantiate against one named event, retry, issue or output when a run is attached.",awaiting_execution,,,https://dhigdec.github.io/creative-ai-benchmark/gatsby-v4/#MOTION-07
SB3-087-MOT,MOTION-07,K6_Q8,MOTION-07/K6_Q8/T1,The stated confidence agrees with the independent assessment of this run.,Agent confidence and separate expert outcome.,"Instantiate against one named event, retry, issue or output when a run is attached.",awaiting_execution,,,https://dhigdec.github.io/creative-ai-benchmark/gatsby-v4/#MOTION-07
SB3-088-MOT,MOTION-08,K6_Q1,MOTION-08/K6_Q1/T1,A prerequisite is completed before the step that depends on it.,Dependency event IDs and event order.,"Instantiate against one named event, retry, issue or output when a run is attached.",awaiting_execution,,,https://dhigdec.github.io/creative-ai-benchmark/gatsby-v4/#MOTION-08
SB3-088-MOT,MOTION-08,K6_Q2,MOTION-08/K6_Q2/T1,The named tool supports the operation attempted in this step.,"Exact tool name, sanitized parameters, intended change and tool result.","Instantiate against one named event, retry, issue or output when a run is attached.",awaiting_execution,,,https://dhigdec.github.io/creative-ai-benchmark/gatsby-v4/#MOTION-08
SB3-088-MOT,MOTION-08,K6_Q2,MOTION-08/K6_Q2/T2,The settings match the stated requirement for the affected output.,Output requirement and sanitized settings.,"Instantiate against one named event, retry, issue or output when a run is attached.",awaiting_execution,,,https://dhigdec.github.io/creative-ai-benchmark/gatsby-v4/#MOTION-08
SB3-088-MOT,MOTION-08,K6_Q3,MOTION-08/K6_Q3/T1,The input version is the latest approved version for this step.,"Input artifact version, approval state and predecessor event.","Instantiate against one named event, retry, issue or output when a run is attached.",awaiting_execution,,,https://dhigdec.github.io/creative-ai-benchmark/gatsby-v4/#MOTION-08
SB3-088-MOT,MOTION-08,K6_Q3,MOTION-08/K6_Q3/T2,The tool acts on the intended document or selection.,Document or selection identifier and preview.,"Instantiate against one named event, retry, issue or output when a run is attached.",awaiting_execution,,,https://dhigdec.github.io/creative-ai-benchmark/gatsby-v4/#MOTION-08
SB3-088-MOT,MOTION-08,K6_Q4,MOTION-08/K6_Q4/T1,"This step produces a change, an inspection result or verification evidence.",Before/after state or recorded inspection.,"Instantiate against one named event, retry, issue or output when a run is attached.",awaiting_execution,,,https://dhigdec.github.io/creative-ai-benchmark/gatsby-v4/#MOTION-08
SB3-088-MOT,MOTION-08,K6_Q4,MOTION-08/K6_Q4/T2,A repeated call has a stated reason grounded in the previous result.,"Previous call, response and retry rationale.","Instantiate against one named event, retry, issue or output when a run is attached.",awaiting_execution,,,https://dhigdec.github.io/creative-ai-benchmark/gatsby-v4/#MOTION-08
SB3-088-MOT,MOTION-08,K6_Q5,MOTION-08/K6_Q5/T1,The failed result is recorded before the next dependent action.,Error or defect observation and ordered events.,"Instantiate against one named event, retry, issue or output when a run is attached.",awaiting_execution,,,https://dhigdec.github.io/creative-ai-benchmark/gatsby-v4/#MOTION-08
SB3-088-MOT,MOTION-08,K6_Q5,MOTION-08/K6_Q5/T2,The recovery action addresses the recorded failure.,"Failure, changed settings or fallback, and subsequent result.","Instantiate against one named event, retry, issue or output when a run is attached.",awaiting_execution,,,https://dhigdec.github.io/creative-ai-benchmark/gatsby-v4/#MOTION-08
SB3-088-MOT,MOTION-08,K6_Q6,MOTION-08/K6_Q6/T1,The named output is checked before it is submitted.,Output-specific verification event and submission event.,"Instantiate against one named event, retry, issue or output when a run is attached.",awaiting_execution,,,https://dhigdec.github.io/creative-ai-benchmark/gatsby-v4/#MOTION-08
SB3-088-MOT,MOTION-08,K6_Q6,MOTION-08/K6_Q6/T2,The stop decision states whether the named output is complete or blocked.,Stop event and actual delivery status.,"Instantiate against one named event, retry, issue or output when a run is attached.",awaiting_execution,,,https://dhigdec.github.io/creative-ai-benchmark/gatsby-v4/#MOTION-08
SB3-088-MOT,MOTION-08,K6_Q7,MOTION-08/K6_Q7/T1,The final handoff discloses the recorded unresolved issue.,Unresolved issue and matching handoff disclosure.,"Instantiate against one named event, retry, issue or output when a run is attached.",awaiting_execution,,,https://dhigdec.github.io/creative-ai-benchmark/gatsby-v4/#MOTION-08
SB3-088-MOT,MOTION-08,K6_Q7,MOTION-08/K6_Q7/T2,The completion claim for the named output agrees with its verified status.,"Claim, delivery manifest and verifier result.","Instantiate against one named event, retry, issue or output when a run is attached.",awaiting_execution,,,https://dhigdec.github.io/creative-ai-benchmark/gatsby-v4/#MOTION-08
SB3-088-MOT,MOTION-08,K6_Q8,MOTION-08/K6_Q8/T1,The stated confidence agrees with the independent assessment of this run.,Agent confidence and separate expert outcome.,"Instantiate against one named event, retry, issue or output when a run is attached.",awaiting_execution,,,https://dhigdec.github.io/creative-ai-benchmark/gatsby-v4/#MOTION-08
SB3-089-MOT,MOTION-09,K6_Q1,MOTION-09/K6_Q1/T1,A prerequisite is completed before the step that depends on it.,Dependency event IDs and event order.,"Instantiate against one named event, retry, issue or output when a run is attached.",awaiting_execution,,,https://dhigdec.github.io/creative-ai-benchmark/gatsby-v4/#MOTION-09
SB3-089-MOT,MOTION-09,K6_Q2,MOTION-09/K6_Q2/T1,The named tool supports the operation attempted in this step.,"Exact tool name, sanitized parameters, intended change and tool result.","Instantiate against one named event, retry, issue or output when a run is attached.",awaiting_execution,,,https://dhigdec.github.io/creative-ai-benchmark/gatsby-v4/#MOTION-09
SB3-089-MOT,MOTION-09,K6_Q2,MOTION-09/K6_Q2/T2,The settings match the stated requirement for the affected output.,Output requirement and sanitized settings.,"Instantiate against one named event, retry, issue or output when a run is attached.",awaiting_execution,,,https://dhigdec.github.io/creative-ai-benchmark/gatsby-v4/#MOTION-09
SB3-089-MOT,MOTION-09,K6_Q3,MOTION-09/K6_Q3/T1,The input version is the latest approved version for this step.,"Input artifact version, approval state and predecessor event.","Instantiate against one named event, retry, issue or output when a run is attached.",awaiting_execution,,,https://dhigdec.github.io/creative-ai-benchmark/gatsby-v4/#MOTION-09
SB3-089-MOT,MOTION-09,K6_Q3,MOTION-09/K6_Q3/T2,The tool acts on the intended document or selection.,Document or selection identifier and preview.,"Instantiate against one named event, retry, issue or output when a run is attached.",awaiting_execution,,,https://dhigdec.github.io/creative-ai-benchmark/gatsby-v4/#MOTION-09
SB3-089-MOT,MOTION-09,K6_Q4,MOTION-09/K6_Q4/T1,"This step produces a change, an inspection result or verification evidence.",Before/after state or recorded inspection.,"Instantiate against one named event, retry, issue or output when a run is attached.",awaiting_execution,,,https://dhigdec.github.io/creative-ai-benchmark/gatsby-v4/#MOTION-09
SB3-089-MOT,MOTION-09,K6_Q4,MOTION-09/K6_Q4/T2,A repeated call has a stated reason grounded in the previous result.,"Previous call, response and retry rationale.","Instantiate against one named event, retry, issue or output when a run is attached.",awaiting_execution,,,https://dhigdec.github.io/creative-ai-benchmark/gatsby-v4/#MOTION-09
SB3-089-MOT,MOTION-09,K6_Q5,MOTION-09/K6_Q5/T1,The failed result is recorded before the next dependent action.,Error or defect observation and ordered events.,"Instantiate against one named event, retry, issue or output when a run is attached.",awaiting_execution,,,https://dhigdec.github.io/creative-ai-benchmark/gatsby-v4/#MOTION-09
SB3-089-MOT,MOTION-09,K6_Q5,MOTION-09/K6_Q5/T2,The recovery action addresses the recorded failure.,"Failure, changed settings or fallback, and subsequent result.","Instantiate against one named event, retry, issue or output when a run is attached.",awaiting_execution,,,https://dhigdec.github.io/creative-ai-benchmark/gatsby-v4/#MOTION-09
SB3-089-MOT,MOTION-09,K6_Q6,MOTION-09/K6_Q6/T1,The named output is checked before it is submitted.,Output-specific verification event and submission event.,"Instantiate against one named event, retry, issue or output when a run is attached.",awaiting_execution,,,https://dhigdec.github.io/creative-ai-benchmark/gatsby-v4/#MOTION-09
SB3-089-MOT,MOTION-09,K6_Q6,MOTION-09/K6_Q6/T2,The stop decision states whether the named output is complete or blocked.,Stop event and actual delivery status.,"Instantiate against one named event, retry, issue or output when a run is attached.",awaiting_execution,,,https://dhigdec.github.io/creative-ai-benchmark/gatsby-v4/#MOTION-09
SB3-089-MOT,MOTION-09,K6_Q7,MOTION-09/K6_Q7/T1,The final handoff discloses the recorded unresolved issue.,Unresolved issue and matching handoff disclosure.,"Instantiate against one named event, retry, issue or output when a run is attached.",awaiting_execution,,,https://dhigdec.github.io/creative-ai-benchmark/gatsby-v4/#MOTION-09
SB3-089-MOT,MOTION-09,K6_Q7,MOTION-09/K6_Q7/T2,The completion claim for the named output agrees with its verified status.,"Claim, delivery manifest and verifier result.","Instantiate against one named event, retry, issue or output when a run is attached.",awaiting_execution,,,https://dhigdec.github.io/creative-ai-benchmark/gatsby-v4/#MOTION-09
SB3-089-MOT,MOTION-09,K6_Q8,MOTION-09/K6_Q8/T1,The stated confidence agrees with the independent assessment of this run.,Agent confidence and separate expert outcome.,"Instantiate against one named event, retry, issue or output when a run is attached.",awaiting_execution,,,https://dhigdec.github.io/creative-ai-benchmark/gatsby-v4/#MOTION-09
SB3-090-MOT,MOTION-10,K6_Q1,MOTION-10/K6_Q1/T1,A prerequisite is completed before the step that depends on it.,Dependency event IDs and event order.,"Instantiate against one named event, retry, issue or output when a run is attached.",awaiting_execution,,,https://dhigdec.github.io/creative-ai-benchmark/gatsby-v4/#MOTION-10
SB3-090-MOT,MOTION-10,K6_Q2,MOTION-10/K6_Q2/T1,The named tool supports the operation attempted in this step.,"Exact tool name, sanitized parameters, intended change and tool result.","Instantiate against one named event, retry, issue or output when a run is attached.",awaiting_execution,,,https://dhigdec.github.io/creative-ai-benchmark/gatsby-v4/#MOTION-10
SB3-090-MOT,MOTION-10,K6_Q2,MOTION-10/K6_Q2/T2,The settings match the stated requirement for the affected output.,Output requirement and sanitized settings.,"Instantiate against one named event, retry, issue or output when a run is attached.",awaiting_execution,,,https://dhigdec.github.io/creative-ai-benchmark/gatsby-v4/#MOTION-10
SB3-090-MOT,MOTION-10,K6_Q3,MOTION-10/K6_Q3/T1,The input version is the latest approved version for this step.,"Input artifact version, approval state and predecessor event.","Instantiate against one named event, retry, issue or output when a run is attached.",awaiting_execution,,,https://dhigdec.github.io/creative-ai-benchmark/gatsby-v4/#MOTION-10
SB3-090-MOT,MOTION-10,K6_Q3,MOTION-10/K6_Q3/T2,The tool acts on the intended document or selection.,Document or selection identifier and preview.,"Instantiate against one named event, retry, issue or output when a run is attached.",awaiting_execution,,,https://dhigdec.github.io/creative-ai-benchmark/gatsby-v4/#MOTION-10
SB3-090-MOT,MOTION-10,K6_Q4,MOTION-10/K6_Q4/T1,"This step produces a change, an inspection result or verification evidence.",Before/after state or recorded inspection.,"Instantiate against one named event, retry, issue or output when a run is attached.",awaiting_execution,,,https://dhigdec.github.io/creative-ai-benchmark/gatsby-v4/#MOTION-10
SB3-090-MOT,MOTION-10,K6_Q4,MOTION-10/K6_Q4/T2,A repeated call has a stated reason grounded in the previous result.,"Previous call, response and retry rationale.","Instantiate against one named event, retry, issue or output when a run is attached.",awaiting_execution,,,https://dhigdec.github.io/creative-ai-benchmark/gatsby-v4/#MOTION-10
SB3-090-MOT,MOTION-10,K6_Q5,MOTION-10/K6_Q5/T1,The failed result is recorded before the next dependent action.,Error or defect observation and ordered events.,"Instantiate against one named event, retry, issue or output when a run is attached.",awaiting_execution,,,https://dhigdec.github.io/creative-ai-benchmark/gatsby-v4/#MOTION-10
SB3-090-MOT,MOTION-10,K6_Q5,MOTION-10/K6_Q5/T2,The recovery action addresses the recorded failure.,"Failure, changed settings or fallback, and subsequent result.","Instantiate against one named event, retry, issue or output when a run is attached.",awaiting_execution,,,https://dhigdec.github.io/creative-ai-benchmark/gatsby-v4/#MOTION-10
SB3-090-MOT,MOTION-10,K6_Q6,MOTION-10/K6_Q6/T1,The named output is checked before it is submitted.,Output-specific verification event and submission event.,"Instantiate against one named event, retry, issue or output when a run is attached.",awaiting_execution,,,https://dhigdec.github.io/creative-ai-benchmark/gatsby-v4/#MOTION-10
SB3-090-MOT,MOTION-10,K6_Q6,MOTION-10/K6_Q6/T2,The stop decision states whether the named output is complete or blocked.,Stop event and actual delivery status.,"Instantiate against one named event, retry, issue or output when a run is attached.",awaiting_execution,,,https://dhigdec.github.io/creative-ai-benchmark/gatsby-v4/#MOTION-10
SB3-090-MOT,MOTION-10,K6_Q7,MOTION-10/K6_Q7/T1,The final handoff discloses the recorded unresolved issue.,Unresolved issue and matching handoff disclosure.,"Instantiate against one named event, retry, issue or output when a run is attached.",awaiting_execution,,,https://dhigdec.github.io/creative-ai-benchmark/gatsby-v4/#MOTION-10
SB3-090-MOT,MOTION-10,K6_Q7,MOTION-10/K6_Q7/T2,The completion claim for the named output agrees with its verified status.,"Claim, delivery manifest and verifier result.","Instantiate against one named event, retry, issue or output when a run is attached.",awaiting_execution,,,https://dhigdec.github.io/creative-ai-benchmark/gatsby-v4/#MOTION-10
SB3-090-MOT,MOTION-10,K6_Q8,MOTION-10/K6_Q8/T1,The stated confidence agrees with the independent assessment of this run.,Agent confidence and separate expert outcome.,"Instantiate against one named event, retry, issue or output when a run is attached.",awaiting_execution,,,https://dhigdec.github.io/creative-ai-benchmark/gatsby-v4/#MOTION-10
SB3-091-MOT,MOTION-11,K6_Q1,MOTION-11/K6_Q1/T1,A prerequisite is completed before the step that depends on it.,Dependency event IDs and event order.,"Instantiate against one named event, retry, issue or output when a run is attached.",awaiting_execution,,,https://dhigdec.github.io/creative-ai-benchmark/gatsby-v4/#MOTION-11
SB3-091-MOT,MOTION-11,K6_Q2,MOTION-11/K6_Q2/T1,The named tool supports the operation attempted in this step.,"Exact tool name, sanitized parameters, intended change and tool result.","Instantiate against one named event, retry, issue or output when a run is attached.",awaiting_execution,,,https://dhigdec.github.io/creative-ai-benchmark/gatsby-v4/#MOTION-11
SB3-091-MOT,MOTION-11,K6_Q2,MOTION-11/K6_Q2/T2,The settings match the stated requirement for the affected output.,Output requirement and sanitized settings.,"Instantiate against one named event, retry, issue or output when a run is attached.",awaiting_execution,,,https://dhigdec.github.io/creative-ai-benchmark/gatsby-v4/#MOTION-11
SB3-091-MOT,MOTION-11,K6_Q3,MOTION-11/K6_Q3/T1,The input version is the latest approved version for this step.,"Input artifact version, approval state and predecessor event.","Instantiate against one named event, retry, issue or output when a run is attached.",awaiting_execution,,,https://dhigdec.github.io/creative-ai-benchmark/gatsby-v4/#MOTION-11
SB3-091-MOT,MOTION-11,K6_Q3,MOTION-11/K6_Q3/T2,The tool acts on the intended document or selection.,Document or selection identifier and preview.,"Instantiate against one named event, retry, issue or output when a run is attached.",awaiting_execution,,,https://dhigdec.github.io/creative-ai-benchmark/gatsby-v4/#MOTION-11
SB3-091-MOT,MOTION-11,K6_Q4,MOTION-11/K6_Q4/T1,"This step produces a change, an inspection result or verification evidence.",Before/after state or recorded inspection.,"Instantiate against one named event, retry, issue or output when a run is attached.",awaiting_execution,,,https://dhigdec.github.io/creative-ai-benchmark/gatsby-v4/#MOTION-11
SB3-091-MOT,MOTION-11,K6_Q4,MOTION-11/K6_Q4/T2,A repeated call has a stated reason grounded in the previous result.,"Previous call, response and retry rationale.","Instantiate against one named event, retry, issue or output when a run is attached.",awaiting_execution,,,https://dhigdec.github.io/creative-ai-benchmark/gatsby-v4/#MOTION-11
SB3-091-MOT,MOTION-11,K6_Q5,MOTION-11/K6_Q5/T1,The failed result is recorded before the next dependent action.,Error or defect observation and ordered events.,"Instantiate against one named event, retry, issue or output when a run is attached.",awaiting_execution,,,https://dhigdec.github.io/creative-ai-benchmark/gatsby-v4/#MOTION-11
SB3-091-MOT,MOTION-11,K6_Q5,MOTION-11/K6_Q5/T2,The recovery action addresses the recorded failure.,"Failure, changed settings or fallback, and subsequent result.","Instantiate against one named event, retry, issue or output when a run is attached.",awaiting_execution,,,https://dhigdec.github.io/creative-ai-benchmark/gatsby-v4/#MOTION-11
SB3-091-MOT,MOTION-11,K6_Q6,MOTION-11/K6_Q6/T1,The named output is checked before it is submitted.,Output-specific verification event and submission event.,"Instantiate against one named event, retry, issue or output when a run is attached.",awaiting_execution,,,https://dhigdec.github.io/creative-ai-benchmark/gatsby-v4/#MOTION-11
SB3-091-MOT,MOTION-11,K6_Q6,MOTION-11/K6_Q6/T2,The stop decision states whether the named output is complete or blocked.,Stop event and actual delivery status.,"Instantiate against one named event, retry, issue or output when a run is attached.",awaiting_execution,,,https://dhigdec.github.io/creative-ai-benchmark/gatsby-v4/#MOTION-11
SB3-091-MOT,MOTION-11,K6_Q7,MOTION-11/K6_Q7/T1,The final handoff discloses the recorded unresolved issue.,Unresolved issue and matching handoff disclosure.,"Instantiate against one named event, retry, issue or output when a run is attached.",awaiting_execution,,,https://dhigdec.github.io/creative-ai-benchmark/gatsby-v4/#MOTION-11
SB3-091-MOT,MOTION-11,K6_Q7,MOTION-11/K6_Q7/T2,The completion claim for the named output agrees with its verified status.,"Claim, delivery manifest and verifier result.","Instantiate against one named event, retry, issue or output when a run is attached.",awaiting_execution,,,https://dhigdec.github.io/creative-ai-benchmark/gatsby-v4/#MOTION-11
SB3-091-MOT,MOTION-11,K6_Q8,MOTION-11/K6_Q8/T1,The stated confidence agrees with the independent assessment of this run.,Agent confidence and separate expert outcome.,"Instantiate against one named event, retry, issue or output when a run is attached.",awaiting_execution,,,https://dhigdec.github.io/creative-ai-benchmark/gatsby-v4/#MOTION-11
SB3-092-MOT,MOTION-12,K6_Q1,MOTION-12/K6_Q1/T1,A prerequisite is completed before the step that depends on it.,Dependency event IDs and event order.,"Instantiate against one named event, retry, issue or output when a run is attached.",awaiting_execution,,,https://dhigdec.github.io/creative-ai-benchmark/gatsby-v4/#MOTION-12
SB3-092-MOT,MOTION-12,K6_Q2,MOTION-12/K6_Q2/T1,The named tool supports the operation attempted in this step.,"Exact tool name, sanitized parameters, intended change and tool result.","Instantiate against one named event, retry, issue or output when a run is attached.",awaiting_execution,,,https://dhigdec.github.io/creative-ai-benchmark/gatsby-v4/#MOTION-12
SB3-092-MOT,MOTION-12,K6_Q2,MOTION-12/K6_Q2/T2,The settings match the stated requirement for the affected output.,Output requirement and sanitized settings.,"Instantiate against one named event, retry, issue or output when a run is attached.",awaiting_execution,,,https://dhigdec.github.io/creative-ai-benchmark/gatsby-v4/#MOTION-12
SB3-092-MOT,MOTION-12,K6_Q3,MOTION-12/K6_Q3/T1,The input version is the latest approved version for this step.,"Input artifact version, approval state and predecessor event.","Instantiate against one named event, retry, issue or output when a run is attached.",awaiting_execution,,,https://dhigdec.github.io/creative-ai-benchmark/gatsby-v4/#MOTION-12
SB3-092-MOT,MOTION-12,K6_Q3,MOTION-12/K6_Q3/T2,The tool acts on the intended document or selection.,Document or selection identifier and preview.,"Instantiate against one named event, retry, issue or output when a run is attached.",awaiting_execution,,,https://dhigdec.github.io/creative-ai-benchmark/gatsby-v4/#MOTION-12
SB3-092-MOT,MOTION-12,K6_Q4,MOTION-12/K6_Q4/T1,"This step produces a change, an inspection result or verification evidence.",Before/after state or recorded inspection.,"Instantiate against one named event, retry, issue or output when a run is attached.",awaiting_execution,,,https://dhigdec.github.io/creative-ai-benchmark/gatsby-v4/#MOTION-12
SB3-092-MOT,MOTION-12,K6_Q4,MOTION-12/K6_Q4/T2,A repeated call has a stated reason grounded in the previous result.,"Previous call, response and retry rationale.","Instantiate against one named event, retry, issue or output when a run is attached.",awaiting_execution,,,https://dhigdec.github.io/creative-ai-benchmark/gatsby-v4/#MOTION-12
SB3-092-MOT,MOTION-12,K6_Q5,MOTION-12/K6_Q5/T1,The failed result is recorded before the next dependent action.,Error or defect observation and ordered events.,"Instantiate against one named event, retry, issue or output when a run is attached.",awaiting_execution,,,https://dhigdec.github.io/creative-ai-benchmark/gatsby-v4/#MOTION-12
SB3-092-MOT,MOTION-12,K6_Q5,MOTION-12/K6_Q5/T2,The recovery action addresses the recorded failure.,"Failure, changed settings or fallback, and subsequent result.","Instantiate against one named event, retry, issue or output when a run is attached.",awaiting_execution,,,https://dhigdec.github.io/creative-ai-benchmark/gatsby-v4/#MOTION-12
SB3-092-MOT,MOTION-12,K6_Q6,MOTION-12/K6_Q6/T1,The named output is checked before it is submitted.,Output-specific verification event and submission event.,"Instantiate against one named event, retry, issue or output when a run is attached.",awaiting_execution,,,https://dhigdec.github.io/creative-ai-benchmark/gatsby-v4/#MOTION-12
SB3-092-MOT,MOTION-12,K6_Q6,MOTION-12/K6_Q6/T2,The stop decision states whether the named output is complete or blocked.,Stop event and actual delivery status.,"Instantiate against one named event, retry, issue or output when a run is attached.",awaiting_execution,,,https://dhigdec.github.io/creative-ai-benchmark/gatsby-v4/#MOTION-12
SB3-092-MOT,MOTION-12,K6_Q7,MOTION-12/K6_Q7/T1,The final handoff discloses the recorded unresolved issue.,Unresolved issue and matching handoff disclosure.,"Instantiate against one named event, retry, issue or output when a run is attached.",awaiting_execution,,,https://dhigdec.github.io/creative-ai-benchmark/gatsby-v4/#MOTION-12
SB3-092-MOT,MOTION-12,K6_Q7,MOTION-12/K6_Q7/T2,The completion claim for the named output agrees with its verified status.,"Claim, delivery manifest and verifier result.","Instantiate against one named event, retry, issue or output when a run is attached.",awaiting_execution,,,https://dhigdec.github.io/creative-ai-benchmark/gatsby-v4/#MOTION-12
SB3-092-MOT,MOTION-12,K6_Q8,MOTION-12/K6_Q8/T1,The stated confidence agrees with the independent assessment of this run.,Agent confidence and separate expert outcome.,"Instantiate against one named event, retry, issue or output when a run is attached.",awaiting_execution,,,https://dhigdec.github.io/creative-ai-benchmark/gatsby-v4/#MOTION-12
SB3-093-MOT,MOTION-13,K6_Q1,MOTION-13/K6_Q1/T1,A prerequisite is completed before the step that depends on it.,Dependency event IDs and event order.,"Instantiate against one named event, retry, issue or output when a run is attached.",awaiting_execution,,,https://dhigdec.github.io/creative-ai-benchmark/gatsby-v4/#MOTION-13
SB3-093-MOT,MOTION-13,K6_Q2,MOTION-13/K6_Q2/T1,The named tool supports the operation attempted in this step.,"Exact tool name, sanitized parameters, intended change and tool result.","Instantiate against one named event, retry, issue or output when a run is attached.",awaiting_execution,,,https://dhigdec.github.io/creative-ai-benchmark/gatsby-v4/#MOTION-13
SB3-093-MOT,MOTION-13,K6_Q2,MOTION-13/K6_Q2/T2,The settings match the stated requirement for the affected output.,Output requirement and sanitized settings.,"Instantiate against one named event, retry, issue or output when a run is attached.",awaiting_execution,,,https://dhigdec.github.io/creative-ai-benchmark/gatsby-v4/#MOTION-13
SB3-093-MOT,MOTION-13,K6_Q3,MOTION-13/K6_Q3/T1,The input version is the latest approved version for this step.,"Input artifact version, approval state and predecessor event.","Instantiate against one named event, retry, issue or output when a run is attached.",awaiting_execution,,,https://dhigdec.github.io/creative-ai-benchmark/gatsby-v4/#MOTION-13
SB3-093-MOT,MOTION-13,K6_Q3,MOTION-13/K6_Q3/T2,The tool acts on the intended document or selection.,Document or selection identifier and preview.,"Instantiate against one named event, retry, issue or output when a run is attached.",awaiting_execution,,,https://dhigdec.github.io/creative-ai-benchmark/gatsby-v4/#MOTION-13
SB3-093-MOT,MOTION-13,K6_Q4,MOTION-13/K6_Q4/T1,"This step produces a change, an inspection result or verification evidence.",Before/after state or recorded inspection.,"Instantiate against one named event, retry, issue or output when a run is attached.",awaiting_execution,,,https://dhigdec.github.io/creative-ai-benchmark/gatsby-v4/#MOTION-13
SB3-093-MOT,MOTION-13,K6_Q4,MOTION-13/K6_Q4/T2,A repeated call has a stated reason grounded in the previous result.,"Previous call, response and retry rationale.","Instantiate against one named event, retry, issue or output when a run is attached.",awaiting_execution,,,https://dhigdec.github.io/creative-ai-benchmark/gatsby-v4/#MOTION-13
SB3-093-MOT,MOTION-13,K6_Q5,MOTION-13/K6_Q5/T1,The failed result is recorded before the next dependent action.,Error or defect observation and ordered events.,"Instantiate against one named event, retry, issue or output when a run is attached.",awaiting_execution,,,https://dhigdec.github.io/creative-ai-benchmark/gatsby-v4/#MOTION-13
SB3-093-MOT,MOTION-13,K6_Q5,MOTION-13/K6_Q5/T2,The recovery action addresses the recorded failure.,"Failure, changed settings or fallback, and subsequent result.","Instantiate against one named event, retry, issue or output when a run is attached.",awaiting_execution,,,https://dhigdec.github.io/creative-ai-benchmark/gatsby-v4/#MOTION-13
SB3-093-MOT,MOTION-13,K6_Q6,MOTION-13/K6_Q6/T1,The named output is checked before it is submitted.,Output-specific verification event and submission event.,"Instantiate against one named event, retry, issue or output when a run is attached.",awaiting_execution,,,https://dhigdec.github.io/creative-ai-benchmark/gatsby-v4/#MOTION-13
SB3-093-MOT,MOTION-13,K6_Q6,MOTION-13/K6_Q6/T2,The stop decision states whether the named output is complete or blocked.,Stop event and actual delivery status.,"Instantiate against one named event, retry, issue or output when a run is attached.",awaiting_execution,,,https://dhigdec.github.io/creative-ai-benchmark/gatsby-v4/#MOTION-13
SB3-093-MOT,MOTION-13,K6_Q7,MOTION-13/K6_Q7/T1,The final handoff discloses the recorded unresolved issue.,Unresolved issue and matching handoff disclosure.,"Instantiate against one named event, retry, issue or output when a run is attached.",awaiting_execution,,,https://dhigdec.github.io/creative-ai-benchmark/gatsby-v4/#MOTION-13
SB3-093-MOT,MOTION-13,K6_Q7,MOTION-13/K6_Q7/T2,The completion claim for the named output agrees with its verified status.,"Claim, delivery manifest and verifier result.","Instantiate against one named event, retry, issue or output when a run is attached.",awaiting_execution,,,https://dhigdec.github.io/creative-ai-benchmark/gatsby-v4/#MOTION-13
SB3-093-MOT,MOTION-13,K6_Q8,MOTION-13/K6_Q8/T1,The stated confidence agrees with the independent assessment of this run.,Agent confidence and separate expert outcome.,"Instantiate against one named event, retry, issue or output when a run is attached.",awaiting_execution,,,https://dhigdec.github.io/creative-ai-benchmark/gatsby-v4/#MOTION-13
SB3-094-MOT,MOTION-14,K6_Q1,MOTION-14/K6_Q1/T1,A prerequisite is completed before the step that depends on it.,Dependency event IDs and event order.,"Instantiate against one named event, retry, issue or output when a run is attached.",awaiting_execution,,,https://dhigdec.github.io/creative-ai-benchmark/gatsby-v4/#MOTION-14
SB3-094-MOT,MOTION-14,K6_Q2,MOTION-14/K6_Q2/T1,The named tool supports the operation attempted in this step.,"Exact tool name, sanitized parameters, intended change and tool result.","Instantiate against one named event, retry, issue or output when a run is attached.",awaiting_execution,,,https://dhigdec.github.io/creative-ai-benchmark/gatsby-v4/#MOTION-14
SB3-094-MOT,MOTION-14,K6_Q2,MOTION-14/K6_Q2/T2,The settings match the stated requirement for the affected output.,Output requirement and sanitized settings.,"Instantiate against one named event, retry, issue or output when a run is attached.",awaiting_execution,,,https://dhigdec.github.io/creative-ai-benchmark/gatsby-v4/#MOTION-14
SB3-094-MOT,MOTION-14,K6_Q3,MOTION-14/K6_Q3/T1,The input version is the latest approved version for this step.,"Input artifact version, approval state and predecessor event.","Instantiate against one named event, retry, issue or output when a run is attached.",awaiting_execution,,,https://dhigdec.github.io/creative-ai-benchmark/gatsby-v4/#MOTION-14
SB3-094-MOT,MOTION-14,K6_Q3,MOTION-14/K6_Q3/T2,The tool acts on the intended document or selection.,Document or selection identifier and preview.,"Instantiate against one named event, retry, issue or output when a run is attached.",awaiting_execution,,,https://dhigdec.github.io/creative-ai-benchmark/gatsby-v4/#MOTION-14
SB3-094-MOT,MOTION-14,K6_Q4,MOTION-14/K6_Q4/T1,"This step produces a change, an inspection result or verification evidence.",Before/after state or recorded inspection.,"Instantiate against one named event, retry, issue or output when a run is attached.",awaiting_execution,,,https://dhigdec.github.io/creative-ai-benchmark/gatsby-v4/#MOTION-14
SB3-094-MOT,MOTION-14,K6_Q4,MOTION-14/K6_Q4/T2,A repeated call has a stated reason grounded in the previous result.,"Previous call, response and retry rationale.","Instantiate against one named event, retry, issue or output when a run is attached.",awaiting_execution,,,https://dhigdec.github.io/creative-ai-benchmark/gatsby-v4/#MOTION-14
SB3-094-MOT,MOTION-14,K6_Q5,MOTION-14/K6_Q5/T1,The failed result is recorded before the next dependent action.,Error or defect observation and ordered events.,"Instantiate against one named event, retry, issue or output when a run is attached.",awaiting_execution,,,https://dhigdec.github.io/creative-ai-benchmark/gatsby-v4/#MOTION-14
SB3-094-MOT,MOTION-14,K6_Q5,MOTION-14/K6_Q5/T2,The recovery action addresses the recorded failure.,"Failure, changed settings or fallback, and subsequent result.","Instantiate against one named event, retry, issue or output when a run is attached.",awaiting_execution,,,https://dhigdec.github.io/creative-ai-benchmark/gatsby-v4/#MOTION-14
SB3-094-MOT,MOTION-14,K6_Q6,MOTION-14/K6_Q6/T1,The named output is checked before it is submitted.,Output-specific verification event and submission event.,"Instantiate against one named event, retry, issue or output when a run is attached.",awaiting_execution,,,https://dhigdec.github.io/creative-ai-benchmark/gatsby-v4/#MOTION-14
SB3-094-MOT,MOTION-14,K6_Q6,MOTION-14/K6_Q6/T2,The stop decision states whether the named output is complete or blocked.,Stop event and actual delivery status.,"Instantiate against one named event, retry, issue or output when a run is attached.",awaiting_execution,,,https://dhigdec.github.io/creative-ai-benchmark/gatsby-v4/#MOTION-14
SB3-094-MOT,MOTION-14,K6_Q7,MOTION-14/K6_Q7/T1,The final handoff discloses the recorded unresolved issue.,Unresolved issue and matching handoff disclosure.,"Instantiate against one named event, retry, issue or output when a run is attached.",awaiting_execution,,,https://dhigdec.github.io/creative-ai-benchmark/gatsby-v4/#MOTION-14
SB3-094-MOT,MOTION-14,K6_Q7,MOTION-14/K6_Q7/T2,The completion claim for the named output agrees with its verified status.,"Claim, delivery manifest and verifier result.","Instantiate against one named event, retry, issue or output when a run is attached.",awaiting_execution,,,https://dhigdec.github.io/creative-ai-benchmark/gatsby-v4/#MOTION-14
SB3-094-MOT,MOTION-14,K6_Q8,MOTION-14/K6_Q8/T1,The stated confidence agrees with the independent assessment of this run.,Agent confidence and separate expert outcome.,"Instantiate against one named event, retry, issue or output when a run is attached.",awaiting_execution,,,https://dhigdec.github.io/creative-ai-benchmark/gatsby-v4/#MOTION-14
SB3-095-MOT,MOTION-15,K6_Q1,MOTION-15/K6_Q1/T1,A prerequisite is completed before the step that depends on it.,Dependency event IDs and event order.,"Instantiate against one named event, retry, issue or output when a run is attached.",awaiting_execution,,,https://dhigdec.github.io/creative-ai-benchmark/gatsby-v4/#MOTION-15
SB3-095-MOT,MOTION-15,K6_Q2,MOTION-15/K6_Q2/T1,The named tool supports the operation attempted in this step.,"Exact tool name, sanitized parameters, intended change and tool result.","Instantiate against one named event, retry, issue or output when a run is attached.",awaiting_execution,,,https://dhigdec.github.io/creative-ai-benchmark/gatsby-v4/#MOTION-15
SB3-095-MOT,MOTION-15,K6_Q2,MOTION-15/K6_Q2/T2,The settings match the stated requirement for the affected output.,Output requirement and sanitized settings.,"Instantiate against one named event, retry, issue or output when a run is attached.",awaiting_execution,,,https://dhigdec.github.io/creative-ai-benchmark/gatsby-v4/#MOTION-15
SB3-095-MOT,MOTION-15,K6_Q3,MOTION-15/K6_Q3/T1,The input version is the latest approved version for this step.,"Input artifact version, approval state and predecessor event.","Instantiate against one named event, retry, issue or output when a run is attached.",awaiting_execution,,,https://dhigdec.github.io/creative-ai-benchmark/gatsby-v4/#MOTION-15
SB3-095-MOT,MOTION-15,K6_Q3,MOTION-15/K6_Q3/T2,The tool acts on the intended document or selection.,Document or selection identifier and preview.,"Instantiate against one named event, retry, issue or output when a run is attached.",awaiting_execution,,,https://dhigdec.github.io/creative-ai-benchmark/gatsby-v4/#MOTION-15
SB3-095-MOT,MOTION-15,K6_Q4,MOTION-15/K6_Q4/T1,"This step produces a change, an inspection result or verification evidence.",Before/after state or recorded inspection.,"Instantiate against one named event, retry, issue or output when a run is attached.",awaiting_execution,,,https://dhigdec.github.io/creative-ai-benchmark/gatsby-v4/#MOTION-15
SB3-095-MOT,MOTION-15,K6_Q4,MOTION-15/K6_Q4/T2,A repeated call has a stated reason grounded in the previous result.,"Previous call, response and retry rationale.","Instantiate against one named event, retry, issue or output when a run is attached.",awaiting_execution,,,https://dhigdec.github.io/creative-ai-benchmark/gatsby-v4/#MOTION-15
SB3-095-MOT,MOTION-15,K6_Q5,MOTION-15/K6_Q5/T1,The failed result is recorded before the next dependent action.,Error or defect observation and ordered events.,"Instantiate against one named event, retry, issue or output when a run is attached.",awaiting_execution,,,https://dhigdec.github.io/creative-ai-benchmark/gatsby-v4/#MOTION-15
SB3-095-MOT,MOTION-15,K6_Q5,MOTION-15/K6_Q5/T2,The recovery action addresses the recorded failure.,"Failure, changed settings or fallback, and subsequent result.","Instantiate against one named event, retry, issue or output when a run is attached.",awaiting_execution,,,https://dhigdec.github.io/creative-ai-benchmark/gatsby-v4/#MOTION-15
SB3-095-MOT,MOTION-15,K6_Q6,MOTION-15/K6_Q6/T1,The named output is checked before it is submitted.,Output-specific verification event and submission event.,"Instantiate against one named event, retry, issue or output when a run is attached.",awaiting_execution,,,https://dhigdec.github.io/creative-ai-benchmark/gatsby-v4/#MOTION-15
SB3-095-MOT,MOTION-15,K6_Q6,MOTION-15/K6_Q6/T2,The stop decision states whether the named output is complete or blocked.,Stop event and actual delivery status.,"Instantiate against one named event, retry, issue or output when a run is attached.",awaiting_execution,,,https://dhigdec.github.io/creative-ai-benchmark/gatsby-v4/#MOTION-15
SB3-095-MOT,MOTION-15,K6_Q7,MOTION-15/K6_Q7/T1,The final handoff discloses the recorded unresolved issue.,Unresolved issue and matching handoff disclosure.,"Instantiate against one named event, retry, issue or output when a run is attached.",awaiting_execution,,,https://dhigdec.github.io/creative-ai-benchmark/gatsby-v4/#MOTION-15
SB3-095-MOT,MOTION-15,K6_Q7,MOTION-15/K6_Q7/T2,The completion claim for the named output agrees with its verified status.,"Claim, delivery manifest and verifier result.","Instantiate against one named event, retry, issue or output when a run is attached.",awaiting_execution,,,https://dhigdec.github.io/creative-ai-benchmark/gatsby-v4/#MOTION-15
SB3-095-MOT,MOTION-15,K6_Q8,MOTION-15/K6_Q8/T1,The stated confidence agrees with the independent assessment of this run.,Agent confidence and separate expert outcome.,"Instantiate against one named event, retry, issue or output when a run is attached.",awaiting_execution,,,https://dhigdec.github.io/creative-ai-benchmark/gatsby-v4/#MOTION-15
SB3-096-MOT,MOTION-16,K6_Q1,MOTION-16/K6_Q1/T1,A prerequisite is completed before the step that depends on it.,Dependency event IDs and event order.,"Instantiate against one named event, retry, issue or output when a run is attached.",awaiting_execution,,,https://dhigdec.github.io/creative-ai-benchmark/gatsby-v4/#MOTION-16
SB3-096-MOT,MOTION-16,K6_Q2,MOTION-16/K6_Q2/T1,The named tool supports the operation attempted in this step.,"Exact tool name, sanitized parameters, intended change and tool result.","Instantiate against one named event, retry, issue or output when a run is attached.",awaiting_execution,,,https://dhigdec.github.io/creative-ai-benchmark/gatsby-v4/#MOTION-16
SB3-096-MOT,MOTION-16,K6_Q2,MOTION-16/K6_Q2/T2,The settings match the stated requirement for the affected output.,Output requirement and sanitized settings.,"Instantiate against one named event, retry, issue or output when a run is attached.",awaiting_execution,,,https://dhigdec.github.io/creative-ai-benchmark/gatsby-v4/#MOTION-16
SB3-096-MOT,MOTION-16,K6_Q3,MOTION-16/K6_Q3/T1,The input version is the latest approved version for this step.,"Input artifact version, approval state and predecessor event.","Instantiate against one named event, retry, issue or output when a run is attached.",awaiting_execution,,,https://dhigdec.github.io/creative-ai-benchmark/gatsby-v4/#MOTION-16
SB3-096-MOT,MOTION-16,K6_Q3,MOTION-16/K6_Q3/T2,The tool acts on the intended document or selection.,Document or selection identifier and preview.,"Instantiate against one named event, retry, issue or output when a run is attached.",awaiting_execution,,,https://dhigdec.github.io/creative-ai-benchmark/gatsby-v4/#MOTION-16
SB3-096-MOT,MOTION-16,K6_Q4,MOTION-16/K6_Q4/T1,"This step produces a change, an inspection result or verification evidence.",Before/after state or recorded inspection.,"Instantiate against one named event, retry, issue or output when a run is attached.",awaiting_execution,,,https://dhigdec.github.io/creative-ai-benchmark/gatsby-v4/#MOTION-16
SB3-096-MOT,MOTION-16,K6_Q4,MOTION-16/K6_Q4/T2,A repeated call has a stated reason grounded in the previous result.,"Previous call, response and retry rationale.","Instantiate against one named event, retry, issue or output when a run is attached.",awaiting_execution,,,https://dhigdec.github.io/creative-ai-benchmark/gatsby-v4/#MOTION-16
SB3-096-MOT,MOTION-16,K6_Q5,MOTION-16/K6_Q5/T1,The failed result is recorded before the next dependent action.,Error or defect observation and ordered events.,"Instantiate against one named event, retry, issue or output when a run is attached.",awaiting_execution,,,https://dhigdec.github.io/creative-ai-benchmark/gatsby-v4/#MOTION-16
SB3-096-MOT,MOTION-16,K6_Q5,MOTION-16/K6_Q5/T2,The recovery action addresses the recorded failure.,"Failure, changed settings or fallback, and subsequent result.","Instantiate against one named event, retry, issue or output when a run is attached.",awaiting_execution,,,https://dhigdec.github.io/creative-ai-benchmark/gatsby-v4/#MOTION-16
SB3-096-MOT,MOTION-16,K6_Q6,MOTION-16/K6_Q6/T1,The named output is checked before it is submitted.,Output-specific verification event and submission event.,"Instantiate against one named event, retry, issue or output when a run is attached.",awaiting_execution,,,https://dhigdec.github.io/creative-ai-benchmark/gatsby-v4/#MOTION-16
SB3-096-MOT,MOTION-16,K6_Q6,MOTION-16/K6_Q6/T2,The stop decision states whether the named output is complete or blocked.,Stop event and actual delivery status.,"Instantiate against one named event, retry, issue or output when a run is attached.",awaiting_execution,,,https://dhigdec.github.io/creative-ai-benchmark/gatsby-v4/#MOTION-16
SB3-096-MOT,MOTION-16,K6_Q7,MOTION-16/K6_Q7/T1,The final handoff discloses the recorded unresolved issue.,Unresolved issue and matching handoff disclosure.,"Instantiate against one named event, retry, issue or output when a run is attached.",awaiting_execution,,,https://dhigdec.github.io/creative-ai-benchmark/gatsby-v4/#MOTION-16
SB3-096-MOT,MOTION-16,K6_Q7,MOTION-16/K6_Q7/T2,The completion claim for the named output agrees with its verified status.,"Claim, delivery manifest and verifier result.","Instantiate against one named event, retry, issue or output when a run is attached.",awaiting_execution,,,https://dhigdec.github.io/creative-ai-benchmark/gatsby-v4/#MOTION-16
SB3-096-MOT,MOTION-16,K6_Q8,MOTION-16/K6_Q8/T1,The stated confidence agrees with the independent assessment of this run.,Agent confidence and separate expert outcome.,"Instantiate against one named event, retry, issue or output when a run is attached.",awaiting_execution,,,https://dhigdec.github.io/creative-ai-benchmark/gatsby-v4/#MOTION-16
SB3-097-MOT,MOTION-17,K6_Q1,MOTION-17/K6_Q1/T1,A prerequisite is completed before the step that depends on it.,Dependency event IDs and event order.,"Instantiate against one named event, retry, issue or output when a run is attached.",awaiting_execution,,,https://dhigdec.github.io/creative-ai-benchmark/gatsby-v4/#MOTION-17
SB3-097-MOT,MOTION-17,K6_Q2,MOTION-17/K6_Q2/T1,The named tool supports the operation attempted in this step.,"Exact tool name, sanitized parameters, intended change and tool result.","Instantiate against one named event, retry, issue or output when a run is attached.",awaiting_execution,,,https://dhigdec.github.io/creative-ai-benchmark/gatsby-v4/#MOTION-17
SB3-097-MOT,MOTION-17,K6_Q2,MOTION-17/K6_Q2/T2,The settings match the stated requirement for the affected output.,Output requirement and sanitized settings.,"Instantiate against one named event, retry, issue or output when a run is attached.",awaiting_execution,,,https://dhigdec.github.io/creative-ai-benchmark/gatsby-v4/#MOTION-17
SB3-097-MOT,MOTION-17,K6_Q3,MOTION-17/K6_Q3/T1,The input version is the latest approved version for this step.,"Input artifact version, approval state and predecessor event.","Instantiate against one named event, retry, issue or output when a run is attached.",awaiting_execution,,,https://dhigdec.github.io/creative-ai-benchmark/gatsby-v4/#MOTION-17
SB3-097-MOT,MOTION-17,K6_Q3,MOTION-17/K6_Q3/T2,The tool acts on the intended document or selection.,Document or selection identifier and preview.,"Instantiate against one named event, retry, issue or output when a run is attached.",awaiting_execution,,,https://dhigdec.github.io/creative-ai-benchmark/gatsby-v4/#MOTION-17
SB3-097-MOT,MOTION-17,K6_Q4,MOTION-17/K6_Q4/T1,"This step produces a change, an inspection result or verification evidence.",Before/after state or recorded inspection.,"Instantiate against one named event, retry, issue or output when a run is attached.",awaiting_execution,,,https://dhigdec.github.io/creative-ai-benchmark/gatsby-v4/#MOTION-17
SB3-097-MOT,MOTION-17,K6_Q4,MOTION-17/K6_Q4/T2,A repeated call has a stated reason grounded in the previous result.,"Previous call, response and retry rationale.","Instantiate against one named event, retry, issue or output when a run is attached.",awaiting_execution,,,https://dhigdec.github.io/creative-ai-benchmark/gatsby-v4/#MOTION-17
SB3-097-MOT,MOTION-17,K6_Q5,MOTION-17/K6_Q5/T1,The failed result is recorded before the next dependent action.,Error or defect observation and ordered events.,"Instantiate against one named event, retry, issue or output when a run is attached.",awaiting_execution,,,https://dhigdec.github.io/creative-ai-benchmark/gatsby-v4/#MOTION-17
SB3-097-MOT,MOTION-17,K6_Q5,MOTION-17/K6_Q5/T2,The recovery action addresses the recorded failure.,"Failure, changed settings or fallback, and subsequent result.","Instantiate against one named event, retry, issue or output when a run is attached.",awaiting_execution,,,https://dhigdec.github.io/creative-ai-benchmark/gatsby-v4/#MOTION-17
SB3-097-MOT,MOTION-17,K6_Q6,MOTION-17/K6_Q6/T1,The named output is checked before it is submitted.,Output-specific verification event and submission event.,"Instantiate against one named event, retry, issue or output when a run is attached.",awaiting_execution,,,https://dhigdec.github.io/creative-ai-benchmark/gatsby-v4/#MOTION-17
SB3-097-MOT,MOTION-17,K6_Q6,MOTION-17/K6_Q6/T2,The stop decision states whether the named output is complete or blocked.,Stop event and actual delivery status.,"Instantiate against one named event, retry, issue or output when a run is attached.",awaiting_execution,,,https://dhigdec.github.io/creative-ai-benchmark/gatsby-v4/#MOTION-17
SB3-097-MOT,MOTION-17,K6_Q7,MOTION-17/K6_Q7/T1,The final handoff discloses the recorded unresolved issue.,Unresolved issue and matching handoff disclosure.,"Instantiate against one named event, retry, issue or output when a run is attached.",awaiting_execution,,,https://dhigdec.github.io/creative-ai-benchmark/gatsby-v4/#MOTION-17
SB3-097-MOT,MOTION-17,K6_Q7,MOTION-17/K6_Q7/T2,The completion claim for the named output agrees with its verified status.,"Claim, delivery manifest and verifier result.","Instantiate against one named event, retry, issue or output when a run is attached.",awaiting_execution,,,https://dhigdec.github.io/creative-ai-benchmark/gatsby-v4/#MOTION-17
SB3-097-MOT,MOTION-17,K6_Q8,MOTION-17/K6_Q8/T1,The stated confidence agrees with the independent assessment of this run.,Agent confidence and separate expert outcome.,"Instantiate against one named event, retry, issue or output when a run is attached.",awaiting_execution,,,https://dhigdec.github.io/creative-ai-benchmark/gatsby-v4/#MOTION-17
SB3-098-MOT,MOTION-18,K6_Q1,MOTION-18/K6_Q1/T1,A prerequisite is completed before the step that depends on it.,Dependency event IDs and event order.,"Instantiate against one named event, retry, issue or output when a run is attached.",awaiting_execution,,,https://dhigdec.github.io/creative-ai-benchmark/gatsby-v4/#MOTION-18
SB3-098-MOT,MOTION-18,K6_Q2,MOTION-18/K6_Q2/T1,The named tool supports the operation attempted in this step.,"Exact tool name, sanitized parameters, intended change and tool result.","Instantiate against one named event, retry, issue or output when a run is attached.",awaiting_execution,,,https://dhigdec.github.io/creative-ai-benchmark/gatsby-v4/#MOTION-18
SB3-098-MOT,MOTION-18,K6_Q2,MOTION-18/K6_Q2/T2,The settings match the stated requirement for the affected output.,Output requirement and sanitized settings.,"Instantiate against one named event, retry, issue or output when a run is attached.",awaiting_execution,,,https://dhigdec.github.io/creative-ai-benchmark/gatsby-v4/#MOTION-18
SB3-098-MOT,MOTION-18,K6_Q3,MOTION-18/K6_Q3/T1,The input version is the latest approved version for this step.,"Input artifact version, approval state and predecessor event.","Instantiate against one named event, retry, issue or output when a run is attached.",awaiting_execution,,,https://dhigdec.github.io/creative-ai-benchmark/gatsby-v4/#MOTION-18
SB3-098-MOT,MOTION-18,K6_Q3,MOTION-18/K6_Q3/T2,The tool acts on the intended document or selection.,Document or selection identifier and preview.,"Instantiate against one named event, retry, issue or output when a run is attached.",awaiting_execution,,,https://dhigdec.github.io/creative-ai-benchmark/gatsby-v4/#MOTION-18
SB3-098-MOT,MOTION-18,K6_Q4,MOTION-18/K6_Q4/T1,"This step produces a change, an inspection result or verification evidence.",Before/after state or recorded inspection.,"Instantiate against one named event, retry, issue or output when a run is attached.",awaiting_execution,,,https://dhigdec.github.io/creative-ai-benchmark/gatsby-v4/#MOTION-18
SB3-098-MOT,MOTION-18,K6_Q4,MOTION-18/K6_Q4/T2,A repeated call has a stated reason grounded in the previous result.,"Previous call, response and retry rationale.","Instantiate against one named event, retry, issue or output when a run is attached.",awaiting_execution,,,https://dhigdec.github.io/creative-ai-benchmark/gatsby-v4/#MOTION-18
SB3-098-MOT,MOTION-18,K6_Q5,MOTION-18/K6_Q5/T1,The failed result is recorded before the next dependent action.,Error or defect observation and ordered events.,"Instantiate against one named event, retry, issue or output when a run is attached.",awaiting_execution,,,https://dhigdec.github.io/creative-ai-benchmark/gatsby-v4/#MOTION-18
SB3-098-MOT,MOTION-18,K6_Q5,MOTION-18/K6_Q5/T2,The recovery action addresses the recorded failure.,"Failure, changed settings or fallback, and subsequent result.","Instantiate against one named event, retry, issue or output when a run is attached.",awaiting_execution,,,https://dhigdec.github.io/creative-ai-benchmark/gatsby-v4/#MOTION-18
SB3-098-MOT,MOTION-18,K6_Q6,MOTION-18/K6_Q6/T1,The named output is checked before it is submitted.,Output-specific verification event and submission event.,"Instantiate against one named event, retry, issue or output when a run is attached.",awaiting_execution,,,https://dhigdec.github.io/creative-ai-benchmark/gatsby-v4/#MOTION-18
SB3-098-MOT,MOTION-18,K6_Q6,MOTION-18/K6_Q6/T2,The stop decision states whether the named output is complete or blocked.,Stop event and actual delivery status.,"Instantiate against one named event, retry, issue or output when a run is attached.",awaiting_execution,,,https://dhigdec.github.io/creative-ai-benchmark/gatsby-v4/#MOTION-18
SB3-098-MOT,MOTION-18,K6_Q7,MOTION-18/K6_Q7/T1,The final handoff discloses the recorded unresolved issue.,Unresolved issue and matching handoff disclosure.,"Instantiate against one named event, retry, issue or output when a run is attached.",awaiting_execution,,,https://dhigdec.github.io/creative-ai-benchmark/gatsby-v4/#MOTION-18
SB3-098-MOT,MOTION-18,K6_Q7,MOTION-18/K6_Q7/T2,The completion claim for the named output agrees with its verified status.,"Claim, delivery manifest and verifier result.","Instantiate against one named event, retry, issue or output when a run is attached.",awaiting_execution,,,https://dhigdec.github.io/creative-ai-benchmark/gatsby-v4/#MOTION-18
SB3-098-MOT,MOTION-18,K6_Q8,MOTION-18/K6_Q8/T1,The stated confidence agrees with the independent assessment of this run.,Agent confidence and separate expert outcome.,"Instantiate against one named event, retry, issue or output when a run is attached.",awaiting_execution,,,https://dhigdec.github.io/creative-ai-benchmark/gatsby-v4/#MOTION-18
SB3-099-MOT,MOTION-19,K6_Q1,MOTION-19/K6_Q1/T1,A prerequisite is completed before the step that depends on it.,Dependency event IDs and event order.,"Instantiate against one named event, retry, issue or output when a run is attached.",awaiting_execution,,,https://dhigdec.github.io/creative-ai-benchmark/gatsby-v4/#MOTION-19
SB3-099-MOT,MOTION-19,K6_Q2,MOTION-19/K6_Q2/T1,The named tool supports the operation attempted in this step.,"Exact tool name, sanitized parameters, intended change and tool result.","Instantiate against one named event, retry, issue or output when a run is attached.",awaiting_execution,,,https://dhigdec.github.io/creative-ai-benchmark/gatsby-v4/#MOTION-19
SB3-099-MOT,MOTION-19,K6_Q2,MOTION-19/K6_Q2/T2,The settings match the stated requirement for the affected output.,Output requirement and sanitized settings.,"Instantiate against one named event, retry, issue or output when a run is attached.",awaiting_execution,,,https://dhigdec.github.io/creative-ai-benchmark/gatsby-v4/#MOTION-19
SB3-099-MOT,MOTION-19,K6_Q3,MOTION-19/K6_Q3/T1,The input version is the latest approved version for this step.,"Input artifact version, approval state and predecessor event.","Instantiate against one named event, retry, issue or output when a run is attached.",awaiting_execution,,,https://dhigdec.github.io/creative-ai-benchmark/gatsby-v4/#MOTION-19
SB3-099-MOT,MOTION-19,K6_Q3,MOTION-19/K6_Q3/T2,The tool acts on the intended document or selection.,Document or selection identifier and preview.,"Instantiate against one named event, retry, issue or output when a run is attached.",awaiting_execution,,,https://dhigdec.github.io/creative-ai-benchmark/gatsby-v4/#MOTION-19
SB3-099-MOT,MOTION-19,K6_Q4,MOTION-19/K6_Q4/T1,"This step produces a change, an inspection result or verification evidence.",Before/after state or recorded inspection.,"Instantiate against one named event, retry, issue or output when a run is attached.",awaiting_execution,,,https://dhigdec.github.io/creative-ai-benchmark/gatsby-v4/#MOTION-19
SB3-099-MOT,MOTION-19,K6_Q4,MOTION-19/K6_Q4/T2,A repeated call has a stated reason grounded in the previous result.,"Previous call, response and retry rationale.","Instantiate against one named event, retry, issue or output when a run is attached.",awaiting_execution,,,https://dhigdec.github.io/creative-ai-benchmark/gatsby-v4/#MOTION-19
SB3-099-MOT,MOTION-19,K6_Q5,MOTION-19/K6_Q5/T1,The failed result is recorded before the next dependent action.,Error or defect observation and ordered events.,"Instantiate against one named event, retry, issue or output when a run is attached.",awaiting_execution,,,https://dhigdec.github.io/creative-ai-benchmark/gatsby-v4/#MOTION-19
SB3-099-MOT,MOTION-19,K6_Q5,MOTION-19/K6_Q5/T2,The recovery action addresses the recorded failure.,"Failure, changed settings or fallback, and subsequent result.","Instantiate against one named event, retry, issue or output when a run is attached.",awaiting_execution,,,https://dhigdec.github.io/creative-ai-benchmark/gatsby-v4/#MOTION-19
SB3-099-MOT,MOTION-19,K6_Q6,MOTION-19/K6_Q6/T1,The named output is checked before it is submitted.,Output-specific verification event and submission event.,"Instantiate against one named event, retry, issue or output when a run is attached.",awaiting_execution,,,https://dhigdec.github.io/creative-ai-benchmark/gatsby-v4/#MOTION-19
SB3-099-MOT,MOTION-19,K6_Q6,MOTION-19/K6_Q6/T2,The stop decision states whether the named output is complete or blocked.,Stop event and actual delivery status.,"Instantiate against one named event, retry, issue or output when a run is attached.",awaiting_execution,,,https://dhigdec.github.io/creative-ai-benchmark/gatsby-v4/#MOTION-19
SB3-099-MOT,MOTION-19,K6_Q7,MOTION-19/K6_Q7/T1,The final handoff discloses the recorded unresolved issue.,Unresolved issue and matching handoff disclosure.,"Instantiate against one named event, retry, issue or output when a run is attached.",awaiting_execution,,,https://dhigdec.github.io/creative-ai-benchmark/gatsby-v4/#MOTION-19
SB3-099-MOT,MOTION-19,K6_Q7,MOTION-19/K6_Q7/T2,The completion claim for the named output agrees with its verified status.,"Claim, delivery manifest and verifier result.","Instantiate against one named event, retry, issue or output when a run is attached.",awaiting_execution,,,https://dhigdec.github.io/creative-ai-benchmark/gatsby-v4/#MOTION-19
SB3-099-MOT,MOTION-19,K6_Q8,MOTION-19/K6_Q8/T1,The stated confidence agrees with the independent assessment of this run.,Agent confidence and separate expert outcome.,"Instantiate against one named event, retry, issue or output when a run is attached.",awaiting_execution,,,https://dhigdec.github.io/creative-ai-benchmark/gatsby-v4/#MOTION-19
SB3-100-MOT,MOTION-20,K6_Q1,MOTION-20/K6_Q1/T1,A prerequisite is completed before the step that depends on it.,Dependency event IDs and event order.,"Instantiate against one named event, retry, issue or output when a run is attached.",awaiting_execution,,,https://dhigdec.github.io/creative-ai-benchmark/gatsby-v4/#MOTION-20
SB3-100-MOT,MOTION-20,K6_Q2,MOTION-20/K6_Q2/T1,The named tool supports the operation attempted in this step.,"Exact tool name, sanitized parameters, intended change and tool result.","Instantiate against one named event, retry, issue or output when a run is attached.",awaiting_execution,,,https://dhigdec.github.io/creative-ai-benchmark/gatsby-v4/#MOTION-20
SB3-100-MOT,MOTION-20,K6_Q2,MOTION-20/K6_Q2/T2,The settings match the stated requirement for the affected output.,Output requirement and sanitized settings.,"Instantiate against one named event, retry, issue or output when a run is attached.",awaiting_execution,,,https://dhigdec.github.io/creative-ai-benchmark/gatsby-v4/#MOTION-20
SB3-100-MOT,MOTION-20,K6_Q3,MOTION-20/K6_Q3/T1,The input version is the latest approved version for this step.,"Input artifact version, approval state and predecessor event.","Instantiate against one named event, retry, issue or output when a run is attached.",awaiting_execution,,,https://dhigdec.github.io/creative-ai-benchmark/gatsby-v4/#MOTION-20
SB3-100-MOT,MOTION-20,K6_Q3,MOTION-20/K6_Q3/T2,The tool acts on the intended document or selection.,Document or selection identifier and preview.,"Instantiate against one named event, retry, issue or output when a run is attached.",awaiting_execution,,,https://dhigdec.github.io/creative-ai-benchmark/gatsby-v4/#MOTION-20
SB3-100-MOT,MOTION-20,K6_Q4,MOTION-20/K6_Q4/T1,"This step produces a change, an inspection result or verification evidence.",Before/after state or recorded inspection.,"Instantiate against one named event, retry, issue or output when a run is attached.",awaiting_execution,,,https://dhigdec.github.io/creative-ai-benchmark/gatsby-v4/#MOTION-20
SB3-100-MOT,MOTION-20,K6_Q4,MOTION-20/K6_Q4/T2,A repeated call has a stated reason grounded in the previous result.,"Previous call, response and retry rationale.","Instantiate against one named event, retry, issue or output when a run is attached.",awaiting_execution,,,https://dhigdec.github.io/creative-ai-benchmark/gatsby-v4/#MOTION-20
SB3-100-MOT,MOTION-20,K6_Q5,MOTION-20/K6_Q5/T1,The failed result is recorded before the next dependent action.,Error or defect observation and ordered events.,"Instantiate against one named event, retry, issue or output when a run is attached.",awaiting_execution,,,https://dhigdec.github.io/creative-ai-benchmark/gatsby-v4/#MOTION-20
SB3-100-MOT,MOTION-20,K6_Q5,MOTION-20/K6_Q5/T2,The recovery action addresses the recorded failure.,"Failure, changed settings or fallback, and subsequent result.","Instantiate against one named event, retry, issue or output when a run is attached.",awaiting_execution,,,https://dhigdec.github.io/creative-ai-benchmark/gatsby-v4/#MOTION-20
SB3-100-MOT,MOTION-20,K6_Q6,MOTION-20/K6_Q6/T1,The named output is checked before it is submitted.,Output-specific verification event and submission event.,"Instantiate against one named event, retry, issue or output when a run is attached.",awaiting_execution,,,https://dhigdec.github.io/creative-ai-benchmark/gatsby-v4/#MOTION-20
SB3-100-MOT,MOTION-20,K6_Q6,MOTION-20/K6_Q6/T2,The stop decision states whether the named output is complete or blocked.,Stop event and actual delivery status.,"Instantiate against one named event, retry, issue or output when a run is attached.",awaiting_execution,,,https://dhigdec.github.io/creative-ai-benchmark/gatsby-v4/#MOTION-20
SB3-100-MOT,MOTION-20,K6_Q7,MOTION-20/K6_Q7/T1,The final handoff discloses the recorded unresolved issue.,Unresolved issue and matching handoff disclosure.,"Instantiate against one named event, retry, issue or output when a run is attached.",awaiting_execution,,,https://dhigdec.github.io/creative-ai-benchmark/gatsby-v4/#MOTION-20
SB3-100-MOT,MOTION-20,K6_Q7,MOTION-20/K6_Q7/T2,The completion claim for the named output agrees with its verified status.,"Claim, delivery manifest and verifier result.","Instantiate against one named event, retry, issue or output when a run is attached.",awaiting_execution,,,https://dhigdec.github.io/creative-ai-benchmark/gatsby-v4/#MOTION-20
SB3-100-MOT,MOTION-20,K6_Q8,MOTION-20/K6_Q8/T1,The stated confidence agrees with the independent assessment of this run.,Agent confidence and separate expert outcome.,"Instantiate against one named event, retry, issue or output when a run is attached.",awaiting_execution,,,https://dhigdec.github.io/creative-ai-benchmark/gatsby-v4/#MOTION-20
