Task code,Task name,Family,Brand,Tagline,Sector,Founded / place / size,About,Audience,Price positioning,Personality,Palette,Typography,Signature type move,Voice,Values,Brand assets status
SB3-001-PHO,Aurelian Skin - Ecommerce skincare image system,Photo & Image,Aurelian Skin,"Clinical actives, no theatre.","Clinical skincare and personal care, actives-led, direct to consumer plus specialty retail","Founded 2024 in Boston, Massachusetts. A two person founder team, sold for a year to a waiting list and through two dermatology practices before the retail season.","Aurelian Skin is a small clinical skincare line built on eight actives-led products at thirty four to sixty eight dollars. In March we open our own online store and enter a specialty chain's twelve doors, so everything a customer sees changes at once. The line is meant to read like a laboratory with good taste: cool, quiet, evidence first, generous with white space and free of decoration. Not a spa, not a discount aisle. Our customer reads the ingredient list before the copy, and the brand is built to reward that: honest claims, clear INCI, restraint in place of ritual.","Women roughly twenty six to forty two, ingredient literate, who research formulations and trust plainness over promise. They shop web stores and specialty beauty floors and judge a product by its panel.","Prestige-mass at thirty four to sixty eight dollars per SKU. Above the mass aisle, below luxury conserve pricing. The middle is the position, and the look must not drift warm and cheap or dark and precious.","Clinical, Precise, Restrained, Evidence-led, Understated","Clinical White #F4F6F7
Graphite #232729
Cool Mineral Grey #9BA5AA
Signal Blue #3E6076","Aurelian's display face is Signifier Light from Klim, a rationalist serif that reads as instrument rather than apothecary. What a viewer notices first is the product name in Signifier Light capitals tracked to 340 units, with a 0.5 pt Graphite hairline ruled beneath at the exact measure of that name. Body is Söhne Buch 400; percentages, INCI and prices sit in Söhne Mono 400, tabular lining. Carton name 15 pt, INCI panel 6.5 pt; on screen name 44 px, claim 24 px, price 28 px, body 15 px on 22 px. Never rebuild the wordmark in a sans.","Product names are always Signifier Light capitals tracked to 340 units, sitting on a 0.5 pt Graphite hairline ruled to the exact measure of the name and nothing wider.","Measured, factual, unhurried. States what a product does and does not claim. Reads like a well-run lab that respects the reader, never breathless and never coy.","Ingredient honesty, precision in every detail from panel to package, and clinical restraint: at this band, quiet and exact is the brand, and overstatement or gloss would undercut the claim.","The original logo file was lost when the first designer's drive failed. All that survives is a handheld photograph of an outer carton showing the mark printed in one deep ink: a small-caps lockup set around a monogram, separated by a hairline rule. Recovering that mark as usable artwork is part of this engagement. No other source brand files remain."
SB3-002-PHO,Corner and Cure - Spring dish launch photography,Photo & Image,Corner and Cure,Food somebody cooked,"Independent all-day cafe and counter service, lunch sandwiches and bowls, small plates and wine after four, serving a neighbourhood in food and hospitality.","Brooklyn, New York; canonical context for the repeat-client series.","Corner and Cure is the repeat client for this benchmark series. The canonical client context is Brooklyn, New York, and this commission covers phase 1: food image system and seasonal launch assets.","Neighbourhood regulars aged 25 to 45 who come in twice a week, know the counter staff, and read the screens over the pass from across the room. Local, food-literate, loyal, and quick to distrust anything that reads as styled to death.","Mid-market all-day cafe. Mains 16 to 24 dollars, wine by the glass 11 to 15. Sits comfortably above fast-casual counters and well below the tasting-menu rooms downtown.","warm, generous, plain-spoken, unhurried, rustic, honest","Burnt Butter #B8823A
Scrubbed Oak #C9B79C
House Cream #F4ECDD
Deep Olive #4A5233
Pass Marble #E7E3DB
Bread Crust #7A4A24","Dish names are set in Ogg Roman from Sharp Type, a calligraphic face whose ascenders run tall and uneven, like a hand that cooks. The move is the size jump and the clearance: a 34 pt name over a 10.5 pt description on 14 pt leading, ascenders given full air, no rule, no capitals, no tracking. On the pass screens the name is 96 px over 28 px copy. Descriptions, the 9 pt allergen line and prices are National 2, Regular and Medium 500, lining figures. Italic belongs to the grower credit alone. Never set an allergen line in Ogg.","Dish names in Ogg Roman run more than three times the size of the description with their tall ascenders left uncrowded, and italic is reserved for the grower credit alone.","Plain, warm, never fussy. We talk about burnt butter, the good bread and scrubbed oak, and we let the food carry the sentence. Example line: 'Small plates and a glass of something, most nights until late.'","Real portions, honest cooking, and copy that is never reworded or cut, because the allergen line matters.","No brand kit survives. The printed table dish cards exist only as the flat file our printer sent to press last spring, and she has since retired, so there is no working layout and no editable source. The photographed dishes and the till copy Danny writes are the only current materials, and both are considered final."
SB3-003-PHO,Cedarline and Vale - Ridgeway Lane listing image system,Photo & Image,Cedarline and Vale,Read the light,"Boutique residential real estate brokerage specialising in architect-designed listings, residential property in Marin County.","Founded 2012, Marin County, California. Six agents led by the principal, working a small book of high-value listings.","Cedarline and Vale is a six-agent brokerage in Marin that takes on architect-designed and materially serious homes. We present listings the way the architecture asks to be seen: quietly, accurately, and next to whatever three other agents are showing. Our credibility rests on buyers and vendors trusting that the pictures are the house.","Buyers aged 40 to 60 with household incomes above 400 thousand who read light and material as proxies for build quality, and vendors of design-led homes. They view our listings alongside three competing agents and notice anything that looks retouched.","High-value residential, flagship listings from the low millions up. Positioned above volume agencies and apart from developer marketing, on restraint and accuracy rather than gloss.","restrained, precise, cool, credible, understated, considered","Plaster White #F2F1ED
Marin Slate #3C444B
Deep Charcoal #1E2124
Bay Grey #7E8A8C
Quiet Sage #9AA391
Warm Stone #C7B9A4","Cedarline and Vale sets addresses in Tobias Light from Klim, a high contrast serif with hairlines fine enough to read as drawn rather than sold. The move is the stacked address: the street number alone on the first line, the street name directly beneath at the same size, flush left, no punctuation, never italic. Brochure address 28 pt over 13 pt standfirst, body 9.5 pt on 14 pt, spec tables 8 pt in Neue Haas Grotesk Text 55 Roman; room posts 56 px, enquiry 24 px. Prices stay in the grotesque, tabular lining. Never set a price in Tobias.","Every address is stacked, the street number alone above the street name in Tobias Light, flush left, unpunctuated and never italic.","Cool, restrained and true. We describe what is there and let the room speak. No superlatives, no cosiness, nothing that sounds sold. Example line: 'Glass on three sides, the bay through the living room, the oaks off the kitchen.'","Accuracy over flattery: cool, restrained and honest, and nothing that reads as retouched.","There is no working design source for the office window cards. Only the flat file the printer sent to press last year survives, and she has retired, so any change means rebuilding from that file. The feature sheet and portal module are expected to be handed back as editable documents because prices move."
SB3-004-PHO,Verranza Coastal Retreats - Villa collection image system,Photo & Image,Verranza Coastal Retreats,"The cove, honestly","Luxury vacation rental collection of three villas above a cove, letting direct and to a small travel-agent trade channel, hospitality and travel.","Liguria, Italy; canonical context for the repeat-client series.","Verranza Coastal Retreats is the repeat client for this benchmark series. The canonical client context is Liguria, Italy, and this commission covers phase 1: villa image system and booking imagery.","Guests aged 35 to 60, American and Northern European families and groups of friends booking a whole house for a week, plus a small trade channel of travel agents working from printed rate cards. They pay for a real place and refuse anything that looks staged or cooked.","Upper-mid coastal rental, 520 to 780 euros a night in season. A restraint band, not a gloss band: honest light and true water rather than saturated marketplace glow, and firmly above budget literalism.","restrained, warm, authentic, unhurried, coastal, trustworthy","Verranza Blue #24425A
Lime Wash #EFE9DC
Ligurian Stone #C4B5A0
Olive Grove #6E7355
Cove Water #4C7A8C
Ink Charcoal #2A2925","House names are set in Canela Deck Light, a flared serif whose half serifs read as sun bleached stone. The move is the oversized initial: the first letter of each house name set at twice the cap height of the rest, so Casa Oliveto opens on one tall C. Rates and captions are Untitled Sans Regular, and every numeral lives there in tabular lining figures, never in the serif. Hero name 72 px, standfirst 26 px, booking line 20 px; brochure name 34 pt, body 10 pt on 15 pt, rates 9 pt. No gold, no weight above Light.","Each house name opens with an oversized Canela Deck Light initial at twice the cap height of the rest of the word, and no numeral is ever set in the serif.","Warm, plain and place-first. We name the stone, the water and the afternoon light, and we never oversell. Example line: 'Three houses above the cove, let by the family who has kept them.'","Honest representation of a real place, true water and true stone, and a family mark used quietly.","The collection has never had a logo file. The monogram exists only as the wrought-iron plate the village smith cut when the first house was bought, and all we hold is a photograph of it on the gate. The travel-agent rate cards survive only as the file the printer sent to press last year, with no working source."
SB3-005-PHO,Halcyon Quarter - Mixed-use launch photography,Photo & Image,Halcyon Quarter,"The evening, on the water","Off-plan residential development launch on a former rope works site, sold through a boutique brokerage with a partner lender, real estate and property.","Beckett Wharf, Providence, Rhode Island. Halcyon Quarter is fifty two apartments by the developer Kestrel and Vane, phase one releasing in seven weeks, sold by Harbor Crest Realty with Kestrel Home Lending as finance partner.","Halcyon Quarter is a fifty two apartment scheme by Kestrel and Vane on the old rope works site at Beckett Wharf. Phase one sells to professional downsizers leaving a family home nearby. What the scheme sells is the evening: warm rooms against a cool blue hour on the water, quiet and expensive rather than shiny, carried across the developer, the brokerage and the lender as one look.","Professional downsizers aged 50 to 65 leaving a house they have owned for thirty years within twenty miles. Discerning, unhurried, distrustful of shiny marketing, and likely to count windows when they visit the site.","Premium off-plan residential, apartments from 780 thousand to 1.45 million dollars. Positioned as quiet and expensive, above bright price-led property marketing and apart from investor rental stock.","quiet, expensive, warm, considered, restrained, grounded","Blue Hour #22304A
Canal Steel #3E5266
Lamp Warm #C99A5B
Brass #A67C3D
Rope Works Brick #8A5A44
Bone Paper #EDE7DB","Halcyon Quarter is set in Domaine Display Narrow Regular, a Scotch serif condensed enough to carry a long name. The move is the full measure fit: the name is optically sized to fill the text measure exactly, spanning 380 pt across the 1200 mm hoarding, 120 pt on the A2 poster, 68 px on the portal panel, always inside generous margins. Captions, specification and prices are Graphik Regular, the price kept inside the sentence in tabular lining figures at 28 pt, body 12 pt on 17 pt, portal body 20 px. Never a price in Graphik Bold or a starburst.","The name is always optically sized to fill the full text measure exactly, from 380 pt on the hoarding to 68 px on the portal panel, so it is as wide as the piece allows every time.","Calm, assured and understated. Brass not gold, the water cold and the rooms warm, nothing shiny. We state the address, the light and the offer without overselling. Example line: 'Fifty two apartments on the water at Beckett Wharf, releasing this autumn.'","Honesty about an off-plan scheme (nothing shown that the building does not have) and one restrained look shared across developer, brokerage and lender.","The Kestrel and Vane monogram exists only as sign paint, brushed by the sign writer onto the site hoarding board, with a single photograph of it and no artwork file. The lender's payment cards survive only as the flat file their printer ran last spring, with no working source held by anyone, and every figure has since changed."
SB3-006-PHO,Hollis Family Archive - [archival subject] archival restoration,Photo & Image,The Hollis Family Archive,"Nan, as she was","A private family archive of one woman, [archival subject], restored and framed for a home wall and a keepsake folio, not sold to anyone.","Assembled in 2026 at the family house in Vermont, New England, by three siblings in their sixties acting on behalf of twenty two relatives.","The archive holds nine photographs of [archival subject], who died in April at ninety nine, spanning roughly 1912 to 1974. It exists so that twenty two people who come home at Thanksgiving can hang one wall of her and carry one folio each. The standard is a museum label, not a memory book: honest, quiet, and true to what is actually in the photograph.",Three siblings commissioning on behalf of twenty two family members aged 8 to 74. Not a commercial audience: the work hangs in a family house and is judged by people who knew Ada.,"A private heritage commission of 650 to 1,600 dollars. The money buys restraint rather than effect: a true archival neutral, deep honest blacks, one photograph per page, generous margins, and visible respect for the grain and the paper each print is made of.","quiet, reverent, archival, honest, restrained, plain","Paper White #F5F1E9
Archive Black #191613
Museum Grey #6F6B64
Linen #D9D0C1
Ink Charcoal #33302B","Financier Display, Light, a high contrast Times lineage serif, is the display face: folio cover 34 pt, screen 34 px. The signature move is a single oversized plate numeral, Financier Display Light at 48 pt, alone in the left margin on the cap line of the sitter's name, which follows in the same face as small caps tracked 140 thousandths above a 0.25 pt Archive Black rule cut to exactly the picture width. That thin numeral in empty paper registers first. Freight Text Pro Book sets caption body 9.5 pt on 13 pt leading, Untitled Sans Regular 7.5 pt the accession codes. Never set Ada's name in italic.","Every card and folio page opens with a single oversized Financier Display Light plate numeral standing alone in the left margin, with the sitter's name beneath it in small caps over a hairline rule cut to exactly the width of the photograph.","Spare and factual, the voice of a caption card rather than a scrapbook. Example line the brand would write: ""[archival subject], Brattleboro, 1912. Studio card portrait.""","Identity is the whole point: whatever is really in the photograph stays in the photograph, and nothing is invented or tidied away.","There are no brand files. What survives is nine home flatbed scans, the daughter's catalogue and notes, and the Brattleboro framer's 2019 press PDF for the caption cards, of which six are already on the wall. The framer has retired, so the new cards must match his file rather than a live template."
SB3-007-PHO,Gable and Grove - Home services before-and-after library,Photo & Image,Gable & Grove Home Services,"Built to last, sold twice","Premium exterior renovation and garden build for old houses, sold job by job at the kitchen table.","A five person firm working the Litchfield Hills of Connecticut, owner led, running full exterior renovations and garden builds.","Gable & Grove takes on full exterior renovations and garden builds between roughly 45,000 and 120,000 dollars a project. Everything is sold twice, once on the website and once out of a quote pack on somebody's kitchen table, so the work has to look like exactly what the firm delivers and no more. The proof is the before and after, and the before has to stay honest.","Households aged 45 to 65 with old houses and long time horizons, choosing between two or three bids and buying on trust rather than on price.","45,000 to 120,000 dollars a project. At this band the finish reads cool, calm and material: real neutral stone, deep honest blacks, one photograph doing the work, generous white space, and a mark that behaves like a maker's stamp rather than a sales badge. Never a supermarket flyer, never developer marketing.","crafted, understated, honest, durable, calm, material","Grove Green #1E3A2F
Stone Neutral #C9C3B8
Honest Black #17140F
Slate #4A4E4C
Bone #EDE9E1","Austin, Medium, a Scotch faced serif with fine hairlines, sets the mark and every heading, which is what the sign writer actually painted. The signature move is the lockup: GABLE & GROVE in Austin Medium caps tracked 160 thousandths, centred, with a 1.5 pt Honest Black rule locked beneath at exactly the wordmark width, every card centred on that one axis. Wide caps over a hard rule register first. Project name 40 px, 30 pt on the A4 estimate cover, panel headline 64 px. Whitney Book carries scope lines at 20 px and 10.5 pt on 14 pt leading, Whitney Semibold the price. Never set the mark in the sans.","GABLE & GROVE always centred in Austin Medium caps tracked 160 thousandths with a 1.5 pt rule locked directly beneath at exactly the wordmark width, and every project card centred on that same vertical axis.","Plain and confident, the voice of a builder who does not oversell. Example line the brand would write: ""Full exterior renovation, Ridge Road. Limestone pergola, dry stone terrace, planting.""","Honest befores are non negotiable, and the finish should read as ordered restraint rather than as an improved photograph.","The mark is a problem the firm names openly: the sign writer who drew it is gone, and all that survives is a picture file he emailed once and a photograph of the mark hand painted on the firm's truck door. The project cards survive only as the retired printer's press PDF. Yard signs print in the deep Grove Green."
SB3-008-PHO,Meridian Motors - Showroom vehicle image system,Photo & Image,Meridian Motors,"Certified, and nothing to hide",Certified pre-owned car dealership taking roughly six vehicles a week onto the lot.,"An independent certified pre-owned dealership in Portland, Maine, photographing every car in house across three lot bays.","Meridian Motors sells certified pre-owned vehicles between 22,000 and 38,000 dollars to families replacing an ageing car. The listings are the whole business, and the visual argument is simple: this is an orderly operation with nothing to hide. Every car should look as if it were photographed in one clean, evenly lit showroom, with honest paint and legible plain information.","Buyers aged 30 to 55 replacing a ten year old family car, deciding on trust before they decide on the vehicle.","22,000 to 38,000 dollars certified pre-owned. The treatment is an even, neutral, well lit showroom white with the full vehicle in frame and honest colour. Never a dark dramatic studio look, which reads as evasive at this price, and never hot saturated pictures with starbursts and a price slash, which read as a buy here pay here lot.","organised, honest, plain, trustworthy, orderly","Meridian Navy #1F2A3A
Showroom White #F6F7F8
Graphite #2E3237
Compass Teal #3C6E71
Steel Grey #9AA1A8","Publico Banner, Bold, a newspaper banner serif, gives the cards a classified page plainness. The signature move is the price: Publico Banner Bold tabular lining figures at 68 px, the dollar sign at sixty percent of numeral height and raised to the figure tops, seated on a 1 pt Compass Teal rule running the full card width. That small lifted dollar against big newspaper figures registers first. Year, make and model follow at 44 px, the roundel wordmark at 22 px tracked 40 thousandths. Source Sans 3 Regular sets mileage 26 px, disclosure 20 px, 9 pt on 13 pt in print. Never set a price above 68 px.","The price is always Publico Banner Bold tabular lining figures with the dollar sign shrunk to sixty percent of numeral height and raised to the figure tops, seated on a 1 pt Compass Teal rule running the full card width.","Straightforward and unadorned, the voice of a desk that states the facts. Example line the brand would write: ""2017 Calder Kestrel, 68,400 miles. Certified. 24,900 dollars.""","Order and honesty above effect: the listing is the vehicle a buyer will walk around in person, so it must show the real car, plainly.","The only mark on file is the compass roundel as the sign shop supplied it years ago, a small flat raster on a white square at signage thumbnail size, which has never mattered until now. The window cards survive only as the retired printer's press PDF, and the room now hand writes them. The roundel belongs on the firm's own collateral and never on a marketplace primary."
SB3-009-PHO,OSTRA - Restaurant plate photography system,Photo & Image,OSTRA,"Quiet, dark, unhurried","A contemporary seasonal tasting counter, twenty two seats around the pass, one menu a night, four nights a week.","A twenty two seat tasting counter on the coast of New England, one seasonal menu at 135 dollars a head served four nights a week.","OSTRA is a counter, not a dining room: guests sit around the pass for one seasonal tasting menu at 135 dollars a head. The room is near black, spare and unhurried, and the photography is meant to feel like walking into it rather than like an advertisement. One plate at a time, on a dark ground, with light that still reads as light.","Guests aged 30 to 55 booking an occasion around six weeks ahead, who expect calm and consideration rather than volume.","A 135 dollar seasonal tasting counter. The grammar is a near black ground, one plate per frame, generous emptiness, restrained saturation, and speculars on sauce and glass that read as light rather than as blown white or flat grey. Never a bright, crowded bistro look, and never near monochrome art photography in which the food cannot be read.","quiet, dark, restrained, precise, unhurried, occasion","Near Black #0E0E0F
Slate Pass #1C1E20
Ash Grey #5A5A5C
Bone #E6DFD2
Subdued Brass #9C8459","Recife Display, Light, a high contrast display serif with engraved hairlines, answers the brass plate on the pass. The signature move is the wordmark: O S T R A in Recife Display Light caps tracked 320 thousandths, so open the five letters nearly separate, centred over a 0.4 pt Subdued Brass hairline cut to exactly the wordmark width. That extreme air between letters registers first. Course titles take the same face at 52 px announcing, 40 px on a dish tile, 15 pt on 21 pt on the guest card. Suisse Int'l Light carries detail lines at 22 px tracked 60 thousandths, Bone on Near Black. Never set a course title in the sans.","The wordmark is always O S T R A in Recife Display Light caps tracked 320 thousandths, open enough that the five letters nearly come apart, centred over a 0.4 pt brass hairline cut to exactly the wordmark width.","Spare and understated, the voice of a room that lets the plate speak. Example line the brand would write: ""Five courses. One seating. Please arrive as the light goes.""","Honesty of the room and one plate at a time: the photographs are this kitchen's real plates, and restraint is what the guest is paying for.","There are no editable brand files. The per guest menu card survives only as the old printer's press PDF, and the printer has been lost, so the room hand writes about forty cards a night. A dark mode site reference screengrab was supplied as mood only, and course titles come spelled as the kitchen spells them."
SB3-010-PHO,Northgrove - Apparel colorway image system,Photo & Image,Northgrove,Better than it looks in the price.,"Elevated basics apparel: a six style seasonal capsule sold direct online and through one marketplace feed, including a supporters' crew made with a local amateur football club.","Burlington, Vermont; canonical context for the repeat-client series.","Northgrove is the repeat client for this benchmark series. The canonical client context is Burlington, Vermont, and this commission covers phase 1: apparel colour and ecommerce proofing.","Women and men aged 22 to 38 choosing on a phone, cross shopping against a 9 dollar fast fashion tee and a 140 dollar heritage one, buying a 32 to 60 dollar piece they expect to keep.","Elevated basics at 32 to 60 dollars. We sit above fast fashion and below heritage. The whole proposition is that the cloth is better than the price suggests, so nothing may read as cheaper or as more luxury than the parcel actually is.","honest, quiet, considered, warm, unfussy, durable","Charcoal #2E2E2C
Warm Grey Paper #C9C4BA
Olive #6B7248
Oat #E4DCCB
Club Navy #1B2A44
Off White #F5F2EC","GT Super Display, Bold, a plain grotesque with softly flared joints, sets the wordmark and every page header. The signature move is the fit: NORTHGROVE in caps with tracking closed to minus 20 thousandths, so the letters almost touch and read as one solid charcoal block, the olive leaf locked at cap height one leaf width to its left. That airless word registers first. Carousel headline 96 px and style name 56 px against 20 px body make a jump near five to one. Freight Sans Pro Book sets cloth notes and colourway names at 20 px on 32 px leading, Medium the price at 24 px. Never letterspace the wordmark open.","NORTHGROVE is always all caps GT Super Display Bold with tracking closed to minus 20 thousandths so the letters almost touch and read as one solid charcoal block, with the olive leaf locked at cap height one leaf width to its left.","Plain, specific, a little dry. We name the cloth and the cut and leave the adjectives out. Example line the brand would write: 'Loopback cotton, dyed in small lots, made to soften with wear.'","Honesty between the picture and the product, and small batch cloth that earns its price.","Our olive leaf glyph and charcoal wordmark only survive as a picture lifted off an old lookbook page. The studio that drew them has closed and no one has the source file, so the mark needs recovering as real artwork before it can go on cards or launch pieces."
SB3-011-PHO,Lumora - Lip oil shade concept set,Photo & Image,Lumora,"Shade first, honestly.","Direct to consumer colour cosmetics: one lip oil launching in a seven shade range, sold shade first on mobile with a small retailer feed alongside.","Los Angeles, California; canonical context for the repeat-client series.","Lumora is the repeat client for this benchmark series. The canonical client context is Los Angeles, California, and this commission covers phase 1: pre-production lip-oil colour concepts.","18 to 32 year olds discovering us on social and buying shade first on a phone, cross shopping a 6 dollar drugstore oil and a 38 dollar prestige one.","A 24 dollar lip oil. We want to look more expensive than we are while staying honest, so the treatment is bright, clean and daylight neutral, never moody prestige and never blown out drugstore.","bright, clean, playful, confident, modern, honest","Amber Hour #C8792E
Warm Ink #3A2A22
Soft Cream #F7F0E6
Brushed Gold #C6A268
Rosewood #9E5B57
Clear Glass #EDE7DE","The one thing a viewer sees first is the shade name: one lowercase word in Abril Fatface Regular, blown up to roughly five times the body size so the fat strokes nearly touch the card edge. Shade names run 96 pt on the 55 by 85 mm cards and 160 px on screen. Body is Inter Regular, 7.5 pt on 10 pt in print and 18 px on 28 px on screen. Prices and shade codes stay in Söhne Mono Regular so the numerals never share the display face. Never set a shade name in capitals.","The shade name is always one oversized lowercase word in Abril Fatface, blown up to roughly five times the body size so the fat strokes nearly touch the card edge, while every numeral stays in a monospace face.","Warm, direct, a bit fun, never overclaiming. We describe the finish and let the shade speak. Example line the brand would write: 'A sheer wash of colour, a proper shine, no stickiness.'","That the shade on the screen is the shade on the lip, and that a launch can look premium without pretending to be prestige.",The wordmark and shade lockups exist as working digital files. There is no printed guideline; the carton photograph we have was shot under shop light and should not be trusted as a colour reference.
SB3-012-PHO,Kilnmore - Ceramic ecommerce image system,Photo & Image,Kilnmore,The glaze is the argument.,"Matte glaze stoneware: a two person studio selling direct, through a national handmade marketplace, and on consignment in six independent shops.","Portland, Maine; canonical context for the repeat-client series.","Kilnmore is the repeat client for this benchmark series. The canonical client context is Portland, Maine, and this commission covers phase 1: ecommerce product image system.","Buyers aged 30 to 55 who buy craft and buy a specific glaze, reading the piece and its finish before they order.","Considered handmade stoneware at 38 to 95 dollars a piece. Above mass import homeware, below gallery ceramics. The house look is neutral and airy with the glaze true to the piece in the hand, never punchy and saturated, never near black gallery styling.","quiet, considered, handmade, warm, honest, unhurried","Warm Grey House Ground #CFC7BB
Celadon Drift #9FB3A2
Oatmeal #E3DBCB
Bone #EFE9DD
Iron Slip #3B342B
Kiln Rust #9A5A3C","Piece names and the wordmark are Marcellus Regular, an inscriptional serif whose flared stems read as cut rather than drawn. The move a viewer registers first is the rule: a 0.75 pt Iron Slip line, set exactly the width of the word and no wider, sitting 4 pt under every wordmark and every piece name. Piece names run 56 px on the 1440 by 1800 px modules and 24 pt on the A4 sheet. Untitled Sans Regular carries glaze names and specs at 20 px on 30 px, tabular figures throughout. Never let the rule overhang the word.","A 0.75 pt Iron Slip rule, cut to exactly the width of the word above it and never wider, sits under every wordmark and every piece name set in Marcellus.","Plain, grounded, specific about material and process. We name the glaze, the form and the firing and stop there. Example line the brand would write: 'Wheel thrown stoneware, matte celadon, oxidised recesses left dark.'","Truth to the glaze in the buyer's hand, and the craft of small batch stoneware.",The only clean copy of our mark left is the printed wrapping tissue we wrap orders in. The wordmark and enclosed kiln arch device need recovering from that photograph as placeable artwork; there is no source file.
SB3-013-PHO,Argent and Faith - Spring jewelry capsule photography,Photo & Image,Argent & Faith,Let the metal do the work.,"Independent silver jewellery studio: a two bench workshop putting out a ten piece capsule each season, sold direct and through eleven independent stockists.","Founded 2016, a two bench silver studio in Providence, Rhode Island, run by two makers.","Argent & Faith is a two bench silver studio. Nora cuts and pierces, her partner finishes and sets, and we put out ten considered pieces a season: open bands, a pierced medallion, a signet, a reliquary locket. We sell direct and through eleven independent shops. The negative space in a band or a piercing is the design, so how a piece is made and photographed matters as much as what it costs.","Buyers aged 28 to 55, Northeast urban and coastal, buying one considered piece for themselves or as a milestone gift and reading the metal and dimensions before purchase.","Fine but accessible silver at 180 to 900 dollars a piece. Above high street silver, below designer gallery jewellery. At this tier the tile is mostly air, the piece sits small and centred, the type is quiet and provenance reads as editorial copy.","quiet, considered, crafted, restrained, honest, enduring","Sterling #C7C9CB
Oxidised Recess #2B2B2E
Warm Ivory Ground #EFE7D9
Paper White #F6F4EF
North Window Grey #B9BBB8
Ink #1E1C1A","The wordmark is Italiana Regular, all capitals, tracked to 0.24 em so the word reads as a thin line of air across the page. The move is the ampersand: always set at three times the cap height of ARGENT and FAITH, dropped so its bowl crosses their baseline, the first thing anyone registers. Display lines run 96 pt on the A2 poster and 44 px on the 1440 by 1800 px modules. Suisse Int'l Regular sets provenance and specs, 11 pt on 15 pt and 18 px on 28 px, tabular figures. Never set a price in Italiana.","The ampersand is always set at three times the cap height of ARGENT and FAITH and dropped so its bowl crosses their baseline, inside a wordmark tracked to 0.24 em.","Spare, precise, provenance led. We write in Nora's own plain words about how a piece was made. Example line the brand would write: 'Hand sawn and pierced, sterling silver, oxidised and hand finished at the bench.'","Honest metal and honest making, and negative space treated as the design rather than a gap.","Our maker's mark exists only as an engraving in the steel bench block Nora's teacher cut for her, and nowhere else. There is no file and no one to ask, so the mark needs recovering from a photograph as artwork that stays true to the original rather than a tidier version of it."
SB3-014-PHO,Girdermark - Industrial component image system,Photo & Image,Girdermark Elevator & Electrical Supply,The number and the part agree.,"Industrial and Manufacturing, wholesale distribution of elevator and electrical replacement parts","Cleveland, Ohio; canonical context for the repeat-client series.","Girdermark Elevator & Electrical Supply is the repeat client for this benchmark series. The canonical client context is Cleveland, Ohio, and this commission covers phase 1: components photography and technical sheets.",Working buyers aged 35 to 60 who have specified this class of part for twenty years and judge a supplier by whether the photography and the spec table say the same thing. They order by part number and hold us to the values printed beside it.,"Mid to upper industrial. Parts run 400 to 9,000 dollars. The material has to read as trustworthy and technical, never as a consumer hardware brand and never as glossy marketing.","Plain-spoken, Technical, Dependable, Unhurried, Credible","Girder Charcoal #2B2F33
Sheet White #F6F6F4
Technical Grey #B9BEC2
Safety Amber #E8A31D
Ink Black #141517","Wordmark and section heads are Cinzel Bold, capitals only, tracked 0.18 em inside a 2 pt Ink Black keyline, the cast nameplate off an elevator fixture. A buyer notices the split immediately: the name is carved and the numbers are typed, because no digit ever appears in Cinzel. Every part number, dimension and price is IBM Plex Mono Medium with tabular lining figures and the slashed zero. Part numbers run 72 px on the 1200 by 1200 px plates, part names 34 px, spec lines 22 px on 34 px leading. Never set a spec table in a serif.","No digit ever appears in the display face: the name is carved in Cinzel Bold capitals inside a 2 pt keyline, and every part number, dimension and price is monospace with a slashed zero.","Direct, factual, no adjectives we cannot stand behind. We state the number, the finish and the price and we stop. If something is wrong we say so before it prints.",Accuracy over polish. Availability. Honesty about what we stock and what a part will do. We would rather lose a sale than print a spec we cannot certify.,"We have no working brand files and no written guidelines. Our data sheets exist only as a flat press PDF the printer sent us last spring, and nobody here knows how it was built. Keep that sheet exactly as our customers recognise it. The palette and type notes above are our best account of the look, reconstructed for you, not a formal system."
SB3-015-PHO,Summit and Sable - Recovery-gear launch campaign,Photo & Image,Summit & Sable,Gear that looks like it works.,"E-commerce and retail, value-band recovery and overlanding gear","Founded 2019 in Boulder, Colorado. Small owner-run shop, under ten people, selling on a marketplace and its own storefront.","We make recovery straps, soft shackles and overlanding kit for people with a lifted truck and a real budget. Nine SKUs from 35 to 220 dollars. Our buyer is not paying for a name, he is paying because the gear looks like it will hold when he is stuck at dusk on a fire road. The detail is the whole argument: the stitching and the hardware finish are what separate us from the cheap import sitting next to us in search results.","Off-road and 4x4 owners aged 25 to 50, buying on rugged credibility and price. They trust flat daylight and visible workmanship and they distrust anything that looks staged or expensive.","Value band, 35 to 220 dollars. The look is bright, hard-wearing and legible, honest daylight on the plain-ground shots and unstyled dust on the field shots. Never premium-expedition cinematic, never discount-banner loud. Either extreme reads as pretending and loses the buyer.","Rugged, Honest, Practical, Confident, Unfussy","Sable Charcoal #26282B
Trail Sand #C9B79A
Recovery Orange #D95E28
Bone White #F1EEE8
Ridge Blue #2F5D8A","Headlines are Bodoni Moda Bold, all capitals, tracked 0.08 em, and they never sit on open ground: every headline is knocked out in Bone White from a solid Recovery Orange band that bleeds off both edges, the stencilled crate marking a buyer clocks before he reads a word. Headlines run 150 pt on the A2 poster and 60 px on the 1440 by 1800 px modules, rating callouts 34 px. National 2 Regular sets body and the range table, 12 pt on 16 pt and 20 px on 30 px, tabular figures. Never set a certified load in Bodoni Moda.","Every headline is knocked out in Bone White from a solid Recovery Orange band bleeding off both edges, set in Bodoni Moda Bold capitals at 0.08 em, so the type never sits on open ground.",Blunt and plain. We say what the gear does and what it is rated for. Certified working loads are stated as certified and never rounded or dressed up.,"Honesty in the picture and the spec. Durability over shine. Fair price for real capability. If an edit would make the product look like something it is not, we would rather it stayed plain.","The only brand mark file we can find is a flat screen-size export our old developer left us, plus a photo of the same mark on a woven label. We have no scalable artwork and no written guidelines. Charcoal is our storefront ground and Ridge Blue is the new webbing colour we are introducing. Treat the notes above as direction, not a locked system."
SB3-016-PHO,SlabVault - Collectible card marketplace image system,Photo & Image,SlabVault Cards,"Graded with confidence, sold with proof",Graded-collectible consignment (trading cards and comics),"Founded 2019 in Providence, Rhode Island; a four person consignment house","SlabVault Cards is a small consignment house that lists and settles graded collectibles for private sellers. Lots run from roughly 150 to 5,000 dollars per item, and buyers decide from the photograph alone, zooming into the holder, the label and the corners before they bid. Consignors shoot their own slabs on their own tables, so the house exists to bring many different rooms to one credible standard. Trust is the entire product: everything SlabVault presents has to read as accurate, unretouched and verifiable.","Condition-literate collectors aged 25 to 60 who buy graded cards and comics at 150 to 5,000 dollars a lot, read the grade and certification line straight out of the image, and walk away from anything that looks staged or concealed.","Mid to upper consignment. Not a bulk reseller or a toy shop, and not a fine-art auction room. The presentation sits deliberately between the two: neutral, generous and evidential, never cheap and flashy, never gilded and theatrical.","Sober, Precise, Trustworthy, Understated, Serious about condition","Slate Grey (primary ground) #8A9099
Vault Charcoal (near-black text and frame) #1C1F24
Paper Neutral (light stage) #F2F3F4
Signal Amber (single restrained accent) #C8892E","Redaction Regular, the clean cut of the documentary serif, sets tile headings and lot numbers. The signature move is the register print: every lot number runs in Redaction 35, the visibly dotted cut, at 44 px, the only degraded element on an otherwise crisp tile, so a buyer sees a number struck by the vault ledger before reading anything else. Söhne Buch sets lot titles 30 px and grade lines 22 px; Söhne Mono Regular sets certification digits 18 px on 26 px leading. Printed tickets run the lot number 18 pt, the grade 9 pt. Never letterspace the grade.","Every lot number is printed in Redaction 35, the visibly dotted cut, as the single degraded element on an otherwise crisp tile, so the number looks struck by the vault's own ledger printer.","Plain, factual, collector to collector. States the grade, the grader and the condition without hype. Never breathless, never salesy. The photograph does the persuading.","Accuracy over polish. Show the item exactly as submitted, give every slab room to be read, and never add an edge, shine or shadow that was not there. The buyer's confidence is the asset the whole business protects.","SlabVault has never held a proper brand kit. What exists is a house note describing the palette in words (grey, black, one amber accent already used on the printed stationery and the sleeve ticket), the grading partner names spelled the way the graders require, and the sale details. There is no logo file, no type specimen and no template, so the house look has to be established fresh and held consistently across the listings, the printed tickets and the auction-week set."
SB3-017-PHO,Continental Cup - Player portrait card system,Photo & Image,Continental Cup 2026 Collector Card Programme,The set every fan wants sealed,Officially licensed sports collector cards (continental club football tournament),"touring competition, Western Europe and North America; canonical context for the repeat-client series.","Continental Cup 2026 Collector Card Programme is the repeat client for this benchmark series. The canonical client context is touring competition, Western Europe and North America, and this commission covers phase 1: collector-card portrait finishing.","Collectors aged 16 to 45 who buy officially licensed cup sets, know a licensed release from a fan-made one at a glance, and expect deep, saturated, high-contrast presentation worthy of a marquee tournament.","Premium licensed collector tier. Pack twelve dollars, sealed box ninety-five, featured cards trading roughly 30 to 120 dollars secondary. The treatment is deep and saturated with real floodlit blacks, one dominant player per card, type set large and confident. Never a flat, bright community-league sheet, and never a neon gaming poster.","Premium, Dramatic, Floodlit, Authoritative, Collectible","Floodlit Black (dominant ground) #0B0E14
Pitch Deep Navy (retailer display and card field) #101B33
Stadium Silver (metallic accent and rules) #C7CCD1
Cup Gold (marquee accent) #C9A233
Signal Red (highlight and squad number) #B32433","Young Serif Regular, the heavy old style display serif, sets every player surname in caps, tracked 20 units, like an honours board engraving. The signature move is the silver bar: the surname locks onto a 0.75 pt Stadium Silver rule running the full trim width, its cap height exactly four times the data line, so name and hairline are what a collector reads first. Benton Sans Regular and Bold hold the squad number 34 pt, position 7.5 pt and licensing 5 pt on 6.5 pt leading; retailer screens run the masthead 96 px. Never condense Young Serif.","The player surname is set in Young Serif caps locked onto a 0.75 pt Stadium Silver rule that runs the full trim width, at a cap height exactly four times the data line, like an honours board engraving.","Bold, official and celebratory without slang. Speaks with the authority of a sanctioned tournament: it names the players, states the honours and lets the floodlit imagery carry the drama.","Authenticity of the licence above all. Depict the real featured players and the real competition mark faithfully, print the licensing copy exactly as supplied, and hold one premium look across print and store so the set reads as sanctioned, not imitated.","The brand files are largely lost. The studio that designed last year's card has closed, and all that survives is the flat file the printer ran, whose layout the retailers already recognise and want kept. The competition crest was never held as artwork at all: the only reference is a daylight photograph of the embroidered patch on an official's sleeve. The recovered mark and the rebuilt card layout therefore have to be reconstructed from those remnants and carried forward as the programme's working assets."
SB3-018-PHO,Fernwell and Rowe - Hartley wedding gallery finishing,Photo & Image,Fernwell & Rowe,"A real day, warm and honest",A two-person wedding and event photography studio in the Cotswolds shooting full-day coverage for couples marrying at country-house venues.,"Founded 2016, the Cotswolds, England, a two-photographer studio where the two partners shoot together and share every edit.","Fernwell & Rowe photograph twenty-two weddings a season across Cotswolds country-house venues. Two people run everything, from the first walk-through to the finished gallery, and they promise couples a record of the actual day rather than a styled magazine shoot. These prints sit on parents' walls for thirty years, so the work stays warm, natural and true to skin.",Couples aged 27 to 38 booking a Cotswolds country-house venue eighteen months out and paying for full-day coverage; their parents will look at the prints for decades.,"Full-day coverage 3,200 to 5,500 pounds, a mid-to-upper independent band. Above the filtered budget packages, below glossy editorial studios. The finish should feel like a real day, not a preset and not a phone filter.","warm, honest, unhurried, natural, understated, dependable","Fernwell Ink #2E2A24
Walled Garden Green #4A5A3E
Golden Hour #C9A15A
Warm Vellum #EFE7D8
Seal Wax Red #7A2E28
Soft Cream #F7F1E6","Fraunces Semibold, the warm old style serif, at optical size 144 with its wonk left on, sets the studio name and every heading. The signature move is the hanging ampersand: the wordmark always stacks on two lines, Fernwell above Rowe, with a Fraunces Italic ampersand in Seal Wax Red at 2.4 times the cap height, hung outside the left margin, the first mark on a gallery or an envelope. Gill Sans Nova Light carries dates and captions, 18 px on 26 px leading. Studio name 48 px screen and 30 pt print, gallery heading 34 px. Never set a caption in bold.","The wordmark always stacks on two lines, Fernwell above Rowe, with a Fraunces Italic ampersand in Seal Wax Red at 2.4 times the cap height hung outside the left margin.","Warm, plain and first person plural, the two of them talking to a couple. Example line: We would rather pull a frame and tell you than force it.","A real day honestly recorded, and skin that stays true across every light of the day.","The studio has no working brand files. The thank-you card survives only as the press PDF the printer ran, the designer who made it two years ago is no longer reachable, and the wax seal the studio presses on every envelope has never existed as a file, only as a photograph of one pressed seal."
SB3-019-PHO,Cascadia Founders Summit - Executive portrait set,Photo & Image,Cascadia Founders Summit,Founders and the people who fund them,"A paid two-day founders summit in Portland, Oregon, for founders, operators and institutional investors.","Founded 2024, Portland, Oregon, now in its second edition, run by a core team of four staff for a room of about four hundred.","Cascadia Founders Summit is a two-day gathering for founders and the people who back them. Passes run six hundred to twelve hundred dollars and the room is roughly four hundred people who read the calibre of the event off its details. The summit sells seriousness and access rather than spectacle, and everything it puts in front of that audience is meant to look considered.","Founders, operators and institutional investors aged 28 to 55 who expense the ticket and judge the event by how professional it feels.","Delegate passes 600 to 1,200 dollars, a credible professional summit priced above a free meetup and below a flagship conference. Restraint reads as calibre; a glossy or busy treatment would misprice it.","understated, credible, professional, quiet, serious, considered","Cascadia Slate #23303A
Evergreen #2C4A3B
Fog Grey #D9DDDE
Warm Paper #F2EEE7
Signal Copper #B06B3E
Near Black #1A1F24","Piazzolla Medium, the variable serif, sets the summit title and every announcement headline with its optical size axis pinned to 8. The signature move is that fixed optical size: serifs and counters drawn for 8 pt appear at 96 px, so the headline reads as printed rather than styled, the first thing a delegate registers. Suisse Int'l Regular and Medium sets speaker names 56 px, role lines 30 px, affiliations 26 px on 34 px leading; Suisse Int'l Mono Regular sets session times. Programme print runs the title 28 pt, body 9.5 pt on 13 pt. Never set a speaker name in Piazzolla.","Every summit title and announcement headline is set in Piazzolla Medium with the optical size axis pinned to 8, so letterforms drawn for 8 pt appear at 96 px and the headline reads as printed rather than styled.","Plain, direct and professional, confident without selling hard. Example line: Passes are limited and the room is small on purpose.","A serious room worth the price of admission, where credibility is read off the smallest details.","The summit builds its own website and needs no pages. Its badge artwork exists only as the press PDF the venue printer ran last year, with no working file behind it. The house ground, mark and tone are described in the brand notes rather than handed over as a kit."
SB3-020-PHO,[speaker founder] - Editorial portrait session,Photo & Image,[speaker founder],Someone who runs a company,"The founder personal brand of the co-founder and managing director of Vellacourt & Sund, a six-person industrial design studio, during a seed raise and a European speaking season.","Studio Vellacourt & Sund founded 2019 in Europe, six people; the personal brand is Astrid's own, built for a seed round and three conference talks between February and May.","[speaker founder] co-founded and runs Vellacourt & Sund, a six-person industrial design studio. Her personal brand exists for the season when her face is in front of investors and programme committees who do not yet know her. It has to read as a person who runs a company, composed and credible, never as an influencer or an account, because she is asking for money and for stage time.","Institutional investors, conference programme committees and prospective senior hires; Astrid is between 30 and 50.","Founder personal-brand package 900 to 1,800 dollars, pitched at institutional level. Neither an over-filtered influencer treatment nor a stiff corporate flash-on-white; understated is the point.","composed, credible, understated, considered, design-led, quietly confident","Vellacourt Ink #262524
Warm Neutral #E8E1D6
Studio Slate #4C5560
Ochre #B98A4B
Deep Ground #16171A
Bone #F4EFE7","Instrument Serif Regular, the high contrast display serif, sets her name and the AV monogram. The signature move is the shared stroke: the A and V interlock so their inner diagonals read as one hairline, blind on Bone or in Ochre, once per surface and never under 18 mm wide, landing before the portrait does. Her name sits beneath it at 34 pt print, tracked 30 units, above 9.5 pt body on 13 pt leading. Neue Haas Grotesk Text Roman and Medium sets talk titles 64 px and event lines 28 px. Never set the monogram in Neue Haas.","The AV monogram interlocks so the two inner diagonals read as one hairline, pressed blind on Bone or printed in Ochre, once per surface and never under 18 mm wide.","First person, plain and self-possessed. Example line: I want it to look like someone who runs a company, not someone who runs an account.","Work that reads as a design studio founder at institutional level, with her own mark used quietly and her likeness kept honest.","There is no brand kit. The AV monogram exists only as a blind deboss pressed into an old studio card, with no file and the printer closed, surviving only as a photograph of the impression. The warm ground she wants and the dark ground her press kit uses are described in her placement notes rather than supplied as artwork."
SB3-021-PHO,Quill and Kiln - Autumn ceramics signature look,Photo & Image,[studio maker] (Quill and Kiln),A real person in a real studio,"An independent maker and lifestyle creator in Portland selling small-batch stoneware, with a seasonal coffee-bar collaboration each autumn.","Quill and Kiln, founded 2020, Portland, Oregon, a one-maker studio working from a shared space, with roughly nine thousand followers.","[studio maker] makes small-batch stoneware in a shared Portland studio and sells it four times a year, plus a coffee-bar collaboration each autumn. About a third of what she sells comes straight off her own posts. The brand is the person: a real maker in a real room, warm and quiet, and never a polished label, because that is what her audience follows her for.","Followers aged 22 to 34, the same age as Marlo, who buy 38 to 90 dollar stoneware and follow the maker rather than a brand.","A mid-tier creator retainer of 600 to 1,500 dollars a month, stoneware at 38 to 90 dollars. Above careless untreated phone photos, below gallery-ceramics gloss; a heavy uniform filter would read as selling out and cost her directly.","warm, quiet, handmade, honest, unhurried, autumnal","Kiln Clay #B4855C
Warm Ground #E7D9C4
Sprig Green #6E7A4E
Ember #A6552E
Bench Ink #33291F
Oat #F3EAD9","The name and every headline set in Erode Medium, whose softened, gnawed terminals read as ink sinking into paper. The signature move is the name always lowercase and stacked on two lines, quill over and kiln, tracked at zero, with a 0.75 pt Bench Ink rule the width of the longer line beneath. Captions, piece names and prices in Untitled Sans Regular, 500 for prices, tabular lining figures. Carousel headline 64 px, caption 30 px, price 24 px. Journal headline 34 pt, body 10.5 pt on 15 pt, captions 8.5 pt. Never set that name in capitals or letterspace it.","The name is always lowercase and stacked on two lines, quill over and kiln, tracked at zero, with a 0.75 pt Bench Ink rule the width of the longer line tucked directly beneath it.","First person, casual and direct. Example line: One look, mine, not a filter.","One recognisable hand across the whole feed, with real rooms, true glaze colours and her own drawn marks.","No formal brand files. Her three motifs, a mug, a sprig and a small kiln, exist only as ink on a photographed sketchbook page she keeps re-cropping. The true glaze colours are pinned by a single reference frame of fired test tiles rather than any spec, and there is no logo file."
SB3-022-PHO,Nordhaven - Harbour hotel booking campaign,Photo & Image,Nordhaven,A room with the harbour in it,"A fourteen-room design-led micro-hotel in a converted harbour warehouse, sold direct.","Opened 2023 on the Nordhavn waterfront, Copenhagen; fourteen rooms run by one small owner-led team.","Nordhaven is a fourteen-room hotel inside a converted brick and timber warehouse on the working harbour. We sell the feeling of the building: cold light, plaster, oak and brass. Guests choose us because the place looks like nowhere else, and everything we make has to carry that.","Design-literate urban travellers, 30 to 45, who choose a property on aesthetic and book direct once they trust the point of view.","Six hundred dollars a night, direct only, positioned above the travel-platform grid as a design destination rather than a room count.","Restrained, Moody, Tactile, Quiet, Self-assured, Cold-toned","Near-black ink #14161A
Limewash plaster #E7E2D8
Harbour slate #4A535C
Oak #6B5945
Brass #A8823E","Room names and display lines set in Zodiak Light, a wedge serif whose knife cut serifs and abrupt hairlines suit cold harbour light. The signature move is the drop beneath the name: one word, limewash on near black at 96 px, with the floor and bed label directly under it in Söhne Medium caps tracked 220 units at 18 px, a fifth its size. Running text, amenities and rates in Söhne Regular. Room name 72 px, supporting line 24 px, rate 18 px, amenity heading 56 px on 62 px. Never set a rate larger than its room name.","A one word room name in limewash on near black at 96 px with its floor and bed label locked directly beneath in tracked grotesque caps at 18 px, a fifth the size, so the drop between them is the first thing a viewer notices.","Spare, understated, first person, no exclamation. Example line: 'Fourteen rooms on the water. We open direct booking this autumn.'","One committed tone across everything, with the true-colour main room photograph kept as the single deliberate exception so guests see the actual bed and linen.","We work from a short brand note that fixes the near-black ground, the placements and the delivered sizes. There is no full guideline system yet, and the room list changes each season."
SB3-023-PHO,Ironline Forge - Blacksmith editorial image set,Photo & Image,Ironline Forge,Cast to outlast the building,A heritage iron and bronze foundry casting bespoke architectural work for specifiers and developers.,"Casting since 1911 in the same Sheffield works; a small crew of founders, patternmakers and finishers.","Ironline Forge casts bespoke iron and bronze for architects and developers who have mostly never stood on a foundry floor. We sell permanence and provenance: the heat, the hands, and the fact that the piece will still be here in eighty years. The brand has to feel like the shop floor, hot, dirty and precise.","Specifiers, architects and developers, 40 to 65, buying craft and confidence rather than a catalogue product.","Bespoke castings from five to sixty thousand dollars a piece, priced on provenance and never presented as a promotion.","Heavy, Dark, Honest, Precise, Unhurried, Proud","Iron black #1A1A1C
Furnace orange #C6591F
Cast bronze #7A5A2E
Ash grey #6E6E6B
Foundry sand #C9BCA3","Headlines in Bespoke Serif Bold, a squared serif with blunt, cast looking brackets. The signature move is a 4 pt furnace orange rule, always 40 mm long and always 12 mm above the headline, reading as the pour line; on screen it is 4 px by 160 px. Spec lines, reference codes and the specifier contact in Neue Haas Grotesk Display 65 Medium caps, tracked 80 units. Editorial headline 44 pt, standfirst 16 pt, body 10 pt on 14 pt, captions 8 pt. Poster headline 180 pt, contact 18 pt. Never reset the struck maker's mark in any typeface.","A 4 pt furnace orange rule, always 40 mm long and always 12 mm above the headline, so every piece opens with the same short pour line before any word.","Plain, declarative, unshowy. Example line: 'Iron and bronze, cast in this building since 1911.'","Process and provenance over polish. The struck maker's mark must be recovered faithfully rather than tidied into a fashion monoline, and it has to hold small and reversed out of the dark.","Our maker's mark was cut into a die generations ago and survives only struck into the metal. There is no artwork for it anywhere, and the trade-fair stand and the brand story page are being rebuilt at the same time."
SB3-024-PHO,Lunara Chronometry - Autumn watch campaign,Photo & Image,Lunara Chronometry,"Timed by hand, one at a time","An independent mechanical watch house making five references in small runs, sold direct and through two dealers.","A studio of eight in Chicago, Illinois; a Swiss-trained watchmaker and a regulator who times every piece by hand.","Lunara builds mechanical watches in small runs and regulates each one by hand before it ships. We sell presence, finish and the credibility of a named regulator, not a colour or a trend. Every piece leaves with its own certificate, and the pictures have to read as confidence.","Collector-literate buyers, 35 to 60, who judge a watch on form, finish and the hand behind it.","Four to twelve thousand dollars a piece, positioned as independent horology: above fashion watchmaking and below the grand houses.","Precise, Warm, Restrained, Credible, Considered, Quiet","Warm near-black #191512
Bone cream #EDE6D6
Tempered steel #9A9EA3
Aged brass #9C7A3C
Oxblood #5A2A28","The wordmark and reference names in Boska Medium small caps, tracked 180 units, always stacked as Lunara over Chronometry. The signature move is that no figure is ever set in the serif: every numeral, reference, price and timing result switches to Suisse Int'l tabular lining, so a line of warm small caps visibly cools wherever a number falls. Key visual wordmark 72 px, reference 40 px, supporting line 20 px. Product page reference 48 px, specification 22 px. Dealer sheet heading 28 pt, body 10 pt on 14 pt. Never set the timing line in italic or in the serif.","No figure is ever set in the serif: every numeral, reference, price, serial and timing result switches to the grotesque, so a line of tracked small caps visibly cools wherever a number falls.","Exact, understated, collector to collector. Example line: 'Five references. Each one regulated by hand and signed.'","One committed warm single-tone treatment with fine grain across the whole campaign, with a single true-colour dial frame kept so a customer can judge the finish honestly.","We have last season's certificate as it went to the printer and an approved wording note. The timing line is fixed and cannot be reworded, and the featured reference moves each season."
SB3-025-PHO,Apexguard - Industrial surfaces launch photography,Photo & Image,Apexguard,Built to sit behind the counter,"An automotive aftermarket supplier of paint protection film, window tint and installation hardware, sold to independent installers.","Charlotte, North Carolina; canonical context for the repeat-client series.","Apexguard is the repeat client for this benchmark series. The canonical client context is Charlotte, North Carolina, and this commission covers phase 1: rebrand photography and product rollout.","Independent installers, 25 to 45, who judge a supplier on whether the packaging justifies the price to a customer standing at the counter.","Line items from two hundred fifty to twelve hundred dollars, a confident premium supplier rather than a bright discount accessory brand.","Dark, Confident, Minimal, Precise, Modern, Restrained","House black #101114
Gunmetal #3A3D42
Cool steel #B7BCC2
Signal accent #E4552B
Off white #F2F1ED","Display and the master mark in Clash Display Bold, all caps, a boxy grotesque with flat, machined terminals. The signature move: the mark is always tracked to span the exact full measure of its panel, flush at both edges, never below 120 units, with a 6 pt signal accent bar locked directly beneath at one fifth that measure. Fitment, warranty and body in Aktiv Grotesk Regular, sentence case, untracked; SKUs in Roboto Mono Medium. Poster mark 140 pt, headline 60 pt, fitment 16 pt. Product modules SKU 40 px, variant 28 px. Never track or condense a fitment line.","The caps mark is always tracked out to span the exact full measure of its panel, flush at both edges and never below 120 units, with a 6 pt signal accent bar locked directly beneath at one fifth that measure.","Confident and terse, no hype. Example line: 'Film, tint and hardware. Fitted right, backed properly.' No mascots, no vintage badges, no heavy gradients.","A dark, high-contrast house system with one accent, where fitment information is always legible on the shelf. No mascots, no vintage badges, no heavy gradients.","Our master mark survives only on a die-cut box sticker and on a decal on an installer's shop glass. The studio that drew it has closed and taken the source files, so it has to be recovered as usable artwork."
SB3-026-PHO,Thornmere Home - Autumn interiors image system,Photo & Image,Thornmere Home,"Made by hand, kept for years.",Mid-premium homeware: glazed stoneware and woven textiles,"Founded in Providence, Rhode Island. A two-person workshop selling direct to consumer and wholesale into fourteen independent stores across the Northeast.","Thornmere Home makes glazed stoneware and woven textiles in a small Providence workshop, around thirty-two products a season priced from forty-five to a hundred and eighty dollars. The work is honest material: real glaze, real dye, thrown and woven by people who sign for it. Ceramics are shot standing, textiles draped, and the range is meant to read as one quiet, warm family rather than a catalogue of individual objects. The season turns on autumn, when the palette deepens and the catalogue goes back to the printer, one product to a page.","Buyers roughly thirty to fifty who nest and furnish slowly. Design literate, buying to keep rather than to chase a trend. Neither farmhouse cliche nor design-gallery cool, just people who want warm, made things in the house.","Mid-premium. Generous with white space, warm and truthful about material, never the austere near-black of collectible ceramics and never the crowded, saturated look of discount homeware.","Quiet, Warm, Honest, Handmade, Unfussy","Oatmeal Glaze #E7DDCB
Indigo Dye #33455E
Warm Paper Ground #F6F1E8
Stoneware Charcoal #3B3733
Soft Clay #C9A98E","Druk Medium, the heavy condensed grotesque, sets every product name, and the signature is its scale. Caps at 13 pt print or 17 px screen, tracked 200 thousandths open, sit alone at the head of a page above forty millimetres of bare paper, so what you notice first is one small dense bar of type floating in cream. Publico Text Roman runs body at 10 pt on 15 pt, or 17 px on 26 px. Graphik Regular carries prices, dimensions and care lines at 8.5 pt on 12 pt. Never set a product name above 16 pt.","The product name is set in heavy condensed Druk caps at only 13 pt, tracked 200 thousandths open, alone at the head of the page above forty millimetres of bare paper, so the page reads as one small dense bar of type floating in cream.","Plain and warm. Short sentences about material and making, not about lifestyle. The maker writes the care lines and they stay in the maker's own words, unreworded.","Truth to material, longevity over trend, and steady support of the independent stores that carry the range.","No brand guidelines were ever written down. The autumn catalogue was built by an outside studio that has since closed and kept the working layout file, so only the printer's press PDF of the spring catalogue survives. The catalogue has to be rebuilt from that press PDF and the season's spreadsheet."
SB3-027-PHO,Fennhollow - Botanical soda summer campaign,Photo & Image,Fennhollow Botanical Soda,"Botanicals from the valley, nothing else.","Craft botanical soda, better-for-you premium CPG","Founded in the Hudson Valley, New York. Two founders working with a co-packer, three flavours, sold in upstate natural grocers and by direct-to-consumer subscription.","Fennhollow Botanical Soda makes three botanical sodas in the Hudson Valley: elderflower and lime, rhubarb and bitters, and spruce tip. Three dollars fifty a can, sold across upstate natural grocers and by subscription, produced through a co-packer whose cleared nutrition claim cannot be reworded. Two founders run everything and neither is a photographer. The whole brand lives on summer: sun lit, warm, natural, a little restrained. The spruce tip flavour steps to the front in August, so the summer campaign has to be built to be revisited as the season shifts.","Twenty-five to forty, shopping the natural grocer aisle and reading the ingredient panel. Paying a premium for the promise that this is closer to a real thing than a mass soda.","Craft better-for-you at three fifty a can. Warmer and more human than a twelve-dollar apothecary tonic, and far more restrained and natural than a hyper-saturated ninety-nine-cent soda.","Sun lit, Natural, Restrained, Warm, Made by real people","Label Green #3F6B3A
Warm Cream Ground #F4ECD8
Afternoon Amber #E5AF54
Rhubarb Rose #C56E68
Deep Ink #2C2A24","Staatliches Regular, the condensed sign painter caps, sets every flavour name, and the signature is that the name always stacks onto two centred lines split by a half point rule in Label Green, so the stacked block registers before the words do. Poster flavour name 120 pt on 108 pt leading, key visual headline 96 px, carousel headline 64 px. Whitney Book runs body at 30 px on 42 px and the cleared claim line at 18 pt on 24 pt, with Whitney Semibold for subheads. Never set a flavour name on a single line.","Every flavour name stacks onto two centred lines of Staatliches caps split by a half point rule in Label Green, so the stacked block registers before the words are read.","Plain, warm, a little rural. Names the botanicals and the valley, not a lifestyle. The co-packer's cleared claim line stays exactly as written.","Real ingredients over additives, provable and legal image provenance the co-packer can be shown, and a cohesive look the next hire can build on rather than start from nothing.","No written brand guidelines have ever existed and the founders asked for the first one to be created. Their brand note points to a printed swatch card that was never sent with the package, so the house green survives only as the printed label on the two studio can shots the brand owns. There is no lifestyle photography of any kind."
SB3-028-PHO,Verda Reformer Studio - Fitness campaign image system,Photo & Image,Verda Reformer Studio,Room to breathe.,Boutique reformer pilates studio,"Founded 2022, first studio run for four years; opening a second location on Calloway Row in a North American city. Owner led by Marit and Dana, with six instructors. Small, independent, growing to two rooms.","Verda is a boutique reformer pilates studio built on calm. One body, one room, generous air, and unhurried attention. Marit and Dana have run a single studio for four years and are now opening a second on Calloway Row. The studio is deliberately the opposite of a chain gym: no crowding, no shouting, no gloss of the everyday. What clients pay for is space, focus and a considered environment they return to.","Considered buyers, mostly women in professional work, aged 28 to 48. They typically audition three studios before committing to one, and they are paying for calm, attention and space rather than volume or intensity.","Premium neighborhood, not luxury. Intro pack 180 dollars, membership 220 a month. Positioned above a high volume budget gym and below wellness luxury: the tone is soft daylight and quiet confidence, never pretension and never a discount.","Calm, Considered, Warm, Quietly confident, Unhurried","Sage #9CA98F
Oak #C7A97A
Warm Off White #F4F0E8
Soft Ink #33352E","Monument Extended Regular sets the studio name and every headline, and the signature is width. The wordmark is always caps on one line, tracked 320 thousandths open and never larger than 34 px on screen or 11 pt on the pass card, so it reads as a long calm band rather than a word. Launch headline 88 px on 104 px, feed post and story 56 px on 68 px. Basis Grotesque Regular runs body at 22 px on 34 px, Medium for class times and prices at 16 px. Never stack the wordmark onto two lines.","The wordmark is always Monument Extended caps on one line, tracked 320 thousandths open and never larger than 34 px, so it reads as a long calm horizontal band rather than a word.","Plain, warm and unhurried. Speaks to one person rather than a crowd. Confident without hype, and honest about what the room actually is.","Calm, attention, generous space, and honesty about the room a client will actually walk into.","No brand guidelines were ever written. The wordmark was drawn by a designer who has since left, and the only surviving file is a small low resolution web export she handed over. There is no master artwork, no color specification and no font list on record, so the freelancer inherits the studio look from this brief and from the room itself."
SB3-029-PHO,Cape Marren - Shoulder-season tourism campaign,Photo & Image,Cape Marren Coast Alliance,"The coast, out of season.","Regional destination marketing, an alliance of independent coastal member businesses","A visitor alliance of twenty two independent member businesses along the Cape Marren coast on the North American Atlantic seaboard. Coordinated by Nell on behalf of the members. Small, member funded, regional in reach.","Cape Marren Coast Alliance markets a stretch of independent coast to shoulder season visitors. Summer sells itself; the work is October to April, when a harbour seafood room, a cider barn, a point light, a bookshop, a bakery and an oyster landing either make a living or do not. The campaign has to feel like that season honestly: warm low sun, weather, wool, wet stone, a lit window at four in the afternoon, quiet compositions with one or two people. Members have to see themselves in it, because members who cannot see themselves do not renew.","Travellers aged 30 to 60, driving from within four hours, mostly couples and pairs of friends rather than families. They spend 200 to 600 dollars per party across a two or three night shoulder season weekend on rooms, meals, cider and a walk.","Mid range and real. Positioned above a peak summer holiday treatment (which would oversell blue water and hard sun) and below a 1,500 dollar luxury coastal weekend (which would go near monochrome and strand the bakery and the cider barn). Editorial rather than promotional, and never promising a season the coast cannot deliver in November.","Honest, Warm, Grounded, Understated, Weathered","Warm October Sun #C8894B
Wet Stone #5B5F5C
Wool Cream #E7DDC9
Deep Harbour #2E3A3C","Anton Regular sets every headline in caps, and the signature is a single Warm October Sun rule of 3 pt locked directly beneath it at the headline's exact width, so the eye catches a heavy block of type sitting on one orange bar. Destination poster 180 pt on 168 pt, member feature 42 pt, carousel page 64 px on 62 px. Atlas Grotesk Regular carries captions, member names and trail numbers at 11 pt in print or 28 px on screen, body 10.5 pt on 15 pt, Medium tabular figures for opening months. Never letterspace Anton.","Every headline is Anton caps sitting on a single Warm October Sun rule of 3 pt locked directly beneath it at the headline's exact width, so the eye catches a heavy block of type resting on one orange bar.","Grounded and truthful. Warm about the place without overselling it, and specific about what a visitor will actually find when they arrive out of season.","Honesty about the season, keeping every member visible, and supporting the independent businesses that fund the alliance.","No written brand guidelines exist. The only brand file on hand is the alliance mark left by the previous agency, supplied as a single vector file with nothing else: no color system, no type list and no usage notes. Members submit their own photographs and object shots, and the campaign look is set by this brief rather than by any existing kit."
SB3-030-PHO,Palewell Health - Licensed care image campaign,Photo & Image,Palewell Health,Care that meets you at home,"Direct to consumer digital health platform with a growing employer benefits channel, sold to members and to the benefits leads who choose on their behalf","Founded 2019 in Portland, Oregon; an eleven person team, clinician led, still owner run","Palewell is a subscription digital health platform for people managing ordinary, everyday conditions from home. Members pay a modest monthly fee for clinician backed guidance, and about half our growth now comes through employer benefits teams who offer us to their staff. We exist so that steady, unglamorous care feels reachable rather than clinical.","Members aged thirty to fifty five who want reassurance without a hospital, plus benefits and HR leads who evaluate us for risk and coverage before putting us in front of their people","Fifteen to forty dollars a month, plus employer plans. Mid market and accessible: above a free wellness app, well below concierge medicine. The read must never feel like a two hundred dollar boutique practice or a supplement funnel.","calm, credible, human, steady, plainspoken, warm","Deep Slate #2C3742
Warm Chalk #F3EEE6
Sage Signal #6E8F7C
Soft Ink #4A5560
Paper White #FBFAF7","Archivo Black, the black weight of Archivo, sets headlines, and the signature is an extreme size jump. The headline never exceeds four words and sits at six times the body, with Inter beginning immediately beneath it, so the first impression is one short heavy line over a wide field of quiet text. Care poster 120 pt on 112 pt, website header 72 px on 76 px, referral panel 48 px. Inter runs body at 18 px on 28 px or 12 pt on 17 pt, Medium tabular figures for the contact block. Never set a clinical claim in Archivo Black.","An extreme size jump: a headline of four words at most in Archivo Black sitting at six times the body size, with Inter beginning immediately beneath it, so one short heavy line reads against a wide field of quiet text.","Plain, warm and unhurried; we speak to a person, not a patient. We avoid hype, superlatives and clinical jargon. Example line the brand would write: ""Manage the everyday stuff with someone in your corner, from home.""","Credibility and warmth held together: real people in real rooms, honest about what we are, calm enough that a benefits lead trusts us with their staff.","There is no formal brand book. What exists is an internal notes file describing the palette in words (a deep slate, a warm chalk, a single muted signal colour), the tone of voice, and what the founders mean by calm. We have never run a photo shoot: every image on the current site came free with the template, and we own exactly one photograph outright, of our clinical lead, cleared for use."
SB3-031-VEC,Cordwain Overland - Identity master graphics,Vector & Print,Cordwain Overland,Made for the long way round,Mid tier overland and hiking apparel label selling graphic tees and hoodies through its own store and four independent outfitters,"Founded 2016 in Bend, Oregon; a small independent label, a handful of people, direct to consumer plus four stockists",Cordwain Overland makes graphic apparel for people who drive the back roads and walk the ridgelines. Our graphics are the reason people buy: customers zoom in on the print detail before they add to cart. Every drop is a small set of designs printed with care on garments meant to be worn hard.,"Buyers aged twenty four to forty who care how a print is made, can tell a discharge print from a thick plastisol slab, and screenshot the print detail before they buy","Tees at thirty four dollars, hoodies at seventy eight. Mid tier: a clear step above a bargain blank, priced on print quality rather than logo. Two or three tight inks with a bit of texture read as the craft they pay for.","rugged, considered, understated, craft led, outdoorsy, honest","Basalt #2A2E2B
Trail Sand #C7B299
Pine Shadow #3E4A3D
Rust Ridge #9C5A38
Bone #EDE7DA","Display is GT America Expanded Bold 700, all caps. The signature move is a two line lock up: CORDWAIN sits directly over OVERLAND, both lines letterspaced until they optically justify to the identical measure, divided by a 2 pt Basalt rule running the full width. A viewer notices the squared block before the mountain. Atlas Grotesk Regular 400 carries running copy, Atlas Typewriter Regular 400 the ink codes. Badge lettering 34 pt, heads 18 pt, body 10 pt on 13.5 pt, specs 8.5 pt, screen headline 44 px on 48 px. Never break the stack onto one line.","The wordmark is always a two line stack, CORDWAIN directly over OVERLAND, both lines letterspaced until they optically justify to the identical measure and split by a 2 pt Basalt rule the full width of the block.","Direct, plainspoken and a little dry; we talk about how a thing is made, not how it will change your life. Example line the brand would write: ""Three tight inks, printed to last the season.""","The print is the product. We would rather run two or three honest inks with real texture than a muddy multi colour job, and we never price the line out of its own customers.","The brand sheet is two pages of internal notes: the palette in words, the placement rules we have always used, our maximum print widths for chest and full back, and a paragraph on what we mean by a tight print. Our old designer worked off site and we never got the layered files; for three of our best selling graphics all that survives is a few flat web exports and two printed samples we photographed on the bench."
SB3-032-VEC,Redecker Machine Works - Restored mark system,Vector & Print,Redecker Machine Works,Formed true since 1919,"Manufacturer of press brakes and metal forming presses, capital equipment sold to procurement engineers and plant managers across North America and northern Europe","Founded 1919 in Sheboygan, Wisconsin; third generation family works, forty one people","Redecker builds press brakes and metal forming presses, from forty thousand to three hundred thousand dollars a machine. The works has carried the same company mark since 1919. Our buyer reads the tolerance sheet before he reads anything we wrote, so everything we put a name on has to say precision.","Procurement engineers and plant managers who buy on specification rather than feeling, across North America and northern Europe","Capital equipment at forty thousand to three hundred thousand dollars per machine. The mark is read as evidence about the machine: the register is flat, mechanical, high contrast and generously spaced, never heritage craft workshop and never consumer tech.","precise, mechanical, durable, understated, trustworthy, industrial","Works Green #33564A
Machine Black #1B1E1D
Plate Steel #8A9091
Cream Board #E8E2D2
Signal White #F6F6F3","Display is Sohne Breit Halbfett. The signature move is extreme tracking: REDECKER always sits in caps at 0.20 em, with a 0.5 pt Plate Steel rule beneath it at exactly the wordmark width and MACHINE WORKS below at half the cap height on the same tracking. The gaps register before the letterforms do. Suisse Int'l Regular 400 sets stationery, Suisse Int'l Mono Regular 400 sets serials. Plate wordmark 14 pt, field labels 7 pt, values 9 pt, A4 body 9.5 pt on 13 pt, screen 32 px on 40 px. Never condense or italicise the mark.","REDECKER is always set in caps tracked open to 0.20 em with a 0.5 pt Plate Steel rule directly beneath it at exactly the wordmark width, so the gaps between letters read before the letterforms do.","Spare, factual and confident; we state the specification and let it stand. No adjectives a tolerance sheet would not carry. Example line the brand would write: ""Built to a hundred years of the same standard, plate by plate.""","Precision as reputation: the mark on a two hundred thousand dollar machine has to be as true as the machine, reversed clean out of the works green, and unmistakably ours.","We no longer hold usable artwork for the company mark in any form. The designer who last touched it retired in the nineties and nothing came back from his files. What survives is a flatbed scan of the 1974 parts catalogue cover, where the mark is printed in one deep ink on cream board, and a photograph a fitter took of the same mark etched into a stainless nameplate on a machine that came back for a rebuild. A works standards text file records the green as the paint shop mixes it, the address block and the required plate wording. Two further company marks also survive only as artefacts: the works proving stamp, held only as a die impression struck into a steel test coupon a fitter photographed, and the 1919 cast heritage device, held only as a raking light photograph of the badge cast and painted into a machine's main frame."
SB3-033-VEC,Apex Rally Club - Motorsport face and livery system,Vector & Print,Apex Rally Club,Chasing the line since 1987,Volunteer run amateur rally club producing hard enamel pins and struck challenge coins for its members and event tent table,Founded 1987 in Vermont; a volunteer run club of two hundred and forty members holding six events a year,"The Apex Rally Club is a volunteer amateur motorsport club in Vermont. Six events a year, and a merch table that pays for the timing gear. The club crest goes back to 1987 and each event badge, the hillclimb, the night stage, the ice trial, the gravel loop and the finale, was drawn over the years by members. This autumn is our first proper collectible run with a mint.","Club members aged roughly twenty to forty five who already own the previous years and buy on continuity with the club's history, plus impulse buyers at the event tent","A two tier line: twelve dollar impulse pins across the tent table and ninety five dollar numbered coins a member inspects in the hand. The register is club rather than corporate: confident and worn in, never novelty and never distressed for effect.","worn in, loyal, handmade, spirited, understated, enduring","Rally Green #2F5D3A
Ash Black #212322
Vintage Ochre #C98A2E
Struck Gold #B7912F
Snow White #F1EFE8","Display is GT Walsheim Bold 700. The signature move is the date: every face carries 1987 alone at six o'clock, set at twice the cap height of the ring lettering above it, so the year reads before the club name. Ring caps run at 0.14 em with a filled lozenge between words. Gotham Book 400 sets spec sheets and cards, Gotham Medium 500 the label capitals. Coin ring lettering 11 pt, the year 22 pt, card titles 16 pt, body 9 pt on 12.5 pt, screen 28 px on 36 px. Never set the crest ring in Gotham.","Every face carries 1987 alone at six o'clock at twice the cap height of the ring lettering above it, so the year is read before the club name.","Warm, understated and proud of the years behind us; we talk about continuity, not hype. Example line the brand would write: ""Same crest we ran in 1987, struck to hold up to the light.""","Continuity with 1987: the ninety five dollar coin is bought on history, so the faces have to read as one club collection rather than six separate files, worn in but never sloppy.","None of the art exists in a form a mint will accept. What we have is six reference sheets, the crest and five event badges, printed at different times on different paper and photographed on a workbench under whatever light was in the garage. A member also sent a photo of the crest as it is embroidered on the club jackets. The mint requirements file gives diameters, the hard enamel colour ceiling, plating options and the rule that the coin's raised metal version must be line only."
SB3-034-VEC,Meridian and Ash - Sticker artwork production masters,Vector & Print,Meridian and Ash,Roasted in the machine shop,"Specialty coffee roaster and cafe selling stickers and merchandise at the till, at farmers markets and to wholesale accounts.","Founded 2016, Portland, Oregon, a converted machine shop with one counter, two market stalls and roughly forty wholesale accounts.","Meridian and Ash roast single origin coffee in a converted machine shop and sell it across their own counter, at two farmers markets and to about forty wholesale accounts. The merchandise table is half the fun: stickers people put on laptops and water bottles because they actually like the mark. The whole point is a range that feels made by hand, not bought by the case.","Cafe regulars twenty to thirty five who buy a sticker at the till without deciding first, and wholesale buyers who hand them out with orders.","Impulse retail, three dollars a single and nine dollars a four pack. Priced to be handed out by the fistful, so the range has to read as abundant rather than precious.","Playful, Generous, Hand made, Warm, Unfussy, Local","Roast Brown #3E2A20
Kraft #C8A97E
Ash Green #5B6B54
Warm Cream #F3E7D3
Brick Red #A8442E
Ink Black #201914","Display is Cirka Bold. The signature move is the ampersand: MERIDIAN and ASH arch on a fixed 40 degree curve, and the ampersand between them is set at 1.6 times their cap height, hanging below the arc into the artwork. At arm's length it is seen first. Brandon Text Regular 400 sets sticker copy, Brandon Text Bold 700 the gang sheet capitals. On a 55 mm sticker the wordmark is 18 pt, supporting line 7 pt, slug labels 6 pt, cap height near 150 px in a 1600 px proof. Never set the ampersand at cap height.","A single oversized ampersand set at 1.6 times the cap height of MERIDIAN and ASH, hanging below the arc of the wordmark into the artwork.","Plain, warm, a little wry, never precious. Example line: Pull one off the sheet, stick it on your laptop, come back for the other three.","Consistency people can trust, so the artwork stops being redrawn slightly differently every batch, and a hand made feel that reads as a real roastery rather than a franchise.","No usable source files exist. The window mark was hand painted on the shop glass in 2018 by a sign painter who never handed over a file. The three current illustrations survive only printed on the coffee bags, and the printer still holds last season's counter card artwork."
SB3-035-VEC,Isla Verde - Monogram and wayfinding pictogram system,Vector & Print,Isla Verde,The quiet coast,Independent upscale coastal resort refreshing its corridor and garden wayfinding and its room signage.,"Family owned, Gulf coast of Florida, a forty two room property with corridors, a garden path and about twenty four rooms and facilities.","Isla Verde is a family owned resort on the Gulf coast where guests come for quiet. Forty two rooms, refinished corridors and a garden that people walk slowly. The signage is being rebuilt this winter so the property reads as calmly as it feels, with the house monogram carried consistently from the door plates to the directional panels.","Independent leisure travellers thirty to fifty five paying for calm, who notice when a place is shouting and value being able to find their way without being told loudly.","Upscale independent, rooms three hundred and eighty to six hundred and fifty a night. Signage should read at that tier: generous clear space, delicate marks, confidence rather than contrast for its own sake.","Quiet, Restrained, Coastal, Considered, Warm, Private","Deep Palm #2C3B34
Warm Stone #D8CFC0
Slate Grey #5A5F60
Mist Grey #A7ABA8
Sand Cream #EFE9DD
Ink Charcoal #2A2A28","Display is Lausanne 300. The signature move is the split plate: a 0.5 pt Slate Grey hairline at exactly one third of the plate width, monogram alone to its left, all wording to its right. That thin vertical is what a guest registers first. Tiempos Text Regular 400 sets panel wording, Tiempos Text Medium 500 the room numerals. On 200 by 75 mm plates set the monogram 26 pt, English line 20 pt, Spanish line 13 pt in Mist Grey, numerals 30 pt tracked 0.04 em; screen wayfinding 20 px on 30 px. Never let type cross the rule.","Every plate is split by a 0.5 pt Slate Grey hairline at exactly one third of its width, with the monogram alone to the left of it and all wording to the right.","Understated, warm, precise. It gives directions without raising its voice. Example line: The spa is along the garden path, second door on the left.","A sense of quiet that guests can navigate, and a written standard so the next person who orders a sign does not invent something new.","No monogram source file survives. The designer moved abroad and nothing was handed back. The only decent record of the mark is a foil stamp on the cover of a brochure printed in 2019. The 2016 sign shop that cut the current door plates has since closed, though its press artwork for the plates is still on file."
SB3-036-VEC,Ridgeway Rovers - Football crest master system,Vector & Print,Ridgeway Rovers FC,"Our club, our colours","Grassroots amateur football club refreshing its playing kit, crest and shirt numbering through one local kit supplier.","Founded 1974, a village near Cirencester in the Cotswolds, with two senior sides, a veterans XI and four junior age groups.","Ridgeway Rovers are a village football club that has worn the same crest since 1974 and drawn their own shirt numbering since the nineties. This season brings the first new shirt since 2019. The club wants its own crest and its own hand drawn numbering back as proper artwork, so any supplier can print it and it still looks like Ridgeway.","Players and parents at twenty eight to forty five dollars a shirt, often buying a child's fourth kit in five years, who want something that looks like a proper club.","Grassroots, twenty eight to forty five dollars a shirt printed by one local supplier. Numbering has to reduce to a single robust cuttable colour for heat press and flock, honest rather than pro tier.","Proud, Homegrown, Down to earth, Loyal, Sturdy, Volunteer run","Claret #6B1F2E
Navy #1E2A44
Shirt White #F4F2ED
Old Gold #C09A3E
Pitch Green #3B5A3A","Every Ridgeway heading is Champion Gothic Heavyweight, a condensed athletic gothic, in caps, optically fitted so the line fills its column edge to edge, with a 2 pt Claret rule locked beneath. That stretched band of heavy caps over a claret rule is the first thing anyone notices, and it repeats on every sheet. Body is Freight Sans Pro Book, a humanist sans, at 9.5 pt on 13 pt, size labels Freight Sans Pro Medium at 7.5 pt, headings 30 pt in print and 44 px on screen. Never set a shirt number or the crest ring in any typeface.","Every sheet is headed by one line of Champion Gothic Heavyweight caps optically fitted to fill the column edge to edge, with a 2 pt Claret rule locked directly beneath it.","Straightforward, warm, club room plain. Example line: Same crest we have worn since 1974, cleaned up so any printer can do it justice.","Keeping what is genuinely theirs, the 1974 crest and the founder's numbering, and reading as a real village club rather than a franchise or a school project.","No artwork survives. The former kit secretary took the crest files when he moved away, leaving only a parent's phone photo of the crest stitched on last season's home shirt. The numbering exists only as two marker on graph paper sheets, an alphabet and a digit set, drawn by a founding member in the nineties and photographed on a kitchen table. Last season's supplier back of shirt sheet is on hand as the format."
SB3-037-VEC,Wharfside Folk Festival - Restored festival identity,Vector & Print,Wharfside Folk Festival,Twenty years on the harbour,Independent three night folk music festival producing a screen printed poster programme and act cards for its twentieth year.,"Founded 2006, on the working harbour at Fairhaven, Maine, a three night festival printed by a two person hand screen shop two streets away.","Wharfside is a three night folk festival on the working harbour at Fairhaven, in its twentieth year. Everything it prints comes off a two person hand screen shop that has printed the festival since the beginning, on a press that runs four inks plus the colour of the paper. The visible, hand pulled look is the festival's signature, and people frame the posters every year.","Festival goers and locals at thirty five to sixty dollar tickets, many of whom already own the last five years of posters and buy the new one as a twenty dollar framed keepsake.","Community festival pricing, tickets thirty five to sixty dollars and posters sold afterwards at twenty dollars. The slightly imperfect hand pulled screen look is the value, not a corner cut.","Handmade, Rooted, Folk, Warm, Community run, Unpolished","Harbour Blue #2F5A6E
Rust Red #B5502F
Hill Ochre #C69A46
Deep Ink #22282B
Kraft Paper #E4D6BC
Quay Teal #3E8C86","Act names are Sentinel Black, a sturdy slab serif, caps at 96 pt, always broken across two lines however short the name, leading pulled to 0.86 of the size so the lines nearly touch, over a 4 pt Rust Red rule. Two locked slabs of black caps on kraft is what carries the room. Supporting bill is Trade Gothic Bold Condensed No. 20 at 34 pt; venue, date and ticket copy is Adobe Caslon Pro Regular at 11 pt on 15 pt, 9 pt on the handbill; shirt art Sentinel Black caps at 40 pt. Never set the wordmark in Sentinel.","Every headline act name is Sentinel Black caps at 96 pt broken across exactly two lines however short the name, leading pulled to 0.86 of the size so the lines nearly touch, over a 4 pt Rust Red rule.","Warm, plainspoken, of the place. Example line: Three nights of folk on the old harbour, twenty years and counting.","Keeping the hand pulled, limited ink look that makes the posters worth framing, and staying continuous with nineteen years already hanging in local kitchens.","The wordmark exists only as white paint on the weathered timber of the harbour shed, photographed from the quay, with no file and none ever made. The approved twentieth year illustration exists as a single flattened scan of a gouache and watercolour painting, no layers. The screen shop's own act card from last year is on file as the format."
SB3-038-VEC,Coble and Vane - One-color mark system,Vector & Print,Coble & Vane,"Salt, iron, cold light.","A two-person coastal distillery making small-batch gin and cask-strength single malt, sold shop-direct and through independent merchants.","Founded 2020, on the Northumberland coast, England. A two-person distillery: [record subject] runs the still, her partner runs everything else.","Coble & Vane is a working distillery on a stretch of the North Sea coast, named for the flat-bottomed fishing boat that once beached below the still house. We release twelve casks a year and nothing we cannot stand behind. The bottle is meant to earn its place on a shelf and in a hand, not to shout across the shop.","Buyers aged 30 to 55 choosing a gift or a considered bottle, and the independent merchant deciding whether the bottle earns its shelf facing. People who read a label closely and reward restraint.","Bottles 55 to 120 dollars: standard gin at 55, cask-strength single malt from 95 to 120. Upper-craft tier, sitting deliberately apart from the twelve-dollar shelf. Value is carried by finish, emboss and wax rather than by loud print.","restrained, weathered, honest, quiet, coastal, considered","Deep Sea Iron #1F2A2E
Oxblood Wax #5A1F1B
Cold Slate #6E7B80
Bleached Rope #D9CFB8
Coble Black #141414","The wordmark is Mercury Display Roman, a sharply cut high contrast serif, caps at 22 pt tracked to 200 units, with a 0.75 pt Oxblood Wax hairline cut to the exact optical width of that line, 1.5 mm beneath it. That wide bar of cold caps over one thin oxblood rule is what a buyer registers before reading a word. Cask number and strength are National 2 Medium tabular lining figures at 14 pt, body is National 2 Regular at 8 pt on 11 pt, legal 6 pt, supplier sheets 9.5 pt. Never track the wordmark below 200 units.",The wordmark is Mercury Display Roman caps tracked to 200 units with a 0.75 pt Oxblood Wax hairline cut to the exact optical width of that letterspaced line sitting 1.5 mm below it.,"Plain, dry, unhurried. Written as instruction, not advertisement. Example line: ""One ink, plenty of air, and nothing shiny. If our own list looks wrong to you, say so before you make it.""","Restraint and honesty. One deep ink, generous clear space, and finishes that carry the value instead of the print. Say plainly what a version can and cannot do.","The house mark was drawn six years ago by an illustrator who has since moved abroad and cannot be reached. It survives only as a full-colour illustration flattened to a single PNG. There are no vector files, no one-ink versions, and no supplier guidance sheet. Every single-colour version a supplier has ever received was improvised from that one file, and no two have matched."
SB3-039-VEC,Halcyon Grid - Production logo family,Vector & Print,Halcyon Grid,Scheduling infrastructure that holds.,"A seed-stage software company selling scheduling infrastructure to logistics operations teams, with a main product and two sub-products.","Founded 2024, Denver, Colorado. Eleven people, six weeks out from their first developer conference.","Halcyon Grid builds scheduling infrastructure for logistics operations teams, sold by the seat to the engineers and operations leads who run the floor. The product is judged on reliability, and the brand is meant to say the same thing the software does: precise, plain, and built to be depended on.","Engineering and operations leads at mid-sized logistics firms, decided by a technical evaluator rather than a brand buyer. An audience that reads fuss as sloppiness and crispness as competence.","Seats 20 to 60 dollars per user per month. Mid-market infrastructure pricing, sold on reliability and evaluation rather than on brand aspiration. The visual language reads as engineering credibility, never as marketing spend.","precise, plain, technical, restrained, dependable, sharp","Grid Indigo #2B2E6B
Signal Violet #6C4BD8
Slate Ink #1C2230
Cool Steel #8A93A6
Paper White #F6F7FA","The wordmark is Gotham Ultra, a geometric sans at its heaviest weight, caps stacked flush left on two lines with leading at 0.82 of cap height so both words lock into one block. It stays small, never above 40 px on screen or 12 pt in print, so weight rather than scale carries it, and that dense black brick is noticed first. Interface and documentation copy is Inter Regular with tabular figures at 10 pt on 14 pt, headings 18 pt, captions 8 pt, screen headline 64 px, names 20 px; grid references use JetBrains Mono Regular. Never letterspace the Ultra.","The wordmark is Gotham Ultra caps stacked flush left on two lines with leading at 0.82 of cap height, held deliberately small so it reads as one dense black brick rather than a large logo.","Direct, unadorned, engineer to engineer. No hype, no gloss. Example line: ""Sharp, plain, restrained. If something in our own list turns out to be a bad idea, tell us before you build it.""","Reliability and restraint. Geometry over decoration, documentation over marketing. Say honestly what the artwork can and cannot do, including the founder's gradient.","The three marks (the main mark and two sub-product marks) were generated by the founder in an AI tool two years ago, on separate nights with different settings. Only the soft-edged raster exports survive, with no source files. They go soft as soon as anyone scales them, and the printer and the app store listing have both said they cannot use them. No production vector artwork exists."
SB3-040-VEC,Evergreen Provisions - Restored crest system,Vector & Print,Evergreen Provisions,Keep the brush in it.,"A vertically integrated cannabis retailer running two dispensary storefronts, launching a short-run counter-sold apparel capsule.","Founded 2019, Bend, Oregon. Two owned dispensary shops, owner-run, with a small counter-retail apparel line.","Evergreen Provisions runs two dispensary shops in Bend, built around six house strain families. Two years ago the owners paid a local sign painter to hand-paint a crest panel for each family onto the shop walls. Customers photograph them constantly and ask where they can buy them, and the first apparel capsule exists to answer that question without losing the hand that made the panels.","Craft-minded dispensary customers aged 25 to 45 who buy at the counter on the strength of the wall panels they already photograph. People who pay for the painted origin, not for a logo.","Tees at 32 dollars, hoodies at 70 dollars, short-run and counter-sold. Elevated streetwear priced above gas-station merch and below a designer drop. The painted texture is the product, so the value sits in the brush surviving, not in gloss or foil.","hand-made, earthy, crafted, unfussy, local, elevated","Aubergine Deep #3B2B3A
Cedar Bark #6B4A2E
Sage Field #7C8A5F
Bone Primer #E7E0D0
Bench Black #1A1714","Capsule titles are Knockout HTF31 Junior Middleweight, a compressed grotesque, in caps at 20 pt tracked 30 units, each carrying its plate number above in the same face at 40 pt on the same left edge, so every spread opens with a large figure over a tight title. That heavy number sitting on a compressed line is the tell. Ink tables and spec copy are Founders Grotesk Regular with tabular lining figures at 9 pt on 12.5 pt, captions Founders Grotesk Medium at 7.5 pt, screen titles 28 px. Never set a painted crest word in Knockout or any other font.","Every capsule title is Knockout HTF31 Junior Middleweight caps at 20 pt carrying its plate number directly above in the same face at 40 pt on the same left edge, so each spread opens with a large figure sitting over a small tight title.","Warm, plain-spoken, shop-floor honest. No luxury posturing and no carnival hype. Example line: ""These are hand painted panels and that is the entire reason anyone wants them. Keep the brush in it, and tell us plainly what came back and what did not.""","Craft and honesty. Keep the painted hand, hold the palette to the inks the decorator already stocks, and say plainly what the paintings can and cannot give a screen.","The six crest panels were hand-painted by a local sign painter who has since moved to Montana and left no sketches or files. The only surviving artwork is a set of bench photographs of the finished panels, shot over two visits under mixed light. There is no vector art and no separation art, which is exactly why the screen printer cannot quote a run."
SB3-041-VEC,Cedar Commons - Farmers market identity restoration,Vector & Print,Cedar Commons Farmers Market,"Fresh, local, every Saturday.","A volunteer-run weekend farmers market in a municipal park, free to the public, funded by daily stall fees.","Founded 2016, in a park in Burlington, Vermont. Volunteer-run, 36 to 44 stalls, open weekends May through October.","Cedar Commons is a neighbourhood farmers market that runs on weekends in a Burlington park, free to walk into and funded entirely by the vendors who pay a daily stall fee. It has outgrown its chalkboards and its bedsheet banner. The signage exists to get families to the right lot, past the entrance and to the stall they are looking for, printed cheaply and well at a local sign shop.","Neighbourhood families and weekend walkers who arrive on foot or park in the wrong lot, plus the vendors and volunteers who run the morning. Read from a moving car and from across a field.","A free public market funded by 25 to 60 dollar daily stall fees, often part-donated. Everything prints on coroplast and vinyl at a local sign shop. Flat inks and heavy type, never a refined tint palette that would be unreadable outdoors and would make a free market look like it is charging.","cheerful, practical, neighbourly, legible, unpretentious, outdoorsy","Meadow Green #3F7D44
Barn Red #B23A2E
Harvest Gold #E0A526
Sign White #FBFAF5
Cedar Ink #23301F","Cedar Commons sets its name in Bodoni Egyptian Bold (700), a flat slab that holds on coroplast at forty feet. The signature move is the stacked wordmark: CEDAR above COMMONS, each line tracked until both measure the same width, the block sitting on a 10 mm Barn Red rule. You see a green double square underlined in red before you read words. Poster name 180 pt, stall trader 96 pt, screen 56 px. Wayfinding is Interstate Bold (700) at 60 pt, listings Interstate Regular (400) 18 pt on 24 pt. Never set the name on one line.","The wordmark is always stacked, CEDAR above COMMONS, both lines tracked until they measure exactly the same width and set on a 10 mm Barn Red rule, so it reads as a green double square underlined in red before it reads as words.","Warm, plain and welcoming, like a volunteer at the gate. Example line: ""Cheerful, legible from a distance, few colours, and it lives outdoors in the rain. Not precious. Tell us what our mark can and cannot do.""","Community and thrift. Recover the real mark rather than replace it, keep the set to a few flat inks that print cheaply, and tell the committee what the mark can and cannot do before they pay for plates.","The market mark was drawn nine years ago by a volunteer's cousin, who is not reachable, and screen-printed onto aprons and tote bags. No file of any kind was ever kept. The best surviving copy is a photograph of one apron folded on a picnic table. There is no vector art, so the mark has to be recovered from that photograph rather than redrawn."
SB3-042-VEC,Static Union - Manufacturing artwork system,Vector & Print,Static Union,"Two drops a year, made to be worn out","Independent streetwear label making garments and, from this autumn, small goods (pins, patches, stickers) for a young direct and wholesale audience.","Founded 2016, Portland, Oregon. An eight person independent label run out of one studio.","Static Union is a small Portland label that puts out two considered drops a year and sells them direct and through roughly forty specialist stockists. The marks came out of the founder's own hand and the early tee runs, and they have been carried on garments for two seasons. Autumn is the first move into small goods, so the same marks now have to survive being made rather than printed.","Buyers roughly 17 to 30 who follow small labels, shop drops rather than seasons, and buy direct or from specialist streetwear stockists. They notice when a pack does not match.","Accessible independent streetwear. Stickers at 4 dollars, pins at 14, patches at 18, wholesale to about forty stockists. Priced to be cheap enough to collect and good enough to keep, never luxury.","understated, durable, self-made, unfussy, loyal, graphic","Union Black #141414
Bone #EDE7DA
Bolt Red #C0392B
Rail Gold #C79A3B
Slate #4A5560","Static Union sets all display in Caslon Doric Condensed Black (900), caps, tracked minus 12 units so the counters nearly close. The signature move is the knock through: a Bone bar three quarters of a cap height thick crosses the middle of the wordmark, cutting every letter, so the name reads as a struck block before it reads as words. Body is Basis Grotesque Regular (400) 9.5 pt on 13 pt, part codes in Basis Grotesque Mono Regular (400) 8 pt, tabular. Hangtag 42 pt, section heads 30 pt, patch 14 pt, screen 34 px. Never artificially condense the display.","A Bone bar three quarters of a cap height thick runs straight through the middle of the wordmark, cutting every letter, so the name reads as a struck solid block before it reads as words.","Direct, plain, a little dry, talking to its own buyers rather than advertising. A line the brand would write: ""Autumn small goods. Twelve pieces, made to last, gone when they are gone.""",Make a small number of things properly and stand behind the drop. A pack that does not match is not a pack.,"There is no proper brand kit. The four marks that matter survive only as whatever files people happened to send back over three years: two came from a printer, one exists only as a photograph of a woven cap label because the file is gone, and one came out of an old tee artwork folder. They look fine on screen and have been used for two years, but there are no editable masters."
SB3-043-VEC,Maison Serault - Wordmark and monogram master set,Vector & Print,Maison Serault,"Worn for years, not seasons",Independent European fine jewelry house making and selling pieces through its own boutique and a small number of stockists.,"An independent European house run by its founder, selling from one boutique plus a handful of stockists.","Maison Serault is a small fine jewelry house built around its founder's own hand. Pieces are made and sold through the boutique and a few trusted stockists, and everything leaves in packaging people keep. The house is changing box suppliers, and the new supplier needs proper artwork before it will quote.","Buyers roughly 30 to 55 purchasing as a gift or for themselves, plus a small number of stockists. They value discretion and craft over logos.","Fine jewelry from 600 to 4,000 dollars. Positioned as an independent house: hairline refinement, high contrast, a small mark on a large quiet field, never mass market and never loud.","understated, precise, deliberate, warm, unadorned, enduring","Serault Ink #1B2A2E
Warm Brass #B08D4C
Card Cream #EFE9DC
Boutique Charcoal #2A2724
Soft Stone #C9BEA8","Maison Serault is set in Marian 1800 Regular (400), a hairline Didone skeleton with no weight range at all, caps tracked 0.30 em. The signature move is the constant hairline: the identical 0.4 pt stroke whether the name runs 14 pt on a packaging label or 96 pt on the boutique window, the wordmark holding exactly one third of the sheet width, centred in empty field. It reads as an engraved line before it reads as type. Graphik Regular (400) carries body at 9.5 pt on 14 pt, care copy 6.5 pt on 9 pt. Never embolden or outline Marian.","One unvarying 0.4 pt hairline at every size, from a 14 pt packaging label to a 96 pt window, caps tracked 0.30 em and holding exactly one third of the sheet width in otherwise empty field.","Spare, assured, unhurried. A line the house would write: ""Each piece is finished by hand and meant to outlive its first wearer.""","Discretion and permanence. A decision made about the mark now sits on packaging for the next ten years, so it has to be right.","The working files are gone. The wordmark survives only as one flat export from 2019 whose source files were never sent, a phone photograph of brushed brass letters on the boutique wall, and a daylight photograph of the monogram foil blocked on an old card. The three disagree about the house colour, and there is no vector master of either mark."
SB3-044-VEC,Ironway Run Club - Numbering and club mark system,Vector & Print,Ironway Run Club,Legible beats clever,"Volunteer run community road running club with its own spring race, printing kit and race bibs for its members.","Founded 1994 by Del in Providence, Rhode Island. A volunteer run club with roughly thirty eight members on the books.","Ironway Run Club is a volunteer community running club in Providence with about thirty eight members. Its identity is the numbering the founder drew by hand in 1994, which the members treat as the club itself, and a screen printed club mark that survives on an old singlet. Each spring the kit goes to the heat transfer shop and every member runs the club's own Founders Five race with a bib.","Members aged roughly 22 to 68, half of whom pin a bib on in the dark before a wet April race. Volunteers, not customers.","A forty dollar per season volunteer club with no sponsor. Everything printed must be cheap at volume and survive weather: one colour throughout, nothing that adds a plate or a pass, and nothing that looks like a paid entry event.","plain, hardy, communal, hand-made, practical, unpretentious","Rail Navy #1F2A44
Bib White #F4F2EC
Marshal Orange #D46A1E
Iron Grey #5B5F63","Ironway sets the club name and race titles in Antwerp Bold (700) caps, a roughly cut revival whose edges answer Del's inked hand. The signature move is the size jump: the hand drawn race numeral at 120 pt with the club name at 14 pt above it, near nine to one, so a bib reads as one huge numeral wearing a small hard label. Italic is reserved for the race year and nothing else. Member names Benton Sans Bold (700) 24 pt, details Benton Sans Regular (400) 10 pt on 13 pt, one ink throughout. Never set a race number in Antwerp.","A nine to one size jump on every bib, the hand drawn race numeral at 120 pt sitting under a 14 pt Antwerp Bold club name, with italic reserved for the race year and nothing else.","Friendly, plain, volunteer to volunteer. A line the club would write: ""Founders Five is on. Pin your bib, mind the puddles, we will see you at the line.""","The founder's hand is the club, so it is kept faithfully. Legible beats clever, and every member gets the same thing for their forty dollars.","No digital brand files exist. The numbering survives only as a phone photograph of the founder's original ink sheet on drafting paper, and the club mark only as a photograph of it screen printed on an old singlet. Nobody knows who made the mark and there is no file of either. Last year's bib survives as the printer's returned press PDF."
SB3-045-VEC,Marchfield Exchange - Crest and engraving geometry system,Vector & Print,The Marchfield Exchange,A building worth the address,"A listed 1911 commercial building, managed by a property agent, let as office suites to professional firms, with a heritage sign programme.","Building completed 1911 in Portland, Maine. Fourteen lettable suites, overseen by a managing agent and a building board.","The Marchfield Exchange is a listed 1911 commercial building let to law, architecture and accountancy firms. The building itself, its stone entrance and brass fittings, is the reason tenants take space here. Its house crest is original to 1911, and the sign programme is being rebuilt as one coherent system that respects the building's character.","Professional firms choosing a building with a stone entrance and brass fittings, and a building board approving the spend. Tenants who read signage as a signal of how the building is kept.","A listed heritage building letting at 45 to 75 dollars per square foot. The programme is engraved brass and stone appropriate metalwork, deep margins and generous clear space. Anything that would look at home on a retail park reads as neglect at this rent.","traditional, dignified, quiet, authoritative, generous, considered","Marchfield Brass #A9863F
Limestone #D8CFBE
Slate Ink #2C3439
Oxblood #5E2A2A
Facade Grey #7C7468","The Marchfield Exchange is set in Scotch Modern Display Roman (400), caps, letterspaced 0.16 em, period correct to 1911. The signature move is the dated axis: crest, then name, then MCMXI in Scotch Modern oldstyle figures at one quarter the name's cap height, all three centred on one vertical line and the date never dropped. That small date beneath wide engraved caps is what a tenant recognises. Entrance plaque 96 pt, suite plate 14 pt, directory names in Scotch Modern Roman (400) small caps 28 pt on 40 pt, suite numbers Sackers Gothic Medium 30 pt. Never bold a tenant name.","The crest, the building name and MCMXI in oldstyle figures at one quarter the cap height always stack on a single vertical axis, and the date is never dropped.","Formal, measured, understated. A line the agent would write: ""The Marchfield Exchange. Established 1911. Professional suites in the heart of the city.""","The building's history is the asset, so the crest is recovered rather than reinvented, and the programme is kept editable so the agent can update a tenant name without a designer.","No drawing, plate or digital file of the crest exists, and the original architect's practice closed in 1961. The crest survives in exactly two places: engraved on the weathered brass entry plaque, photographed on the wall, and printed on a 1950s tenant letterhead, scanned. The suite plates survive only as the 2019 sign shop's single press PDF."
SB3-046-LAY,Kantyna Nova - Private dining menu and campaign system,Layout & Data,Kantyna Nova,One seating. One menu. One evening.,"An eighteen seat chef's tasting room with a private dining side, one seating a night, in Portland, Maine.","Opening November 2026, Portland, Maine. A two person house: Marta runs the room, the chef cooks, and there will not be a third.","Kantyna Nova is a single table set once a night: one tasting, one wine flight, cooked and served by the two people who built it. The room is dark and quiet by design, so the plate is the only thing lit. Nothing is rushed, nothing is upsold, and the evening is the point rather than the meal.","Guests thirty to fifty five who book the room as their occasion, not their dinner. They value intention over abundance and read a dark, spare room as confidence rather than as coldness.","One hundred and eighty five dollars for the tasting, ninety five more for the wine pairing. Held back and expensive without raising its voice: above a neighbourhood bistro, deliberately short of a destination tasting palace an eighteen seat opening cannot fill. Price is never a feature.","restrained, quiet, assured, warm, precise, unhurried","Cellar Black #14110F
Warm Bone #E9E2D4
Aged Brass #A6875A
Deep Claret #5A2233
Ash Stone #7C7468","EB Garamond Regular 400 sets display, always in true small caps. What a viewer notices first is the brass hairline: one small caps line tracked 120 units, six points above a 0.5 pt Aged Brass rule running the full measure, italic reserved for the wine alone. Neue Frutiger Book 450 carries descriptions and hours. Course title 16 pt, description 9.5 pt on 14 pt leading, price 9.5 pt in EB Garamond old style figures, inline. Deck heading 40 pt, body 14 pt. Guest name 26 pt, dish 13 pt. Never set a price in lining figures or its own column.","Every surface opens with a single line of EB Garamond true small caps tracked 120 units sitting six points above a 0.5 pt Aged Brass hairline rule that runs the full measure, with italic reserved for the wine alone.","First person plural, plain and understated, never salesy. Example line the brand would write: 'One seating a night. Sit down and let the evening happen.'","Two makers, one honest evening. Restraint as generosity, and food worth looking at.","No formal brand kit exists yet. The course titles and the approved copy are set, there is a single handheld photograph of the finished room, and the owners photographed every plate themselves in the room during service. The private dining printer holds the pairing card press file. The identity is being set now for the first time."
SB3-047-LAY,Corner and Cure - Cold-case label system,Layout & Data,Corner & Cure,Sandwiches worth leaving the block for.,"A fast casual neighbourhood deli counter with a cold case and a marketplace storefront, on a corner in Brooklyn, New York.","Brooklyn, New York; canonical context for the repeat-client series.","Corner & Cure is the repeat client for this benchmark series. The canonical client context is Brooklyn, New York, and this commission covers phase 2: counter refit, cold-case labels and signage.","Walk up trade, mostly twenty to forty five, three visits a week, deciding in about eight seconds at the counter or six on a phone. They want appetite and honesty, not polish.","Twelve to sixteen dollars for a sandwich or a bowl. Impulse priced but not cheap: the price is the offer and sits large and proud, while the whole shop works to look like a place that is worth it rather than a bargain or a franchise.","warm, loud, gritty, neighbourly, honest, unfussy","Deli Red #B4382C
Counter Mustard #D9A536
Butcher Cream #F2E7CE
Slate Char #2A2622
Pickle Green #4E6B3A","Vollkorn Black 900 sets item names and prices in caps, its heavy bracketed serifs answering the painted board over the slicer. What you see first is the price: no dollar sign anywhere, set in Vollkorn Black under the item name at two and a half times its size, so 84 px name over 210 px price on a 1200 px tile, 14 pt over 36 pt on a 90 mm label. The ampersand is the only italic in the system. Benton Sans Regular sets allergens 6.5 pt on 9 pt leading, hours and loyalty rules 8 pt. Never set an allergen line in Vollkorn.","The price carries no dollar sign and is set in Vollkorn Black directly beneath the item name at two and a half times its size, so the number is always the loudest thing on the surface.","Plainspoken, neighbourhood, a little brash and generous. Example line the brand would write: 'Pulled together, piled high, see you at the counter.'","A family corner shop, second generation. Real food for regulars, made with the hand of a place, not a chain.","There is no digital version of the sign: the name survives only as a board hand painted by a sign painter twenty years ago and screwed to the wall over the slicer. Everything else was shot on the owner's phone over the counter. A two page written note holds the voice, hours, loyalty rules and section names, and the label printer holds a press file."
SB3-048-LAY,Lumora Laboratories - Retail launch and paid social system,Layout & Data,Lumora Laboratories,A laboratory with taste.,"Clinical dermo-cosmetic actives, direct to consumer plus a specialty chain counter rollout, based in Los Angeles, California.","Los Angeles, California; canonical context for the repeat-client series.","Lumora Laboratories is the repeat client for this benchmark series. The canonical client context is Los Angeles, California, and this commission covers phase 2: skincare counter launch for the parent range.","Women twenty eight to forty five, ingredient literate, who read the INCI list before the claim and treat whitespace and evidence as signs of seriousness.","Forty six to eighty dollars per SKU. Premium but not luxurious: near monochrome grounds, evidence led hierarchy, and a price that sits quietly beside the specification. Deliberately clear of both the fourteen dollar mass aisle and the two hundred and fifty dollar luxury counter, either of which would misread the clinical claim.","clinical, precise, credible, restrained, modern, trustworthy","Lab Ink #1C2530
Clean White #F7F8F8
Slate Grey #5B6670
Mineral Mist #DCE2E4
Clinical Blue #3E6E8E","Spectral Medium 500 sets the wordmark and product names, a low contrast serif that reads as instrument, not ornament. What you see first is a number larger than the product's own name: the active concentration in Spectral Medium at exactly twice the product name, hung flush left so the percent sign falls into the margin, over a 1 px Clinical Blue rule the column's width. IBM Plex Sans Regular carries claims and INCI, IBM Plex Mono Regular every figure. Product name 56 px, concentration 112 px, claim 32 px, INCI 16 px on 24 px leading, counter card name 28 pt. Never let a product name outsize its concentration.","The active concentration is always the largest element on the surface, set in Spectral Medium at exactly twice the product name, hung flush left so the percent sign falls into the margin above a 1 px Clinical Blue rule.","Precise and evidence first, no hyperbole. Example line the brand would write: 'Formulated around actives, at concentrations we publish.'","Clinical credibility earned through disclosure. Actives and concentrations named, nothing oversold.","The wordmark is approved but exists only as a flat web scale PNG of the letterforms in one deep ink on white, exported by the founders' first designer, with no vector source on hand. The six products were photographed in house on a pale sweep across two sessions. The regulatory cleared INCI lines and claims are fixed and cannot be edited, and the specialty chain has supplied its approved counter card press file."
SB3-049-LAY,Northgrove - Wholesale lookbook and hang-tag system,Layout & Data,NORTHGROVE,Cut and sewn to outlast the season.,"Heritage workwear with cast metal hardware, wholesale to independent stockists plus direct sale, made in Burlington, Vermont.","Burlington, Vermont; canonical context for the repeat-client series.","NORTHGROVE is the repeat client for this benchmark series. The canonical client context is Burlington, Vermont, and this commission covers phase 2: wholesale lookbook, hang tags and launch collateral.","Buyers and wearers twenty eight to forty five who value provenance and construction over logos, and who read fabric and make before they read a brand mark.","Seventy four to one hundred twenty eight dollars per piece, mid premium wholesale and direct. Muted grounds, full frame photography that shows cloth and seam, and copy that leads on material and make. Deliberately clear of both the twenty four dollar fast fashion grid and the price free editorial luxury a buyer cannot work from.","heritage, honest, grounded, considered, local, durable","Charcoal #33352F
Workshop Olive #5E6844
Oat Cotton #D8CDB6
Forge Rust #9A5A38
Cast Pewter #8C8A85","NORTHGROVE is set in Literata Bold 700 caps, a sturdy wedge serif that reads like stamped hardware. The move is span: the wordmark is letterspaced to fill the exact measure of whatever carries it, roughly 180 units on a 38 mm hang tag, 420 on a lookbook page, so tracking changes and width never does. You notice a name stretched wall to wall. Look title 30 pt, section head 18 pt, tag style name 11 pt. Freight Sans Pro Book sets fabric notes 9.5 pt on 14 pt leading, 7.5 pt on the tag, Medium the linesheet grid in tabular figures at 8.5 pt. Never set the wordmark at default tracking.","The wordmark is always letterspaced to fill the exact measure of whatever carries it, so the tracking changes from piece to piece but the name spans edge to edge every time.","Understated and maker focused, provenance before promotion. Example line the brand would write: 'Ten pieces, cut and sewn in Burlington, meant to be worn hard.'","Locally made, built to last. Provenance and construction over logos, and partnerships that stay neighbourly.","The NORTHGROVE wordmark and olive leaf glyph are set. The whole capsule was shot flat, overhead, on a mid gray backdrop across two mornings, with the cast hardware shot separately on the bench. The collaborating club has no artwork left: its crest survives only as a photograph of an old wool pennant on a wall. Last season's hang tag exists as the printer's press file, same size and stock this year."
SB3-050-LAY,Maison Valcere - Brand story deck and campaign document,Layout & Data,Maison Valcere,One object at a time.,"Independent fine-jewellery house, made to order and sold by appointment, with a small stockist channel.","Founded 2014, in a room above a bookshop in Montreal, Quebec. Four people, one bench.","Maison Valcere is a four-person high-jewellery house working to order for marriages and milestones. Twenty two references sit in the current book, most cut and set in-house and shown by appointment above the shop. The house sells quiet, considered pieces to clients who return once a decade, not once a season.","Clients aged 35 to 60 buying for a marriage or a milestone, plus a short list of premium stockists. Considered, appointment-led buyers who research before they visit and expect the metal, stone and carat answered without asking.","Pieces run 900 to 6,500 dollars, positioned as appointment fine jewellery well above a mall counter and just below the named international maisons. Price is shown discreetly or not at all; the room and the book carry the value.","quiet, exacting, unhurried, neoclassical, discreet, assured","House Black #0B0B0D
Bench Ivory #F4F1EA
Signature White #FFFFFF
Fine Grey #8A8A8F
Warm Gold #C6A15B","Cormorant Garamond Light 300 sets display, its hairlines and sharp serifs answering the swing tag. The signature move is the stack: MAISON over VALCÈRE, caps tracked 160 units, the lower line letterspaced to the exact width of the upper so the two lock into one hairline block, grave accent intact, never on one line. A viewer registers that block before reading a word. Display 44 pt in the deck, 96 pt on the A2 poster, 64 px on the feed ad. Apercu Regular sets specifications 11 pt on 16 pt leading, 22 px on screen, and carries every figure, carat, reference and millimetre. Never set display heavier than Light.","The house name always stacks on two lines, MAISON over VALCÈRE, in Cormorant Garamond Light caps tracked 160 units with the second line letterspaced to the exact width of the first so the pair locks into one hairline block.","Plain, precise, never salesy. States materials and provenance and stops. Example line: ""Eighteen karat white gold, set with a single old-cut stone, made to your hand.""","One object per canvas, honest materials, and a mark that reads as ours at every size. Restraint is the house, not decoration.","The original wordmark artwork left with the designer who set it a decade ago. The only surviving version is a photograph of an old printed swing tag, so the mark has to be recovered from that before it can be used again. No usable logo files, colour references or type spec survive; these guidelines are being reconstructed this season."
SB3-051-LAY,Nordheim Atelier - Showroom line-card system,Layout & Data,Nordheim Atelier,Cloth first.,"Independent designer atelier producing a small autumn winter ready-to-wear collection, sold to press and to a wholesale buyer list.","Founded 2019, a small atelier in Copenhagen, Denmark. A handful of people, twelve looks a season.","Nordheim Atelier is a designer-led studio in Copenhagen making a tight seasonal collection in wool, shearling and gabardine. FW26 is twelve looks, sold to press and to roughly thirty independent stores. The house builds one editorial look each season and carries it across everything a buyer and an editor see.","Fashion press and independent-store buyers aged 30 to 55. Readers who value cloth and construction over gloss, and who judge a collection on whether the range holds together.","Garments run 600 to 2,400 dollars, positioned as couture-adjacent designer ready-to-wear. Prices live only on the linesheet where buyers expect them; the collateral never discounts or shouts, since a sale treatment would strip the perceived value in a single spread.","restrained, editorial, documentary, material, rigorous, quiet","Ink #111112
Paper #EDEBE6
Cool Grey #6E7075
Halftone Grey #B9B7B2
Bone #DAD5CC","Bitter ExtraBold, an Egyptian slab, sets wordmark and season titles. The signature move is the double rule: NORDHEIM in caps tracked plus 40 units, pinned between two 0.4 pt hairlines set 3 mm apart, with ATELIER floating between them in tracked sans caps. The two rules register before the letterforms. Season titles 34 pt, look names 20 pt, lookbook headings 44 px on 48 px. Soehne Buch 400 carries fabric notes at 8.5 pt on 12.5 pt, captions 7.5 pt in Cool Grey. Prices take Bitter Medium oldstyle figures at 11 pt. Never collapse the two rules into one.","The wordmark is always pinned between two 0.4 pt hairline rules set 3 mm apart, with ATELIER floating in the band between them, so the double rule reads before the letterforms do.","Spare and factual, closer to an investigative magazine than a catalogue. Names the fabric and the maker and leaves the rest. Example line: ""Undyed Gotland wool, cut on the straight, made in Copenhagen.""","One collection, not twelve pictures. The cloth is the argument, grayscale and printed texture serve it, and the range must read as one hand.","The wordmark exists in only one place: a single letterpress card from the first season, photographed. The original artwork is gone. The mark is a compound lockup (wordmark, a hairline rule, and ATELIER in small caps) and has to be recovered whole from that photograph. No live logo files or type spec survive."
SB3-052-LAY,Harbor Crest Realty - Open-house card campaign,Layout & Data,Harbor Crest Realty,Your first move up.,Residential real estate brokerage listing family homes across a suburban county.,"Founded 2011, in Rosewood, Calderon County. A nine-agent brokerage listing around forty homes a season.","Harbor Crest Realty is a nine-person residential brokerage in Rosewood, listing suburban family homes for owners and guiding first move-up buyers through them. The firm runs a steady volume of listings a year and wants one repeatable kit that makes every listing look like it came from the same firm.","Move-up buyers aged 30 to 45 making their first step up from a starter home, scrolling listings on a phone. Also the sellers who list with the firm and the six agents who work open houses.","Homes centre on the mid-market, with 14 Marlowe Crescent at 625,000 dollars and a 2.5 percent listing side. Positioned as sophisticated but approachable, not luxury and not discount: warm, legible, honest, with real facts and real room sizes shown plainly.","warm, straightforward, local, trustworthy, approachable, practical","Harbor Navy #1F3A5F
Crest Slate #4A5A6A
Warm Sand #E8DFCF
Paper White #FBFAF7
Signal Copper #C07A3E","Sanchez Bold, a Clarendon slab with softened serifs, sets the address headline at 22 pt, 40 px on 46 px online, and the agent name at 14 pt. The signature move is the copper underscored price: Sanchez Bold tabular lining figures in Harbor Navy at 54 pt, three times the address, resting on a 2 pt Signal Copper rule spanning the full measure. That large navy number over one copper line is what a buyer sees first. Source Sans 3 Regular sets room facts at 9.5 pt on 13.5 pt, contact line 8.5 pt. Never set an address in capitals.",Every card carries the price as one oversized navy line of tabular lining figures resting directly on a 2 pt Signal Copper rule that spans the full measure.,"Plain, welcoming, benefit-led without hype. Speaks like a neighbour who knows the street. Example line: ""Four bedrooms, a garden that backs onto the ravine, and an open house this Sunday.""","Consistency across every listing, honesty in the photography, and collateral the brokerage can rebuild itself for the next home. The agent relationship is the product.","The firm is not rebranding. A current sign and business card are already in the field and are supplied as the basis, so the new kit must match what is out there rather than replace it. The open house card artwork is held by the printer as a press PDF; there is no central brand file beyond the sign and card reference."
SB3-053-LAY,Verranza Coastal Retreats - In-villa seasonal collateral,Layout & Data,Verranza Coastal Retreats,"The whole house, the whole coast.",Boutique luxury vacation-rental collection managing whole-property villas on the southern French coast.,"Liguria, Italy; canonical context for the repeat-client series.","Verranza Coastal Retreats is the repeat client for this benchmark series. The canonical client context is Liguria, Italy, and this commission covers phase 2: booking collateral and in-villa season cards.","Guests aged 40 to 65 booking a whole villa for a birthday, an anniversary or a multi-generation gathering, plus the travel agencies and private clients who book on their behalf. They have stayed in the real houses and will recognise anything that is not true.","Villas run 1,800 to 4,200 dollars a night depending on season, positioned against boutique hotels rather than other rentals. The grammar is generous space and quiet architecture, with rates carried in a discreet table rather than announced, so the collection never reads as an aggregator listing.","quiet, warm, believable, generous, unhurried, assured","Verranza Stone #D8C9B4
Deep Olive #4E5A43
Coast Blue #6E8CA0
Warm Charcoal #33302B
Linen #F3EEE4","Aleo Light, a semi rounded slab, sets villa names at 28 pt in caps tracked plus 120 units, 46 px on 56 px online. The signature move is the fixed short bar: a Coast Blue rule exactly 24 mm long and 3 pt deep, always centred, always under the villa name, never anything else. That bar in white space registers first. Freight Sans Pro Book sets amenity copy at 9.5 pt on 14 pt, rate conditions 7.5 pt Warm Charcoal, Medium tabular figures 9 pt for the rate ladder. Never set a rate larger than the villa name.","A Coast Blue bar exactly 24 mm long and 3 pt deep sits centred under the villa name and under nothing else, the one fixed measure in an otherwise airy page.","Calm, warm, understated. Describes what the house actually is at that hour, never oversells. Example line: ""Warm stone, a long terrace, and the pool in real afternoon light.""","Believable before impressive. One collection, not three holidays. Natural light, real shadow, honest water, and no fake high dynamic range or dyed pools.","The collection has a printed in-villa season card whose artwork is held by its printer as a press PDF, and a written owner note recording what the previous editor got wrong. There is no lost wordmark here; the constraint is photographic consistency across three villas shot on two trips by two people, with the second batch already worked on by an editor no longer used. The collection's one graphic mark is a small hand inked cove motif an artist drew for the founders, which survives only as a flatbed scan of the original inking and as the mark etched on Maison Aubine's door glass; it has never been redrawn or digitised, and the foil printer and the glass etcher need it as vector artwork. The contractual welcome provision left in every house exists only as a short still life set the manager shot on a villa's limestone counter."
SB3-054-LAY,Nimbadesk - B2B sell-sheet system,Layout & Data,Nimbadesk,"Support desk, minus the drama.",B2B help desk software sold per seat to IT and operations leads at fifty to five hundred person firms.,"Founded 2024, Denver, Colorado, an eleven person team fourteen months into private beta.","Nimbadesk is help desk software for the internal IT and operations teams that keep mid sized companies running. We replace the tangle of shared inboxes and half configured legacy tools with one queue, clear ownership and reporting a director can actually read. We sell to the person who has to defend the line item, so everything we show is real: real screens, real numbers, real periods.","IT and operations leads aged thirty to fifty at fifty to five hundred person firms who sign annual contracts and route the invoice past a finance director. They evaluate carefully, compare tiers before reading copy, and distrust hype.","Per seat tiers at 29, 79 and 249 dollars, with enterprise annual near 18,000. Mid market: above the free consumer tools, well below the enterprise suites, priced to be defended rather than impulse bought.","confident, evidence led, restrained, credible, plainspoken","Nimbus Ink #16233A
Signal Blue #2E6BE6
Slate #5B6B82
Mist #EEF2F8
Paper #FFFFFF
Verify Green #1FA971","Zilla Slab Bold, an engineered slab, sets sell sheet headlines at 28 pt and launch headlines at 72 px on 78 px. The signature move is the slab figure over its mono period: every number is Zilla Slab Bold at 64 pt with its measurement window in IBM Plex Mono Medium at 9 pt flush left beneath, so no figure stands alone. Readers see the heavy number and its mono line first. Inter Regular sets body 10 pt on 14.5 pt, 18 px on 28 px, footnotes 7.5 pt in Slate. Never publish a figure without that mono line.","Every published number is a heavy slab figure with its measurement period set in mono directly beneath it, flush left, so a figure never appears on its own.","Direct, specific, understated. Numbers carry the argument and every claim states its period. Example line the brand would write: ""Thirty one teams moved their queue to Nimbadesk this year. Here is what changed, and over what window.""","Evidence over theatre, and software a finance director would sign off without flinching.","No source files exist. The mark was generated by our first designer with an AI tool and delivered only as a flat picture, which is the single copy anywhere. There is no vector, no guideline document and no defined weight. Screenshots were captured ad hoc across the year at whatever scale the display was set to."
SB3-055-LAY,Alderwood Scholars Fund - Multi-center appeal campaign,Layout & Data,Alderwood Scholars Fund,Twenty years of after school.,An education charity running five after school learning centres and a small scholarship fund across greater Providence.,"Founded 2006, greater Providence, Rhode Island, four staff, a volunteer board and five centres.","Alderwood Scholars Fund runs five after school learning centres and a scholarship fund for students across greater Providence. This winter marks our twentieth year. The year end appeal carries roughly half our giving, and it works because donors trust that the money reaches the students rather than the overhead. We show our numbers plainly, name where every dollar went, and let the work speak.","Mission motivated donors aged forty five to seventy who give because they believe in the work. Several read the overhead ratio before the narrative and reward organisations that look like they spend on students, not on production.","Average gift 45 dollars, major asks 5,000 to 50,000. Community scale and grassroots: careful and credible rather than glossy, every visible dollar of production reading as an in house afternoon rather than an agency retainer.","careful, plainspoken, trustworthy, warm, unshowy","Evergreen #1E4034
Lamplight Gold #C8922E
Brick #9A4B34
Warm Stone #EDE6D8
Ink #2A2723
Cream #FBF7EF","Arvo Bold, a blunt slab, sets banner headlines at 96 px on 104 px and appeal headings at 24 pt. The signature move is the oversized opening numeral: every headline opens with its figure at 2.5 times the cap height of the words beside it, baseline aligned in Evergreen, so the number lands first. Twenty years reads as a 140 px numeral. Source Sans 3 Regular sets body 28 px on 38 px, captions 20 px, the donation line 34 px in Lamplight Gold, and 26 px tabular figures for the spend table. Never set a dollar figure in italic.","Every headline opens with its figure set in Arvo Bold at two and a half times the cap height of the words beside it, baseline aligned in Evergreen, so the number lands before the sentence.","Plain, specific, quietly proud. It credits students and staff, states periods on every figure, and never begs. Example line the brand would write: ""Last year, ninety students finished the programme. Here is where your gift went, line by line.""","Money goes to students, and the books reconcile in public.","The crest was drawn by a trustee in 2006 and the artwork files are long gone. The only surviving version is the enamel crest on the front wall of the Eastgate centre, which we have as a single handheld photograph. There is no vector, no guideline sheet and no recorded palette or type."
SB3-056-LAY,Lanternwood Folk Fest - Performer credential system,Layout & Data,Lanternwood Folk Fest,"Three stages, one field, after dark.","An independent three stage folk and roots music festival held on a farm outside Burlington, sixth edition.","outside Burlington, Vermont; canonical context for the repeat-client series.","Lanternwood Folk Fest is the repeat client for this benchmark series. The canonical client context is outside Burlington, Vermont, and this commission covers phase 1: performer passes and on-sale campaign.","A discovery led crowd aged eighteen to forty, scene literate rather than corporate, who buy on atmosphere and word of mouth and expect the field weekend to feel real rather than packaged.","Weekend general admission 145 dollars, VIP 320, roughly four thousand weekend tickets. Mid tier independent: energetic and coherent, a credible VIP tier without tipping into either luxury restraint or bargain flyer chaos.","energetic, warm, handmade, scene literate, unpretentious","Night Field #1B2A2E
Lantern Amber #E8A13A
Ember Red #C24634
Meadow #6E8B5B
Bone #F2EAD9
Dusk Ink #12181B","Display is Syne Extra. The signature move is force justification: the festival name and every performer name are tracked out until the line spans the full trim width, so what you see first is type jammed against both edges, sitting on a 3 pt Ember Red rule. Public Sans Regular sets roles, access areas and body. Roboto Mono Regular sets credential numbers and set times. Credential: name 30 pt, role 13 pt, access 10 pt, body 8.5 pt on 12 pt leading, numbers 9 pt. Poster name 240 px. Never let a performer name wrap to a second line.","Every performer name and the festival name is force justified, tracked out until the single line touches both trim edges of the card, sitting on a 3 pt Ember Red rule.","Warm, direct, a bit of grit. It talks up the discovery stages as loudly as the headliners and keeps sponsor and billing lines exactly as agreed. Example line the brand would write: ""Gates at five. Three stages till late. Come early for the names you will be bragging about next year.""","Give the discovery acts the poster space, and keep the weekend feeling like a field rather than a brand.","Our designer left in 2024 and took the logo files. The mark now survives only as a photograph of the painted canvas banner that has hung over the main stage since 2022. There is no vector, no source file and no written type or colour spec. Last year's photography was shot by two volunteers on two cameras with no brief."
SB3-057-LAY,Umbra Loft - After Dark event campaign,Layout & Data,Umbra Loft,"Downstairs, after dark.",An independent two hundred and fifty capacity basement live music room programming a nine night autumn jazz and after dark series.,"Founded 2021, a basement room under a former textile mill in Providence, Rhode Island, a small independent team.","Umbra Loft is a two hundred and fifty capacity basement room under an old mill in Providence, programming jazz and after dark nights for a crowd that finds us through friends and phones at eleven at night. This autumn we are running nine nights as one series rather than nine separate shows. It has to look like one thing, and it has to look like the room it actually is: dark, close and made by hand.","A scene literate, discovery driven crowd aged twenty one to thirty five, reached almost entirely on a phone late at night, who read polish as inauthentic and reward work that plainly comes from the room.","Tickets 18 to 32 dollars, capacity 250. Independent basement scale: deliberately made and high contrast, credible at a headline ticket without ever reading as corporate or sponsored programming.","dark, high contrast, raw, atmospheric, handmade, underground","Pitch #0E0E10
Ash #2A2A2E
Sodium #E4863B
Cold Signal #3F7C8C
Bone White #E9E4D8
Blood #8E2B24","Display is Sora ExtraBold. The signature move is the two line stack: every act name is set in caps and broken onto exactly two lines, leading closed to 0.82 of the size so the lines almost collide. First you see a solid block of squared caps with no air inside it, Bone White on Pitch, date above in Sodium. Archivo Narrow Regular sets billing and tables, SemiBold the door line. A2: act name 180 pt, date 46 pt, body 11 pt on 15 pt leading. Posts: act name 150 px. Never set an act name on one line.","Every act name is set in Sora ExtraBold caps and broken onto exactly two lines whatever its length, with leading closed to 0.82 of the size so the two lines almost collide into one solid block.","Terse, atmospheric, unvarnished. It names the act, the night and the door and gets out of the way. Example line the brand would write: ""Doors 8. Downstairs. Two sets, one room, cash on the night.""","Everything comes from this room, on these nights, and it should never look like a bank's jazz sponsorship.","We build the look from our own archive, six photographs shot on six nights under six touring rigs, no two matching. Three headline acts sent their wordmarks only as photographs of tour shirts and a tote, which their managers say is all that survives. There is no defined palette, type or treatment yet, and last season's printed card exists only as the press PDF our printer returned."
SB3-058-LAY,Marisol Cove - Shoulder-season hospitality campaign,Layout & Data,Marisol Cove,The quiet side of the coast.,"A fourteen room boutique hotel on the bluff above a cove, selling nights and the dining room to couples and small groups.","Founded 2014, on the Mendocino coast of Northern California, run by two owners with nine staff.","Marisol Cove is a small clifftop hotel built around a path down to a private beach and a dining room people plan a trip for. There is no pool and no spa, and the point of the place is the light, the water and being left alone. The autumn and winter shoulder season is the first the owners are pushing properly.","Couples and small groups aged 30 to 55, experience led rather than amenity led, who book for the setting and the food and return in the quiet months.","Rooms run 340 to 620 dollars a night. Boutique premium, above a coastal inn and well below a resort or private estate. The rate is carried by the setting, not by facilities.","Serene, Understated, Warm, Coastal, Considered, Honest","Bluff Sand #E7DBC8
Cove Grey Blue #6E8894
Cypress #465448
Warm Ink #2C2621
Dusk Clay #C39A82","Display is Urbanist Light. The signature move is the tracking: the wordmark and every headline are set as small caps at 240 units, wide enough that each letter reads as a separate mark, with one 0.4 pt hairline rule trimmed to the exact width of the tracked line beneath it. That long thin band of spaced capitals is what a guest recognises first. Freight Sans Pro Book sets body, rates and captions, Medium the room names. Key visual headline 88 px, tagline 34 px. Brochure headline 36 pt, body 10 pt on 16 pt leading. Never track the body.","The wordmark and every headline are Urbanist Light small caps tracked to 240 units, with a single 0.4 pt hairline rule cut to the exact width of the tracked line sitting beneath it.","Calm, plain and specific. It describes what is actually there and lets the reader picture it. Example line the brand would write: An hour before sunset the light comes off the water and the whole cove goes gold. That is when to walk down.","One place under one light. Every guest facing piece should read as the same specific cove, honest about a fourteen room hotel rather than dressed up as something grander.","The logo file was lost with the designer who drew it in 2019. The mark, a small caps wordmark over a hairline wave rule, survives only as the painted sign at the entrance, which the owners have photographed. Room photography is the owners' own phone frames plus licensed stock. No usable brand files remain beyond the sign photo."
SB3-059-LAY,Lumen Quarterly - Autumn editorial issue,Layout & Data,Lumen Quarterly,An issue you keep.,"An independent arts and culture quarterly, published four times a year around one long photo essay and its writing.","Published by Lumen House Press, a two person imprint in Portland, Maine, founded 2016.","Lumen Quarterly is a print magazine about art, craft and the people who make things along the coast. Each issue turns on one photo essay and about two thousand words of reporting. Readers pay for it because it is good to hold and worth keeping on a shelf, not for news.",Design literate readers aged 30 to 55 who buy the object as much as the article and renew a subscription because the magazine is made with care.,"Eighteen dollars a single copy, sixty dollars a year. An independent object priced above a newsstand title and below an art book, sold on typographic craft rather than volume.","Literary, Tactile, Measured, Curious, Crafted, Unhurried","Uncoated Paper #F3EEE3
Masthead Ink #1F3A3C
Charcoal #26262A
Rule Grey #9C968B
Signal Ochre #B4762E","Display is Epilogue Black. The signature move is the stacked masthead: LUMEN in caps, letterspaced until it spans the exact measure of the text column, with QUARTERLY beneath in Epilogue Medium caps at a quarter of that cap height, tracked to the identical width so both lines start and end flush. Two spaced lines locked to one width is what a reader knows before reading. Arnhem Blond sets the essay at a 62 character measure. Masthead 64 pt, opener 40 pt, body 10 pt on 15 pt leading, captions 8 pt. Plate numerals stay Roman. Never centre the masthead.","The masthead is always two letterspaced lines locked to one width, LUMEN in Epilogue Black over QUARTERLY in Epilogue Medium at a quarter of the cap height, both starting and ending flush.","Considered, warm and exact, written like an essay rather than a pitch. Example line the brand would write: He has built the same hull the same way for forty years, and he still stops to look at the grain before the first cut.","Every issue should feel like the same magazine. Continuity of type, measure and picture treatment is the identity, and the reader should recognise Lumen before reading a word.","The house style guide was made by the magazine's first designer, who has left, and it is now a couple of issues out of date on type. The masthead artwork inside the guide is a flattened screenshot, so the only proper record of the wordmark is the printed cover, which has been scanned. The printer also returned last season's press file."
SB3-060-LAY,Aldervale Mutual - District insurance counter-card run,Layout & Data,Aldervale Mutual,Owned by the people we cover.,A policyholder owned mutual life insurer selling whole life and final expense through appointed producers.,central Vermont; canonical context for the repeat-client series.,"Aldervale Mutual is the repeat client for this benchmark series. The canonical client context is central Vermont, and this commission covers phase 1: producer sales and compliance kit.","Households aged 35 to 60 with modest savings, buying because they do not want to leave a burden. They trust plainness and distrust anything that reads like a sales pitch.","Premiums run 45 to 180 dollars a month, drop in comparison irrelevant. A regulated mutual at a modest, accessible band, deliberately not a private wealth manager and not a discount direct response mailer.","Sober, Trustworthy, Plain spoken, Institutional, Steady, Respectful","Ink Navy #1E2A3A
Slate #4A5560
Document Paper #F4F2EC
Mist Grey #C7CBC8
Heritage Green #3C6B54","Display is Lexend SemiBold, set sentence case. The signature move is the pair of rules: the producer name sits directly on a 1 pt Heritage Green line running the full card width, and that identical rule repeats above the disclosure, so every piece is bracketed top and bottom in green. Premiums are always tabular lining figures in IBM Plex Sans Regular, aligned in a column. Miller Text Roman sets body and disclosure. Card: name 20 pt, district 11 pt, figures 10 pt, body 9 pt on 13 pt leading, disclosure 6.5 pt on 9 pt. Never italicise a premium.","The producer name sits directly on a 1 pt Heritage Green rule that runs the full card width, and the same rule repeats above the disclosure, so every piece is bracketed top and bottom in green.","Sober, plain and reassuring, written the way a trusted advisor speaks across a table. No exclamation, no urgency. Example line the brand would write: A whole life policy is a promise that holds its value, and the premium you start with is the premium you keep.","Nothing may read as an advertisement, and everything must survive the kitchen table. Compliance and honesty come before flourish, and the material should feel as dependable as the carrier behind it.","The printer who built the counter cards has closed, so the only counter card artwork that survives is the flat press PDF that went to press. Producer headshots are self submitted from personal phones and vary widely. Compliance owns the disclosure language and updates it when a state changes its rules."
SB3-061-LAY,Anvil and Oak - Gym opening member collateral,Layout & Data,Anvil and Oak,"Coached strength, nothing soft.",An independent strength and functional training studio selling coached memberships and drop in sessions.,"Providence, Rhode Island; canonical context for the repeat-client series.","Anvil and Oak is the repeat client for this benchmark series. The canonical client context is Providence, Rhode Island, and this commission covers phase 1: studio opening identity and member cards.","People aged 25 to 45 choosing coached strength work over a commodity gym, here to get strong, who value programming detail and competence over amenities.","Memberships run 110 to 185 dollars a month with a 28 dollar drop in. Roughly double a chain gym, priced on coaching. Confident and specific, neither a soft boutique wellness studio nor a discount chain.","Confident, Grounded, Unpretentious, Disciplined, Industrial, Direct","Anvil Black #14161A
Iron #2C2F35
Brass #B8863B
Ember #B5462E
Bone #E9E3D9","Right Grotesk Compact Black sets the wordmark, athlete names and spotlight headlines. The signature is a justified cap stack: lines are sized so all measure the identical width, a solid rectangle of condensed caps in Bone reversed out of Anvil Black, closed by a 2 pt Brass rule tight under the last line. A viewer registers that black brick first. Atlas Grotesk Regular sets body 9.5 pt on 13 pt, Medium tabular carries lift figures at 28 pt; names 34 pt, headlines 104 px, field labels 7.5 pt caps tracked 120 units. Never track the display face positive.","Every name and headline is a justified stack of Right Grotesk Compact Black caps, all lines sized to the identical width so the type forms one solid rectangle, closed by a 2 pt Brass rule locked tight under the last line.","Direct, plain and sure of itself, the way a good coach cues a lift. No hype, no percentages shouted. Example line the brand would write: Show up, do the work, add weight. We handle the programming so you can focus on the bar.","One mark, everywhere, complete and on the dark ground. The identity is the recovered wall mark used consistently, and the studio should always read as coached strength at its true price.","There is no logo file. The mark, an anvil silhouette inside a ring of lettering with an oak sprig crossing the anvil's horn, exists only as the sign painter's hand painted work on the studio's brick wall, which the coaches have photographed. Athlete portraits were shot by the coaches over three evenings and are not consistent. The old printer's press file is all that survives of the athlete card."
SB3-062-LAY,Apexguard - Product label and dealer collateral system,Layout & Data,Apexguard Surface Systems,Protection you can measure.,"Paint protection film, window tint and ceramic coating supplied to dealer groups and to independent installers who buy film by the roll.","Charlotte, North Carolina; canonical context for the repeat-client series.","Apexguard Surface Systems is the repeat client for this benchmark series. The canonical client context is Charlotte, North Carolina, and this commission covers phase 2: dealer labels and channel collateral.","Dealer group principals and fixed operations managers aged 35 to 55 deciding whether to put us on their reconditioning line, and independent installer owners aged 28 to 50 who buy film by the roll and post their own work. Behind both sits a vehicle owner aged 30 to 55 protecting a sixty thousand dollar car.","Full PPF installs 1,800 to 6,000 dollars, tint packages 400 to 1,200 dollars, film by the roll to installers 900 to 4,200 dollars. Premium performance tier, well above discount tint shops and deliberately not tuner.","Precise, Confident, Restrained, Technical, Modern, Credible","Graphite Black #191C21
Titanium White #F3F4F5
Steel Grey #6C7178
Silver Line #B9BEC4
Guard Bronze #B08A54","Excon Bold carries the wordmark, tier names and SKUs. The signature is the measured number: every performance figure sits in Excon Bold at three times its label size, the unit on the same baseline at one third of the figure, so value and unit read as one object. The wordmark runs Excon Bold caps tracked 120 units over a 0.5 pt Guard Bronze hairline. Whitney Book sets spec tables 8 pt on 11 pt with tabular lining figures, body 9.5 pt on 13.5 pt, warranty 7 pt; tier name 16 pt, SKU 30 pt, headline 40 pt. Never italicise a figure.","Every performance figure is set in Excon Bold at three times its label size with the unit locked to the same baseline at exactly one third of the figure, so value and unit read as a single measured object.","Plain, exact, performance led. States numbers and lets them carry. Example line the brand would write: Ten year warranty, self healing topcoat, 92 percent clarity retained. No exclamation points, no percentage flashes, no hype.","Performance stated honestly and warranted as written. One brand across every surface, from the top of a dealer deck to the end of a film box.","The rebrand mark was drafted for us by an earlier round and no working file survives. What we hold is a flat raster export of the drafted master mark and a phone photograph of the installer shop card that was printed from an earlier revision of it. The mark has to be recovered as real artwork before the rollout can carry it, and the three tier marks brought alongside so the family reads as one."
SB3-063-LAY,Kilnmore - Wholesale relaunch campaign,Layout & Data,Kilnmore,Made to be used.,A small matte glaze ceramics studio selling direct through its own online storefront and wholesale to independent home goods stockists.,"Portland, Maine; canonical context for the repeat-client series.","Kilnmore is the repeat client for this benchmark series. The canonical client context is Portland, Maine, and this commission covers phase 2: wholesale line sheets and storefront launch.","Direct buyers aged 28 to 50 who own two or three considered kitchen objects and are choosing between us and a comparable studio line, and independent home goods stockists whose buyers judge a range on whether the line sheet is legible and complete enough to order from.","Mugs 34 dollars, bowls 42 dollars, serving platter 96 dollars, four piece dinner set 180 dollars. Wholesale at roughly half of retail. Considered studio ceramics, not impulse marketplace and not gallery austerity.","Calm, Honest, Warm, Considered, Unfussy, Tactile","Bench Linen #EAE4D8
Kiln Ink #2B2723
Oatmeal #D8C8A9
Ash Grey #8C8B84
Cobalt Slip #3A4E6B","Panchang Medium sets the wordmark and every range name. The signature is held scale: the wordmark is never enlarged, always 11 pt caps letterspaced 220 thousandths of an em in Kiln Ink on Bench Linen, at the head of the page over a 0.5 pt rule, so a buyer first notices a small, wide, flat word with air inside it. Tiempos Text Regular carries copy 11 pt on 16 pt and item names 10 pt; Suisse Int'l Regular sets specs 8 pt on 11 pt with tabular figures, dimensions 22 px, banner headline 72 px. Never set a wholesale price in italic.","The wordmark is never enlarged: it is always 11 pt Panchang Medium caps letterspaced 220 thousandths of an em at the head of the page over a 0.5 pt rule, a small wide word with air inside it.","Plain and warm, the studio talking about its own work. Example line the brand would write: Thrown and glazed in small batches, made to be used every day. No sale language, no urgency, no exclamation points.","Honest materials shown plainly, and one line that reads as one line across every piece and every page.","The mark is a brush drawing inked years ago onto an unglazed clay tile, and the only version that exists is a photograph of that tile on the bench. There is no working file. The mark has to be recovered from the photograph as artwork the studio can use at any size before the relaunch can carry it. The written guideline survives, plus a phone snap of the shop counter kept as a warmth reference."
SB3-064-LAY,Northwind Advisory - Team page and recruitment collateral,Layout & Data,Northwind Advisory Partners,"Stewardship, first and last.","Boutique institutional wealth advisory serving endowments, foundations and around forty families.","Founded 2009, Boston, Massachusetts, eight advisers on one floor on Federal Street.","Northwind Advisory Partners advises endowments, foundations and around forty families on the long term stewardship of institutional and family capital. We are eight people on one floor, and most mandates we win begin with a trustee reading our team page and deciding whether we look like a firm they can place a hundred million dollars with. The brand exists to signal exactly that: a fiduciary, uniform, unshowy, credentialled, judged by a committee rather than an audience.","Endowment trustees, foundation investment committees and families with twenty million dollars and up. Readers aged 45 to 75, most of them reading printed pages and reviewing a credentials table before a mandate is placed.","Billed 350 to 600 dollars an hour. Boutique institutional tier: understated and fiduciary, deliberately not luxury editorial personal branding and not startup about us.","Sober, Uniform, Credible, Understated, Precise, Enduring","Federal Navy #1E2A3A
Paper White #F5F3EE
Slate Grey #5B646E
Compass Brass #9C8452
Conference Grey #C9CBC9","Cabinet Grotesk Medium carries the firm name, adviser names and the recruitment headline. The signature is the brass under rule: every name sits in Cabinet Grotesk Medium caps tracked 60 thousandths above a 0.5 pt Compass Brass rule running exactly one third of the name's width, designations following in Miller Text small caps at 62 percent. A trustee sees that brass line first. Miller Text Roman sets body 10.5 pt on 15 pt, credentials 9 pt on 12.5 pt with tabular figures; adviser name 28 px, recruitment headline 56 px, labels 7.5 pt caps. Never italicise a designation such as CFA.","Every name carries a brass under rule: Cabinet Grotesk Medium caps tracked 60 thousandths sitting above a 0.5 pt Compass Brass rule that runs exactly one third of the name's width, with designations following in Miller Text small caps.","Measured, plain, institutional. Speaks of stewardship and process, never of performance promises. Example line the firm would write: We advise a small number of institutions and families on capital they intend to hold for generations. No superlatives, no exclamation points.","Fiduciary stewardship above all, and a uniform, sober face that reads as one firm rather than eight individuals.","The firm mark is a compass rose and wordmark. Two versions survive and neither is a working file: a flat raster export pulled off the old website, and a photograph of the letterpressed card the mark was originally cut for. The mark has to be recovered as placeable artwork with its counters intact before the rebuilt pages can carry it. A third rendering survives on a foil-blocked presentation folder that carries the compass rose alone at large scale, and the only standalone emblem the old web developer ever produced is a fuzzy favicon that blurs at any size, so the mark cannot ship as one lockup: it has to be rebuilt as a working family across formats, from letterhead down to the browser icon, with its counters holding at every reproduction size. Regulated credential designations must be reproduced exactly as the practice system holds them."
SB3-065-LAY,[memorial subject] Memorial - Service print and remembrance set,Layout & Data,In Memory of [memorial subject],"Kept, not brightened.",A private heritage and memorial keepsake commissioned by a family for a service and to keep afterwards.,"Commissioned 2024 by the Fernwood family, Brattleboro, Vermont, for a service of around sixty people at the Congregational hall.","This is a family memorial keepsake for [memorial subject], who died at ninety four. It is a book, not a photo album: plates with captions, a contents page, and the granddaughter's eulogy laid out in the middle, alongside a framed page and a small card for mourners to take home. The visual voice is set by two things: the family's wish that nothing be brightened or invented, and the funeral home pieces made for Walter's late wife in 2019, which the new work should sit beside on the shelf.","The family and around sixty mourners aged 45 to 75, most of them reading printed pages rather than screens, many of whom remember the people in the photographs.","Heritage and memorial commission, 300 to 600 dollars. Neither a luxury commemorative volume with gilt and foil, nor a discount photo book with grids and script headings. What the money buys is restraint.","Quiet, Dignified, Restrained, Warm, Honest, Classical","Archive Cream #EFE9DC
Ink Brown #3A322A
Slate Charcoal #4C4A46
Mount Grey #9A948A
Muted Sage #7E8574","Familjen Grotesk Light sets Walter's name and his two years. The signature is the quiet footer: name and years centred on one line in caps letterspaced 300 thousandths of an em, the years joined by a small Muted Sage point rather than a rule, always at the foot of the page, never a heading. A reader notices first how wide and how small that line is. Adobe Caslon Pro Regular sets the eulogy 12 pt on 18 pt, contents 10 pt; Familjen Grotesk Light also carries captions 9 pt on 13 pt, folios 8 pt, share card name 64 px. Never a script face.","Walter's name and his two years always sit alone at the foot of the page, centred on one line in Familjen Grotesk Light caps letterspaced 300 thousandths of an em, the years joined by a small Muted Sage point rather than a rule.","Plain, gentle, unsentimental. Lets the photographs and the family's own words carry. Example line the book would write: The company toured for eleven seasons, and this is his father's hand on the back of the card. No cheerfulness, no exclamation points.","Nothing invented and nothing brightened. Honesty to the photographs as they are, and a keepsake the family can keep editing until the day of the service.","There is no brand file. The look is inherited from the funeral home's two 2019 press files (a keepsake card and a framed page) that the family wants matched so the pieces sit together on the shelf, and from the family's own scans, eulogy and typed transcriptions. The funeral home's designer has retired and left only flat press files. Damage in the scans is to be shown honestly, handled by crop and placement rather than painted over."
SB3-066-LAY,Harborline Realty - Weekly listing sheet system,Layout & Data,Harborline Realty,"The mid coast, sold well.","Independent residential brokerage selling coastal Maine homes, from corner lot starters to waterfront point estates, to local and out of state buyers.","Founded 2009, harbour front office on the mid coast of Maine, eight agents under principal [record subject].","Harborline is a small owner run brokerage that lists the whole mid coast book, a three hundred and twenty thousand dollar starter one week and a waterfront estate the next. It runs on repeat referrals and reputation in town, and prints a fresh listing sheet for every active property each Monday. [record subject] built it to feel like the place it sells, not a national franchise.","Two buyers in one weekly run: estate buyers over fifty with liquid capital who read restraint as credibility, and first time buyers under thirty five who need price, bed count and open house time to land at a glance.","One brokerage spanning a 320 thousand dollar starter to a 4.5 million dollar point estate; the sheet has to flex between the two without either register looking wrong. Weekly production retainer, roughly 700 to 1,600 dollars a month.","grounded, trustworthy, coastal, understated, dependable","Cream (window mark) #F4ECDD
Deep Harbour Navy #12324A
Weathered Rope Tan #B48A54
Sea Slate #5C6E74
Buoy Red #A6392E","Harborline sets headlines and asking prices in Bradford Regular, a sober serif of competence rather than fashion. The signature move is the price rule: a 2 pt Buoy Red line directly beneath the price, cut to that figure's exact width, so it lengthens for a waterfront estate and shortens for a starter. Nothing else is ever ruled. Prices take Bradford tabular lining figures. Starter price 46 pt, estate price 28 pt, headline 24 pt on 27 pt, 61 px on screen. Söhne Buch sets the spec strip 9.5 pt, body 10 pt on 14 pt, agent 8.5 pt. Never rule anything but the price.","A 2 pt Buoy Red rule sits directly under the asking price, cut to that figure's exact width, and nothing else in the system is ever ruled.","Plain, grounded, mid coast. We describe the house, not ourselves, and never oversell. Example line the brand would write: 'Corner lot, three beds, a short walk to the harbour. Open Sunday, one to three.'","Honesty about price and condition, and one consistent office look across every listing no matter who shot the photograph.","The original logo artwork was lost years ago. The only surviving version of the mark, a rope ring around a lighthouse with the letters H and R, is the one painted in cream on the office window. There are no brand guidelines or type specimen; the retired printer's last press file is the sole reference for the listing sheet."
SB3-067-LAY,Cedarline Institute - Cohort credential system,Layout & Data,Cedarline Institute,Learning that holds up.,Independent continuing professional education institute running a community evening programme and an employer funded executive programme from two campus buildings.,"Founded 1978, two campus buildings in Vermont, cohort run by registrar Helen Abbott.","Cedarline teaches working adults across two very different registers: an accessible community evening course and a high cost executive programme bought by employers. Each autumn cohort finishes with a ceremony where every candidate leaves with a certificate in hand and a file in their inbox the same evening. The Institute trades on being trusted rather than flashy, and on the two credentials reading honestly for what they cost.","Community students in their twenties and thirties whose certificate is read by family at home, and executive candidates whose employer funded credential ends up framed in an office where their own clients see it.","Two credentials an order of magnitude apart: a 180 dollar community certificate and a 9,000 dollar employer funded executive credential. Neither can come off the press looking like the other. Cohort run posts around 600 to 1,500 dollars fixed.","credible, warm, measured, established, unpretentious","Cedar Green #33503C
Warm Certificate Cream #F3EBD8
Deep Ink #1E2620
Engraved Gold #9A7B33
Slate Grey #5A6066","Cedarline sets candidate names in Terza, a sturdy old style serif that has looked established since well before 1978. The signature move is the institute line: CEDARLINE INSTITUTE in Terza Medium small caps tracked 0.22 em on a 0.4 pt Engraved Gold hairline running the full measure, with the name the only element above 24 pt. Executive names take Terza Light 42 pt on 46 pt, community names Terza Medium 30 pt, 56 px and 40 px on screen. Freight Text Pro Book sets the award statement 11 pt on 16 pt and the credential code 8.5 pt in oldstyle figures. Never letterspace a candidate name.","CEDARLINE INSTITUTE is always set in Terza Medium small caps tracked 0.22 em on a 0.4 pt Engraved Gold hairline running the full measure, with the candidate name the only element on the sheet above 24 pt.","Measured and earned, never boastful. We state what was completed and who signed it. Example line the brand would write: 'Completed the autumn programme in professional practice. Signed at Cedarline Institute, Vermont.'","Each credential must be honest about its price, and every candidate name spelled and accented correctly right up to the ceremony morning.","The seal die went to the printer that closed and cannot be recovered. The only surviving seal is the one blind embossed into an old certificate, plus a raking light photograph of that impression. Two dead press files remain, last year's community certificate and the 2019 executive diploma; there is no digital seal artwork."
SB3-068-LAY,Meridian Summit - Conference badge and wayfinding system,Layout & Data,Meridian Summit,"The people who run the grid, and the people who fund it.","Invitation only annual executive summit for regional transmission operators, infrastructure investors and utility policy staff, produced by Meridian Council.","Established 2016, produced from Providence, Rhode Island; one closed door summit a year, two days, eighteen seats.","Meridian Council runs a single invitation only summit each year for the small group that plans and pays for the electrical grid. It is deliberately intimate, closed door, and expensive, and everything a delegate touches at the venue is meant to feel like it cost what the seat cost. The summit works across three tracks, Operators who run the network, Capital who fund it, and Policy who regulate it.","Eighteen delegates aged forty to sixty five who run regional transmission networks, sit on infrastructure funds or write utility policy, and have been to two hundred conferences already. For half the room the title is the reason they are in it.","Twenty four hundred dollars a seat, eighteen seats, invitation only. The register must read heavy, quiet and photo forward; anything bright or colour blocked reads as a name sticker at this price. Comparable commissions run 1,600 to 3,200 dollars fixed.","authoritative, discreet, restrained, heavyweight, precise","Deep Ink Navy #1B2733
Warm Stone #DED6C7
Engraved Brass #A98544
Graphite #3C4148
Paper Off White #F5F2EC","Meridian sets delegate names in Tiempos Fine Regular, whose hairlines read expensive without raising their voice. The signature move: names are serif, numerals never are. Seat, room, time and year all sit in Founders Grotesk Mono tabular. Door card names run 60 pt on 62 pt, badge names 22 pt on 24 pt, 96 px on closing slides. Founders Grotesk Regular small caps sets the organisation 8.5 pt and the track 7 pt, tracked 0.12 em, the track held as spacing and brass, never a block. Never set a numeral in Tiempos or a name in the sans.","Names are serif and numerals never are: every seat, room, time and year is set in Founders Grotesk Mono tabular while every name is Tiempos Fine, with nothing set in between.","Spare and precise. We name who is in the room and why, and let the restraint do the talking. Example line the brand would write: 'Two days. Eighteen seats. A closed working session, not a stage.'","Names and organisations exactly as registered, nothing shortened or abbreviated, and restraint carried as the signal of credibility.","There is no working file for the badge; last year's was made by the venue's print bureau from artwork nobody kept. The only clean version of the summit mark that survives is the engraving on the brass lectern plate, photographed under the room's downlights. The registration board, the two session door cards and the closing slides do not exist yet."
SB3-069-LAY,Halden and Roe - Marlow trade catalog,Layout & Data,Halden and Roe,Thrown and glazed in Vermont.,Small hand thrown stoneware house selling the Marlow range wholesale to independent homeware shops and interior stylists.,"Founded 2011, a small studio in Brattleboro, Vermont; everything thrown and glazed on site, sold through two reps.","Halden and Roe is a maker led stoneware house where every piece in the Marlow range is thrown and glazed by hand in the back room. It sells to buyers who order from a printed book rather than a website, one piece to a page, the way it always has. The glazes are the whole product, so the book has to let a reactive oatmeal, a gloss celadon and a matte slate tell themselves apart.","Independent homeware shop owners and interior stylists aged thirty to fifty five, who buy around forty lines a season across a dozen makers and can tell a thrown piece from a cast one across a room.","Trade 38 to 410 dollars a piece, retailing 100 to 900. The book must read airy and slow, the glaze given room to be the subject and the trade price stated plainly and once; any tight grid or shouted price collapses the margin the house runs on. Comparable work runs 2,000 to 4,000 dollars fixed.","tactile, quiet, honest, unhurried, crafted","Oatmeal Cream #E6DCC6
Gloss Celadon #8FA499
Matte Slate #4A4E4C
Kraft Tan #B79C74
Studio Ink #24211C","Halden and Roe sets product names in Ogg Text Regular, a pen drawn serif for a house that throws by hand. The signature move is a single italic: the glaze name is the only italic in the book, set in Ogg Text Italic under the roman product name, so the glaze is the first word the eye finds. Names run 22 pt on 26 pt, glaze names 14 pt, 29 px on screen. Lyon Text Regular sets the description 10 pt on 16 pt and the trade price once at 11 pt. Atlas Grotesk Regular takes the spec block and MRL code, 8 pt on 12 pt. Never allow a second italic on a page.","The glaze name is the only italic in the whole book, set in Ogg Text Italic directly under the roman product name, so the glaze is the first word the eye finds.","Plain and material. We describe the glaze and the making, not the marketing. Example line the brand would write: 'Oatmeal breaks pale over the rim and pools brown in the throwing rings. Thrown and glazed in Brattleboro.'","The glaze is the product and must read true on the page, and the book stays airy with one piece to a page and space around it.","The printer laid out the trade book page three seasons ago and it is the only reference we have; nobody here can open or drive that file. The maker's stamp exists only impressed into the base of the pots, with no drawing of it anywhere, so a single photograph of a bowl foot is the only source for the footer mark."
SB3-070-LAY,Aldervale Mutual - Personalized autumn renewal mailer,Layout & Data,Aldervale Mutual Assurance,Cover from people who know your town,"A regional mutual carrier writing home and farm cover, sold face to face through local producers across rural Vermont.",central Vermont; canonical context for the repeat-client series.,"Aldervale Mutual Assurance is the repeat client for this benchmark series. The canonical client context is central Vermont, and this commission covers phase 2: personalised renewal mailer.","Homeowners and farm owners aged forty to seventy in small Vermont towns, many insured here for decades, who value a known producer and a fair renewal over the lowest online quote.","Average home policy runs 1,100 to 1,900 dollars a year. Mid market and relationship led, not a discount carrier and not a private wealth boutique. Communications stay restrained: one photograph, generous margins, the offer stated once and quietly, the producer named larger than the offer.","Steady, Neighbourly, Plain spoken, Unhurried, Trustworthy","House Green #21473A
Warm Grey #8B8378
Oat Paper #F3EDE1
Slate Ink #2A2926","Aldervale sets producer names and headings in Pitch Semibold, a typewriter serif that makes a renewal read as correspondence, not marketing. The signature move is the running sentence: the producer's name sits at 26 pt as the opening clause of a sentence that runs on into the body, so it ends in a comma and the line beneath begins in lower case. Headings take Pitch Medium 16 pt. Chronicle Text G1 Roman sets body 11 pt on 16 pt, address 10 pt and the offer once at 12 pt; on screen 34 px and 16 px on 24 px. Never set the offer in capitals or larger than the producer name.","The producer's name is set in Pitch Semibold at 26 pt as the opening clause of a sentence that carries on into the body, so it always ends in a comma and the line beneath it begins in lower case.","Warm, direct and adult. We write to the household, never at the market, and we never oversell. Example line the brand would write: ""Your renewal is due in October, and your producer, will be glad to walk it through with you.""","Continuity and knowing the policyholder. Households should feel written to by a carrier that still knows them, and the mark is never placed over a photograph.","The original design files are gone: the designer retired and took her drive, so the last renewal card survives only as the printer's press PDF. The mark exists cleanly only where it was printed on a producer's business card. One 2019 style guide page (house green, warm grey, the two type families, clear space, and the rule that the mark never sits on a photograph) is all the written guidance that remains."
SB3-071-LAY,Lanternwood Folk Fest - Festival programme and wayfinding,Layout & Data,Lanternwood Folk Fest,Two days of roots on the farm,"A ticketed two day roots and Americana music festival, staged on a working farm and run by a volunteer committee.","outside Burlington, Vermont; canonical context for the repeat-client series.","Lanternwood Folk Fest is the repeat client for this benchmark series. The canonical client context is outside Burlington, Vermont, and this commission covers phase 2: keepsake programme and venue wayfinding.","A roots and Americana crowd broadly thirty to sixty, many of them returning regulars who keep the programme, willing to pay for something that feels made rather than mass produced.","Sixty five pounds a day. A considered keepsake register: photographs given real room, editorial type with a proper hierarchy, generous margins, one act to a page breathing rather than a dense fair handout, and never a near empty boutique arts brochure.","Warm, Homemade, Rooted, Unpretentious, Crafted","Lantern Amber #C6822E
Field Green #3B5137
Weathered Cream #EFE6D2
Barn Charcoal #2C2823
Laurel Deep #1F3A2E","Yeseva One Regular sets every act name, section head and wayfinding destination. The signature move is that set times are Yeseva One too, never a sans, at exactly one third the act name size, so what a viewer notices first is a stage board whose clock wears the same flared serifs as the act above it. Act name 42 pt, section head 18 pt, sign destination 120 pt, direction line 48 pt, programme time 14 pt, listings 64 px on 70 px. Source Serif 4 Regular sets biographies at 10.5 pt on 15 pt leading. Never letterspace Yeseva One.","Set times are set in Yeseva One rather than a sans, at exactly one third the act name size, so every stage board and every programme page shows a clock wearing the same flared serifs as the act above it.","Friendly, plain and a little handmade, the voice of a committee that runs the thing itself. Example line the brand would write: ""Grab a pint, find your stage, and we will see you down the front.""","The programme is the keepsake, and the crest is how regulars recognise the festival. Both should feel handmade but properly made, worthy of the wall they end up on.","No working files survive. The previous designer moved to Canada, leaving only two printed programme pages held by the printer (last year's and the year before) plus last year's printed cover. The crest has never existed as a file: it lives only as paint on the canvas banner over the main gate, photographed for reference. Fonts and colours must be inferred from the printed pages."
SB3-072-LAY,Girdermark - Technical data-sheet and bin-label library,Layout & Data,Girdermark Components,"Flat, accurate, in stock","A B2B distributor of OEM elevator and electrical replacement components, sold to service technicians, maintenance supervisors and electrical contractors.","Cleveland, Ohio; canonical context for the repeat-client series.","Girdermark Components is the repeat client for this benchmark series. The canonical client context is Cleveland, Ohio, and this commission covers phase 2: data-sheet and bin-label library.",Working buyers aged thirty five to sixty who have specified this class of part for twenty years and judge a supplier by whether the picture and the numbers match.,"Parts from 400 to 9,000 dollars. A flat, even, technical register: one neutral photographic ground, the whole part in frame, generous spec setting, prices plain in the run of the page. Never bright consumer tool styling and never dark cinematic hero work. The bin label answers to a picker at arm's length, so it is bigger, blunter and carries less.","Precise, Technical, Dependable, No nonsense, Industrial","Girder Blue #1C3A5E
Signal Amber #D8A233
Steel Grey #6E747A
Warehouse White #F4F5F6
Ink Black #1A1C1E","Saira Condensed Black sets every part number, sheet header and bin label line. The signature move is that the part number is optically tracked to fill the exact measure of its panel, edge to edge, with a 2 pt Girder Blue rule locked beneath at the same measure, so a viewer sees first a condensed black code underscored corner to corner. Part number 30 pt on the sheet, 36 pt on the label, 96 px on screen. IBM Plex Sans Regular sets spec rows 9 pt on 12 pt leading, tabular figures on, prices 14 pt. Never italicise anything.","The part number is optically tracked to fill the exact measure of its panel, edge to edge, with a 2 pt Girder Blue rule locked directly beneath it at that same measure.","Blunt, factual and useful. No marketing adjectives, no styling in the words. Example line the brand would write: ""Sixteen active parts this season. Specs, codes and prices are exactly as our system holds them.""","Accuracy above all: the picture and the spec must agree, values are never reworded to fit, and anything that will not fit is raised before it prints.","The division owns none of its own artwork. The spec sheet and the bin label exist only as the flat press PDFs the printer and the label house return. The house mark was lost in an office move and survives only in the printed sheet header and cast into an aluminium nameplate riveted to an old traction machine in the back, photographed for reference. Part photography was shot in house on the bench over several months and does not match."
SB3-073-LAY,SEVE Botanicals - Cosmetic launch label system,Layout & Data,SEVE Botanicals,"Clean beauty, honestly made",An independent clean beauty house running a prestige apothecary skincare line at counter and a mass everyday colour line on peg.,"A small independent clean beauty house in Portland, Oregon, launching nineteen SKUs across two lines this autumn.","SEVE Botanicals makes clean, plant led beauty under one house across two very different shelves. Seve Atelier is the apothecary line, sold over a counter, where restraint and an honest ingredient line are the proof of quality. Seve Everyday is the drugstore line on a peg, where a shade has to win in four seconds. Same mark, same values, two registers.","Two buyers under one house: a thirty to fifty five year old counter customer paying for restraint and reading the ingredient list as proof, and a sixteen to thirty five year old drugstore shopper scanning a peg for a shade at arm's length.","Two load bearing tiers. Seve Atelier runs 48 to 85 dollars: quiet, generous negative space, one considered accent, the mark small and confident, the swatch a single honest chip. Seve Everyday runs 6 to 14 dollars: claim forward and shade forward, the shade name and swatch winning at arm's length, the mark holding while small and busy. The same treatment cannot serve both.","Clean, Modern, Botanical, Considered, Honest","Deep Botanical #22352B
Soft Sage #A9B79E
Warm Gold #C2A15A
Bone Card #F6F1E7
Charcoal Ink #23211E","Rozha One Regular sets the wordmark and Atelier shade names. The signature move is that the wordmark always stacks on two lines, SEVE above BOTANICALS, the upper line tracked to 0.42 em so both lines lock to one width, so a viewer sees first a small square block of high contrast capitals. Wordmark 11 pt over 7 pt, Atelier shade name 15 pt, Everyday shade name 22 pt, ecommerce 40 px on 44 px. Inter Regular sets ingredient lines at 5 pt on 6.5 pt leading and Semibold claims at 9 pt. Never set the wordmark on one line.","The wordmark always stacks on two lines, SEVE above BOTANICALS, the upper line tracked to 0.42 em so both lines lock to one identical width and the mark reads as a small square block of high contrast capitals.","Calm, botanical and precise, never gushing. Compliance copy stays exactly as written. Example line the brand would write: ""One house, two shelves, every shade drawn from the real product.""","Honesty on the shelf: the swatch is the real shade, the ingredient line is exactly as compliance wrote it, and each tier must look right at its own price while staying recognisably one house.","The wordmark was drawn years ago by a designer the house has lost touch with and survives only foil blocked on an old carton, with no dark version at all. The only layout owned is last season's serum label as the flat press PDF the label printer returned. Photography is minimal: one physical sample bottle shot on a phone on kitchen marble, plus nineteen shade drawdowns done on card by the window the same afternoon."
SB3-074-LAY,Rivermeadow Trust - Year-end donor acknowledgement system,Layout & Data,Rivermeadow Trust,"Land held in common, kept for good","A small accredited land trust that holds conservation easements and stewards preserves in one Connecticut valley, funded by a few hundred local giving households.","Founded 1994, based in the Sedgewater valley, Litchfield County, Connecticut. Four staff, roughly nine hundred acres under easement, a few hundred giving households.","Rivermeadow protects the meadows, hollows and river bends of one valley by holding easements and caring for a handful of small preserves. Many of our donors granted the land we now steward, so the relationship is personal and long. We exist so the fields stay fields for the people who walk them.","Local giving households aged 45 to 78, land literate, many of them easement grantors who know the fields by name. Gifts run from 25 dollars to 25,000, a broad community base plus a small leadership circle that carries most of the campaign.","A community land trust, not a national charity. Two registers live in one base: a warm community of small and mid gifts, and a leadership circle giving four and five figures. Every dollar should read as spent on the land, not on ourselves.","rooted, warm, quietly serious, neighbourly, unhurried, trustworthy","River Slate #2E4A45
Meadow Green #6E7F4E
Heron Grey #8C9AA3
Bronze Patina #7A6A3F
Cream Stock #F3EEE2
Field Ink #2A2622","Chivo Light sets the donor household name, and the signature move is that this name is the largest thing on the sheet at 30 pt, standing alone above the salutation, so what a viewer sees first is a family name set bigger than the letterhead. Giving level names run Chivo Bold caps at 11 pt tracked 0.18 em in Bronze Patina. Adobe Caslon Pro Regular carries the letter at 11 pt on 15.5 pt leading, Semibold headings 16 pt, receipt amounts 12 pt with tabular figures, web 18 px on 28 px. Never let a heading outsize a donor name.","The donor household's name is the largest thing on the sheet, Chivo Light at 30 pt, standing alone above the salutation and never outsized by a heading, an amount or a giving level.","Plain, grateful and specific, the voice of a neighbour rather than an institution. It names the field, not the fund. Example: We kept forty more acres in hay this year because you asked us to.","Permanence of the land, and a personal duty of thanks to every household that gives, whatever the size of the gift.","The original logo files left with our first designer and are gone. The mark now survives only on the cast bronze donor plaque at the Fenn Hollow trailhead, of which we hold one photograph. Approved letter copy, giving level names and thresholds, and the statutory receipt wording still exist as plain text."
SB3-075-LAY,Emberwell Brew House - Live insert and taproom collateral,Layout & Data,Emberwell Brew House,"Good coffee, kept close","An independent fourteen room brew house and coffee group across New England, with two flagship kitchens and four counter service coffee rooms.","Founded 2013, first room in Portsmouth, New Hampshire. Fourteen rooms across New England, two flagship kitchens, four counter service rooms, one shared coffee program.","Emberwell runs fourteen rooms under one name and one coffee program, each in a secondary New England town where it is the good room rather than the cheap one. Same room, same welcome, but every store pays its own rent, so the estate is one brand at fourteen prices.",Morning trade aged 30 to 55 that comes in early and lingers for two hours. Guests who read a menu the way they read a good book and treat loud pricing as a sign they are in the wrong kind of room.,"Upper middle independent. Plates 14 to 26 dollars, drinks 4.50 to 7. Not a chain and never wanting to read like one: type led, generous, prices set quietly at the end of a line. No combos, no starbursts, no value language.","warm, cozy, elevated, unhurried, independent, considered","Ember #B4552D
Roast #3B2A21
Kettle Brass #A8823F
Steam #D8CBB8
Warm Cream #F4EDE0
Slate Ink #2B2622","Kanit SemiBold sets section heads and the counter card headline. The signature move is the town line, the room's town set in Kanit ExtraLight caps tracked 0.50 em across the full measure at the foot of every piece, so a viewer sees first one widely spaced town name holding the page foot. Headline 34 pt, section head 24 pt, town line 10 pt, screen 28 px on 34 px. Freight Text Pro Book sets dish names 13 pt, descriptions and prices 9.5 pt on 13 pt leading, tabular figures, italic only for seasonal lines. Never colour or embolden a price.","Every piece is signed at the foot with the room's town set in Kanit ExtraLight capitals tracked 0.50 em across the full measure, the one widely spaced line on the page and the only thing that changes from room to room.","Warm and plainspoken, a room talking rather than a brand selling. Short lines, no adjectives stacked for effect. Example: The stout is on until the barrel is done, then it is not.","One consistent welcome across the estate, and honest local pricing that a guest never has to question from one town to the next.","Our old logo file is gone. The cleanest surviving version of the mark is the enamel pin on the apron, of which we hold a close photograph. Approved dish names, descriptions, the drinks list, seasonal line names and the fixed allergen statement all survive as plain text, alongside the public store roster."
SB3-076-LAY,Cellar and Cru - Autumn shelf-talker campaign,Layout & Data,Cellar & Cru,Wine worth the walk down the side street,An independent fine wine merchant selling across the counter to retail customers and to restaurant buyers building by the glass lists.,"Established 2009, on a side street off the main shopping run in Edinburgh, Scotland. A small counter operation, one or two on the floor, an owner who buys the list himself.","Cellar & Cru is a merchant, not a shop that happens to sell wine. The owner tastes and chooses every line, and the selection changes with the season. When there is one of us on the floor and eleven people in, the shelf card is how a wine sells itself, so the card carries the grower, the region, the vintage, our note, the score and the price.","Confident domestic drinkers and restaurant buyers aged 40 to 65 who read a shelf card the way a reader reads a review, and who treat visual noise as a signal about the wine behind it.","Independent fine wine. Bottles from 14 pounds to 220. The card is restrained and led by grower, region and vintage: generous white space, the score present but small, the price plain in the run of the line. Never the supermarket aisle, never fashion brand minimalism that hides the vintage.","restrained, knowledgeable, understated, confident, grower led, unshowy","Cellar Ink #23282B
Claret #6B2434
Vine #4A5A3C
Brass Key #9A7B3F
Chalk White #F1ECE1
Stone Grey #9B958A","Wine names set in Eczar Regular 400, flared cut serifs that read like a review, at 17 pt on 20 pt with the buyer's note beneath in the same face at 8.5 pt on 11.5 pt. What a customer notices first is the wordmark: CELLAR & CRU in Eczar Medium 500 caps tracked 0.30 em above a Brass Key hairline of 0.2 mm, always exactly 32 mm wide at every size, never scaled with the type. Region, vintage, score and price take Akzidenz-Grotesk Next Regular, 7 pt letterspaced small caps and 9 pt tabular lining. Screen wordmark 22 px. Never scale that rule.","The wordmark is CELLAR & CRU in Eczar Medium caps tracked 0.30 em above a Brass Key hairline that is always exactly 32 mm long, never scaled with the type.","Direct, measured and honest, the owner describing a wine as if standing beside you. It says what a wine is and is not, without hyperbole. Example: A co-op red that drinks well above its price, so long as you open it an hour before.","A selection chosen by one buyer with a point of view, and a shop floor that sells wine honestly even when nobody is free to talk.","The original mark artwork went with the designer who moved abroad. The only clean version we hold is a photograph of the letterpressed compliments card he had made for us, carrying the mark at about 45mm. The autumn list, buyer's notes, scores and prices arrive from the till export."
SB3-077-LAY,Vanguard Motors - Forecourt sales card system,Layout & Data,Vanguard Motors,"Bought carefully, sold plainly",An independent prestige used vehicle dealership selling to retail buyers and part exchange customers from a single forecourt.,"Established 2006, one forecourt in Harrogate, North Yorkshire. A small independent holding about fourteen cars at a time, buying selectively rather than to volume.","Vanguard holds around fourteen carefully bought cars at a time and sells to people who have already decided roughly what they want and are choosing where to buy it. The card in the windscreen is the first thing a buyer meets, before anyone walks out, so it has to answer their two questions honestly: what is this car, and what does it cost.","Private retail buyers aged 35 to 60 who have narrowed the choice online, driven a distance to see one specific car, and are deciding whether this dealer is careful.","Independent prestige used. Cars from 18,000 pounds to 95,000. Photograph forward and quiet: one large honest picture of the actual car, a short spec of what differs between examples, the price plainly set and the finance line legible but secondary. Never the budget lot register, never a manufacturer brochure with no price.","careful, quiet, plain spoken, prestige, dependable, unshowy","Midnight #161B26
Vanguard Steel #4A5560
Chrome Silver #B7BEC4
Brushed Pewter #8A8E93
Signal White #F2F3F1
Marque Red #8C2A2E","The marque sets in Righteous Regular 400, a deco geometric with the flat topped A of a 1930s radiator badge. What reads across the forecourt is the stacked lockup: VANGUARD in caps tracked 0.18 em over MOTORS at exactly one third the size tracked 0.42 em, so both lines measure the same width. Model line Righteous 34 pt on 38 pt. Everything else is Suisse Int'l, spec 11 pt on 15 pt, price Medium 48 pt tabular lining, mileage 10 pt, finance footer 7.5 pt on 10 pt. Screen marque 64 px. Never set the two lines as one.","The name is always stacked on two lines, VANGUARD over MOTORS at exactly one third the size, with the tracking on each line set so both lines measure the same width.","Factual, unhurried and confident, a dealer who lets the car and the spec do the talking. No exclamation, no urgency. Example: One owner, full history, the colour it says on the card and the colour it is on the forecourt.","Cars bought with care and sold without spin, and a forecourt where the card and the vehicle always agree.","The shield artwork is long gone. The only clean version we hold is a photograph of the pressed and painted aluminium plate above the office door, weathered by several winters, carrying the shield at about 180mm. The current stock, specs and prices arrive from the stock feed, and the finance wording is fixed by the broker."
SB3-078-LAY,Continental Cup - Squad press and partner kit,Layout & Data,Continental Cup 2026,"The whole squad, under the lights.","Officially licensed collectible trading cards for a touring North American and European club football tournament, sold into grocery, newsstand and hobby channels through a national licensing partner.","touring competition, Western Europe and North America; canonical context for the repeat-client series.","Continental Cup 2026 is the repeat client for this benchmark series. The canonical client context is touring competition, Western Europe and North America, and this commission covers phase 2: squad press run and partner files.","Collectors aged sixteen to forty five who buy officially licensed sets beside other marquee cards, in grocery aisles, at newsstands and in hobby shops. They notice when a card in the pack looks like it came from somewhere else.","A flagship licensed pack retailing around fourteen dollars, positioned above community and league sets and below fine-art prints. It must read as a marquee cup collectible, saturated and cinematic, never as a cheap programme or a gallery piece.","dramatic, floodlit, high-contrast, premium, collectible, energetic","Pitch Black #0B0E12
Floodlight Gold #E7B24C
Deep Field Green #123A2A
Steel Rule #8A94A0
Card White #F4F1EA
Kit Crimson #B4232B","Surnames and squad numbers set in Bungee Regular 400 all caps, a signage face. The first thing seen in the pack is the number: every squad number is Bungee Regular in Pitch Black with Bungee Inline 400 registered exactly on top in Floodlight Gold, so each figure carries a gold core stripe. Press sheets run the surname 40 pt and the number 96 pt; partner graphics 84 px and 220 px. Position, club and set year take Trade Gothic LT Condensed No. 18 Regular at 12 pt in print and 28 px on screen. Never print a number without its Inline layer.","Every squad number is Bungee Regular in Pitch Black with Bungee Inline locked exactly on top in Floodlight Gold, so each figure carries a gold core stripe down its centre.","Bold, terse, terrace-proud. Copy is short and declarative. Example line the brand would write: 'Eighteen players. One set. Every card earns its place in the sleeve.'","A licensed set is a promise: every player is who the card says, and the look holds across the whole squad rather than favouring a hero. Consistency in the sleeve is the product.",There is no surviving design file or logo artwork. The tournament mark now exists only on printed things: the sole reference is a handheld photograph of a pitch-side sponsor board carrying the mark in one deep ink on a pale board. It has to be recovered as usable artwork before it can be placed at any size.
SB3-079-LAY,Ferncroft Nursery - Spring plant tag system,Layout & Data,Ferncroft Nursery,Grown for the people who ask where it came from.,"Retail horticulture: an heirloom specialty nursery and garden centre selling perennials, herbs, shrubs and a short specimen list from its own benches across four planting departments.","A small heirloom grower in Litchfield County, Connecticut, selling from its own benches, with a growing office and four department benches each tended by a different person.","Ferncroft Nursery grows heirloom and specialty stock for gardeners who read the botanical name first. Everything is sold off the bench with a tag that reads like a plant person wrote it. Spring opening is the last Saturday of April, and every plant on the rack needs its tag by then.","Gardeners aged thirty five to sixty five who buy for provenance, read the Latin name, and ask where the stock was grown. They distrust a rack where one tag looks like a different shop.","An heirloom specialty grower at eighteen to ninety five dollars a plant, above the six dollar big-box rack and below a fine-press botanical print. The tag is provenance-led and botanical-forward: the Latin carries, the price sits small, the photograph is a supporting note.","heirloom, provenance-led, botanical, quiet, trustworthy, seasonal","Slate Grey #4A4E48
Fern Green #3E5A34
Bench Cream #EFE9DC
Terracotta #B0623D
Bark Brown #6B4E36
Sage #9AA988","Common names set in Trirong Light 300, cut like an old botanical plate. What you read first is the Latin beneath: the botanical name sits on the next baseline in Trirong Light Italic 300 at exactly 54 percent of the common name with no space between them. Hangtags at 148 by 210 mm run 28 pt and 15 pt, department tags at 55 by 85 mm run 14 pt and 9 pt. Care, pot size and price take National 2 Regular, 9 pt on 13 pt and 8 pt, screen 16 px. Italic is never used for anything but the Latin.","The botanical Latin sits on the next baseline under the common name in Trirong Light Italic at exactly 54 percent of its size with no space between them, and italic is used for nothing else.","Warm, knowledgeable, unhurried, the voice of a grower. Example line the brand would write: 'Slow to establish, then generous for decades. Give it morning sun and patience.'","Provenance and honesty on the bench: the name on the tag is the right name, and the whole rack reads as one careful hand. Restraint signals quality here.","There are no design files. The two tags the printer ran last spring survive only as press PDFs, and the nursery mark exists only routed and painted into the slate sign at the gate, captured in one handheld photograph. The mark and the printed care icons have to be recovered before they can go anywhere new."
SB3-080-LAY,Marrow and Vane - Exhibition wall-label system,Layout & Data,Marrow and Vane,The work carries the room.,Arts and culture: a mid-career commercial gallery mounting selling exhibitions of contemporary work for collectors and institutional curators.,"A commercial gallery in Philadelphia hanging across three rooms, run by a director with a small registrar and installation team.",Marrow and Vane is a Philadelphia gallery that mounts selling shows for collectors and curators. The house look is austere and generously spaced: the label and the checklist stay quiet so the work carries the room. Their autumn exhibition hangs forty one works by nine artists across three rooms.,"Collectors and institutional curators, plus a press list. Readers who scan a medium line for provenance and expect the gallery to signal seriousness through restraint rather than through decoration.","Works from six thousand to eighty five thousand dollars. At this level the label is small, quiet type high on a large card with unprinted stock beneath, no rules, no colour, no logo on the card. It must read as a selling show, not a community group show and not a museum survey.","austere, institutional, restrained, considered, confident, quiet","Gallery White #F6F4EF
Warm Grey Ground #D8D3C8
Ink Black #1A1A18
Brass #9C7A3C
Graphite #55565A","Artist names set in Rowdies Light 300, a quiet squared geometric used for nothing else. The signature is that line: the artist runs in caps with tracking fitted per name so it always measures exactly 78 mm and every label ends its top line flush at the same point. Title beneath in Lyon Text Italic 9.5 pt, medium, date and dimensions Lyon Text Regular 8 pt on 12 pt, accession 7 pt in Graphite. Labels 105 by 148 mm, artist 9.5 pt; A4 checklist 9 pt on 13 pt, artist fitted to 120 mm; screen 15 px. No bold anywhere, ever.","The artist's name is the only thing in the display face, set in Rowdies Light caps with the tracking fitted per name so the line always measures exactly 78 mm and every label ends its top line flush at the same point.","Spare, precise, factual. The gallery states rather than sells. Example line the brand would write: 'Nine artists. Three rooms. Eighteen September through the second of November.'",Restraint as respect for the work: the label serves the art and the record is accurate to the last accession number. The institution shows its seriousness by staying quiet.,"There is no layout file for the labels; only the printer's spring press PDF survives as the look to keep. The gallery mark exists as an etched brass plate beside the door and a single photograph of it, and has to be recovered as real artwork before it can sit on the checklist."
SB3-081-MOT,Ember and Oak - Restaurant launch reel system,Motion & Audio,Ember and Oak,What fire does to good meat.,"Food and beverage: a wood fired neighbourhood grill serving walk-in trade and delivery, opening a second room.","A single-room wood fired grill on the west side of Providence, Rhode Island, opening its second room in launch week, run by a small owner-operator team.","Ember and Oak is a wood fired grill on the west side of Providence, one hearth you can see from every table, mains around thirty four dollars. Launch week opens the second room. The brand is fire, char and appetite: warm, loud and alive, built to make somebody hungry in the first two seconds.","Walk-in diners on the west side deciding in the time it takes to scroll past, plus delivery orders. Neighbourhood people who want a room that feels alive, not a tasting menu and not a value grill.","A casual premium wood fired grill, mains around thirty four dollars. The grade runs warm, the cut is fast, the food fills the frame and the type is bold and immediate. Never moody fine dining, never a discount grill with a deal burned across the frame.","warm, high-energy, appetite-first, unpretentious, loud, hearth-lit","Charcoal #1C1815
Ember Orange #D9622B
Flame Yellow #F0A93B
Oak Brown #7A4A2E
Cream #F1E7D4
Char Red #8E2B22","Red Hat Display Black sets every dish name. The signature move is the hot bar: names set in capitals over two lines, tracked minus twenty thousandths of an em, with an Ember Orange bar twelve px deep behind the baseline of the lower line, stopping flush with its last letter. That glowing bar is what a viewer sees first. Atlas Grotesk Regular carries the description at 34 px on 44 px leading, the price Bold at 56 px; printed menus and window cards set names 34 pt, body 10 pt on 14 pt. Never set a dish name in lowercase.","Every dish name sets in Red Hat Display Black capitals over two lines with a twelve px Ember Orange bar burning behind the baseline of the lower line and stopping flush with its final letter, so the name always looks like it is resting on something hot.","Warm, direct, hungry. Short lines with heat in them. Example line the brand would write: 'The chop, the char, the fire you can see from your table. Second room now open.'","Appetite and honesty: show the real food from the real service, and make the room feel like what it is. The reel should read like the room smells.","The mark survives only as a small raster: a two word lockup inside a thin ring, sitting on a cream square baked into the picture rather than behind it. It has to be recovered as clean, placeable artwork before it can go on the end card or the window poster."
SB3-082-MOT,Ironwood Kitchen - Product launch video package,Motion & Audio,Ironwood Kitchen,"Real lunch, in the case by half ten",Fast casual grab and go: high protein meal prep bowls sold from a counter case and by office park delivery.,"Founded 2019, Providence, Rhode Island, two counters and three office park delivery routes run by a small kitchen crew.","Ironwood Kitchen builds honest, high protein bowls for the office lunch run, in the fridge case by mid morning and gone by early afternoon. We are a working kitchen, not a tasting room. The promise is simple: food you would actually eat at your desk, twelve dollars, nothing invented and nothing dressed up.","Office workers 24 to 45 on a weekday lunch run with roughly eleven minutes to spend, buying on macros, speed and trust rather than on spectacle.","Twelve dollars a bowl, the everyday middle of grab and go. Above a supermarket meal deal, well below a chef counter. We are not a tasting menu and never pretend to be one.","bright, plain spoken, fast, clean, honest, unfussy","Bench White #F6F5F1
Ink Charcoal #23262A
Field Green #3F7D4E
Salsa Clay #E2593B
Steel Grey #9AA0A6","Schibsted Grotesk Bold carries the package. The signature move is the level price: bowl name and price share one baseline at an identical 88 px, name in Ink Charcoal and figure in Salsa Clay, one em apart, tracked minus two percent, so a viewer notices first a price drawn as large as the food. Schibsted Grotesk Regular sets the allergen and macro line at 28 px on 38 px leading, the closing line Medium at 72 px; printed case labels set names 22 pt, body 9 pt on 12 pt. Never print the price smaller than the name.","The bowl name and the price sit on one shared baseline at exactly the same size, name in Ink Charcoal and price in Salsa Clay one em apart, so the twelve dollars is drawn as large as the food it buys.","Direct, warm, counter honest, one thought per line. Example: ""Twelve bucks, in the case by half ten, gone by two. That is the whole promise.""","Feed people well and tell the truth about what is in the bowl. The allergen line and the macros are not marketing, they are the deal.","No brand kit survives. The wordmark exists only as a flat picture on a white ground, exported by a designer who has since left, with no vector file and no source anywhere. Everything else is a photograph or a spreadsheet."
SB3-083-MOT,Halden Greens - Creator ad and social cutdowns,Motion & Audio,Halden Greens,"Greens, without the sales pitch","Direct to consumer daily greens powder sold online on a monthly subscription, creator seeded.","Founded 2023, Portland, Oregon, online only, a small founder led team with a growth lead and three seeded creators.","Halden Greens is a daily greens powder people actually keep drinking, sold by subscription to buyers who have already been let down by a supplement that promised too much. We grow by putting the product in real kitchens and letting real people talk, not by looking like an advert. That distrust of polish is the brand.",Health literate adults 25 to 40 who are specifically wary of supplement marketing and trust a friend's recommendation over a glossy campaign.,"Fifty nine dollars a month on subscription. Priced as a considered daily habit, above the fifteen dollar tub and below the studio shot premium brands. The money is real, so the look must never be.","plain, sceptical friendly, unpolished, honest, warm, low key","Halden Green #2E5E45
Mint Lid #BFE3CB
Kitchen Cream #F4F1E8
Counter Charcoal #1F2320
Clay Accent #C77B4E","Figtree Regular sets every hook and caption. The signature move is the capitals ban: only HALDEN GREENS ever sets in capitals, tracked 180 thousandths of an em above a two px Halden Green rule exactly as wide as the word GREENS, while everything else stays lowercase, with no capital even opening a sentence. A viewer notices the lowercase first and reads typing, not advertising. Hooks set 62 px on 76 px leading, captions 40 px, the subscription line Figtree SemiBold 46 px, compliance 26 px; the tub prints 11 pt on 15 pt. Never set a hook in capitals.","The wordmark is the only text in the system ever set in capitals, tracked wide over a two px Halden Green rule the exact width of the word GREENS, while every hook and caption stays lowercase even at the start of a sentence.","Conversational, honest to a fault, a little self aware, never hype. Example: ""We are not going to tell you it changed our life. It is greens. You drink them in the morning.""","Say only what we can stand behind. Claims live inside the category compliance sheet, and anything the sheet forbids does not run, however good the line.","The wordmark exists only as a flat export, dark disjoint letters on white, with no vector source. The brand green panel is fixed and every cutout has to hold against it. Some earlier photography still shows a previous tub label and should not be reused."
SB3-084-MOT,Sable and Finch Realty - Property listing tour package,Motion & Audio,Sable and Finch Realty,"The North Shore, unhurried",Residential real estate: a boutique agent team listing coastal single family homes on Massachusetts' North Shore.,"Founded 2016, Marblehead, Massachusetts, a four agent residential team running four or five listings a month.","Sable and Finch Realty sells character homes along the North Shore to move up families who are choosing carefully between a small number of houses. We present a property the way a buyer wants to feel about it: calm, warm and reassuring. Our work is quiet on purpose, because at this price calm reads as confidence.","Move up buyers roughly 35 to 48 with children, weighing this house against three or four comparable homes in the same school district, who need the facts on screen and the feeling in the frame.","Homes around and above 1.2 million dollars, the established coastal middle of the market. Presentation sits between a fast starter home listing and a near silent luxury film, and must read as neither.","calm, warm, considered, trustworthy, unhurried, understated","Sable Ink #2B2724
Finch Gold #C9A24B
Shell #EFE9DE
Harbor Slate #3E5567
Sea Mist #8FA79E","Manrope Light sets the address and headings, 58 px on the 1920 by 1080 cut and 30 pt in print. The signature move is the gold town line: under each address the town sets in Manrope Medium capitals at 20 px, tracked 300 thousandths of an em, on a 3 pt Finch Gold rule 120 px wide and flush left, and that bar is what a viewer sees first. National 2 Regular carries facts at 30 px on 42 px leading, price tabular at 34 px, disclosure 20 px. Never let a line other than the town set in capitals.","Under every address the town name sets in Manrope Medium capitals at a third the address size, tracked very wide, sitting on a short flush left Finch Gold rule, so a viewer first registers a small gold bar carrying one very quiet, very spread word.","Warm, measured, reassuring, never a hard sell. Example: ""Two streets back from the water, shingled, and the porch light is already on.""","Honest presentation of a real property. Every figure a buyer relies on, the price, the bed and bath count, the school district and the disclosure line, must be exactly right on every piece.","There is no packaged brand kit. Last season's open house card survives only as the printer's press PDF, and the on screen captions have always been rebuilt by hand each listing. Colour and type live in prior collateral rather than in a guideline anyone can hand over."
SB3-085-MOT,Sterling Row - Residence launch film and viewing package,Motion & Audio,Sterling Row,Nine residences. No hurry.,"Luxury residential: full floor residences in a converted warehouse block, sold through a single broker's video channel.","Founded 2022, a converted warehouse block of nine full floor residences, sold one at a time through one broker's channel of three or four videos a month.","Sterling Row is nine full floor residences in a converted warehouse block, starting just over four million dollars, sold to buyers who are not in a hurry and have seen everything. The channel is where most buyers first meet the broker, so every piece has to feel made by one hand. Restraint is the whole proposition: these buyers are reassured, not persuaded.","Ultra high net worth buyers, typically on their third or fourth property, reassured by evidence and calm rather than by benefit claims, who still need the floor, the square footage and the exposure before they ask to view.","Full floor residences from just over four million dollars, the top of the market. Presentation sits near neutral and deliberately small: anything that looks like a promotion reads, at this tier, as a building that is struggling to sell.","restrained, prestige, quiet, assured, precise, understated","Near Black #14161A
Cast Brass #B08D57
Stone Grey #6E7378
Warm White #F2F1ED
Slate #2C333A","Geist Regular sets the opening card at 42 px on the 1920 by 1080 cut and 11 pt in print. The signature move is that no numeral ever appears in Geist Regular: every floor, square footage, price and date sets in Geist Mono at 26 px, tabular, in Cast Brass on Near Black, ranged on one right edge. A viewer notices first that the numbers are a narrower species of type than the words. Labels set 20 px tracked 60 thousandths of an em, disclosure 16 px on 22 px. Never set a numeral in the text face.","No numeral is ever set in the text face: every floor, square footage, price and date sets in Geist Mono with tabular spacing in Cast Brass, aligned on one right edge, so the figures read as a narrower, engraved species of type beside the quiet text.","Spare, composed, confident without pressure. Example: ""Nine residences. Full floor. Sold one at a time, to buyers in no hurry.""","Discretion and accuracy. The developer's restraint rules and disclosure lines are contractual, and the brand is protected by never looking like it is selling.","The only surviving version of the wordmark is a handheld photograph of the cast brass plaque mounted in the lobby, lit from one side. There is no vector file and no clean scan. The developer's spec sheet exists only as a printed PDF, and the disclosure wording is fixed and cannot be changed."
SB3-086-MOT,Meridian Academy - Lesson video package,Motion & Audio,Meridian Academy,Practical skills for people who already have a job.,Professional education (self-paced online academy),"Founded 2021 in Portland, Oregon. A four person team running one course.","Meridian Academy sells a single self-paced program, Operations Analytics for Working Managers, at two hundred and ninety dollars. Our learners are thirty to fifty, mid-career, watching lessons late at night after their own workday. We are not a bootcamp and we are not a university. We teach one useful thing well and we respect the viewer's time and intelligence.","Working managers aged thirty to fifty, paying with their own money, fitting the course around a full-time job. They want a working skill, not a transformation story, and they distrust anything that feels like marketing.","Mid-market. A two hundred and ninety dollar considered purchase. The register sits between an impulse-priced tutorial and a formal institution: competent, quiet, self-funded professional development.","Plain, Adult, Calm, Credible, Unhurried","Deep Slate #2E3A45
Cream Stock #F4EFE4
Ink Charcoal #1C232A
Muted Sage #7C8A78
Warm Grey #B7B0A4","Larish Neue Medium sets every lesson topic at 96 px on 104 px leading, 72 px on the vertical cutdown. Seen first is the lesson numeral: the same face at 280 px, Cream Stock on Deep Slate, cropped by the left frame edge so a third runs off screen, topic stacked beside it. Untitled Sans Regular carries teaching cards at 54 px on 68 px leading, captions 38 px, the lesson label in Medium at 34 px. Certificates set the crest in Larish Neue small caps, 22 pt, tracked 120 units, over a 1.5 pt rule. Never typeset the crest in a sans.","Every lesson card opens with an oversized Larish Neue lesson numeral in Cream Stock on Deep Slate, cropped by the left frame edge so a third of the figure runs off screen with the topic stacked beside it.","Direct, warm, matter of fact. Speaks to a peer, not a beginner. Short sentences, no hype, no exclamation. The tone of a good colleague explaining something over coffee.","Respect for the learner's time, honesty about what the course does and does not cover, and production that is clear and quiet rather than loud.","Brand files are largely gone. When we changed studios the original crest design file was lost, and the mark now survives only on the completion certificates we had printed two years ago: an enclosed laurel ring with small caps type set inside it and a rule beneath, in one deep ink on cream stock. We would like it recovered as artwork we can use at any size. No usable logo vector, colour spec sheet or type licence exists on our side."
SB3-087-MOT,Norvant - Product explainer motion system,Motion & Audio,Norvant,Workflow automation for finance and operations.,"Technology, B2B SaaS (workflow automation)","Founded 2022 in Minneapolis, Minnesota. An eleven person company with no in-house designer.","Norvant is workflow automation built for finance and operations teams. Seats are one hundred and forty dollars a month, and nothing gets bought without three people signing off, so everything we put out has to look like it was made by people who know what they are doing. We are a small team shipping a serious tool, and our March release is the work the whole company has been building toward.","A buying committee of three in finance and operations, with a procurement review mid-cycle. They are looking for evidence of seriousness and real numbers, and they lengthen the cycle the moment something feels like consumer marketing.","Considered B2B mid-market. One hundred and forty dollars per seat per month, committee-approved. Not self-serve impulse software, and not heavyweight enterprise. A tool an operations lead can adopt in an afternoon and defend to a controller.","Serious, Precise, Quiet, Credible, Grown-up","Slate #33404B
Amber #E0A02C
Ink Near-Black #191F24
Paper White #F6F4EF
Cool Grey #8A929A","PP Right Serif Medium, a precise wedge serif, sets headings and the release name at 110 px on 118 px leading, 84 px on the vertical cutdown, 30 pt on the printed event card. No figure is ever a serif: every number, date, seat count and price appears in Söhne Mono tabular, 32 px on screen and 9 pt in print, so a serif frame is broken only by machine set digits. Söhne Buch sets claim cards at 54 px on 70 px leading, the registration address at 40 px, print body 9.5 pt on 13.5 pt. Never set a claim card or a figure in PP Right Serif.","No figure is ever a serif: every number, date, seat count and price is set in Söhne Mono tabular, so an otherwise all serif frame is interrupted only by machine set digits.","Plain, specific, confident without selling. States what the product does and lets the facts carry it. No stock smiles, no superlatives. Tells people directly what is and is not true.","Seriousness you can verify, restraint over noise, and plain honesty about what we could and could not do.","Brand files went with the agency that made them. The mark now survives only as the sign on our reception wall: a hexring glyph beside the wordmark, cut in slate on a brushed metal panel. Last year's regional event card exists only as the print-ready file we sent to the printer. We need the mark recovered as scalable artwork and this year's card run rebuilt from last year's file so it matches. No editable logo source, colour build or master template remains on our side."
SB3-088-MOT,SentinelMesh - Product demo and narration package,Motion & Audio,SentinelMesh,Catch the risky moment. Coach it away.,"Enterprise cybersecurity software (human cyber risk platform, SaaS)","Founded 2022 in Denver, Colorado. Roughly 40 people, venture-backed, entering its first full launch quarter.","SentinelMesh reduces human cyber risk for regulated enterprises. The platform watches for the risky moment, runs an adaptive simulation, and coaches the person in real time, closing the gap between security policy and daily behavior. We sell to CISOs and IT directors on annual contracts and we win on trust, precision, and proof that the product does what we say.","CISOs, IT directors, and the security engineers reading over their shoulder at mid-market and enterprise organizations. Technical, skeptical, and short on patience for hype.","Premium enterprise. Annual contracts from 40,000 to 90,000 dollars. Everything we ship has to read as a considered purchase a security leader can defend internally, never as a self-serve consumer app.","Precise, Restrained, Credible, Quietly confident, Grown-up","Sentinel Navy #0B1B2B
Deep Slate #16283A
Signal Cyan #2FB6C4
Cloud Grey #D9DEE3
Paper White #F5F7F8","PP Formula Condensed Medium, a squared technical grotesque, sets claim cards at 56 px and the closing card at 84 px on the 1920 frame, 64 px on the square cut, 28 pt in print. What you notice first is the cursor rule: a 4 px Signal Cyan underscore beneath each claim that overruns the final letter by exactly one character width, like a terminal cursor that has stopped. Whitney Book sets lower thirds at 34 px on 46 px leading, interface labels at 28 px, print body 9.5 pt on 14 pt, with Whitney tabular figures for every number. Never let the cyan rule appear twice in one frame.","Every claim card carries a 4 px Signal Cyan cursor rule beneath it that overruns the final letter by exactly one character width, like a terminal cursor that has stopped moving.","Plain, exact, and calm. We state what the product does and let it read as cleared rather than sold. We avoid fear language, exclamation, and buzzwords. One accent, one idea per line.","Trust earned through evidence, restraint over spectacle, clarity for a technical buyer, and claims that are cleared before they are spoken.","Our designer built the original identity and left the company, and that working file left with him. What survives is a flat export of the mark on white and a phone photo of our trade show banner, neither of which is the source artwork. The mark needs to be rebuilt as usable artwork that sits correctly on our dark navy ground."
SB3-089-MOT,Voltcast - Podcast short and audio treatment,Motion & Audio,Voltcast,Real tests. No press releases.,"Independent consumer-technology review channel (media, sponsor-funded)","Started 2020 in Portland, Oregon. A two-person operation with a mid six-figure subscriber base, publishing several times a week.","Voltcast is an independent consumer-tech review channel run by two people out of Portland. We buy or borrow the gear, run it hard, and say what we actually think. Episodes go out long-form to the main feed plus vertical and square shorts. About a third of the revenue is sponsor money, so the grid has to look like one channel and the sponsor read has to be exactly right.","Enthusiast buyers and everyday shoppers who want an honest verdict before they spend. They follow us because we are not the manufacturer, and they can tell the difference.","Mid-tier creator economy. A sponsor integration is worth a few thousand dollars and renewal depends on how the segment looks. The channel has to read as a credible independent reviewer, never as broadcast gloss and never as raw phone-shot filler.","Independent, Plain-spoken, Hands-on, Trustworthy, Unfussy","Volt Orange #F26A1B
Card Charcoal #181A1D
Bench Grey #3A3E44
Panel White #F2F2EF
Muted Steel #8A9199","PP Radio Grotesk Bold carries the verdict, one word only, all caps, tracked minus 15 units and optically scaled until it touches both card margins, Volt Orange on Card Charcoal: 96 px on the 1080 square, 120 px on the vertical, four times the body size, so the word lands before anything else is read. PP Radio Grotesk Medium sets the episode label at 40 px tracked 80. Inter Regular sets body and sponsor copy at 30 px on 42 px leading, Inter Medium tabular figures for specs at 34 px, disclosure never below 24 px, print sheet 9 pt. Never let the verdict run to two words.","The verdict is one word only, all caps in PP Radio Grotesk Bold, tracked minus 15 units and optically scaled until it touches both card margins, Volt Orange on Card Charcoal.","Direct, dry, and unhyped. We talk like a person who has actually used the thing. Sponsor copy runs as written and the disclosure line is exact. We never oversell.","Independence from the manufacturers we cover, honesty about what we tested, consistency across the grid, and respect for the audience that trusts the verdict.","The channel bug exists only as a flat export on white and we have no editable brand kit. On-screen cards get rebuilt from scratch every episode, which is the problem we want solved. We need the bug prepared as reusable artwork and the card set delivered as a file we can reopen and change each week."
SB3-090-MOT,DAYDRIFT - Vertical interview short series,Motion & Audio,DAYDRIFT,"Two chairs, one long conversation.","Independent long form interview podcast with a YouTube channel, one guest per episode, made and recorded in the show's own room.","Started 2021 in Portland, Oregon. A two person show: two hosts, one room, nine episodes a season.","DAYDRIFT is a slow, unhurried interview show built around one guest and one real conversation that runs the better part of an hour. It is made by two people in a room they know well, funded by a small paying membership and one renewing sponsor. The promise is intimacy: you are sitting in on a talk between people who like each other, not watching a broadcast.","Regular listeners aged thirty to fifty, most of them listening at work through the day. About two hundred paying members at eight dollars a month, plus a few thousand free listeners who click through to the channel page.","Membership at eight dollars a month with one modest renewing sponsor. Squarely independent: above hobby, well below a network production. The look must read considered and hand made, never broadcast and never scrappy meme.","warm, unhurried, considered, hand made, domestic, sincere","Lamplight Amber #C68A4E
Deep Room Brown #3A2E26
Foam Cream #EDE4D3
Slate Ink #2B2B2E
Muted Sage #7C8471","Romie Regular, a warm high contrast serif with drawn ball terminals, sets episode titles and cover topics at 64 px on 78 px leading for the 1080 by 1350 covers, 72 px on trailers, 24 pt on 29 pt in print. Italic is reserved for one thing: the guest name, Romie Italic at 44 px directly under the title, the only slanted type in the show and the line the eye catches first on a cover. Cronos Pro Light sets credits at 34 px, dates and the sponsor line at 26 px, 9 pt in print. Never typeset the show name; it stays the flag artwork.","Italic is reserved for exactly one thing, the guest name in Romie Italic under every episode title, the only slanted type anywhere in the show.","Plain, warm and a little understated, the way two friends actually talk. We never oversell a guest. Example line the brand would write: ""Episode eight. We sat down with her for an hour and did not want it to end.""","Honesty and warmth over polish. The show would rather be small and real than slick, and it wants a look it can keep running itself next season without re commissioning.","There are no brand files left. The show name only survives as artwork on the foam flag on the microphone, drawn years ago by a friend who has since moved away and left no source file. Last season's printed episode card exists only as the print file the printer returned. Everything else has to be rebuilt from those."
SB3-091-MOT,STATIC FOX - Thumbnail and animated channel package,Motion & Audio,STATIC FOX,Co op disasters and bad decisions.,"Mid tier comedy gaming YouTube channel: co op gameplay, reaction humour and a weekly members stream.","Running since 2019 out of Manchester, England. One creator with a home setup, six uploads a month plus a Sunday members stream.","STATIC FOX is a loud, fast comedy gaming channel built on co op chaos and the creator's on camera reactions. Around four hundred thousand subscribers watch for the disasters, the bad calls and the running jokes. The videos land once people click, so the whole brand fight happens on the thumbnail, in the feed, at a glance.","Mostly fifteen to twenty five, watching in a crowded feed on phones. They want energy and payoff, not taste. Income comes from advertising and channel memberships.","Mid tier creator funded by ad revenue and memberships. The work has to be loud, saturated and heavy on the face and the moment, because that is what wins the click at this level. Restrained and tasteful reads as the wrong channel; pure noise stops reading as one channel at all. Loud and coherent is the line.","loud, chaotic, playful, irreverent, high energy, unpretentious","Fox Orange #FF5A1F
Static Purple #7A2FF2
Acid Signal #B6FF2E
Jet Black #101014
Signal White #FFFFFF","Titles are capitals in Univers, and the signature move is a width flip: setup words run in Univers 59 Ultra Condensed, then the payoff word jumps to Univers 83 Extra Black Extended, so a narrow stack of caps suddenly fattens on the last word, every word carrying a hard black outline. The flip is what a viewer clocks first. Thumbnails set 190 px condensed with the payoff word at 150 px extended, dropping to 96 px on long copy. Inter SemiBold 600 carries tags and the end card at 54 px on 62 px leading, credits at 40 px, merch at 14 pt. Never set the payoff word condensed.","A width flip inside one family: the setup words are set in Univers 59 Ultra Condensed and the final payoff word jumps to Univers 83 Extra Black Extended, so a narrow stack of capitals suddenly fattens on the last word.","Fast, funny, self deprecating and a bit chaotic, always in on the joke. Example line the brand would write: ""We had one job. We did not do the job. New one up now.""","Repeatability and independence. The creator wants a set that looks like one channel and a file they can keep editing themselves, so they never have to pay for a new one when a title changes.","The mascot, Scrap the fox in a headset, was drawn two years ago and survives only as a flat shaded render on a dark panel, with no clean cutout. The merch fox head emblem's original file is long gone and exists only as a photo of the embroidered patch on the creator's hoodie. There is no brand kit; titles and catchphrases live in a text file."
SB3-092-MOT,NIGHTFORM - Low Beam music release package,Motion & Audio,NIGHTFORM,Music for the drive home.,"Self released independent electronic music. Streaming first, with physical vinyl and cassette editions through independent record shops.","A solo project running since 2020 in Portland, Oregon. One artist who writes, produces and releases everything without a label.","NIGHTFORM is a self released electronic project built on mood: late, atmospheric, cinematic tracks that sound like driving at night. The next single, Low Beam, is bought on feeling and on the sense that one person made the whole thing, so every visual has to carry the same nocturnal weight as the music.",Streaming listeners roughly nineteen to thirty four who follow the mood. Physical buyers pay twelve to twenty eight dollars for vinyl and cassette through independent shops.,"Independent, no label, priced as a self released record. The look has to be dark, grainy and slightly rough, never bright, clean and commercial, which would read as a car advert or a stock reel. Total blackness is the other failure: the road still has to be legible on a phone in daylight.","cinematic, nocturnal, moody, understated, atmospheric, self made","Sodium Amber #C77A2E
Asphalt Black #0C0E12
Tunnel White #E8E4DC
Wet Slate #1E2530
Low Beam Grey #4A4F58","The recovered wordmark stays untouched artwork. Display is Folio Medium capitals, and the signature move is width matching: the track title is letterspaced 0.24 em and optically fitted to the exact width of the wordmark above it, so the cover reads as two white lines of identical measure, one tight and one airy, which is what a viewer sees first. Titles run 96 px on the 1200 px cover, 72 px in the teaser and 30 pt on the sleeve. Söhne Buch 400 sets credits and formats at 30 px on 42 px leading, 8.5 pt on 12 pt in print, numerals tabular lining. Never break a title onto two lines.","The track title is set in Folio Medium capitals letterspaced 0.24 em and optically fitted to the exact width of the recovered wordmark above it, so every release reads as two white lines of identical measure, one tight and one airy.","Spare and evocative, closer to a liner note than a sales line. Example line the brand would write: ""Low Beam. Recorded from the passenger seat, north of the city, around eleven at night.""","One person, one mood, made without a label. The artist changes the words up to the drop date and cannot re commission, so anything text bearing has to stay editable.","The wordmark survives only as a flat exported picture: separated white capitals on a solid black square, from a source file no one still has. It has to be recovered as usable artwork. The previous release's sleeve card exists only as the printer's press PDF, and the whole visual identity for this single comes out of one forty five second night take."
SB3-093-MOT,Emberline - Food channel thumbnail and motion package,Motion & Audio,Emberline,"A good kitchen, every day.","Daily food and craft television show on a regional daytime slot, with promos cut for the short video feeds and a same day turnaround.","On air since 2018, produced in Providence, Rhode Island. A small daily production crew that shoots in the morning, cuts in the afternoon and posts the promo before anyone leaves.","Emberline is a bright, friendly daily food and craft show built around one host, a sunny studio kitchen and an accessible dish or make each day. It is free to watch and mainstream in the best sense: warm, unfussy and appetising. Because the promo ships every single day, the brand lives or dies on a look that can be reached again tomorrow by whoever is at the desk.","Mainstream daytime viewers skewing thirty five to sixty five, watching on a mid range television and on their phones. The show is free and the products featured run ten to thirty dollars.","Regional daytime, free to watch, everyday products. The look must be lively, clean and appetising, never moody, filmic or corporate, and never a two hundred dollar tasting menu with deep shadows and fine type. Hard broadcast punch is the other failure: it stops the food looking edible.","bright, warm, friendly, appetising, accessible, dependable","Ember Coral #E8623D
Fresh Cream #FBF4E7
Herb Green #5FA05A
Warm Charcoal #33302B
Sunlit Butter #F2C14E","Titles, endboard and show name are Optima nova Demi, whose flared stems read warm without going corporate. The signature move is a single oversized initial: the first letter of every title sits on the shared baseline at 1.75 times the cap height and hangs left outside the text block, so a big flared letter breaking the margin is the first thing seen. Thumbnail titles run 150 px with the initial at 262 px, the endboard 96 px. Omnes Semibold 600 sets straps at 84 px, Omnes Regular 400 sets card notes at 36 px on 48 px leading, 11 pt on 15 pt in print. Never condense Optima to fit.","Every title carries a single oversized initial, the first letter set at 1.75 times the cap height of the rest on the shared baseline and hung left outside the text block so one big flared letter always breaks the margin.","Upbeat, plain and welcoming, like a host talking to a regular viewer. Example line the brand would write: ""Today on Emberline: a white bean and rosemary gratin you can have on the table in under an hour.""","Repeatability and warmth. What the show is actually buying is a look and a written recipe a different editor can run tomorrow, so the brand stays consistent day after day without drift.","There is no clean brand kit. The typefaces the on air package used survive only as a previous designer's note written from memory, in loose form. The house colour is recorded twice with two different values, one from the on air graphics package and one from the print kit, with nothing saying which governs, so it must be settled before use."
SB3-094-MOT,Halden Diaries - Season recap video package,Motion & Audio,The Halden Diaries,an ordinary week filmed,"Independent daily vlog channel, self shot and self edited, patron supported, entering its first sponsored season.","Founded 2021, Portland, Maine, a one person channel run entirely by its creator Nate Halden.","The Halden Diaries is a self shot, self edited vlog in which Nate Halden films an ordinary week in his own flat and puts out one episode every Sunday. The channel promises intimacy over production: the same rooms, the same face, the same unhurried attention week after week. Season two is its first with a sponsor, and the whole point is that the sponsor changed nothing about how the week feels.","Loyal rather than large, aged 24 to 38, patrons who pay 6 dollars a month for closeness and receive a printed card set at each season end. They buy the feeling of a friend filming his week, not a studio production.","Patron subscriptions at 6 dollars a month with a printed card set mailed at season end, first sponsored season attached. Sits deliberately between a phone edit and a studio channel: domestic warmth held to a professional standard.","warm, unhurried, lived in, honest, homemade but careful, quietly consistent","Board Ink #2B2A33
Limewashed Pine #EDE6D6
Kitchen Terracotta #C06A47
Window Sage #8B9B82
Evening Dusk #6E7480
Warm Paper #F6F2E9","HALDEN stays the painted board lettering, never retyped. Display is Avenir Next Demi Bold, and the signature move is an extreme size jump: every cover carries the week number as one numeral at 260 px above the episode title at 44 px, roughly six to one, with the board's rule redrawn at 2 px to that numeral's exact width between them. A huge quiet number over a whisper of a title registers first. Titles and card copy are Freight Text Pro Book 400 at 44 px on 58 px leading, 10 pt on 14 pt in print. Captions are Avenir Next Regular 400 at 44 px, sentence case. Never set HALDEN in Avenir Next.","An extreme size jump on every cover: the week number as one Avenir Next Demi Bold numeral at 260 px with the episode title beneath at 44 px, the redrawn board rule between them cut to the exact width of that numeral.","First person, plain, unhurried, a little self deprecating. He writes the way he talks to camera. Example line: 'An ordinary week, filmed. Thanks for staying with it.'","Intimacy and honesty: one man filming his own week, kept that way even with a sponsor in the room.","No brand files have ever existed. The channel name lives only as a board Nate hand painted on limewashed pine before the first episode, one deep ink with a painted hairline rule beneath it, and it survives only as a handheld photograph. The wordmark HALDEN has to be recovered from that photograph as usable artwork. There is no logo file, no colour spec and no prior guideline."
SB3-095-MOT,Anvil and Oak Strength - Movement coaching clip library,Motion & Audio,Anvil and Oak Strength,"strength, taught plainly","Subscription strength training app with a coached movement library, sold direct to home gym subscribers.","Providence, Rhode Island; canonical context for the repeat-client series.","Anvil and Oak Strength is the repeat client for this benchmark series. The canonical client context is Providence, Rhode Island, and this commission covers phase 2: coached movement video library.","Subscribers aged 30 to 52 with a home or garage gym, already lifting and paying for instruction rather than motivation. They can tell a coach from a cheerleader and buy the difference.","49 dollars a month, coached strength, extended a quarter at a time. Positioned as a working coach's studio: clearly above a 9 dollar mass fitness app and deliberately clear of a clinical or rehabilitation register.","competent, grounded, unhurried, honest, craftsman like, quietly confident","Anvil Iron #2B2B2E
Oak #6B4A2E
Whitewash Wall #EDE8DF
Chalk #F4F2ED
Ember Rust #A6552F
Steel Grey #8A9099","Movement names are Trade Gothic Bold Condensed No. 20, capitals, and the signature move is a forced two line break: every name stacks on two rows whatever its length, flush left, leading at 0.86 of the cap height so the rows almost touch, under a 3 px Ember Rust rule cut to the lower row's exact width. That tight block and its rust underscore read first. Names run 96 px on the wide reel, 72 px on the square cutdown, 34 pt on the printed card. Benton Sans Medium 500 sets cues at 48 px wide and 56 px vertical on 1.4 spacing, 10.5 pt on 15 pt in print, numerals tabular lining. Never set a movement name on one line.","Every movement name is forced onto two lines whatever its length, flush left with leading at 0.86 of the cap height so the rows almost touch, and a 3 px Ember Rust rule pinned under the lower line at exactly that line's width.","Direct, instructional and calm. Speaks like a coach giving a cue, not a brand selling one. Example line: 'Brace, hinge, drive through the floor. That is the whole lift.'","Competence and honesty: real bodies doing real work, taught by people who actually lift.","The wordmark and the in house certification seal survive only as stitching on a canvas gym bag patch, held now as one handheld photograph. Both have to be recovered from that photograph as artwork before they can go on the cards and the library sheet. The seal is a compound ring lockup, type set around a central anvil glyph inside a ruled ring. There is no vector file, no colour spec and no prior guideline."
SB3-096-MOT,Vitale Labs - Wellness editorial video package,Motion & Audio,Vitale Labs,clear about what we know,"Direct to consumer supplement line sold on subscription, with a short form educational video series.","Founded 2018, Denver, Colorado, a small direct to consumer supplement company with an in house presenter.","Vitale Labs is a small Denver supplement line sold direct to consumers on subscription. Its presenter, Dr. [record subject] Reuter, fronts a short explainer series, The Balance Brief, that turns one cleared claim per episode into a calm, credible watch. The brand's whole positioning is restraint: it speaks to buyers who have been burned by overclaiming, and it rewards being believed over being loud.","Wellness curious buyers aged 30 to 50, cautious about health claims and burned by overclaiming before. They reward evidence and plain speech, and they close the tab on hype.","Bottles around 40 dollars a month on subscription. Positioned between a discount gummy stack and a 200 dollar longevity clinic: credible and warm, never clinical and never hyped.","credible, warm, calm, careful, unhurried, trustworthy","Lab Ink #23282B
Warm Neutral #E7E0D4
Sage #7E8F6E
Clay #B5765A
Off White #F6F3EC
Soft Amber #D9A24E","The signature display face is Garamond Premier Pro Display, Regular 400, always at the Display optical size so the hairlines stay fine at scale. What a viewer notices first is the cleared sentence standing alone on Off White with one oversized Clay initial dropped three lines deep and a 2 px Sage rule closing it. Whitney Book sets body, Whitney Medium sets labels and credits. Teaser sentence 64 px on 76 px leading, presenter credit 30 px, episode label 24 px, vertical cutdown 58 px, printed card 28 pt on 34 pt. Never set that sentence in caps or italic.",Every episode opens on the cleared sentence standing alone on Off White with one oversized Clay initial dropped three lines deep and a 2 px Sage rule closing it.,"Measured, warm and plain. States what is known and stops there. Example line: 'One change, explained clearly. No promises we cannot keep.'",Credibility over reach: never a claim the reviewer did not clear.,"The brand runs on the artwork its printer used last season. The episode card exists as the press PDF the printer worked from, and the per episode details live in a supplied sheet. Type and colour direction are inherited from that card rather than from a formal guideline, and the regulatory reviewer's cleared claim lines are fixed and cannot be reworded."
SB3-097-MOT,Pulsevault - Event recap package,Motion & Audio,Pulsevault,made in the room,"Independent monthly warehouse club night, promoted social first to a door paying crowd.","Founded 2022, Cleveland, Ohio, an independent monthly warehouse night run by a small promoter crew.","Pulsevault is an independent monthly club night in a Cleveland warehouse, run by a small crew and promoted almost entirely on social in the days after each event. Door is 20 to 30 dollars, the room is late teens to twenties, and the night lives or dies on what goes up before the next tickets drop. Its audience follows the night, not the venue, and can smell something made by an agency from across the room.","Late teens to twenties, following the night rather than the venue. They read agency polish as proof the night has been bought and is no longer theirs.","A 20 to 30 dollar door at an independent monthly night. Positioned deliberately rough: loud and immediate, kept clear of both a 100 dollar festival brand and a homemade flyer nobody made.","loud, immediate, raw, rough on purpose, honest, high energy","Blackout #0C0C0F
Stage Magenta #E0247C
Laser Cyan #17C6D6
Flood Amber #E8933A
Concrete #4A4A50","Display is Didot, the Linotype Didot headline cut, Bold, and it sets the event line and nothing else. What you notice first is that line blown up until the hairlines almost vanish, running off both edges so the trim crops the letters instead of the type fitting the frame, with Stage Magenta flooding the counters. Aktiv Grotesk Medium names the acts, Regular sets times and the ticket line. Cover event line 150 px, date 48 px, headliner 96 px, supports 54 px, ticket line 30 px, printed lineup card 40 pt. Never re-typeset the painted wall mark.","The event line is blown up until the hairlines almost vanish and it runs off both edges, so the trim crops the letters rather than the type fitting the frame.","Direct and hyped but never fake, written the way the crew actually talks. Example line: 'Saturday. Warehouse. Tickets Tuesday. Do not sleep on it.'","It belongs to the crowd: made by the people who run the night, not bought in.","Pulsevault has never had a logo file. The mark exists only hand painted on the brick beside the entrance and survives as one photograph taken at the end of the night under a single floodlight. The wordmark has to be recovered from that photograph as artwork the night can reuse, and it has to hold on a cover that is close to black. There is no colour spec and no prior guideline. The one thing the night reprints unchanged is a plain lineup card its print shop runs a small batch of each month, supplied as last month's flat press artwork: the running order and the per act details change every date, the layout does not."
SB3-098-MOT,Velvet Hour - Social film and story cutdowns,Motion & Audio,Velvet Hour,"One night a month, sit down and listen.","Arts, culture and live music (monthly ticketed jazz and folk night)","Founded 2021 in the back room of a bar, Providence, Rhode Island. Tiny: two organisers, ninety seats, one night a month.","Velvet Hour is a monthly ticketed jazz and folk night held in the ninety seat back room of a Providence bar. Two sets, no support, one camera in the same corner every month. The night sells intimacy and musicianship to people who read a lineup carefully, so everything we make should feel like a good room rather than a club or a concert hall.","Lineup literate adults roughly thirty to sixty who pay eighteen to twenty five dollars to sit close and listen. Locals who follow the acts, not a party crowd.","Mid, intimate. An eighteen to twenty five dollar ticket. Never budget club, never black tie concert hall.","Warm, Unhurried, Intimate, Editorial, Understated","Lamp Cream #EFE3C8
Back Room Green #243026
Warm Ink #1C1A17
Ember Amber #C8873F
Dust Rose #B6837C","Act names are Adobe Caslon Pro, Regular 400, with its true small caps. The signature is the act name always stacked on two lines, given name above surname, the surname in Caslon small caps tracked 120 units so the second line falls quieter than the first. National 2 Regular sets billing and dates, Medium the ticket line. The poster runs headline act 96 pt, supports 48 pt, date 24 pt, body 11 pt on 16 pt leading, small print 8 pt; film titles 54 px on 64 px. Never set an act name in the sans.","Every act name stacks on two lines, given name above surname, with the surname in true Caslon small caps tracked 120 units so the second line falls quieter than the first.","Plain, affectionate, low key. Talks about the room and the players, never hypes. Short sentences, no exclamation, lets the act's face and the music do the work.","Story first, no gimmicks. Clean, coherent, honest to the room. We would rather look like a place people sit and listen than like a night that is trying too hard.","Our mark, a moth over a lamp inside a hairline arc of small caps type, was made by the designer who set up the night, and the source file went with them when they left. All that survives is the mark painted in one cream ink on the dark green lamp box by the door, which is why it has to be rebuilt from that as real artwork. No brand typeface was ever formally chosen, so the type system is open for you to set."
SB3-099-MOT,Milepost Driving Academy - Scenario clip training library,Motion & Audio,Milepost Driving Academy,"Calm, thorough, road ready.",Driver education and road safety training (accredited in car and classroom academy),"Established 2009 in Burlington, Vermont. Small: two instructors, roughly sixty learners a term.","Milepost is an accredited driving academy in Vermont running in car lessons and a classroom course. Two instructors, about sixty learners a term, mostly sixteen to nineteen with a steady number of adult beginners. Our reputation is that we are calm and thorough, and every learner leaves certain about what they are looking at. Everything we make has to earn the trust of a nervous learner and the parent paying for the course.","Learners sixteen to nineteen plus adult beginners, with the purchase decision usually made by a parent. People who want reassurance that the school is careful and legitimate.","Mid, accredited and dependable. Sixty dollars an hour. Not a budget app, not a premium driving experience brand.","Calm, Thorough, Clear, Accountable, Neutral","Signal Green #2E6B4F
Route White #F7F7F4
Slate Text #2A2E33
Caution Amber #E4A11B
Sky Grey #9AA6AE","Display is Baskerville Display PT, Bold for the school name, Regular for scenario titles, nothing else. What a viewer notices first is the scenario number set in Baskerville Display PT at three times the title size, in Signal Green, with a 3 px Caution Amber rule beneath. Inter Regular and Semibold, tabular lining figures throughout, carries every step, callout and caption. Step title 72 px, step body 44 px on 58 px leading, callout 56 px, caption 32 px, vertical title 64 px, printed guide 11 pt on 16 pt. Never set a step in italic or caps.","Every scenario carries its number set in Baskerville Display PT at three times the title size, in Signal Green, with a 3 px Caution Amber rule directly beneath it.","Calm, instructive, reassuring. One idea at a time, numbered where it helps, no slang and no drama. Speaks plainly to a beginner and to the parent reading over their shoulder.","Certainty over style. A learner and a parent must always be sure what they are looking at. Nothing stylised, nothing that reads as styling over substance, consistency that shows the school is careful.","Everything a learner currently sees from us dates to 2019 and looks it. The printer holds the press file for the guide, but the source files for our simplified sign shapes are gone: they only survive as a photograph of a sheet our first designer printed and taped to the wall, so those glyphs have to be recovered from that. No brand typeface was ever locked, so the type system is open for you to set to our legibility standard."
SB3-100-MOT,FOLD and GRAIN Studio - Dual-client sizzle and service package,Motion & Audio,FOLD & GRAIN Studio,One take. Everything you need to sell it.,Product photography studio moving from a day rate practice to a fixed price productized service,"Founded 2020 in Portland, Oregon. Three people: Nina (art direction and shooting), plus a retoucher and a studio assistant.","FOLD & GRAIN shoots small brands' products the way those brands actually sell them, in a row, as a range, rather than one hero at a time. For six years we sold days. We are now selling a product: one continuous take per client and, out of that single take, the shot board, the short films and the platform cuts a small brand needs to launch. Our work sits behind pantry goods at eight dollars and sterling silver at a hundred and eighty, and the whole point is that the same method tunes to each. Precision, repeatability and honesty about what a shoot can and cannot yield are the studio's stock in trade.","Small and independent product brands (pantry, personal care, jewellery, homeware) launching or refreshing a web store and needing a full range shot to look like one afternoon. Founders who buy a fixed price and a fixed turnaround, not a day rate.","Repositioning from roughly fifteen hundred dollars a day to a fixed twenty two hundred to thirty five hundred dollars per client run. Mid-market, productized, premium to a freelancer but well under an agency.","Exacting, Plainspoken, Craft-first, Unfussy, Quietly confident","Paper White #F5F1E8
Ink Black #1A1A17
Kraft Tan #C7A879
Slate Grey #6D7378","Display is Engravers, LT Std Bold Face, caps only. The wordmark always stacks on two lines, FOLD above GRAIN, the ampersand set small and centred between them, tracked 180 units so it reads as a struck stamp, not a line of type. Neue Haas Grotesk Text 55 Roman sets body. Sohne Mono Buch carries specs, parameters and prices in tabular figures. Board title 28 pt, captions and prices 12 pt, mono specs 8 pt on 12 pt leading, service page headline 72 px, body 18 px on 28 px, mono 14 px. Never set the wordmark in the mono.","The wordmark always stacks on two lines, FOLD above GRAIN with the ampersand set small and centred between them, tracked 180 units so it reads as a struck stamp rather than a line of type.","Direct, specific, no salesmanship. We name what a shoot can deliver and what it cannot, and we write our recipes so an assistant could run them. Sentences are short and concrete.","Repeatability over one-off flourish, honesty about limits, and price-appropriate craft: a treatment right for one band is wrong for another, and saying so is the service.","FOLD & GRAIN has a consistent working look built up over six years but never a codified system. There is a set wordmark and studio colours in practice, no written guidelines. This engagement, which includes the studio's own service page, is where the identity gets formalized for the first time."
