Task code,Task name,Family,Sequence,Output ID,Deliverable,Output file,Kind,Specification,Status
SB3-001-PHO,Aurelian Skin - Ecommerce skincare image system,Photo & Image,1,pdp-r002,Skincare product-page module - Clarity Vitamin C Serum,deliverables/pdp-r002.png,pdp,format: png; width: 1440; height: 1800,not_produced
SB3-001-PHO,Aurelian Skin - Ecommerce skincare image system,Photo & Image,2,pdp-r003,Skincare product-page module - Even Niacinamide Serum,deliverables/pdp-r003.png,pdp,format: png; width: 1440; height: 1800,not_produced
SB3-001-PHO,Aurelian Skin - Ecommerce skincare image system,Photo & Image,3,pdp-r004,Skincare product-page module - Reservoir Hyaluronic Serum (30ml frosted),deliverables/pdp-r004.png,pdp,format: png; width: 1440; height: 1800,not_produced
SB3-001-PHO,Aurelian Skin - Ecommerce skincare image system,Photo & Image,4,pdp-r005,Skincare product-page module - Renew Retinol Night Oil,deliverables/pdp-r005.png,pdp,format: png; width: 1440; height: 1800,not_produced
SB3-001-PHO,Aurelian Skin - Ecommerce skincare image system,Photo & Image,5,pdp-r006,Skincare product-page module - Barrier Peptide Moisturizer,deliverables/pdp-r006.png,pdp,format: png; width: 1440; height: 1800,not_produced
SB3-001-PHO,Aurelian Skin - Ecommerce skincare image system,Photo & Image,6,pdp-r007,Skincare product-page module - Gentle Amino Cleanser,deliverables/pdp-r007.png,pdp,format: png; width: 1440; height: 1800,not_produced
SB3-001-PHO,Aurelian Skin - Ecommerce skincare image system,Photo & Image,7,pdp-r008,Skincare product-page module - Refine Exfoliating Toner,deliverables/pdp-r008.png,pdp,format: png; width: 1440; height: 1800,not_produced
SB3-001-PHO,Aurelian Skin - Ecommerce skincare image system,Photo & Image,8,pdp-r009,Skincare product-page module - Barrier Repair Cream,deliverables/pdp-r009.png,pdp,format: png; width: 1440; height: 1800,not_produced
SB3-001-PHO,Aurelian Skin - Ecommerce skincare image system,Photo & Image,9,range-launch,Skincare range launch key visual,deliverables/range-launch.png,landscape,format: png; width: 1920; height: 1080,not_produced
SB3-001-PHO,Aurelian Skin - Ecommerce skincare image system,Photo & Image,10,retailer-carousel-p01,Retailer launch carousel - Page 1,deliverables/retailer-carousel-p01.png,carousel,format: png; width: 1080; height: 1350,not_produced
SB3-001-PHO,Aurelian Skin - Ecommerce skincare image system,Photo & Image,11,retailer-carousel-p02,Retailer launch carousel - Page 2,deliverables/retailer-carousel-p02.png,carousel,format: png; width: 1080; height: 1350,not_produced
SB3-001-PHO,Aurelian Skin - Ecommerce skincare image system,Photo & Image,12,retailer-carousel-p03,Retailer launch carousel - Page 3,deliverables/retailer-carousel-p03.png,carousel,format: png; width: 1080; height: 1350,not_produced
SB3-001-PHO,Aurelian Skin - Ecommerce skincare image system,Photo & Image,13,retailer-carousel-p04,Retailer launch carousel - Page 4,deliverables/retailer-carousel-p04.png,carousel,format: png; width: 1080; height: 1350,not_produced
SB3-001-PHO,Aurelian Skin - Ecommerce skincare image system,Photo & Image,14,retailer-carousel-p05,Retailer launch carousel - Page 5,deliverables/retailer-carousel-p05.png,carousel,format: png; width: 1080; height: 1350,not_produced
SB3-002-PHO,Corner and Cure - Spring dish launch photography,Photo & Image,1,dish-card-r002,Spring dish counter card - Burnt Butter Gnocchi,deliverables/dish-card-r002.pdf,card,format: pdf; width_mm: 105.156; height_mm: 148.167; pages: 1,not_produced
SB3-002-PHO,Corner and Cure - Spring dish launch photography,Photo & Image,2,dish-card-r003,Spring dish counter card - Roast Squash & Farro Bowl,deliverables/dish-card-r003.pdf,card,format: pdf; width_mm: 105.156; height_mm: 148.167; pages: 1,not_produced
SB3-002-PHO,Corner and Cure - Spring dish launch photography,Photo & Image,3,dish-card-r004,Spring dish counter card - Braised Short Rib Sandwich,deliverables/dish-card-r004.pdf,card,format: pdf; width_mm: 105.156; height_mm: 148.167; pages: 1,not_produced
SB3-002-PHO,Corner and Cure - Spring dish launch photography,Photo & Image,4,dish-card-r005,Spring dish counter card - Charred Broccolini & Anchovy,deliverables/dish-card-r005.pdf,card,format: pdf; width_mm: 105.156; height_mm: 148.167; pages: 1,not_produced
SB3-002-PHO,Corner and Cure - Spring dish launch photography,Photo & Image,5,dish-card-r006,Spring dish counter card - Chicken Milanese,deliverables/dish-card-r006.pdf,card,format: pdf; width_mm: 105.156; height_mm: 148.167; pages: 1,not_produced
SB3-002-PHO,Corner and Cure - Spring dish launch photography,Photo & Image,6,dish-card-r007,Spring dish counter card - Spring Pea & Mint Risotto,deliverables/dish-card-r007.pdf,card,format: pdf; width_mm: 105.156; height_mm: 148.167; pages: 1,not_produced
SB3-002-PHO,Corner and Cure - Spring dish launch photography,Photo & Image,7,dish-card-r008,Spring dish counter card - Grilled Hake & Salsa Verde,deliverables/dish-card-r008.pdf,card,format: pdf; width_mm: 105.156; height_mm: 148.167; pages: 1,not_produced
SB3-002-PHO,Corner and Cure - Spring dish launch photography,Photo & Image,8,dish-card-r009,Spring dish counter card - House Burger & Aged Cheddar,deliverables/dish-card-r009.pdf,card,format: pdf; width_mm: 105.156; height_mm: 148.167; pages: 1,not_produced
SB3-002-PHO,Corner and Cure - Spring dish launch photography,Photo & Image,9,dish-card-r010,Spring dish counter card - Whipped Ricotta & Honey,deliverables/dish-card-r010.pdf,card,format: pdf; width_mm: 105.156; height_mm: 148.167; pages: 1,not_produced
SB3-002-PHO,Corner and Cure - Spring dish launch photography,Photo & Image,10,dish-card-r011,Spring dish counter card - Roast Carrots & Dukkah,deliverables/dish-card-r011.pdf,card,format: pdf; width_mm: 105.156; height_mm: 148.167; pages: 1,not_produced
SB3-002-PHO,Corner and Cure - Spring dish launch photography,Photo & Image,11,dish-card-combined,Spring dish counter card - combined production run,deliverables/dish-card-combined.pdf,combined_print_run,format: pdf; pages: 10; width_mm: 105.156; height_mm: 148.167,not_produced
SB3-003-PHO,Cedarline and Vale - Ridgeway Lane listing image system,Photo & Image,1,listing-brochure,Ridgeway Lane listing brochure,deliverables/listing-brochure.pdf,brochure,format: pdf; width_mm: 210; height_mm: 297; pages: 6,not_produced
SB3-003-PHO,Cedarline and Vale - Ridgeway Lane listing image system,Photo & Image,2,portal-hero,Property portal hero,deliverables/portal-hero.png,landscape,format: png; width: 1920; height: 1080,not_produced
SB3-003-PHO,Cedarline and Vale - Ridgeway Lane listing image system,Photo & Image,3,room-post-living,Room announcement - Living,deliverables/room-post-living.png,feed,format: png; width: 1080; height: 1350,not_produced
SB3-003-PHO,Cedarline and Vale - Ridgeway Lane listing image system,Photo & Image,4,room-post-kitchen,Room announcement - Kitchen,deliverables/room-post-kitchen.png,feed,format: png; width: 1080; height: 1350,not_produced
SB3-003-PHO,Cedarline and Vale - Ridgeway Lane listing image system,Photo & Image,5,room-post-bedroom,Room announcement - Bedroom,deliverables/room-post-bedroom.png,feed,format: png; width: 1080; height: 1350,not_produced
SB3-004-PHO,Verranza Coastal Retreats - Villa collection image system,Photo & Image,1,booking-hero-oliveto,Villa booking hero - Oliveto,deliverables/booking-hero-oliveto.png,landscape,format: png; width: 1920; height: 1080,not_produced
SB3-004-PHO,Verranza Coastal Retreats - Villa collection image system,Photo & Image,2,booking-hero-scogliera,Villa booking hero - Scogliera,deliverables/booking-hero-scogliera.png,landscape,format: png; width: 1920; height: 1080,not_produced
SB3-004-PHO,Verranza Coastal Retreats - Villa collection image system,Photo & Image,3,booking-hero-verranza,Villa booking hero - Verranza,deliverables/booking-hero-verranza.png,landscape,format: png; width: 1920; height: 1080,not_produced
SB3-004-PHO,Verranza Coastal Retreats - Villa collection image system,Photo & Image,4,villa-collection,Villa comparison brochure,deliverables/villa-collection.pdf,brochure,format: pdf; width_mm: 210; height_mm: 297; pages: 6,not_produced
SB3-005-PHO,Halcyon Quarter - Mixed-use launch photography,Photo & Image,1,hoarding,Halcyon Quarter launch hoarding,deliverables/hoarding.pdf,wide-print,format: pdf; width_mm: 1200; height_mm: 600; pages: 1,not_produced
SB3-005-PHO,Halcyon Quarter - Mixed-use launch photography,Photo & Image,2,launch-poster,Mixed-use launch poster,deliverables/launch-poster.pdf,poster,format: pdf; width_mm: 420; height_mm: 594; pages: 1,not_produced
SB3-005-PHO,Halcyon Quarter - Mixed-use launch photography,Photo & Image,3,property-portal,Property portal campaign panel,deliverables/property-portal.png,landscape,format: png; width: 1920; height: 1080,not_produced
SB3-006-PHO,Hollis Family Archive - Ada Hollis archival restoration,Photo & Image,1,restoration-hollis-scan-01,Archival restoration master - hollis_scan_01,deliverables/restoration-hollis-scan-01.png,master,format: png; width: 2200; height: 3000,not_produced
SB3-006-PHO,Hollis Family Archive - Ada Hollis archival restoration,Photo & Image,2,restoration-hollis-scan-02,Archival restoration master - hollis_scan_02,deliverables/restoration-hollis-scan-02.png,master,format: png; width: 2400; height: 3200,not_produced
SB3-006-PHO,Hollis Family Archive - Ada Hollis archival restoration,Photo & Image,3,restoration-hollis-scan-03,Archival restoration master - hollis_scan_03,deliverables/restoration-hollis-scan-03.png,master,format: png; width: 2600; height: 3400,not_produced
SB3-006-PHO,Hollis Family Archive - Ada Hollis archival restoration,Photo & Image,4,restoration-hollis-scan-04,Archival restoration master - hollis_scan_04,deliverables/restoration-hollis-scan-04.png,master,format: png; width: 3000; height: 4000,not_produced
SB3-006-PHO,Hollis Family Archive - Ada Hollis archival restoration,Photo & Image,5,restoration-hollis-scan-05,Archival restoration master - hollis_scan_05,deliverables/restoration-hollis-scan-05.png,master,format: png; width: 3200; height: 4200,not_produced
SB3-006-PHO,Hollis Family Archive - Ada Hollis archival restoration,Photo & Image,6,restoration-hollis-scan-06,Archival restoration master - hollis_scan_06,deliverables/restoration-hollis-scan-06.png,master,format: png; width: 2400; height: 3600,not_produced
SB3-006-PHO,Hollis Family Archive - Ada Hollis archival restoration,Photo & Image,7,restoration-hollis-scan-07,Archival restoration master - hollis_scan_07,deliverables/restoration-hollis-scan-07.png,master,format: png; width: 2400; height: 3600,not_produced
SB3-006-PHO,Hollis Family Archive - Ada Hollis archival restoration,Photo & Image,8,restoration-hollis-scan-08,Archival restoration master - hollis_scan_08,deliverables/restoration-hollis-scan-08.png,master,format: png; width: 2400; height: 3600,not_produced
SB3-006-PHO,Hollis Family Archive - Ada Hollis archival restoration,Photo & Image,9,restoration-hollis-scan-09,Archival restoration master - hollis_scan_09,deliverables/restoration-hollis-scan-09.png,master,format: png; width: 2400; height: 3600,not_produced
SB3-006-PHO,Hollis Family Archive - Ada Hollis archival restoration,Photo & Image,10,share-hollis-scan-01,Family archive share image - hollis_scan_01,deliverables/share-hollis-scan-01.jpg,share,format: jpg,not_produced
SB3-006-PHO,Hollis Family Archive - Ada Hollis archival restoration,Photo & Image,11,share-hollis-scan-02,Family archive share image - hollis_scan_02,deliverables/share-hollis-scan-02.jpg,share,format: jpg,not_produced
SB3-006-PHO,Hollis Family Archive - Ada Hollis archival restoration,Photo & Image,12,share-hollis-scan-03,Family archive share image - hollis_scan_03,deliverables/share-hollis-scan-03.jpg,share,format: jpg,not_produced
SB3-006-PHO,Hollis Family Archive - Ada Hollis archival restoration,Photo & Image,13,share-hollis-scan-04,Family archive share image - hollis_scan_04,deliverables/share-hollis-scan-04.jpg,share,format: jpg,not_produced
SB3-006-PHO,Hollis Family Archive - Ada Hollis archival restoration,Photo & Image,14,share-hollis-scan-05,Family archive share image - hollis_scan_05,deliverables/share-hollis-scan-05.jpg,share,format: jpg,not_produced
SB3-006-PHO,Hollis Family Archive - Ada Hollis archival restoration,Photo & Image,15,share-hollis-scan-06,Family archive share image - hollis_scan_06,deliverables/share-hollis-scan-06.jpg,share,format: jpg,not_produced
SB3-006-PHO,Hollis Family Archive - Ada Hollis archival restoration,Photo & Image,16,share-hollis-scan-07,Family archive share image - hollis_scan_07,deliverables/share-hollis-scan-07.jpg,share,format: jpg,not_produced
SB3-006-PHO,Hollis Family Archive - Ada Hollis archival restoration,Photo & Image,17,share-hollis-scan-08,Family archive share image - hollis_scan_08,deliverables/share-hollis-scan-08.jpg,share,format: jpg,not_produced
SB3-006-PHO,Hollis Family Archive - Ada Hollis archival restoration,Photo & Image,18,share-hollis-scan-09,Family archive share image - hollis_scan_09,deliverables/share-hollis-scan-09.jpg,share,format: jpg,not_produced
SB3-007-PHO,Gable and Grove - Home services before-and-after library,Photo & Image,1,case-study-r002,Completed project case-study panel - Ridge Road,deliverables/case-study-r002.png,landscape,format: png; width: 1920; height: 1080,not_produced
SB3-007-PHO,Gable and Grove - Home services before-and-after library,Photo & Image,2,case-study-r003,Completed project case-study panel - Marble Dale,deliverables/case-study-r003.png,landscape,format: png; width: 1920; height: 1080,not_produced
SB3-007-PHO,Gable and Grove - Home services before-and-after library,Photo & Image,3,case-study-r004,Completed project case-study panel - Cornwall Bridge,deliverables/case-study-r004.png,landscape,format: png; width: 1920; height: 1080,not_produced
SB3-007-PHO,Gable and Grove - Home services before-and-after library,Photo & Image,4,case-study-r005,Completed project case-study panel - Ellsworth Hill,deliverables/case-study-r005.png,landscape,format: png; width: 1920; height: 1080,not_produced
SB3-007-PHO,Gable and Grove - Home services before-and-after library,Photo & Image,5,estimate-cover,Estimate-pack cover,deliverables/estimate-cover.pdf,brochure,format: pdf; width_mm: 210; height_mm: 297; pages: 1,not_produced
SB3-008-PHO,Meridian Motors - Showroom vehicle image system,Photo & Image,1,vehicle-card-r002,Vehicle sales card - M3082,deliverables/vehicle-card-r002.png,feed,format: png; width: 1080; height: 1350,not_produced
SB3-008-PHO,Meridian Motors - Showroom vehicle image system,Photo & Image,2,vehicle-card-r003,Vehicle sales card - M3091,deliverables/vehicle-card-r003.png,feed,format: png; width: 1080; height: 1350,not_produced
SB3-008-PHO,Meridian Motors - Showroom vehicle image system,Photo & Image,3,vehicle-card-r004,Vehicle sales card - M2417,deliverables/vehicle-card-r004.png,feed,format: png; width: 1080; height: 1350,not_produced
SB3-008-PHO,Meridian Motors - Showroom vehicle image system,Photo & Image,4,vehicle-card-r005,Vehicle sales card - M3105,deliverables/vehicle-card-r005.png,feed,format: png; width: 1080; height: 1350,not_produced
SB3-008-PHO,Meridian Motors - Showroom vehicle image system,Photo & Image,5,vehicle-card-r006,Vehicle sales card - M2471,deliverables/vehicle-card-r006.png,feed,format: png; width: 1080; height: 1350,not_produced
SB3-008-PHO,Meridian Motors - Showroom vehicle image system,Photo & Image,6,vehicle-card-r007,Vehicle sales card - M3119,deliverables/vehicle-card-r007.png,feed,format: png; width: 1080; height: 1350,not_produced
SB3-008-PHO,Meridian Motors - Showroom vehicle image system,Photo & Image,7,inventory-campaign,Forecourt inventory campaign,deliverables/inventory-campaign.png,landscape,format: png; width: 1920; height: 1080,not_produced
SB3-009-PHO,OSTRA - Restaurant plate photography system,Photo & Image,1,menu-launch,Seasonal menu announcement,deliverables/menu-launch.png,feed,format: png; width: 1080; height: 1350,not_produced
SB3-009-PHO,OSTRA - Restaurant plate photography system,Photo & Image,2,menu-tile-ostra-service-one-01,Booking-page dish tile - ostra_service_one_01,deliverables/menu-tile-ostra-service-one-01.png,square,format: png; width: 1200; height: 1200,not_produced
SB3-009-PHO,OSTRA - Restaurant plate photography system,Photo & Image,3,menu-tile-ostra-service-one-02,Booking-page dish tile - ostra_service_one_02,deliverables/menu-tile-ostra-service-one-02.png,square,format: png; width: 1200; height: 1200,not_produced
SB3-009-PHO,OSTRA - Restaurant plate photography system,Photo & Image,4,menu-tile-ostra-service-one-03,Booking-page dish tile - ostra_service_one_03,deliverables/menu-tile-ostra-service-one-03.png,square,format: png; width: 1200; height: 1200,not_produced
SB3-009-PHO,OSTRA - Restaurant plate photography system,Photo & Image,5,menu-tile-ostra-service-one-04,Booking-page dish tile - ostra_service_one_04,deliverables/menu-tile-ostra-service-one-04.png,square,format: png; width: 1200; height: 1200,not_produced
SB3-009-PHO,OSTRA - Restaurant plate photography system,Photo & Image,6,menu-tile-ostra-service-one-05,Booking-page dish tile - ostra_service_one_05,deliverables/menu-tile-ostra-service-one-05.png,square,format: png; width: 1200; height: 1200,not_produced
SB3-009-PHO,OSTRA - Restaurant plate photography system,Photo & Image,7,menu-tile-ostra-service-one-06,Booking-page dish tile - ostra_service_one_06,deliverables/menu-tile-ostra-service-one-06.png,square,format: png; width: 1200; height: 1200,not_produced
SB3-009-PHO,OSTRA - Restaurant plate photography system,Photo & Image,8,menu-tile-ostra-service-one-07,Booking-page dish tile - ostra_service_one_07,deliverables/menu-tile-ostra-service-one-07.png,square,format: png; width: 1200; height: 1200,not_produced
SB3-009-PHO,OSTRA - Restaurant plate photography system,Photo & Image,9,menu-tile-ostra-service-two-01,Booking-page dish tile - ostra_service_two_01,deliverables/menu-tile-ostra-service-two-01.png,square,format: png; width: 1200; height: 1200,not_produced
SB3-009-PHO,OSTRA - Restaurant plate photography system,Photo & Image,10,menu-tile-ostra-service-two-02,Booking-page dish tile - ostra_service_two_02,deliverables/menu-tile-ostra-service-two-02.png,square,format: png; width: 1200; height: 1200,not_produced
SB3-009-PHO,OSTRA - Restaurant plate photography system,Photo & Image,11,menu-tile-ostra-service-two-03,Booking-page dish tile - ostra_service_two_03,deliverables/menu-tile-ostra-service-two-03.png,square,format: png; width: 1200; height: 1200,not_produced
SB3-009-PHO,OSTRA - Restaurant plate photography system,Photo & Image,12,menu-tile-ostra-service-two-04,Booking-page dish tile - ostra_service_two_04,deliverables/menu-tile-ostra-service-two-04.png,square,format: png; width: 1200; height: 1200,not_produced
SB3-009-PHO,OSTRA - Restaurant plate photography system,Photo & Image,13,menu-tile-ostra-service-two-05,Booking-page dish tile - ostra_service_two_05,deliverables/menu-tile-ostra-service-two-05.png,square,format: png; width: 1200; height: 1200,not_produced
SB3-009-PHO,OSTRA - Restaurant plate photography system,Photo & Image,14,menu-tile-ostra-service-two-06,Booking-page dish tile - ostra_service_two_06,deliverables/menu-tile-ostra-service-two-06.png,square,format: png; width: 1200; height: 1200,not_produced
SB3-009-PHO,OSTRA - Restaurant plate photography system,Photo & Image,15,reservation-story,Reservation story,deliverables/reservation-story.png,story,format: png; width: 1080; height: 1920,not_produced
SB3-010-PHO,Northgrove - Apparel colorway image system,Photo & Image,1,style-pdp-northgrove-style-01-loopback-crew,Apparel style product-page module - northgrove_style_01_loopback_crew,deliverables/style-pdp-northgrove-style-01-loopback-crew.png,pdp,format: png; width: 1440; height: 1800,not_produced
SB3-010-PHO,Northgrove - Apparel colorway image system,Photo & Image,2,style-pdp-northgrove-style-02-heavy-tee,Apparel style product-page module - northgrove_style_02_heavy_tee,deliverables/style-pdp-northgrove-style-02-heavy-tee.png,pdp,format: png; width: 1440; height: 1800,not_produced
SB3-010-PHO,Northgrove - Apparel colorway image system,Photo & Image,3,style-pdp-northgrove-style-03-raglan,Apparel style product-page module - northgrove_style_03_raglan,deliverables/style-pdp-northgrove-style-03-raglan.png,pdp,format: png; width: 1440; height: 1800,not_produced
SB3-010-PHO,Northgrove - Apparel colorway image system,Photo & Image,4,style-pdp-northgrove-style-04-henley,Apparel style product-page module - northgrove_style_04_henley,deliverables/style-pdp-northgrove-style-04-henley.png,pdp,format: png; width: 1440; height: 1800,not_produced
SB3-010-PHO,Northgrove - Apparel colorway image system,Photo & Image,5,style-pdp-northgrove-style-05-zip-hoodie,Apparel style product-page module - northgrove_style_05_zip_hoodie,deliverables/style-pdp-northgrove-style-05-zip-hoodie.png,pdp,format: png; width: 1440; height: 1800,not_produced
SB3-010-PHO,Northgrove - Apparel colorway image system,Photo & Image,6,style-pdp-northgrove-style-06-supporters-crew,Apparel style product-page module - northgrove_style_06_supporters_crew,deliverables/style-pdp-northgrove-style-06-supporters-crew.png,pdp,format: png; width: 1440; height: 1800,not_produced
SB3-010-PHO,Northgrove - Apparel colorway image system,Photo & Image,7,capsule-carousel-p01,Capsule launch carousel - Page 1,deliverables/capsule-carousel-p01.png,carousel,format: png; width: 1080; height: 1350,not_produced
SB3-010-PHO,Northgrove - Apparel colorway image system,Photo & Image,8,capsule-carousel-p02,Capsule launch carousel - Page 2,deliverables/capsule-carousel-p02.png,carousel,format: png; width: 1080; height: 1350,not_produced
SB3-010-PHO,Northgrove - Apparel colorway image system,Photo & Image,9,capsule-carousel-p03,Capsule launch carousel - Page 3,deliverables/capsule-carousel-p03.png,carousel,format: png; width: 1080; height: 1350,not_produced
SB3-010-PHO,Northgrove - Apparel colorway image system,Photo & Image,10,capsule-carousel-p04,Capsule launch carousel - Page 4,deliverables/capsule-carousel-p04.png,carousel,format: png; width: 1080; height: 1350,not_produced
SB3-010-PHO,Northgrove - Apparel colorway image system,Photo & Image,11,capsule-carousel-p05,Capsule launch carousel - Page 5,deliverables/capsule-carousel-p05.png,carousel,format: png; width: 1080; height: 1350,not_produced
SB3-010-PHO,Northgrove - Apparel colorway image system,Photo & Image,12,capsule-carousel-p06,Capsule launch carousel - Page 6,deliverables/capsule-carousel-p06.png,carousel,format: png; width: 1080; height: 1350,not_produced
SB3-011-PHO,Lumora - Lip oil shade concept set,Photo & Image,1,shade-card-r002,Retailer shade card - Bronze Hour,deliverables/shade-card-r002.pdf,shade-card,format: pdf; width_mm: 55; height_mm: 85; pages: 1,not_produced
SB3-011-PHO,Lumora - Lip oil shade concept set,Photo & Image,2,shade-card-r003,Retailer shade card - Rosewood,deliverables/shade-card-r003.pdf,shade-card,format: pdf; width_mm: 55; height_mm: 85; pages: 1,not_produced
SB3-011-PHO,Lumora - Lip oil shade concept set,Photo & Image,3,shade-card-r004,Retailer shade card - Amber Hour,deliverables/shade-card-r004.pdf,shade-card,format: pdf; width_mm: 55; height_mm: 85; pages: 1,not_produced
SB3-011-PHO,Lumora - Lip oil shade concept set,Photo & Image,4,shade-card-r005,Retailer shade card - Coral Flash,deliverables/shade-card-r005.pdf,shade-card,format: pdf; width_mm: 55; height_mm: 85; pages: 1,not_produced
SB3-011-PHO,Lumora - Lip oil shade concept set,Photo & Image,5,shade-card-r006,Retailer shade card - Peach Noon,deliverables/shade-card-r006.pdf,shade-card,format: pdf; width_mm: 55; height_mm: 85; pages: 1,not_produced
SB3-011-PHO,Lumora - Lip oil shade concept set,Photo & Image,6,shade-card-r007,Retailer shade card - Mulberry,deliverables/shade-card-r007.pdf,shade-card,format: pdf; width_mm: 55; height_mm: 85; pages: 1,not_produced
SB3-011-PHO,Lumora - Lip oil shade concept set,Photo & Image,7,shade-card-r008,Retailer shade card - Clear Dawn,deliverables/shade-card-r008.pdf,shade-card,format: pdf; width_mm: 55; height_mm: 85; pages: 1,not_produced
SB3-011-PHO,Lumora - Lip oil shade concept set,Photo & Image,8,shade-card-combined,Retailer shade card - combined production run,deliverables/shade-card-combined.pdf,combined_print_run,format: pdf; pages: 7; width_mm: 55; height_mm: 85,not_produced
SB3-011-PHO,Lumora - Lip oil shade concept set,Photo & Image,9,shade-comparison,Seven-shade comparison,deliverables/shade-comparison.png,landscape,format: png; width: 1920; height: 1080,not_produced
SB3-011-PHO,Lumora - Lip oil shade concept set,Photo & Image,10,product-page,Lip oil product-page module,deliverables/product-page.png,pdp,format: png; width: 1440; height: 1800,not_produced
SB3-011-PHO,Lumora - Lip oil shade concept set,Photo & Image,11,launch-feed,Lip oil launch feed ad,deliverables/launch-feed.png,feed,format: png; width: 1080; height: 1350,not_produced
SB3-011-PHO,Lumora - Lip oil shade concept set,Photo & Image,12,launch-story,Lip oil launch story,deliverables/launch-story.png,story,format: png; width: 1080; height: 1920,not_produced
SB3-012-PHO,Kilnmore - Ceramic ecommerce image system,Photo & Image,1,ceramic-pdp-r002,Ceramic product-page module - Tide Mug,deliverables/ceramic-pdp-r002.png,pdp,format: png; width: 1440; height: 1800,not_produced
SB3-012-PHO,Kilnmore - Ceramic ecommerce image system,Photo & Image,2,ceramic-pdp-r003,Ceramic product-page module - Basin Bowl,deliverables/ceramic-pdp-r003.png,pdp,format: png; width: 1440; height: 1800,not_produced
SB3-012-PHO,Kilnmore - Ceramic ecommerce image system,Photo & Image,3,ceramic-pdp-r004,Ceramic product-page module - Reed Bud Vase,deliverables/ceramic-pdp-r004.png,pdp,format: png; width: 1440; height: 1800,not_produced
SB3-012-PHO,Kilnmore - Ceramic ecommerce image system,Photo & Image,4,ceramic-pdp-r005,Ceramic product-page module - Column Tumbler,deliverables/ceramic-pdp-r005.png,pdp,format: png; width: 1440; height: 1800,not_produced
SB3-012-PHO,Kilnmore - Ceramic ecommerce image system,Photo & Image,5,ceramic-pdp-r006,Ceramic product-page module - Pour-Over Cone,deliverables/ceramic-pdp-r006.png,pdp,format: png; width: 1440; height: 1800,not_produced
SB3-012-PHO,Kilnmore - Ceramic ecommerce image system,Photo & Image,6,ceramic-pdp-r007,Ceramic product-page module - Harvest Serving Bowl,deliverables/ceramic-pdp-r007.png,pdp,format: png; width: 1440; height: 1800,not_produced
SB3-012-PHO,Kilnmore - Ceramic ecommerce image system,Photo & Image,7,ceramic-pdp-r008,Ceramic product-page module - Side Plate,deliverables/ceramic-pdp-r008.png,pdp,format: png; width: 1440; height: 1800,not_produced
SB3-012-PHO,Kilnmore - Ceramic ecommerce image system,Photo & Image,8,ceramic-pdp-r009,Ceramic product-page module - Ironwork Mug,deliverables/ceramic-pdp-r009.png,pdp,format: png; width: 1440; height: 1800,not_produced
SB3-012-PHO,Kilnmore - Ceramic ecommerce image system,Photo & Image,9,ceramic-pdp-r010,Ceramic product-page module - Ironwork Bowl,deliverables/ceramic-pdp-r010.png,pdp,format: png; width: 1440; height: 1800,not_produced
SB3-012-PHO,Kilnmore - Ceramic ecommerce image system,Photo & Image,10,ceramic-pdp-r011,Ceramic product-page module - Ember Bud Vase,deliverables/ceramic-pdp-r011.png,pdp,format: png; width: 1440; height: 1800,not_produced
SB3-012-PHO,Kilnmore - Ceramic ecommerce image system,Photo & Image,11,ceramic-pdp-r012,Ceramic product-page module - Ember Tumbler,deliverables/ceramic-pdp-r012.png,pdp,format: png; width: 1440; height: 1800,not_produced
SB3-012-PHO,Kilnmore - Ceramic ecommerce image system,Photo & Image,12,ceramic-pdp-r013,Ceramic product-page module - Ash Dinner Plate,deliverables/ceramic-pdp-r013.png,pdp,format: png; width: 1440; height: 1800,not_produced
SB3-012-PHO,Kilnmore - Ceramic ecommerce image system,Photo & Image,13,ceramic-pdp-r014,Ceramic product-page module - Salt Vase,deliverables/ceramic-pdp-r014.png,pdp,format: png; width: 1440; height: 1800,not_produced
SB3-012-PHO,Kilnmore - Ceramic ecommerce image system,Photo & Image,14,ceramic-pdp-r015,Ceramic product-page module - Pewter Tumbler,deliverables/ceramic-pdp-r015.png,pdp,format: png; width: 1440; height: 1800,not_produced
SB3-012-PHO,Kilnmore - Ceramic ecommerce image system,Photo & Image,15,wholesale-range,Wholesale range one-sheet,deliverables/wholesale-range.pdf,brochure,format: pdf; width_mm: 210; height_mm: 297; pages: 1,not_produced
SB3-012-PHO,Kilnmore - Ceramic ecommerce image system,Photo & Image,16,launch-carousel-p01,Ceramic range launch carousel - Page 1,deliverables/launch-carousel-p01.png,carousel,format: png; width: 1080; height: 1350,not_produced
SB3-012-PHO,Kilnmore - Ceramic ecommerce image system,Photo & Image,17,launch-carousel-p02,Ceramic range launch carousel - Page 2,deliverables/launch-carousel-p02.png,carousel,format: png; width: 1080; height: 1350,not_produced
SB3-012-PHO,Kilnmore - Ceramic ecommerce image system,Photo & Image,18,launch-carousel-p03,Ceramic range launch carousel - Page 3,deliverables/launch-carousel-p03.png,carousel,format: png; width: 1080; height: 1350,not_produced
SB3-012-PHO,Kilnmore - Ceramic ecommerce image system,Photo & Image,19,launch-carousel-p04,Ceramic range launch carousel - Page 4,deliverables/launch-carousel-p04.png,carousel,format: png; width: 1080; height: 1350,not_produced
SB3-012-PHO,Kilnmore - Ceramic ecommerce image system,Photo & Image,20,launch-carousel-p05,Ceramic range launch carousel - Page 5,deliverables/launch-carousel-p05.png,carousel,format: png; width: 1080; height: 1350,not_produced
SB3-013-PHO,Argent and Faith - Spring jewelry capsule photography,Photo & Image,1,capsule-poster,Jewellery capsule campaign poster,deliverables/capsule-poster.pdf,poster,format: pdf; width_mm: 420; height_mm: 594; pages: 1,not_produced
SB3-013-PHO,Argent and Faith - Spring jewelry capsule photography,Photo & Image,2,jewellery-detail-r002,Jewellery product detail - Quarry Band,deliverables/jewellery-detail-r002.png,pdp,format: png; width: 1440; height: 1800,not_produced
SB3-013-PHO,Argent and Faith - Spring jewelry capsule photography,Photo & Image,3,jewellery-detail-r003,Jewellery product detail - Vesper Medallion,deliverables/jewellery-detail-r003.png,pdp,format: png; width: 1440; height: 1800,not_produced
SB3-013-PHO,Argent and Faith - Spring jewelry capsule photography,Photo & Image,4,jewellery-detail-r004,Jewellery product detail - Crescent Studs,deliverables/jewellery-detail-r004.png,pdp,format: png; width: 1440; height: 1800,not_produced
SB3-013-PHO,Argent and Faith - Spring jewelry capsule photography,Photo & Image,5,jewellery-detail-r005,Jewellery product detail - Lattice Pendant,deliverables/jewellery-detail-r005.png,pdp,format: png; width: 1440; height: 1800,not_produced
SB3-013-PHO,Argent and Faith - Spring jewelry capsule photography,Photo & Image,6,jewellery-detail-r006,Jewellery product detail - Reliquary Locket,deliverables/jewellery-detail-r006.png,pdp,format: png; width: 1440; height: 1800,not_produced
SB3-013-PHO,Argent and Faith - Spring jewelry capsule photography,Photo & Image,7,jewellery-detail-r007,Jewellery product detail - Signet Ring,deliverables/jewellery-detail-r007.png,pdp,format: png; width: 1440; height: 1800,not_produced
SB3-013-PHO,Argent and Faith - Spring jewelry capsule photography,Photo & Image,8,jewellery-detail-r008,Jewellery product detail - Cloister Band,deliverables/jewellery-detail-r008.png,pdp,format: png; width: 1440; height: 1800,not_produced
SB3-013-PHO,Argent and Faith - Spring jewelry capsule photography,Photo & Image,9,jewellery-detail-r009,Jewellery product detail - Vigil Band,deliverables/jewellery-detail-r009.png,pdp,format: png; width: 1440; height: 1800,not_produced
SB3-013-PHO,Argent and Faith - Spring jewelry capsule photography,Photo & Image,10,jewellery-detail-r010,Jewellery product detail - Meridian Band,deliverables/jewellery-detail-r010.png,pdp,format: png; width: 1440; height: 1800,not_produced
SB3-013-PHO,Argent and Faith - Spring jewelry capsule photography,Photo & Image,11,jewellery-detail-r011,Jewellery product detail - Ember Drop Earrings,deliverables/jewellery-detail-r011.png,pdp,format: png; width: 1440; height: 1800,not_produced
SB3-013-PHO,Argent and Faith - Spring jewelry capsule photography,Photo & Image,12,retailer-look-sheet,Retailer capsule look sheet,deliverables/retailer-look-sheet.pdf,brochure,format: pdf; width_mm: 210; height_mm: 297; pages: 2,not_produced
SB3-014-PHO,Girdermark - Industrial component image system,Photo & Image,1,sku-plate-r002,Industrial SKU plate - GM-4120,deliverables/sku-plate-r002.png,square,format: png; width: 1200; height: 1200,not_produced
SB3-014-PHO,Girdermark - Industrial component image system,Photo & Image,2,sku-plate-r003,Industrial SKU plate - GM-3312,deliverables/sku-plate-r003.png,square,format: png; width: 1200; height: 1200,not_produced
SB3-014-PHO,Girdermark - Industrial component image system,Photo & Image,3,sku-plate-r004,Industrial SKU plate - GM-2075,deliverables/sku-plate-r004.png,square,format: png; width: 1200; height: 1200,not_produced
SB3-014-PHO,Girdermark - Industrial component image system,Photo & Image,4,sku-plate-r005,Industrial SKU plate - GM-1180,deliverables/sku-plate-r005.png,square,format: png; width: 1200; height: 1200,not_produced
SB3-014-PHO,Girdermark - Industrial component image system,Photo & Image,5,sku-plate-r006,Industrial SKU plate - GM-5540,deliverables/sku-plate-r006.png,square,format: png; width: 1200; height: 1200,not_produced
SB3-014-PHO,Girdermark - Industrial component image system,Photo & Image,6,sku-plate-r007,Industrial SKU plate - GM-5560,deliverables/sku-plate-r007.png,square,format: png; width: 1200; height: 1200,not_produced
SB3-014-PHO,Girdermark - Industrial component image system,Photo & Image,7,sku-plate-r008,Industrial SKU plate - GM-6210,deliverables/sku-plate-r008.png,square,format: png; width: 1200; height: 1200,not_produced
SB3-014-PHO,Girdermark - Industrial component image system,Photo & Image,8,sku-plate-r009,Industrial SKU plate - GM-7010,deliverables/sku-plate-r009.png,square,format: png; width: 1200; height: 1200,not_produced
SB3-014-PHO,Girdermark - Industrial component image system,Photo & Image,9,sku-plate-r010,Industrial SKU plate - GM-7400,deliverables/sku-plate-r010.png,square,format: png; width: 1200; height: 1200,not_produced
SB3-014-PHO,Girdermark - Industrial component image system,Photo & Image,10,sku-plate-r011,Industrial SKU plate - GM-8130,deliverables/sku-plate-r011.png,square,format: png; width: 1200; height: 1200,not_produced
SB3-014-PHO,Girdermark - Industrial component image system,Photo & Image,11,sku-plate-r012,Industrial SKU plate - GM-8850,deliverables/sku-plate-r012.png,square,format: png; width: 1200; height: 1200,not_produced
SB3-014-PHO,Girdermark - Industrial component image system,Photo & Image,12,sku-plate-r013,Industrial SKU plate - GM-9200,deliverables/sku-plate-r013.png,square,format: png; width: 1200; height: 1200,not_produced
SB3-014-PHO,Girdermark - Industrial component image system,Photo & Image,13,sku-cutout-r002,Industrial SKU cutout - GM-4120,deliverables/sku-cutout-r002.png,cutout,format: png; width: 1600; height: 1600,not_produced
SB3-014-PHO,Girdermark - Industrial component image system,Photo & Image,14,sku-cutout-r003,Industrial SKU cutout - GM-3312,deliverables/sku-cutout-r003.png,cutout,format: png; width: 1600; height: 1600,not_produced
SB3-014-PHO,Girdermark - Industrial component image system,Photo & Image,15,sku-cutout-r004,Industrial SKU cutout - GM-2075,deliverables/sku-cutout-r004.png,cutout,format: png; width: 1600; height: 1600,not_produced
SB3-014-PHO,Girdermark - Industrial component image system,Photo & Image,16,sku-cutout-r005,Industrial SKU cutout - GM-1180,deliverables/sku-cutout-r005.png,cutout,format: png; width: 1600; height: 1600,not_produced
SB3-014-PHO,Girdermark - Industrial component image system,Photo & Image,17,sku-cutout-r006,Industrial SKU cutout - GM-5540,deliverables/sku-cutout-r006.png,cutout,format: png; width: 1600; height: 1600,not_produced
SB3-014-PHO,Girdermark - Industrial component image system,Photo & Image,18,sku-cutout-r007,Industrial SKU cutout - GM-5560,deliverables/sku-cutout-r007.png,cutout,format: png; width: 1600; height: 1600,not_produced
SB3-014-PHO,Girdermark - Industrial component image system,Photo & Image,19,sku-cutout-r008,Industrial SKU cutout - GM-6210,deliverables/sku-cutout-r008.png,cutout,format: png; width: 1600; height: 1600,not_produced
SB3-014-PHO,Girdermark - Industrial component image system,Photo & Image,20,sku-cutout-r009,Industrial SKU cutout - GM-7010,deliverables/sku-cutout-r009.png,cutout,format: png; width: 1600; height: 1600,not_produced
SB3-014-PHO,Girdermark - Industrial component image system,Photo & Image,21,sku-cutout-r010,Industrial SKU cutout - GM-7400,deliverables/sku-cutout-r010.png,cutout,format: png; width: 1600; height: 1600,not_produced
SB3-014-PHO,Girdermark - Industrial component image system,Photo & Image,22,sku-cutout-r011,Industrial SKU cutout - GM-8130,deliverables/sku-cutout-r011.png,cutout,format: png; width: 1600; height: 1600,not_produced
SB3-014-PHO,Girdermark - Industrial component image system,Photo & Image,23,sku-cutout-r012,Industrial SKU cutout - GM-8850,deliverables/sku-cutout-r012.png,cutout,format: png; width: 1600; height: 1600,not_produced
SB3-014-PHO,Girdermark - Industrial component image system,Photo & Image,24,sku-cutout-r013,Industrial SKU cutout - GM-9200,deliverables/sku-cutout-r013.png,cutout,format: png; width: 1600; height: 1600,not_produced
SB3-015-PHO,Summit and Sable - Recovery-gear launch campaign,Photo & Image,1,gear-poster,Recovery-gear launch poster,deliverables/gear-poster.pdf,poster,format: pdf; width_mm: 420; height_mm: 594; pages: 1,not_produced
SB3-015-PHO,Summit and Sable - Recovery-gear launch campaign,Photo & Image,2,equipment-pdp-r002,Recovery equipment product-page module - Recovery Strap 3in,deliverables/equipment-pdp-r002.png,pdp,format: png; width: 1440; height: 1800,not_produced
SB3-015-PHO,Summit and Sable - Recovery-gear launch campaign,Photo & Image,3,equipment-pdp-r003,Recovery equipment product-page module - Kinetic Rope,deliverables/equipment-pdp-r003.png,pdp,format: png; width: 1440; height: 1800,not_produced
SB3-015-PHO,Summit and Sable - Recovery-gear launch campaign,Photo & Image,4,equipment-pdp-r004,Recovery equipment product-page module - Soft Shackle Large,deliverables/equipment-pdp-r004.png,pdp,format: png; width: 1440; height: 1800,not_produced
SB3-015-PHO,Summit and Sable - Recovery-gear launch campaign,Photo & Image,5,equipment-pdp-r005,Recovery equipment product-page module - Soft Shackle Small,deliverables/equipment-pdp-r005.png,pdp,format: png; width: 1440; height: 1800,not_produced
SB3-015-PHO,Summit and Sable - Recovery-gear launch campaign,Photo & Image,6,equipment-pdp-r006,Recovery equipment product-page module - Tree Saver Strap,deliverables/equipment-pdp-r006.png,pdp,format: png; width: 1440; height: 1800,not_produced
SB3-015-PHO,Summit and Sable - Recovery-gear launch campaign,Photo & Image,7,equipment-pdp-r007,Recovery equipment product-page module - Winch Line Damper,deliverables/equipment-pdp-r007.png,pdp,format: png; width: 1440; height: 1800,not_produced
SB3-015-PHO,Summit and Sable - Recovery-gear launch campaign,Photo & Image,8,equipment-pdp-r008,Recovery equipment product-page module - Snatch Block,deliverables/equipment-pdp-r008.png,pdp,format: png; width: 1440; height: 1800,not_produced
SB3-015-PHO,Summit and Sable - Recovery-gear launch campaign,Photo & Image,9,equipment-pdp-r009,Recovery equipment product-page module - Gear Bag,deliverables/equipment-pdp-r009.png,pdp,format: png; width: 1440; height: 1800,not_produced
SB3-015-PHO,Summit and Sable - Recovery-gear launch campaign,Photo & Image,10,equipment-pdp-r010,Recovery equipment product-page module - D-Ring Bow Shackle,deliverables/equipment-pdp-r010.png,pdp,format: png; width: 1440; height: 1800,not_produced
SB3-015-PHO,Summit and Sable - Recovery-gear launch campaign,Photo & Image,11,dealer-sheet,Recovery-gear dealer sheet,deliverables/dealer-sheet.pdf,brochure,format: pdf; width_mm: 210; height_mm: 297; pages: 2,not_produced
SB3-016-PHO,SlabVault - Collectible card marketplace image system,Photo & Image,1,listing-front-r002,Collectible listing tile - LOT-001,deliverables/listing-front-r002.png,square,format: png; width: 1200; height: 1200,not_produced
SB3-016-PHO,SlabVault - Collectible card marketplace image system,Photo & Image,2,listing-front-r003,Collectible listing tile - LOT-002,deliverables/listing-front-r003.png,square,format: png; width: 1200; height: 1200,not_produced
SB3-016-PHO,SlabVault - Collectible card marketplace image system,Photo & Image,3,listing-front-r004,Collectible listing tile - LOT-003,deliverables/listing-front-r004.png,square,format: png; width: 1200; height: 1200,not_produced
SB3-016-PHO,SlabVault - Collectible card marketplace image system,Photo & Image,4,listing-front-r005,Collectible listing tile - LOT-004,deliverables/listing-front-r005.png,square,format: png; width: 1200; height: 1200,not_produced
SB3-016-PHO,SlabVault - Collectible card marketplace image system,Photo & Image,5,listing-front-r006,Collectible listing tile - LOT-005,deliverables/listing-front-r006.png,square,format: png; width: 1200; height: 1200,not_produced
SB3-016-PHO,SlabVault - Collectible card marketplace image system,Photo & Image,6,listing-front-r007,Collectible listing tile - LOT-006,deliverables/listing-front-r007.png,square,format: png; width: 1200; height: 1200,not_produced
SB3-016-PHO,SlabVault - Collectible card marketplace image system,Photo & Image,7,listing-front-r008,Collectible listing tile - LOT-007,deliverables/listing-front-r008.png,square,format: png; width: 1200; height: 1200,not_produced
SB3-016-PHO,SlabVault - Collectible card marketplace image system,Photo & Image,8,listing-front-r009,Collectible listing tile - LOT-008,deliverables/listing-front-r009.png,square,format: png; width: 1200; height: 1200,not_produced
SB3-016-PHO,SlabVault - Collectible card marketplace image system,Photo & Image,9,listing-front-r010,Collectible listing tile - LOT-009,deliverables/listing-front-r010.png,square,format: png; width: 1200; height: 1200,not_produced
SB3-016-PHO,SlabVault - Collectible card marketplace image system,Photo & Image,10,listing-front-r011,Collectible listing tile - LOT-010,deliverables/listing-front-r011.png,square,format: png; width: 1200; height: 1200,not_produced
SB3-016-PHO,SlabVault - Collectible card marketplace image system,Photo & Image,11,listing-front-r012,Collectible listing tile - LOT-011,deliverables/listing-front-r012.png,square,format: png; width: 1200; height: 1200,not_produced
SB3-016-PHO,SlabVault - Collectible card marketplace image system,Photo & Image,12,listing-front-r013,Collectible listing tile - LOT-012,deliverables/listing-front-r013.png,square,format: png; width: 1200; height: 1200,not_produced
SB3-016-PHO,SlabVault - Collectible card marketplace image system,Photo & Image,13,listing-front-r014,Collectible listing tile - LOT-013,deliverables/listing-front-r014.png,square,format: png; width: 1200; height: 1200,not_produced
SB3-016-PHO,SlabVault - Collectible card marketplace image system,Photo & Image,14,listing-front-r015,Collectible listing tile - LOT-014,deliverables/listing-front-r015.png,square,format: png; width: 1200; height: 1200,not_produced
SB3-016-PHO,SlabVault - Collectible card marketplace image system,Photo & Image,15,listing-detail-r002,Collectible condition-detail tile - LOT-001,deliverables/listing-detail-r002.png,square,format: png; width: 1200; height: 1200,not_produced
SB3-016-PHO,SlabVault - Collectible card marketplace image system,Photo & Image,16,listing-detail-r003,Collectible condition-detail tile - LOT-002,deliverables/listing-detail-r003.png,square,format: png; width: 1200; height: 1200,not_produced
SB3-016-PHO,SlabVault - Collectible card marketplace image system,Photo & Image,17,listing-detail-r004,Collectible condition-detail tile - LOT-003,deliverables/listing-detail-r004.png,square,format: png; width: 1200; height: 1200,not_produced
SB3-016-PHO,SlabVault - Collectible card marketplace image system,Photo & Image,18,listing-detail-r005,Collectible condition-detail tile - LOT-004,deliverables/listing-detail-r005.png,square,format: png; width: 1200; height: 1200,not_produced
SB3-016-PHO,SlabVault - Collectible card marketplace image system,Photo & Image,19,listing-detail-r006,Collectible condition-detail tile - LOT-005,deliverables/listing-detail-r006.png,square,format: png; width: 1200; height: 1200,not_produced
SB3-016-PHO,SlabVault - Collectible card marketplace image system,Photo & Image,20,listing-detail-r007,Collectible condition-detail tile - LOT-006,deliverables/listing-detail-r007.png,square,format: png; width: 1200; height: 1200,not_produced
SB3-016-PHO,SlabVault - Collectible card marketplace image system,Photo & Image,21,listing-detail-r008,Collectible condition-detail tile - LOT-007,deliverables/listing-detail-r008.png,square,format: png; width: 1200; height: 1200,not_produced
SB3-016-PHO,SlabVault - Collectible card marketplace image system,Photo & Image,22,listing-detail-r009,Collectible condition-detail tile - LOT-008,deliverables/listing-detail-r009.png,square,format: png; width: 1200; height: 1200,not_produced
SB3-016-PHO,SlabVault - Collectible card marketplace image system,Photo & Image,23,listing-detail-r010,Collectible condition-detail tile - LOT-009,deliverables/listing-detail-r010.png,square,format: png; width: 1200; height: 1200,not_produced
SB3-016-PHO,SlabVault - Collectible card marketplace image system,Photo & Image,24,listing-detail-r011,Collectible condition-detail tile - LOT-010,deliverables/listing-detail-r011.png,square,format: png; width: 1200; height: 1200,not_produced
SB3-016-PHO,SlabVault - Collectible card marketplace image system,Photo & Image,25,listing-detail-r012,Collectible condition-detail tile - LOT-011,deliverables/listing-detail-r012.png,square,format: png; width: 1200; height: 1200,not_produced
SB3-016-PHO,SlabVault - Collectible card marketplace image system,Photo & Image,26,listing-detail-r013,Collectible condition-detail tile - LOT-012,deliverables/listing-detail-r013.png,square,format: png; width: 1200; height: 1200,not_produced
SB3-016-PHO,SlabVault - Collectible card marketplace image system,Photo & Image,27,listing-detail-r014,Collectible condition-detail tile - LOT-013,deliverables/listing-detail-r014.png,square,format: png; width: 1200; height: 1200,not_produced
SB3-016-PHO,SlabVault - Collectible card marketplace image system,Photo & Image,28,listing-detail-r015,Collectible condition-detail tile - LOT-014,deliverables/listing-detail-r015.png,square,format: png; width: 1200; height: 1200,not_produced
SB3-017-PHO,Continental Cup - Player portrait card system,Photo & Image,1,player-card-r002,Player press card - Diego Solano,deliverables/player-card-r002.pdf,card,format: pdf; width_mm: 63.5; height_mm: 88.9; pages: 1,not_produced
SB3-017-PHO,Continental Cup - Player portrait card system,Photo & Image,2,player-card-r003,Player press card - Marco Ferraz,deliverables/player-card-r003.pdf,card,format: pdf; width_mm: 63.5; height_mm: 88.9; pages: 1,not_produced
SB3-017-PHO,Continental Cup - Player portrait card system,Photo & Image,3,player-card-r004,Player press card - Theo Rocher,deliverables/player-card-r004.pdf,card,format: pdf; width_mm: 63.5; height_mm: 88.9; pages: 1,not_produced
SB3-017-PHO,Continental Cup - Player portrait card system,Photo & Image,4,player-card-r005,Player press card - Luka Petrov,deliverables/player-card-r005.pdf,card,format: pdf; width_mm: 63.5; height_mm: 88.9; pages: 1,not_produced
SB3-017-PHO,Continental Cup - Player portrait card system,Photo & Image,5,player-card-r006,Player press card - Rafael Duarte,deliverables/player-card-r006.pdf,card,format: pdf; width_mm: 63.5; height_mm: 88.9; pages: 1,not_produced
SB3-017-PHO,Continental Cup - Player portrait card system,Photo & Image,6,player-card-r007,Player press card - Nikolai Ivanic,deliverables/player-card-r007.pdf,card,format: pdf; width_mm: 63.5; height_mm: 88.9; pages: 1,not_produced
SB3-017-PHO,Continental Cup - Player portrait card system,Photo & Image,7,player-card-r008,Player press card - Callum Reid,deliverables/player-card-r008.pdf,card,format: pdf; width_mm: 63.5; height_mm: 88.9; pages: 1,not_produced
SB3-017-PHO,Continental Cup - Player portrait card system,Photo & Image,8,player-card-r009,Player press card - Mattias Holm,deliverables/player-card-r009.pdf,card,format: pdf; width_mm: 63.5; height_mm: 88.9; pages: 1,not_produced
SB3-017-PHO,Continental Cup - Player portrait card system,Photo & Image,9,player-card-combined,Player press card - combined production run,deliverables/player-card-combined.pdf,combined_print_run,format: pdf; pages: 8; width_mm: 63.5; height_mm: 88.9,not_produced
SB3-018-PHO,Fernwell and Rowe - Hartley wedding gallery finishing,Photo & Image,1,review-hartley-select-01,Wedding review image - hartley_select_01,deliverables/review-hartley-select-01.jpg,share,format: jpg,not_produced
SB3-018-PHO,Fernwell and Rowe - Hartley wedding gallery finishing,Photo & Image,2,review-hartley-select-02,Wedding review image - hartley_select_02,deliverables/review-hartley-select-02.jpg,share,format: jpg,not_produced
SB3-018-PHO,Fernwell and Rowe - Hartley wedding gallery finishing,Photo & Image,3,review-hartley-select-03,Wedding review image - hartley_select_03,deliverables/review-hartley-select-03.jpg,share,format: jpg,not_produced
SB3-018-PHO,Fernwell and Rowe - Hartley wedding gallery finishing,Photo & Image,4,review-hartley-select-04,Wedding review image - hartley_select_04,deliverables/review-hartley-select-04.jpg,share,format: jpg,not_produced
SB3-018-PHO,Fernwell and Rowe - Hartley wedding gallery finishing,Photo & Image,5,review-hartley-select-05,Wedding review image - hartley_select_05,deliverables/review-hartley-select-05.jpg,share,format: jpg,not_produced
SB3-018-PHO,Fernwell and Rowe - Hartley wedding gallery finishing,Photo & Image,6,review-hartley-select-06,Wedding review image - hartley_select_06,deliverables/review-hartley-select-06.jpg,share,format: jpg,not_produced
SB3-018-PHO,Fernwell and Rowe - Hartley wedding gallery finishing,Photo & Image,7,review-hartley-select-07,Wedding review image - hartley_select_07,deliverables/review-hartley-select-07.jpg,share,format: jpg,not_produced
SB3-018-PHO,Fernwell and Rowe - Hartley wedding gallery finishing,Photo & Image,8,review-hartley-select-08,Wedding review image - hartley_select_08,deliverables/review-hartley-select-08.jpg,share,format: jpg,not_produced
SB3-018-PHO,Fernwell and Rowe - Hartley wedding gallery finishing,Photo & Image,9,review-hartley-select-09,Wedding review image - hartley_select_09,deliverables/review-hartley-select-09.jpg,share,format: jpg,not_produced
SB3-018-PHO,Fernwell and Rowe - Hartley wedding gallery finishing,Photo & Image,10,review-hartley-select-10,Wedding review image - hartley_select_10,deliverables/review-hartley-select-10.jpg,share,format: jpg,not_produced
SB3-018-PHO,Fernwell and Rowe - Hartley wedding gallery finishing,Photo & Image,11,review-hartley-select-11,Wedding review image - hartley_select_11,deliverables/review-hartley-select-11.jpg,share,format: jpg,not_produced
SB3-018-PHO,Fernwell and Rowe - Hartley wedding gallery finishing,Photo & Image,12,review-hartley-select-12,Wedding review image - hartley_select_12,deliverables/review-hartley-select-12.jpg,share,format: jpg,not_produced
SB3-018-PHO,Fernwell and Rowe - Hartley wedding gallery finishing,Photo & Image,13,review-hartley-select-13,Wedding review image - hartley_select_13,deliverables/review-hartley-select-13.jpg,share,format: jpg,not_produced
SB3-018-PHO,Fernwell and Rowe - Hartley wedding gallery finishing,Photo & Image,14,review-hartley-select-14,Wedding review image - hartley_select_14,deliverables/review-hartley-select-14.jpg,share,format: jpg,not_produced
SB3-018-PHO,Fernwell and Rowe - Hartley wedding gallery finishing,Photo & Image,15,review-hartley-select-15,Wedding review image - hartley_select_15,deliverables/review-hartley-select-15.jpg,share,format: jpg,not_produced
SB3-018-PHO,Fernwell and Rowe - Hartley wedding gallery finishing,Photo & Image,16,review-hartley-select-16,Wedding review image - hartley_select_16,deliverables/review-hartley-select-16.jpg,share,format: jpg,not_produced
SB3-018-PHO,Fernwell and Rowe - Hartley wedding gallery finishing,Photo & Image,17,keeper-hartley-select-01,Full-resolution wedding keeper - hartley_select_01,deliverables/keeper-hartley-select-01.png,master,format: png; width: 4000; height: 6000,not_produced
SB3-018-PHO,Fernwell and Rowe - Hartley wedding gallery finishing,Photo & Image,18,keeper-hartley-select-05,Full-resolution wedding keeper - hartley_select_05,deliverables/keeper-hartley-select-05.png,master,format: png; width: 6000; height: 4000,not_produced
SB3-018-PHO,Fernwell and Rowe - Hartley wedding gallery finishing,Photo & Image,19,keeper-hartley-select-08,Full-resolution wedding keeper - hartley_select_08,deliverables/keeper-hartley-select-08.png,master,format: png; width: 6000; height: 4000,not_produced
SB3-018-PHO,Fernwell and Rowe - Hartley wedding gallery finishing,Photo & Image,20,keeper-hartley-select-11,Full-resolution wedding keeper - hartley_select_11,deliverables/keeper-hartley-select-11.png,master,format: png; width: 6000; height: 4000,not_produced
SB3-018-PHO,Fernwell and Rowe - Hartley wedding gallery finishing,Photo & Image,21,keeper-hartley-select-13,Full-resolution wedding keeper - hartley_select_13,deliverables/keeper-hartley-select-13.png,master,format: png; width: 6000; height: 4000,not_produced
SB3-018-PHO,Fernwell and Rowe - Hartley wedding gallery finishing,Photo & Image,22,keeper-hartley-select-16,Full-resolution wedding keeper - hartley_select_16,deliverables/keeper-hartley-select-16.png,master,format: png; width: 6000; height: 4000,not_produced
SB3-019-PHO,Cascadia Founders Summit - Executive portrait set,Photo & Image,1,speaker-card-r002,Summit speaker card - Marguerite Halloran,deliverables/speaker-card-r002.png,feed,format: png; width: 1080; height: 1350,not_produced
SB3-019-PHO,Cascadia Founders Summit - Executive portrait set,Photo & Image,2,speaker-card-r003,Summit speaker card - Peter Vance,deliverables/speaker-card-r003.png,feed,format: png; width: 1080; height: 1350,not_produced
SB3-019-PHO,Cascadia Founders Summit - Executive portrait set,Photo & Image,3,speaker-card-r005,Summit speaker card - Ines Moreau,deliverables/speaker-card-r005.png,feed,format: png; width: 1080; height: 1350,not_produced
SB3-019-PHO,Cascadia Founders Summit - Executive portrait set,Photo & Image,4,speaker-card-r006,Summit speaker card - Anders Lindqvist,deliverables/speaker-card-r006.png,feed,format: png; width: 1080; height: 1350,not_produced
SB3-019-PHO,Cascadia Founders Summit - Executive portrait set,Photo & Image,5,speaker-card-r007,Summit speaker card - Colm Byrne,deliverables/speaker-card-r007.png,feed,format: png; width: 1080; height: 1350,not_produced
SB3-019-PHO,Cascadia Founders Summit - Executive portrait set,Photo & Image,6,speaker-card-r008,Summit speaker card - Dana Whitfield,deliverables/speaker-card-r008.png,feed,format: png; width: 1080; height: 1350,not_produced
SB3-019-PHO,Cascadia Founders Summit - Executive portrait set,Photo & Image,7,speaker-card-r009,Summit speaker card - Estelle Rioux,deliverables/speaker-card-r009.png,feed,format: png; width: 1080; height: 1350,not_produced
SB3-019-PHO,Cascadia Founders Summit - Executive portrait set,Photo & Image,8,speaker-card-r010,Summit speaker card - Grant Mackey,deliverables/speaker-card-r010.png,feed,format: png; width: 1080; height: 1350,not_produced
SB3-019-PHO,Cascadia Founders Summit - Executive portrait set,Photo & Image,9,speaker-card-r011,Summit speaker card - Sofia Bellini,deliverables/speaker-card-r011.png,feed,format: png; width: 1080; height: 1350,not_produced
SB3-019-PHO,Cascadia Founders Summit - Executive portrait set,Photo & Image,10,speaker-card-r013,Summit speaker card - Nils Haugen,deliverables/speaker-card-r013.png,feed,format: png; width: 1080; height: 1350,not_produced
SB3-019-PHO,Cascadia Founders Summit - Executive portrait set,Photo & Image,11,speaker-card-r014,Summit speaker card - Robin Tate,deliverables/speaker-card-r014.png,feed,format: png; width: 1080; height: 1350,not_produced
SB3-019-PHO,Cascadia Founders Summit - Executive portrait set,Photo & Image,12,speaker-card-r015,Summit speaker card - Bernadette Cruz,deliverables/speaker-card-r015.png,feed,format: png; width: 1080; height: 1350,not_produced
SB3-019-PHO,Cascadia Founders Summit - Executive portrait set,Photo & Image,13,speaker-card-r016,Summit speaker card - Hugo Almeida,deliverables/speaker-card-r016.png,feed,format: png; width: 1080; height: 1350,not_produced
SB3-019-PHO,Cascadia Founders Summit - Executive portrait set,Photo & Image,14,speaker-card-r017,Summit speaker card - Karin Voss,deliverables/speaker-card-r017.png,feed,format: png; width: 1080; height: 1350,not_produced
SB3-019-PHO,Cascadia Founders Summit - Executive portrait set,Photo & Image,15,speaker-card-r018,Summit speaker card - Laurel Beckett,deliverables/speaker-card-r018.png,feed,format: png; width: 1080; height: 1350,not_produced
SB3-019-PHO,Cascadia Founders Summit - Executive portrait set,Photo & Image,16,speaker-card-r019,Summit speaker card - Owen Faraday,deliverables/speaker-card-r019.png,feed,format: png; width: 1080; height: 1350,not_produced
SB3-019-PHO,Cascadia Founders Summit - Executive portrait set,Photo & Image,17,speaker-card-r020,Summit speaker card - Mireille Dufort,deliverables/speaker-card-r020.png,feed,format: png; width: 1080; height: 1350,not_produced
SB3-019-PHO,Cascadia Founders Summit - Executive portrait set,Photo & Image,18,speaker-card-r021,Summit speaker card - Jonah Pryce,deliverables/speaker-card-r021.png,feed,format: png; width: 1080; height: 1350,not_produced
SB3-019-PHO,Cascadia Founders Summit - Executive portrait set,Photo & Image,19,summit-announcement,Summit announcement,deliverables/summit-announcement.png,landscape,format: png; width: 1920; height: 1080,not_produced
SB3-020-PHO,Astrid Vellacourt - Editorial portrait session,Photo & Image,1,speaker-onepager,Speaker booking one-pager,deliverables/speaker-onepager.pdf,brochure,format: pdf; width_mm: 210; height_mm: 297; pages: 1,not_produced
SB3-020-PHO,Astrid Vellacourt - Editorial portrait session,Photo & Image,2,event-announcement-r002,Confirmed-talk speaker announcement - Northlight Design Forum - Designing the thing before the deck,deliverables/event-announcement-r002.png,feed,format: png; width: 1080; height: 1350,not_produced
SB3-020-PHO,Astrid Vellacourt - Editorial portrait session,Photo & Image,3,event-announcement-r003,"Confirmed-talk speaker announcement - Made & Kept - Six people, one hand",deliverables/event-announcement-r003.png,feed,format: png; width: 1080; height: 1350,not_produced
SB3-020-PHO,Astrid Vellacourt - Editorial portrait session,Photo & Image,4,event-announcement-r008,Confirmed-talk speaker announcement - Continuum Product Days - What survives contact with a factory,deliverables/event-announcement-r008.png,feed,format: png; width: 1080; height: 1350,not_produced
SB3-020-PHO,Astrid Vellacourt - Editorial portrait session,Photo & Image,5,event-banner-r002,Confirmed-talk speaker banner - Northlight Design Forum - Designing the thing before the deck,deliverables/event-banner-r002.png,landscape,format: png; width: 1920; height: 1080,not_produced
SB3-020-PHO,Astrid Vellacourt - Editorial portrait session,Photo & Image,6,event-banner-r003,"Confirmed-talk speaker banner - Made & Kept - Six people, one hand",deliverables/event-banner-r003.png,landscape,format: png; width: 1920; height: 1080,not_produced
SB3-020-PHO,Astrid Vellacourt - Editorial portrait session,Photo & Image,7,event-banner-r008,Confirmed-talk speaker banner - Continuum Product Days - What survives contact with a factory,deliverables/event-banner-r008.png,landscape,format: png; width: 1920; height: 1080,not_produced
SB3-020-PHO,Astrid Vellacourt - Editorial portrait session,Photo & Image,8,talk-card-r002,Speaker talk card - Northlight Design Forum - Designing the thing before the deck,deliverables/talk-card-r002.pdf,card,format: pdf; width_mm: 105.156; height_mm: 148.167; pages: 1,not_produced
SB3-020-PHO,Astrid Vellacourt - Editorial portrait session,Photo & Image,9,talk-card-r003,"Speaker talk card - Made & Kept - Six people, one hand",deliverables/talk-card-r003.pdf,card,format: pdf; width_mm: 105.156; height_mm: 148.167; pages: 1,not_produced
SB3-020-PHO,Astrid Vellacourt - Editorial portrait session,Photo & Image,10,talk-card-r004,Speaker talk card - Fjordworks Summit - On staying small on purpose,deliverables/talk-card-r004.pdf,card,format: pdf; width_mm: 105.156; height_mm: 148.167; pages: 1,not_produced
SB3-020-PHO,Astrid Vellacourt - Editorial portrait session,Photo & Image,11,talk-card-r005,Speaker talk card - Fjordworks Summit - The room after the round,deliverables/talk-card-r005.pdf,card,format: pdf; width_mm: 105.156; height_mm: 148.167; pages: 1,not_produced
SB3-020-PHO,Astrid Vellacourt - Editorial portrait session,Photo & Image,12,talk-card-r006,Speaker talk card - Halden Design Days - From sketch to tooling,deliverables/talk-card-r006.pdf,card,format: pdf; width_mm: 105.156; height_mm: 148.167; pages: 1,not_produced
SB3-020-PHO,Astrid Vellacourt - Editorial portrait session,Photo & Image,13,talk-card-r007,Speaker talk card - The Bench Sessions - Designing for the next hands,deliverables/talk-card-r007.pdf,card,format: pdf; width_mm: 105.156; height_mm: 148.167; pages: 1,not_produced
SB3-020-PHO,Astrid Vellacourt - Editorial portrait session,Photo & Image,14,talk-card-r008,Speaker talk card - Continuum Product Days - What survives contact with a factory,deliverables/talk-card-r008.pdf,card,format: pdf; width_mm: 105.156; height_mm: 148.167; pages: 1,not_produced
SB3-020-PHO,Astrid Vellacourt - Editorial portrait session,Photo & Image,15,talk-card-r009,Speaker talk card - Grain & Frame Forum - What a small studio can promise,deliverables/talk-card-r009.pdf,card,format: pdf; width_mm: 105.156; height_mm: 148.167; pages: 1,not_produced
SB3-020-PHO,Astrid Vellacourt - Editorial portrait session,Photo & Image,16,talk-card-combined,Speaker talk card - combined production run,deliverables/talk-card-combined.pdf,combined_print_run,format: pdf; pages: 8; width_mm: 105.156; height_mm: 148.167,not_produced
SB3-021-PHO,Quill and Kiln - Autumn ceramics signature look,Photo & Image,1,autumn-carousel-p01,Autumn studio journal carousel - Page 1,deliverables/autumn-carousel-p01.png,carousel,format: png; width: 1080; height: 1350,not_produced
SB3-021-PHO,Quill and Kiln - Autumn ceramics signature look,Photo & Image,2,autumn-carousel-p02,Autumn studio journal carousel - Page 2,deliverables/autumn-carousel-p02.png,carousel,format: png; width: 1080; height: 1350,not_produced
SB3-021-PHO,Quill and Kiln - Autumn ceramics signature look,Photo & Image,3,autumn-carousel-p03,Autumn studio journal carousel - Page 3,deliverables/autumn-carousel-p03.png,carousel,format: png; width: 1080; height: 1350,not_produced
SB3-021-PHO,Quill and Kiln - Autumn ceramics signature look,Photo & Image,4,autumn-carousel-p04,Autumn studio journal carousel - Page 4,deliverables/autumn-carousel-p04.png,carousel,format: png; width: 1080; height: 1350,not_produced
SB3-021-PHO,Quill and Kiln - Autumn ceramics signature look,Photo & Image,5,autumn-carousel-p05,Autumn studio journal carousel - Page 5,deliverables/autumn-carousel-p05.png,carousel,format: png; width: 1080; height: 1350,not_produced
SB3-021-PHO,Quill and Kiln - Autumn ceramics signature look,Photo & Image,6,autumn-carousel-p06,Autumn studio journal carousel - Page 6,deliverables/autumn-carousel-p06.png,carousel,format: png; width: 1080; height: 1350,not_produced
SB3-021-PHO,Quill and Kiln - Autumn ceramics signature look,Photo & Image,7,journal-feature,Studio journal feature,deliverables/journal-feature.pdf,brochure,format: pdf; width_mm: 210; height_mm: 297; pages: 4,not_produced
SB3-022-PHO,Nordhaven - Harbour hotel booking campaign,Photo & Image,1,booking-hero,Harbour hotel booking hero,deliverables/booking-hero.png,landscape,format: png; width: 1920; height: 1080,not_produced
SB3-022-PHO,Nordhaven - Harbour hotel booking campaign,Photo & Image,2,amenities,Hotel amenity panel,deliverables/amenities.png,pdp,format: png; width: 1440; height: 1800,not_produced
SB3-022-PHO,Nordhaven - Harbour hotel booking campaign,Photo & Image,3,room-campaign-r002,Hotel room campaign - Quay,deliverables/room-campaign-r002.png,feed,format: png; width: 1080; height: 1350,not_produced
SB3-022-PHO,Nordhaven - Harbour hotel booking campaign,Photo & Image,4,room-campaign-r003,Hotel room campaign - Anchor,deliverables/room-campaign-r003.png,feed,format: png; width: 1080; height: 1350,not_produced
SB3-022-PHO,Nordhaven - Harbour hotel booking campaign,Photo & Image,5,room-campaign-r004,Hotel room campaign - Mast,deliverables/room-campaign-r004.png,feed,format: png; width: 1080; height: 1350,not_produced
SB3-022-PHO,Nordhaven - Harbour hotel booking campaign,Photo & Image,6,room-campaign-r005,Hotel room campaign - Hull,deliverables/room-campaign-r005.png,feed,format: png; width: 1080; height: 1350,not_produced
SB3-022-PHO,Nordhaven - Harbour hotel booking campaign,Photo & Image,7,room-campaign-r006,Hotel room campaign - Reef,deliverables/room-campaign-r006.png,feed,format: png; width: 1080; height: 1350,not_produced
SB3-022-PHO,Nordhaven - Harbour hotel booking campaign,Photo & Image,8,room-campaign-r007,Hotel room campaign - Slate,deliverables/room-campaign-r007.png,feed,format: png; width: 1080; height: 1350,not_produced
SB3-022-PHO,Nordhaven - Harbour hotel booking campaign,Photo & Image,9,room-campaign-r008,Hotel room campaign - Beam,deliverables/room-campaign-r008.png,feed,format: png; width: 1080; height: 1350,not_produced
SB3-022-PHO,Nordhaven - Harbour hotel booking campaign,Photo & Image,10,room-campaign-r009,Hotel room campaign - Cove,deliverables/room-campaign-r009.png,feed,format: png; width: 1080; height: 1350,not_produced
SB3-022-PHO,Nordhaven - Harbour hotel booking campaign,Photo & Image,11,room-campaign-r010,Hotel room campaign - Tide,deliverables/room-campaign-r010.png,feed,format: png; width: 1080; height: 1350,not_produced
SB3-022-PHO,Nordhaven - Harbour hotel booking campaign,Photo & Image,12,room-campaign-r011,Hotel room campaign - Wharf,deliverables/room-campaign-r011.png,feed,format: png; width: 1080; height: 1350,not_produced
SB3-022-PHO,Nordhaven - Harbour hotel booking campaign,Photo & Image,13,room-campaign-r012,Hotel room campaign - Keel,deliverables/room-campaign-r012.png,feed,format: png; width: 1080; height: 1350,not_produced
SB3-022-PHO,Nordhaven - Harbour hotel booking campaign,Photo & Image,14,room-campaign-r013,Hotel room campaign - Harbour Watch,deliverables/room-campaign-r013.png,feed,format: png; width: 1080; height: 1350,not_produced
SB3-022-PHO,Nordhaven - Harbour hotel booking campaign,Photo & Image,15,room-campaign-r014,Hotel room campaign - North Lantern,deliverables/room-campaign-r014.png,feed,format: png; width: 1080; height: 1350,not_produced
SB3-022-PHO,Nordhaven - Harbour hotel booking campaign,Photo & Image,16,room-campaign-r015,Hotel room campaign - Warehouse Loft,deliverables/room-campaign-r015.png,feed,format: png; width: 1080; height: 1350,not_produced
SB3-023-PHO,Ironline Forge - Blacksmith editorial image set,Photo & Image,1,foundry-feature,Architectural foundry editorial feature,deliverables/foundry-feature.pdf,brochure,format: pdf; width_mm: 210; height_mm: 297; pages: 2,not_produced
SB3-023-PHO,Ironline Forge - Blacksmith editorial image set,Photo & Image,2,expo-poster,Foundry exhibition poster,deliverables/expo-poster.pdf,poster,format: pdf; width_mm: 420; height_mm: 594; pages: 1,not_produced
SB3-024-PHO,Lunara Chronometry - Autumn watch campaign,Photo & Image,1,watch-keyvisual,Autumn watch key visual,deliverables/watch-keyvisual.png,landscape,format: png; width: 1920; height: 1080,not_produced
SB3-024-PHO,Lunara Chronometry - Autumn watch campaign,Photo & Image,2,watch-feature-r002,Watch product-page feature - LC-25-0101,deliverables/watch-feature-r002.png,pdp,format: png; width: 1440; height: 1800,not_produced
SB3-024-PHO,Lunara Chronometry - Autumn watch campaign,Photo & Image,3,watch-feature-r003,Watch product-page feature - LC-25-0102,deliverables/watch-feature-r003.png,pdp,format: png; width: 1440; height: 1800,not_produced
SB3-024-PHO,Lunara Chronometry - Autumn watch campaign,Photo & Image,4,watch-feature-r004,Watch product-page feature - LC-25-0103,deliverables/watch-feature-r004.png,pdp,format: png; width: 1440; height: 1800,not_produced
SB3-024-PHO,Lunara Chronometry - Autumn watch campaign,Photo & Image,5,watch-feature-r005,Watch product-page feature - LC-25-0104,deliverables/watch-feature-r005.png,pdp,format: png; width: 1440; height: 1800,not_produced
SB3-024-PHO,Lunara Chronometry - Autumn watch campaign,Photo & Image,6,watch-feature-r006,Watch product-page feature - LC-25-0105,deliverables/watch-feature-r006.png,pdp,format: png; width: 1440; height: 1800,not_produced
SB3-024-PHO,Lunara Chronometry - Autumn watch campaign,Photo & Image,7,dealer-launch,Watch dealer launch sheet,deliverables/dealer-launch.pdf,brochure,format: pdf; width_mm: 210; height_mm: 297; pages: 2,not_produced
SB3-025-PHO,Apexguard - Industrial surfaces launch photography,Photo & Image,1,dealer-poster,Industrial surfaces dealer poster,deliverables/dealer-poster.pdf,poster,format: pdf; width_mm: 420; height_mm: 594; pages: 1,not_produced
SB3-025-PHO,Apexguard - Industrial surfaces launch photography,Photo & Image,2,surface-pdp-r005,Surface product-page module - V-PPF-104,deliverables/surface-pdp-r005.png,pdp,format: png; width: 1440; height: 1800,not_produced
SB3-025-PHO,Apexguard - Industrial surfaces launch photography,Photo & Image,3,surface-pdp-r006,Surface product-page module - V-PPF-105,deliverables/surface-pdp-r006.png,pdp,format: png; width: 1440; height: 1800,not_produced
SB3-025-PHO,Apexguard - Industrial surfaces launch photography,Photo & Image,4,surface-pdp-r008,Surface product-page module - V-PPF-107,deliverables/surface-pdp-r008.png,pdp,format: png; width: 1440; height: 1800,not_produced
SB3-025-PHO,Apexguard - Industrial surfaces launch photography,Photo & Image,5,surface-pdp-r013,Surface product-page module - U-TNT-204,deliverables/surface-pdp-r013.png,pdp,format: png; width: 1440; height: 1800,not_produced
SB3-025-PHO,Apexguard - Industrial surfaces launch photography,Photo & Image,6,surface-pdp-r017,Surface product-page module - U-TNT-208,deliverables/surface-pdp-r017.png,pdp,format: png; width: 1440; height: 1800,not_produced
SB3-025-PHO,Apexguard - Industrial surfaces launch photography,Photo & Image,7,surface-pdp-r018,Surface product-page module - F-HW-301,deliverables/surface-pdp-r018.png,pdp,format: png; width: 1440; height: 1800,not_produced
SB3-025-PHO,Apexguard - Industrial surfaces launch photography,Photo & Image,8,identity-applications,Sub-brand application sheet,deliverables/identity-applications.pdf,brochure,format: pdf; width_mm: 210; height_mm: 297; pages: 2,not_produced
SB3-026-PHO,Thornmere Home - Autumn interiors image system,Photo & Image,1,collection-spread,Autumn interiors collection spread,deliverables/collection-spread.pdf,brochure,format: pdf; width_mm: 210; height_mm: 297; pages: 4,not_produced
SB3-026-PHO,Thornmere Home - Autumn interiors image system,Photo & Image,2,wholesale-presentation,Interiors wholesale presentation,deliverables/wholesale-presentation.pdf,deck,format: pdf; width_mm: 338.667; height_mm: 190.5; pages: 8,not_produced
SB3-027-PHO,Fennhollow - Botanical soda summer campaign,Photo & Image,1,soda-keyvisual,Botanical soda summer key visual,deliverables/soda-keyvisual.png,landscape,format: png; width: 1920; height: 1080,not_produced
SB3-027-PHO,Fennhollow - Botanical soda summer campaign,Photo & Image,2,ingredient-carousel-p01,Botanical ingredient carousel - Page 1,deliverables/ingredient-carousel-p01.png,carousel,format: png; width: 1080; height: 1350,not_produced
SB3-027-PHO,Fennhollow - Botanical soda summer campaign,Photo & Image,3,ingredient-carousel-p02,Botanical ingredient carousel - Page 2,deliverables/ingredient-carousel-p02.png,carousel,format: png; width: 1080; height: 1350,not_produced
SB3-027-PHO,Fennhollow - Botanical soda summer campaign,Photo & Image,4,ingredient-carousel-p03,Botanical ingredient carousel - Page 3,deliverables/ingredient-carousel-p03.png,carousel,format: png; width: 1080; height: 1350,not_produced
SB3-027-PHO,Fennhollow - Botanical soda summer campaign,Photo & Image,5,ingredient-carousel-p04,Botanical ingredient carousel - Page 4,deliverables/ingredient-carousel-p04.png,carousel,format: png; width: 1080; height: 1350,not_produced
SB3-027-PHO,Fennhollow - Botanical soda summer campaign,Photo & Image,6,ingredient-carousel-p05,Botanical ingredient carousel - Page 5,deliverables/ingredient-carousel-p05.png,carousel,format: png; width: 1080; height: 1350,not_produced
SB3-027-PHO,Fennhollow - Botanical soda summer campaign,Photo & Image,7,retail-poster,Soda retail display poster,deliverables/retail-poster.pdf,poster,format: pdf; width_mm: 420; height_mm: 594; pages: 1,not_produced
SB3-028-PHO,Verda Reformer Studio - Fitness campaign image system,Photo & Image,1,studio-launch,Studio launch-page composition,deliverables/studio-launch.png,web,format: png; width: 1440; height: 2400,not_produced
SB3-028-PHO,Verda Reformer Studio - Fitness campaign image system,Photo & Image,2,class-feed,Class announcement,deliverables/class-feed.png,feed,format: png; width: 1080; height: 1350,not_produced
SB3-028-PHO,Verda Reformer Studio - Fitness campaign image system,Photo & Image,3,booking-story,Studio booking story,deliverables/booking-story.png,story,format: png; width: 1080; height: 1920,not_produced
SB3-029-PHO,Cape Marren - Shoulder-season tourism campaign,Photo & Image,1,destination-poster,Shoulder-season destination poster,deliverables/destination-poster.pdf,poster,format: pdf; width_mm: 420; height_mm: 594; pages: 1,not_produced
SB3-029-PHO,Cape Marren - Shoulder-season tourism campaign,Photo & Image,2,itinerary-carousel-p01,Destination itinerary carousel - Page 1,deliverables/itinerary-carousel-p01.png,carousel,format: png; width: 1080; height: 1350,not_produced
SB3-029-PHO,Cape Marren - Shoulder-season tourism campaign,Photo & Image,3,itinerary-carousel-p02,Destination itinerary carousel - Page 2,deliverables/itinerary-carousel-p02.png,carousel,format: png; width: 1080; height: 1350,not_produced
SB3-029-PHO,Cape Marren - Shoulder-season tourism campaign,Photo & Image,4,itinerary-carousel-p03,Destination itinerary carousel - Page 3,deliverables/itinerary-carousel-p03.png,carousel,format: png; width: 1080; height: 1350,not_produced
SB3-029-PHO,Cape Marren - Shoulder-season tourism campaign,Photo & Image,5,itinerary-carousel-p04,Destination itinerary carousel - Page 4,deliverables/itinerary-carousel-p04.png,carousel,format: png; width: 1080; height: 1350,not_produced
SB3-029-PHO,Cape Marren - Shoulder-season tourism campaign,Photo & Image,6,itinerary-carousel-p05,Destination itinerary carousel - Page 5,deliverables/itinerary-carousel-p05.png,carousel,format: png; width: 1080; height: 1350,not_produced
SB3-029-PHO,Cape Marren - Shoulder-season tourism campaign,Photo & Image,7,itinerary-carousel-p06,Destination itinerary carousel - Page 6,deliverables/itinerary-carousel-p06.png,carousel,format: png; width: 1080; height: 1350,not_produced
SB3-029-PHO,Cape Marren - Shoulder-season tourism campaign,Photo & Image,8,member-feature,Tourism member feature,deliverables/member-feature.pdf,brochure,format: pdf; width_mm: 210; height_mm: 297; pages: 2,not_produced
SB3-030-PHO,Palewell Health - Licensed care image campaign,Photo & Image,1,care-poster,Care-service information poster,deliverables/care-poster.pdf,poster,format: pdf; width_mm: 420; height_mm: 594; pages: 1,not_produced
SB3-030-PHO,Palewell Health - Licensed care image campaign,Photo & Image,2,care-header,Care website header,deliverables/care-header.png,landscape,format: png; width: 1920; height: 1080,not_produced
SB3-030-PHO,Palewell Health - Licensed care image campaign,Photo & Image,3,clinical-lead,Clinical lead transparent portrait,deliverables/clinical-lead.png,cutout,format: png; width: 1600; height: 1600,not_produced
SB3-030-PHO,Palewell Health - Licensed care image campaign,Photo & Image,4,referral-panel,Referral information panel,deliverables/referral-panel.png,pdp,format: png; width: 1440; height: 1800,not_produced
SB3-031-VEC,Cordwain Overland - Identity master graphics,Vector & Print,1,recovered-mark-compass-chest,Recovered garment mark - Compass chest,deliverables/recovered-mark-compass-chest.svg,vector,format: svg,not_produced
SB3-031-VEC,Cordwain Overland - Identity master graphics,Vector & Print,2,recovered-mark-overland-badge,Recovered garment mark - Overland badge,deliverables/recovered-mark-overland-badge.svg,vector,format: svg,not_produced
SB3-031-VEC,Cordwain Overland - Identity master graphics,Vector & Print,3,recovered-mark-ridgeline-back,Recovered garment mark - Ridgeline back,deliverables/recovered-mark-ridgeline-back.svg,vector,format: svg,not_produced
SB3-031-VEC,Cordwain Overland - Identity master graphics,Vector & Print,4,graphics-sheet,Garment graphics application sheet,deliverables/graphics-sheet.pdf,brochure,format: pdf; width_mm: 210; height_mm: 297; pages: 3,not_produced
SB3-031-VEC,Cordwain Overland - Identity master graphics,Vector & Print,5,lookbook,Garment lookbook layout,deliverables/lookbook.pdf,brochure,format: pdf; width_mm: 210; height_mm: 297; pages: 4,not_produced
SB3-032-VEC,Redecker Machine Works - Restored mark system,Vector & Print,1,works-mark,Engineering identity master,deliverables/works-mark.svg,vector,format: svg,not_produced
SB3-032-VEC,Redecker Machine Works - Restored mark system,Vector & Print,2,machine-plate,Machine identity plate,deliverables/machine-plate.pdf,plate,format: pdf; width_mm: 200; height_mm: 75; pages: 1,not_produced
SB3-032-VEC,Redecker Machine Works - Restored mark system,Vector & Print,3,service-header,Service document header,deliverables/service-header.pdf,brochure,format: pdf; width_mm: 210; height_mm: 297; pages: 1,not_produced
SB3-033-VEC,Apex Rally Club - Motorsport face and livery system,Vector & Print,1,rally-face-r002,Motorsport face artwork - Club Crest,deliverables/rally-face-r002.svg,vector,format: svg,not_produced
SB3-033-VEC,Apex Rally Club - Motorsport face and livery system,Vector & Print,2,rally-face-r003,Motorsport face artwork - Hillclimb,deliverables/rally-face-r003.svg,vector,format: svg,not_produced
SB3-033-VEC,Apex Rally Club - Motorsport face and livery system,Vector & Print,3,rally-face-r004,Motorsport face artwork - Night Stage,deliverables/rally-face-r004.svg,vector,format: svg,not_produced
SB3-033-VEC,Apex Rally Club - Motorsport face and livery system,Vector & Print,4,rally-face-r005,Motorsport face artwork - Ice Trial,deliverables/rally-face-r005.svg,vector,format: svg,not_produced
SB3-033-VEC,Apex Rally Club - Motorsport face and livery system,Vector & Print,5,rally-face-r006,Motorsport face artwork - Gravel Loop,deliverables/rally-face-r006.svg,vector,format: svg,not_produced
SB3-033-VEC,Apex Rally Club - Motorsport face and livery system,Vector & Print,6,rally-face-r007,Motorsport face artwork - Finale,deliverables/rally-face-r007.svg,vector,format: svg,not_produced
SB3-033-VEC,Apex Rally Club - Motorsport face and livery system,Vector & Print,7,livery,Applied livery presentation,deliverables/livery.pdf,brochure,format: pdf; width_mm: 210; height_mm: 297; pages: 4,not_produced
SB3-034-VEC,Meridian and Ash - Sticker artwork production masters,Vector & Print,1,recovered-sticker-window-mark,Recovered sticker artwork - Window mark,deliverables/recovered-sticker-window-mark.svg,vector,format: svg,not_produced
SB3-034-VEC,Meridian and Ash - Sticker artwork production masters,Vector & Print,2,recovered-sticker-bag-design-1,Recovered sticker artwork - Bag design 1,deliverables/recovered-sticker-bag-design-1.svg,vector,format: svg,not_produced
SB3-034-VEC,Meridian and Ash - Sticker artwork production masters,Vector & Print,3,recovered-sticker-bag-design-2,Recovered sticker artwork - Bag design 2,deliverables/recovered-sticker-bag-design-2.svg,vector,format: svg,not_produced
SB3-034-VEC,Meridian and Ash - Sticker artwork production masters,Vector & Print,4,recovered-sticker-bag-design-3,Recovered sticker artwork - Bag design 3,deliverables/recovered-sticker-bag-design-3.svg,vector,format: svg,not_produced
SB3-034-VEC,Meridian and Ash - Sticker artwork production masters,Vector & Print,5,new-sticker-companion-1,Original companion sticker - Companion 1,deliverables/new-sticker-companion-1.svg,vector,format: svg,not_produced
SB3-034-VEC,Meridian and Ash - Sticker artwork production masters,Vector & Print,6,new-sticker-companion-2,Original companion sticker - Companion 2,deliverables/new-sticker-companion-2.svg,vector,format: svg,not_produced
SB3-034-VEC,Meridian and Ash - Sticker artwork production masters,Vector & Print,7,sticker-cut-window-mark,Separate sticker cut contour - Window mark,deliverables/sticker-cut-window-mark.svg,cut-vector,format: svg,not_produced
SB3-034-VEC,Meridian and Ash - Sticker artwork production masters,Vector & Print,8,sticker-cut-bag-design-1,Separate sticker cut contour - Bag design 1,deliverables/sticker-cut-bag-design-1.svg,cut-vector,format: svg,not_produced
SB3-034-VEC,Meridian and Ash - Sticker artwork production masters,Vector & Print,9,sticker-cut-bag-design-2,Separate sticker cut contour - Bag design 2,deliverables/sticker-cut-bag-design-2.svg,cut-vector,format: svg,not_produced
SB3-034-VEC,Meridian and Ash - Sticker artwork production masters,Vector & Print,10,sticker-cut-bag-design-3,Separate sticker cut contour - Bag design 3,deliverables/sticker-cut-bag-design-3.svg,cut-vector,format: svg,not_produced
SB3-034-VEC,Meridian and Ash - Sticker artwork production masters,Vector & Print,11,sticker-cut-companion-1,Separate sticker cut contour - Companion 1,deliverables/sticker-cut-companion-1.svg,cut-vector,format: svg,not_produced
SB3-034-VEC,Meridian and Ash - Sticker artwork production masters,Vector & Print,12,sticker-cut-companion-2,Separate sticker cut contour - Companion 2,deliverables/sticker-cut-companion-2.svg,cut-vector,format: svg,not_produced
SB3-034-VEC,Meridian and Ash - Sticker artwork production masters,Vector & Print,13,sticker-proof-window-mark,Transparent sticker proof - Window mark,deliverables/sticker-proof-window-mark.png,cutout,format: png; width: 1600; height: 1600,not_produced
SB3-034-VEC,Meridian and Ash - Sticker artwork production masters,Vector & Print,14,sticker-proof-bag-design-1,Transparent sticker proof - Bag design 1,deliverables/sticker-proof-bag-design-1.png,cutout,format: png; width: 1600; height: 1600,not_produced
SB3-034-VEC,Meridian and Ash - Sticker artwork production masters,Vector & Print,15,sticker-proof-bag-design-2,Transparent sticker proof - Bag design 2,deliverables/sticker-proof-bag-design-2.png,cutout,format: png; width: 1600; height: 1600,not_produced
SB3-034-VEC,Meridian and Ash - Sticker artwork production masters,Vector & Print,16,sticker-proof-bag-design-3,Transparent sticker proof - Bag design 3,deliverables/sticker-proof-bag-design-3.png,cutout,format: png; width: 1600; height: 1600,not_produced
SB3-034-VEC,Meridian and Ash - Sticker artwork production masters,Vector & Print,17,sticker-proof-companion-1,Transparent sticker proof - Companion 1,deliverables/sticker-proof-companion-1.png,cutout,format: png; width: 1600; height: 1600,not_produced
SB3-034-VEC,Meridian and Ash - Sticker artwork production masters,Vector & Print,18,sticker-proof-companion-2,Transparent sticker proof - Companion 2,deliverables/sticker-proof-companion-2.png,cutout,format: png; width: 1600; height: 1600,not_produced
SB3-034-VEC,Meridian and Ash - Sticker artwork production masters,Vector & Print,19,gang-sheet,Sticker imposed production sheet,deliverables/gang-sheet.pdf,brochure,format: pdf; width_mm: 305; height_mm: 457; pages: 1,not_produced
SB3-035-VEC,Isla Verde - Monogram and wayfinding pictogram system,Vector & Print,1,monogram,Recovered Isla Verde monogram,deliverables/monogram.svg,vector,format: svg,not_produced
SB3-035-VEC,Isla Verde - Monogram and wayfinding pictogram system,Vector & Print,2,pictogram-reception,Wordless facility pictogram - Reception,deliverables/pictogram-reception.svg,vector,format: svg,not_produced
SB3-035-VEC,Isla Verde - Monogram and wayfinding pictogram system,Vector & Print,3,pictogram-pool,Wordless facility pictogram - Pool,deliverables/pictogram-pool.svg,vector,format: svg,not_produced
SB3-035-VEC,Isla Verde - Monogram and wayfinding pictogram system,Vector & Print,4,pictogram-restaurant,Wordless facility pictogram - Restaurant,deliverables/pictogram-restaurant.svg,vector,format: svg,not_produced
SB3-035-VEC,Isla Verde - Monogram and wayfinding pictogram system,Vector & Print,5,pictogram-bar,Wordless facility pictogram - Bar,deliverables/pictogram-bar.svg,vector,format: svg,not_produced
SB3-035-VEC,Isla Verde - Monogram and wayfinding pictogram system,Vector & Print,6,pictogram-spa,Wordless facility pictogram - Spa,deliverables/pictogram-spa.svg,vector,format: svg,not_produced
SB3-035-VEC,Isla Verde - Monogram and wayfinding pictogram system,Vector & Print,7,pictogram-gym,Wordless facility pictogram - Gym,deliverables/pictogram-gym.svg,vector,format: svg,not_produced
SB3-035-VEC,Isla Verde - Monogram and wayfinding pictogram system,Vector & Print,8,pictogram-restroom,Wordless facility pictogram - Restroom,deliverables/pictogram-restroom.svg,vector,format: svg,not_produced
SB3-035-VEC,Isla Verde - Monogram and wayfinding pictogram system,Vector & Print,9,pictogram-beach,Wordless facility pictogram - Beach,deliverables/pictogram-beach.svg,vector,format: svg,not_produced
SB3-035-VEC,Isla Verde - Monogram and wayfinding pictogram system,Vector & Print,10,door-plate-r002,Bilingual door plate - 1,deliverables/door-plate-r002.pdf,plate,format: pdf; width_mm: 200; height_mm: 75; pages: 1,not_produced
SB3-035-VEC,Isla Verde - Monogram and wayfinding pictogram system,Vector & Print,11,door-plate-r003,Bilingual door plate - 2,deliverables/door-plate-r003.pdf,plate,format: pdf; width_mm: 200; height_mm: 75; pages: 1,not_produced
SB3-035-VEC,Isla Verde - Monogram and wayfinding pictogram system,Vector & Print,12,door-plate-r004,Bilingual door plate - 3,deliverables/door-plate-r004.pdf,plate,format: pdf; width_mm: 200; height_mm: 75; pages: 1,not_produced
SB3-035-VEC,Isla Verde - Monogram and wayfinding pictogram system,Vector & Print,13,door-plate-r005,Bilingual door plate - 4,deliverables/door-plate-r005.pdf,plate,format: pdf; width_mm: 200; height_mm: 75; pages: 1,not_produced
SB3-035-VEC,Isla Verde - Monogram and wayfinding pictogram system,Vector & Print,14,door-plate-r006,Bilingual door plate - 5,deliverables/door-plate-r006.pdf,plate,format: pdf; width_mm: 200; height_mm: 75; pages: 1,not_produced
SB3-035-VEC,Isla Verde - Monogram and wayfinding pictogram system,Vector & Print,15,door-plate-r007,Bilingual door plate - 6,deliverables/door-plate-r007.pdf,plate,format: pdf; width_mm: 200; height_mm: 75; pages: 1,not_produced
SB3-035-VEC,Isla Verde - Monogram and wayfinding pictogram system,Vector & Print,16,door-plate-r008,Bilingual door plate - 7,deliverables/door-plate-r008.pdf,plate,format: pdf; width_mm: 200; height_mm: 75; pages: 1,not_produced
SB3-035-VEC,Isla Verde - Monogram and wayfinding pictogram system,Vector & Print,17,door-plate-r009,Bilingual door plate - 8,deliverables/door-plate-r009.pdf,plate,format: pdf; width_mm: 200; height_mm: 75; pages: 1,not_produced
SB3-035-VEC,Isla Verde - Monogram and wayfinding pictogram system,Vector & Print,18,door-plate-r010,Bilingual door plate - 9,deliverables/door-plate-r010.pdf,plate,format: pdf; width_mm: 200; height_mm: 75; pages: 1,not_produced
SB3-035-VEC,Isla Verde - Monogram and wayfinding pictogram system,Vector & Print,19,door-plate-r011,Bilingual door plate - 10,deliverables/door-plate-r011.pdf,plate,format: pdf; width_mm: 200; height_mm: 75; pages: 1,not_produced
SB3-035-VEC,Isla Verde - Monogram and wayfinding pictogram system,Vector & Print,20,door-plate-r012,Bilingual door plate - 11,deliverables/door-plate-r012.pdf,plate,format: pdf; width_mm: 200; height_mm: 75; pages: 1,not_produced
SB3-035-VEC,Isla Verde - Monogram and wayfinding pictogram system,Vector & Print,21,door-plate-r013,Bilingual door plate - 12,deliverables/door-plate-r013.pdf,plate,format: pdf; width_mm: 200; height_mm: 75; pages: 1,not_produced
SB3-035-VEC,Isla Verde - Monogram and wayfinding pictogram system,Vector & Print,22,door-plate-r014,Bilingual door plate - 13,deliverables/door-plate-r014.pdf,plate,format: pdf; width_mm: 200; height_mm: 75; pages: 1,not_produced
SB3-035-VEC,Isla Verde - Monogram and wayfinding pictogram system,Vector & Print,23,door-plate-r015,Bilingual door plate - 14,deliverables/door-plate-r015.pdf,plate,format: pdf; width_mm: 200; height_mm: 75; pages: 1,not_produced
SB3-035-VEC,Isla Verde - Monogram and wayfinding pictogram system,Vector & Print,24,door-plate-r016,Bilingual door plate - 15,deliverables/door-plate-r016.pdf,plate,format: pdf; width_mm: 200; height_mm: 75; pages: 1,not_produced
SB3-035-VEC,Isla Verde - Monogram and wayfinding pictogram system,Vector & Print,25,door-plate-r017,Bilingual door plate - 16,deliverables/door-plate-r017.pdf,plate,format: pdf; width_mm: 200; height_mm: 75; pages: 1,not_produced
SB3-035-VEC,Isla Verde - Monogram and wayfinding pictogram system,Vector & Print,26,door-plate-r018,Bilingual door plate - 17,deliverables/door-plate-r018.pdf,plate,format: pdf; width_mm: 200; height_mm: 75; pages: 1,not_produced
SB3-035-VEC,Isla Verde - Monogram and wayfinding pictogram system,Vector & Print,27,door-plate-r019,Bilingual door plate - 18,deliverables/door-plate-r019.pdf,plate,format: pdf; width_mm: 200; height_mm: 75; pages: 1,not_produced
SB3-035-VEC,Isla Verde - Monogram and wayfinding pictogram system,Vector & Print,28,door-plate-r020,Bilingual door plate - 19,deliverables/door-plate-r020.pdf,plate,format: pdf; width_mm: 200; height_mm: 75; pages: 1,not_produced
SB3-035-VEC,Isla Verde - Monogram and wayfinding pictogram system,Vector & Print,29,door-plate-r021,Bilingual door plate - 20,deliverables/door-plate-r021.pdf,plate,format: pdf; width_mm: 200; height_mm: 75; pages: 1,not_produced
SB3-035-VEC,Isla Verde - Monogram and wayfinding pictogram system,Vector & Print,30,door-plate-r022,Bilingual door plate - 21,deliverables/door-plate-r022.pdf,plate,format: pdf; width_mm: 200; height_mm: 75; pages: 1,not_produced
SB3-035-VEC,Isla Verde - Monogram and wayfinding pictogram system,Vector & Print,31,door-plate-r023,Bilingual door plate - 22,deliverables/door-plate-r023.pdf,plate,format: pdf; width_mm: 200; height_mm: 75; pages: 1,not_produced
SB3-035-VEC,Isla Verde - Monogram and wayfinding pictogram system,Vector & Print,32,door-plate-r024,Bilingual door plate - 23,deliverables/door-plate-r024.pdf,plate,format: pdf; width_mm: 200; height_mm: 75; pages: 1,not_produced
SB3-035-VEC,Isla Verde - Monogram and wayfinding pictogram system,Vector & Print,33,door-plate-r025,Bilingual door plate - 24,deliverables/door-plate-r025.pdf,plate,format: pdf; width_mm: 200; height_mm: 75; pages: 1,not_produced
SB3-035-VEC,Isla Verde - Monogram and wayfinding pictogram system,Vector & Print,34,door-plate-combined,Bilingual door plate - combined production run,deliverables/door-plate-combined.pdf,combined_print_run,format: pdf; pages: 24; width_mm: 200; height_mm: 75,not_produced
SB3-036-VEC,Ridgeway Rovers - Football crest master system,Vector & Print,1,club-crest-master,Football club crest - Master,deliverables/club-crest-master.svg,vector,format: svg,not_produced
SB3-036-VEC,Ridgeway Rovers - Football crest master system,Vector & Print,2,club-crest-single-ink,Football club crest - Single ink,deliverables/club-crest-single-ink.svg,vector,format: svg,not_produced
SB3-036-VEC,Ridgeway Rovers - Football crest master system,Vector & Print,3,club-crest-reversed,Football club crest - Reversed,deliverables/club-crest-reversed.svg,vector,format: svg,not_produced
SB3-036-VEC,Ridgeway Rovers - Football crest master system,Vector & Print,4,number-0,Club number glyph - 0,deliverables/number-0.svg,vector,format: svg,not_produced
SB3-036-VEC,Ridgeway Rovers - Football crest master system,Vector & Print,5,number-1,Club number glyph - 1,deliverables/number-1.svg,vector,format: svg,not_produced
SB3-036-VEC,Ridgeway Rovers - Football crest master system,Vector & Print,6,number-2,Club number glyph - 2,deliverables/number-2.svg,vector,format: svg,not_produced
SB3-036-VEC,Ridgeway Rovers - Football crest master system,Vector & Print,7,number-3,Club number glyph - 3,deliverables/number-3.svg,vector,format: svg,not_produced
SB3-036-VEC,Ridgeway Rovers - Football crest master system,Vector & Print,8,number-4,Club number glyph - 4,deliverables/number-4.svg,vector,format: svg,not_produced
SB3-036-VEC,Ridgeway Rovers - Football crest master system,Vector & Print,9,number-5,Club number glyph - 5,deliverables/number-5.svg,vector,format: svg,not_produced
SB3-036-VEC,Ridgeway Rovers - Football crest master system,Vector & Print,10,number-6,Club number glyph - 6,deliverables/number-6.svg,vector,format: svg,not_produced
SB3-036-VEC,Ridgeway Rovers - Football crest master system,Vector & Print,11,number-7,Club number glyph - 7,deliverables/number-7.svg,vector,format: svg,not_produced
SB3-036-VEC,Ridgeway Rovers - Football crest master system,Vector & Print,12,number-8,Club number glyph - 8,deliverables/number-8.svg,vector,format: svg,not_produced
SB3-036-VEC,Ridgeway Rovers - Football crest master system,Vector & Print,13,number-9,Club number glyph - 9,deliverables/number-9.svg,vector,format: svg,not_produced
SB3-036-VEC,Ridgeway Rovers - Football crest master system,Vector & Print,14,letter-a,Club letter glyph - A,deliverables/letter-a.svg,vector,format: svg,not_produced
SB3-036-VEC,Ridgeway Rovers - Football crest master system,Vector & Print,15,letter-b,Club letter glyph - B,deliverables/letter-b.svg,vector,format: svg,not_produced
SB3-036-VEC,Ridgeway Rovers - Football crest master system,Vector & Print,16,letter-c,Club letter glyph - C,deliverables/letter-c.svg,vector,format: svg,not_produced
SB3-036-VEC,Ridgeway Rovers - Football crest master system,Vector & Print,17,letter-d,Club letter glyph - D,deliverables/letter-d.svg,vector,format: svg,not_produced
SB3-036-VEC,Ridgeway Rovers - Football crest master system,Vector & Print,18,letter-e,Club letter glyph - E,deliverables/letter-e.svg,vector,format: svg,not_produced
SB3-036-VEC,Ridgeway Rovers - Football crest master system,Vector & Print,19,letter-f,Club letter glyph - F,deliverables/letter-f.svg,vector,format: svg,not_produced
SB3-036-VEC,Ridgeway Rovers - Football crest master system,Vector & Print,20,letter-g,Club letter glyph - G,deliverables/letter-g.svg,vector,format: svg,not_produced
SB3-036-VEC,Ridgeway Rovers - Football crest master system,Vector & Print,21,letter-h,Club letter glyph - H,deliverables/letter-h.svg,vector,format: svg,not_produced
SB3-036-VEC,Ridgeway Rovers - Football crest master system,Vector & Print,22,letter-i,Club letter glyph - I,deliverables/letter-i.svg,vector,format: svg,not_produced
SB3-036-VEC,Ridgeway Rovers - Football crest master system,Vector & Print,23,letter-j,Club letter glyph - J,deliverables/letter-j.svg,vector,format: svg,not_produced
SB3-036-VEC,Ridgeway Rovers - Football crest master system,Vector & Print,24,letter-k,Club letter glyph - K,deliverables/letter-k.svg,vector,format: svg,not_produced
SB3-036-VEC,Ridgeway Rovers - Football crest master system,Vector & Print,25,letter-l,Club letter glyph - L,deliverables/letter-l.svg,vector,format: svg,not_produced
SB3-036-VEC,Ridgeway Rovers - Football crest master system,Vector & Print,26,letter-m,Club letter glyph - M,deliverables/letter-m.svg,vector,format: svg,not_produced
SB3-036-VEC,Ridgeway Rovers - Football crest master system,Vector & Print,27,letter-n,Club letter glyph - N,deliverables/letter-n.svg,vector,format: svg,not_produced
SB3-036-VEC,Ridgeway Rovers - Football crest master system,Vector & Print,28,letter-o,Club letter glyph - O,deliverables/letter-o.svg,vector,format: svg,not_produced
SB3-036-VEC,Ridgeway Rovers - Football crest master system,Vector & Print,29,letter-p,Club letter glyph - P,deliverables/letter-p.svg,vector,format: svg,not_produced
SB3-036-VEC,Ridgeway Rovers - Football crest master system,Vector & Print,30,letter-q,Club letter glyph - Q,deliverables/letter-q.svg,vector,format: svg,not_produced
SB3-036-VEC,Ridgeway Rovers - Football crest master system,Vector & Print,31,letter-r,Club letter glyph - R,deliverables/letter-r.svg,vector,format: svg,not_produced
SB3-036-VEC,Ridgeway Rovers - Football crest master system,Vector & Print,32,letter-s,Club letter glyph - S,deliverables/letter-s.svg,vector,format: svg,not_produced
SB3-036-VEC,Ridgeway Rovers - Football crest master system,Vector & Print,33,letter-t,Club letter glyph - T,deliverables/letter-t.svg,vector,format: svg,not_produced
SB3-036-VEC,Ridgeway Rovers - Football crest master system,Vector & Print,34,letter-u,Club letter glyph - U,deliverables/letter-u.svg,vector,format: svg,not_produced
SB3-036-VEC,Ridgeway Rovers - Football crest master system,Vector & Print,35,letter-v,Club letter glyph - V,deliverables/letter-v.svg,vector,format: svg,not_produced
SB3-036-VEC,Ridgeway Rovers - Football crest master system,Vector & Print,36,letter-w,Club letter glyph - W,deliverables/letter-w.svg,vector,format: svg,not_produced
SB3-036-VEC,Ridgeway Rovers - Football crest master system,Vector & Print,37,letter-x,Club letter glyph - X,deliverables/letter-x.svg,vector,format: svg,not_produced
SB3-036-VEC,Ridgeway Rovers - Football crest master system,Vector & Print,38,letter-y,Club letter glyph - Y,deliverables/letter-y.svg,vector,format: svg,not_produced
SB3-036-VEC,Ridgeway Rovers - Football crest master system,Vector & Print,39,letter-z,Club letter glyph - Z,deliverables/letter-z.svg,vector,format: svg,not_produced
SB3-036-VEC,Ridgeway Rovers - Football crest master system,Vector & Print,40,kit-sheet,Shirt and training-kit artwork sheet,deliverables/kit-sheet.pdf,brochure,format: pdf; width_mm: 210; height_mm: 297; pages: 3,not_produced
SB3-037-VEC,Wharfside Folk Festival - Restored festival identity,Vector & Print,1,festival-mark,Recovered festival mark,deliverables/festival-mark.svg,vector,format: svg,not_produced
SB3-037-VEC,Wharfside Folk Festival - Restored festival identity,Vector & Print,2,festival-poster,Festival poster,deliverables/festival-poster.pdf,poster,format: pdf; width_mm: 420; height_mm: 594; pages: 1,not_produced
SB3-037-VEC,Wharfside Folk Festival - Restored festival identity,Vector & Print,3,handbill,Festival handbill,deliverables/handbill.pdf,handbill,format: pdf; width_mm: 148; height_mm: 210; pages: 1,not_produced
SB3-037-VEC,Wharfside Folk Festival - Restored festival identity,Vector & Print,4,shirt-art,Festival shirt artwork,deliverables/shirt-art.svg,vector,format: svg,not_produced
SB3-038-VEC,Coble and Vane - One-color mark system,Vector & Print,1,one-ink-mark,One-colour packaging identity,deliverables/one-ink-mark.svg,vector,format: svg,not_produced
SB3-038-VEC,Coble and Vane - One-color mark system,Vector & Print,2,release-label-r002,Cask-release label artwork - 214,deliverables/release-label-r002.pdf,label,format: pdf; width_mm: 209.889; height_mm: 148.167; pages: 1,not_produced
SB3-038-VEC,Coble and Vane - One-color mark system,Vector & Print,3,release-label-r004,Cask-release label artwork - 221,deliverables/release-label-r004.pdf,label,format: pdf; width_mm: 209.889; height_mm: 148.167; pages: 1,not_produced
SB3-038-VEC,Coble and Vane - One-color mark system,Vector & Print,4,release-label-r005,Cask-release label artwork - 225,deliverables/release-label-r005.pdf,label,format: pdf; width_mm: 209.889; height_mm: 148.167; pages: 1,not_produced
SB3-038-VEC,Coble and Vane - One-color mark system,Vector & Print,5,release-label-r006,Cask-release label artwork - 229,deliverables/release-label-r006.pdf,label,format: pdf; width_mm: 209.889; height_mm: 148.167; pages: 1,not_produced
SB3-038-VEC,Coble and Vane - One-color mark system,Vector & Print,6,release-label-r009,Cask-release label artwork - 241,deliverables/release-label-r009.pdf,label,format: pdf; width_mm: 209.889; height_mm: 148.167; pages: 1,not_produced
SB3-038-VEC,Coble and Vane - One-color mark system,Vector & Print,7,release-label-r011,Cask-release label artwork - 250,deliverables/release-label-r011.pdf,label,format: pdf; width_mm: 209.889; height_mm: 148.167; pages: 1,not_produced
SB3-038-VEC,Coble and Vane - One-color mark system,Vector & Print,8,release-label-r012,Cask-release label artwork - 254,deliverables/release-label-r012.pdf,label,format: pdf; width_mm: 209.889; height_mm: 148.167; pages: 1,not_produced
SB3-038-VEC,Coble and Vane - One-color mark system,Vector & Print,9,release-label-combined,Cask-release label artwork - combined production run,deliverables/release-label-combined.pdf,combined_print_run,format: pdf; pages: 7; width_mm: 209.889; height_mm: 148.167,not_produced
SB3-038-VEC,Coble and Vane - One-color mark system,Vector & Print,10,supplier-sheet,Packaging supplier application sheet,deliverables/supplier-sheet.pdf,brochure,format: pdf; width_mm: 210; height_mm: 297; pages: 2,not_produced
SB3-039-VEC,Halcyon Grid - Production logo family,Vector & Print,1,logo-master,Halcyon Grid logo variant - Master,deliverables/logo-master.svg,vector,format: svg,not_produced
SB3-039-VEC,Halcyon Grid - Production logo family,Vector & Print,2,logo-dispatch,Halcyon Grid logo variant - Dispatch,deliverables/logo-dispatch.svg,vector,format: svg,not_produced
SB3-039-VEC,Halcyon Grid - Production logo family,Vector & Print,3,logo-relay,Halcyon Grid logo variant - Relay,deliverables/logo-relay.svg,vector,format: svg,not_produced
SB3-039-VEC,Halcyon Grid - Production logo family,Vector & Print,4,identity-usage,Identity usage guide,deliverables/identity-usage.pdf,brochure,format: pdf; width_mm: 210; height_mm: 297; pages: 4,not_produced
SB3-039-VEC,Halcyon Grid - Production logo family,Vector & Print,5,team-lockup,Team website identity application,deliverables/team-lockup.png,web,format: png; width: 1440; height: 2400,not_produced
SB3-040-VEC,Evergreen Provisions - Restored crest system,Vector & Print,1,garment-crest-r002,Apparel crest production artwork - Cedar Line - Tee - Full chest,deliverables/garment-crest-r002.svg,vector,format: svg,not_produced
SB3-040-VEC,Evergreen Provisions - Restored crest system,Vector & Print,2,garment-crest-r003,Apparel crest production artwork - Sage Hollow - Hoodie - Left chest,deliverables/garment-crest-r003.svg,vector,format: svg,not_produced
SB3-040-VEC,Evergreen Provisions - Restored crest system,Vector & Print,3,garment-crest-r004,Apparel crest production artwork - Aubergine Dusk - Tee - Full chest,deliverables/garment-crest-r004.svg,vector,format: svg,not_produced
SB3-040-VEC,Evergreen Provisions - Restored crest system,Vector & Print,4,garment-crest-r005,Apparel crest production artwork - Cedar Line - Hoodie - Full back,deliverables/garment-crest-r005.svg,vector,format: svg,not_produced
SB3-040-VEC,Evergreen Provisions - Restored crest system,Vector & Print,5,garment-crest-r006,Apparel crest production artwork - Bone Ridge - Tee - Left sleeve,deliverables/garment-crest-r006.svg,vector,format: svg,not_produced
SB3-040-VEC,Evergreen Provisions - Restored crest system,Vector & Print,6,garment-crest-r007,Apparel crest production artwork - Harvest Bench - Hoodie - Full chest,deliverables/garment-crest-r007.svg,vector,format: svg,not_produced
SB3-040-VEC,Evergreen Provisions - Restored crest system,Vector & Print,7,capsule-presentation,Garment capsule application presentation,deliverables/capsule-presentation.pdf,brochure,format: pdf; width_mm: 210; height_mm: 297; pages: 6,not_produced
SB3-041-VEC,Cedar Commons - Farmers market identity restoration,Vector & Print,1,market-mark,Farmers-market identity master,deliverables/market-mark.svg,vector,format: svg,not_produced
SB3-041-VEC,Cedar Commons - Farmers market identity restoration,Vector & Print,2,season-poster,Seasonal market poster,deliverables/season-poster.pdf,poster,format: pdf; width_mm: 420; height_mm: 594; pages: 1,not_produced
SB3-041-VEC,Cedar Commons - Farmers market identity restoration,Vector & Print,3,stall-sign-r002,Market stall sign - 1 - Green Mountain Produce,deliverables/stall-sign-r002.pdf,plate,format: pdf; width_mm: 152.4; height_mm: 152.4; pages: 1,not_produced
SB3-041-VEC,Cedar Commons - Farmers market identity restoration,Vector & Print,4,stall-sign-r003,Market stall sign - 2 - Willowbrook Bakery,deliverables/stall-sign-r003.pdf,plate,format: pdf; width_mm: 152.4; height_mm: 152.4; pages: 1,not_produced
SB3-041-VEC,Cedar Commons - Farmers market identity restoration,Vector & Print,5,stall-sign-r004,Market stall sign - 3 - Two Ponds Flowers,deliverables/stall-sign-r004.pdf,plate,format: pdf; width_mm: 152.4; height_mm: 152.4; pages: 1,not_produced
SB3-041-VEC,Cedar Commons - Farmers market identity restoration,Vector & Print,6,stall-sign-r005,Market stall sign - 4 - Cabot Ridge Cheese,deliverables/stall-sign-r005.pdf,plate,format: pdf; width_mm: 152.4; height_mm: 152.4; pages: 1,not_produced
SB3-041-VEC,Cedar Commons - Farmers market identity restoration,Vector & Print,7,stall-sign-r006,Market stall sign - 5 - Sunfield Eggs,deliverables/stall-sign-r006.pdf,plate,format: pdf; width_mm: 152.4; height_mm: 152.4; pages: 1,not_produced
SB3-041-VEC,Cedar Commons - Farmers market identity restoration,Vector & Print,8,stall-sign-r007,Market stall sign - 6 - Maple Hollow Sugarworks,deliverables/stall-sign-r007.pdf,plate,format: pdf; width_mm: 152.4; height_mm: 152.4; pages: 1,not_produced
SB3-041-VEC,Cedar Commons - Farmers market identity restoration,Vector & Print,9,stall-sign-r008,Market stall sign - 7 - Birch & Bramble Preserves,deliverables/stall-sign-r008.pdf,plate,format: pdf; width_mm: 152.4; height_mm: 152.4; pages: 1,not_produced
SB3-041-VEC,Cedar Commons - Farmers market identity restoration,Vector & Print,10,stall-sign-r009,Market stall sign - 8 - Stone Meadow Dairy,deliverables/stall-sign-r009.pdf,plate,format: pdf; width_mm: 152.4; height_mm: 152.4; pages: 1,not_produced
SB3-041-VEC,Cedar Commons - Farmers market identity restoration,Vector & Print,11,stall-sign-r010,Market stall sign - 9 - Little Otter Coffee,deliverables/stall-sign-r010.pdf,plate,format: pdf; width_mm: 152.4; height_mm: 152.4; pages: 1,not_produced
SB3-041-VEC,Cedar Commons - Farmers market identity restoration,Vector & Print,12,stall-sign-r011,Market stall sign - 10 - Ferncliff Mushrooms,deliverables/stall-sign-r011.pdf,plate,format: pdf; width_mm: 152.4; height_mm: 152.4; pages: 1,not_produced
SB3-041-VEC,Cedar Commons - Farmers market identity restoration,Vector & Print,13,stall-sign-r012,Market stall sign - 11 - Red Wagon Vegetables,deliverables/stall-sign-r012.pdf,plate,format: pdf; width_mm: 152.4; height_mm: 152.4; pages: 1,not_produced
SB3-041-VEC,Cedar Commons - Farmers market identity restoration,Vector & Print,14,stall-sign-r013,Market stall sign - 12 - Highfield Heritage Orchard & Cider Cooperative of Vermont,deliverables/stall-sign-r013.pdf,plate,format: pdf; width_mm: 152.4; height_mm: 152.4; pages: 1,not_produced
SB3-041-VEC,Cedar Commons - Farmers market identity restoration,Vector & Print,15,stall-sign-r014,Market stall sign - 13 - Clover Lane Honey,deliverables/stall-sign-r014.pdf,plate,format: pdf; width_mm: 152.4; height_mm: 152.4; pages: 1,not_produced
SB3-041-VEC,Cedar Commons - Farmers market identity restoration,Vector & Print,16,stall-sign-r015,Market stall sign - 14 - Trillium Herb Farm,deliverables/stall-sign-r015.pdf,plate,format: pdf; width_mm: 152.4; height_mm: 152.4; pages: 1,not_produced
SB3-041-VEC,Cedar Commons - Farmers market identity restoration,Vector & Print,17,stall-sign-r016,Market stall sign - 15 - North Star Breads,deliverables/stall-sign-r016.pdf,plate,format: pdf; width_mm: 152.4; height_mm: 152.4; pages: 1,not_produced
SB3-041-VEC,Cedar Commons - Farmers market identity restoration,Vector & Print,18,stall-sign-r017,Market stall sign - 16 - Painted Hills Pottery,deliverables/stall-sign-r017.pdf,plate,format: pdf; width_mm: 152.4; height_mm: 152.4; pages: 1,not_produced
SB3-041-VEC,Cedar Commons - Farmers market identity restoration,Vector & Print,19,stall-sign-r018,Market stall sign - 17 - Quiet Brook Soap,deliverables/stall-sign-r018.pdf,plate,format: pdf; width_mm: 152.4; height_mm: 152.4; pages: 1,not_produced
SB3-041-VEC,Cedar Commons - Farmers market identity restoration,Vector & Print,20,stall-sign-r019,Market stall sign - 18 - Alder Creek Meats,deliverables/stall-sign-r019.pdf,plate,format: pdf; width_mm: 152.4; height_mm: 152.4; pages: 1,not_produced
SB3-041-VEC,Cedar Commons - Farmers market identity restoration,Vector & Print,21,stall-sign-r020,Market stall sign - 19 - Meadowlark Flowers,deliverables/stall-sign-r020.pdf,plate,format: pdf; width_mm: 152.4; height_mm: 152.4; pages: 1,not_produced
SB3-041-VEC,Cedar Commons - Farmers market identity restoration,Vector & Print,22,stall-sign-r021,Market stall sign - 20 - Windfall Apples,deliverables/stall-sign-r021.pdf,plate,format: pdf; width_mm: 152.4; height_mm: 152.4; pages: 1,not_produced
SB3-041-VEC,Cedar Commons - Farmers market identity restoration,Vector & Print,23,stall-sign-r022,Market stall sign - 21 - Sap Bucket Confections,deliverables/stall-sign-r022.pdf,plate,format: pdf; width_mm: 152.4; height_mm: 152.4; pages: 1,not_produced
SB3-041-VEC,Cedar Commons - Farmers market identity restoration,Vector & Print,24,stall-sign-r023,Market stall sign - 22 - Rolling Thyme Kitchen,deliverables/stall-sign-r023.pdf,plate,format: pdf; width_mm: 152.4; height_mm: 152.4; pages: 1,not_produced
SB3-041-VEC,Cedar Commons - Farmers market identity restoration,Vector & Print,25,stall-sign-r026,Market stall sign - 24 - Cornerstone Cheesemongers,deliverables/stall-sign-r026.pdf,plate,format: pdf; width_mm: 152.4; height_mm: 152.4; pages: 1,not_produced
SB3-041-VEC,Cedar Commons - Farmers market identity restoration,Vector & Print,26,stall-sign-r027,Market stall sign - 25 - Blue Heron Fish,deliverables/stall-sign-r027.pdf,plate,format: pdf; width_mm: 152.4; height_mm: 152.4; pages: 1,not_produced
SB3-041-VEC,Cedar Commons - Farmers market identity restoration,Vector & Print,27,stall-sign-r028,Market stall sign - 26 - Sugarhouse Sweets,deliverables/stall-sign-r028.pdf,plate,format: pdf; width_mm: 152.4; height_mm: 152.4; pages: 1,not_produced
SB3-041-VEC,Cedar Commons - Farmers market identity restoration,Vector & Print,28,stall-sign-r029,Market stall sign - 27 - Bright Acre Greens,deliverables/stall-sign-r029.pdf,plate,format: pdf; width_mm: 152.4; height_mm: 152.4; pages: 1,not_produced
SB3-041-VEC,Cedar Commons - Farmers market identity restoration,Vector & Print,29,stall-sign-r030,Market stall sign - 28 - Timber Line Woodcraft,deliverables/stall-sign-r030.pdf,plate,format: pdf; width_mm: 152.4; height_mm: 152.4; pages: 1,not_produced
SB3-041-VEC,Cedar Commons - Farmers market identity restoration,Vector & Print,30,stall-sign-r031,Market stall sign - 29 - Foothill Berry Farm,deliverables/stall-sign-r031.pdf,plate,format: pdf; width_mm: 152.4; height_mm: 152.4; pages: 1,not_produced
SB3-041-VEC,Cedar Commons - Farmers market identity restoration,Vector & Print,31,stall-sign-r032,Market stall sign - 30 - Wren's Nest Baking,deliverables/stall-sign-r032.pdf,plate,format: pdf; width_mm: 152.4; height_mm: 152.4; pages: 1,not_produced
SB3-041-VEC,Cedar Commons - Farmers market identity restoration,Vector & Print,32,stall-sign-r033,Market stall sign - 31 - Silver Maple Syrup Co,deliverables/stall-sign-r033.pdf,plate,format: pdf; width_mm: 152.4; height_mm: 152.4; pages: 1,not_produced
SB3-041-VEC,Cedar Commons - Farmers market identity restoration,Vector & Print,33,stall-sign-r034,Market stall sign - 32 - Stonewall Preserves,deliverables/stall-sign-r034.pdf,plate,format: pdf; width_mm: 152.4; height_mm: 152.4; pages: 1,not_produced
SB3-041-VEC,Cedar Commons - Farmers market identity restoration,Vector & Print,34,stall-sign-r035,Market stall sign - 33 - Harvest Moon Flowers,deliverables/stall-sign-r035.pdf,plate,format: pdf; width_mm: 152.4; height_mm: 152.4; pages: 1,not_produced
SB3-041-VEC,Cedar Commons - Farmers market identity restoration,Vector & Print,35,stall-sign-r036,Market stall sign - 34 - Otter Run Herbs,deliverables/stall-sign-r036.pdf,plate,format: pdf; width_mm: 152.4; height_mm: 152.4; pages: 1,not_produced
SB3-041-VEC,Cedar Commons - Farmers market identity restoration,Vector & Print,36,stall-sign-r037,Market stall sign - 35 - Pine Barn Eggs,deliverables/stall-sign-r037.pdf,plate,format: pdf; width_mm: 152.4; height_mm: 152.4; pages: 1,not_produced
SB3-041-VEC,Cedar Commons - Farmers market identity restoration,Vector & Print,37,stall-sign-r038,Market stall sign - 36 - Riverbend Roasters,deliverables/stall-sign-r038.pdf,plate,format: pdf; width_mm: 152.4; height_mm: 152.4; pages: 1,not_produced
SB3-041-VEC,Cedar Commons - Farmers market identity restoration,Vector & Print,38,stall-sign-r039,Market stall sign - 37 - Golden Fields Grain,deliverables/stall-sign-r039.pdf,plate,format: pdf; width_mm: 152.4; height_mm: 152.4; pages: 1,not_produced
SB3-041-VEC,Cedar Commons - Farmers market identity restoration,Vector & Print,39,stall-sign-r040,Market stall sign - 38 - Beaver Pond Honey,deliverables/stall-sign-r040.pdf,plate,format: pdf; width_mm: 152.4; height_mm: 152.4; pages: 1,not_produced
SB3-041-VEC,Cedar Commons - Farmers market identity restoration,Vector & Print,40,stall-sign-r041,Market stall sign - 39 - Copper Kettle Kitchen,deliverables/stall-sign-r041.pdf,plate,format: pdf; width_mm: 152.4; height_mm: 152.4; pages: 1,not_produced
SB3-041-VEC,Cedar Commons - Farmers market identity restoration,Vector & Print,41,stall-sign-r042,Market stall sign - 40 - Thistle & Vine Flowers,deliverables/stall-sign-r042.pdf,plate,format: pdf; width_mm: 152.4; height_mm: 152.4; pages: 1,not_produced
SB3-041-VEC,Cedar Commons - Farmers market identity restoration,Vector & Print,42,stall-sign-r043,Market stall sign - 41 - Long Meadow Lamb,deliverables/stall-sign-r043.pdf,plate,format: pdf; width_mm: 152.4; height_mm: 152.4; pages: 1,not_produced
SB3-041-VEC,Cedar Commons - Farmers market identity restoration,Vector & Print,43,stall-sign-r044,Market stall sign - 42 - Cedar Swamp Cranberries,deliverables/stall-sign-r044.pdf,plate,format: pdf; width_mm: 152.4; height_mm: 152.4; pages: 1,not_produced
SB3-041-VEC,Cedar Commons - Farmers market identity restoration,Vector & Print,44,stall-sign-r045,Market stall sign - 43 - Morningside Mushrooms,deliverables/stall-sign-r045.pdf,plate,format: pdf; width_mm: 152.4; height_mm: 152.4; pages: 1,not_produced
SB3-041-VEC,Cedar Commons - Farmers market identity restoration,Vector & Print,45,stall-sign-combined,Market stall sign - combined production run,deliverables/stall-sign-combined.pdf,combined_print_run,format: pdf; pages: 42; width_mm: 152.4; height_mm: 152.4,not_produced
SB3-042-VEC,Static Union - Manufacturing artwork system,Vector & Print,1,embroidery-art,Eagle Bolt embroidery artwork,deliverables/embroidery-art.svg,vector,format: svg,not_produced
SB3-042-VEC,Static Union - Manufacturing artwork system,Vector & Print,2,pin-art,Arc Badge enamel-pin artwork,deliverables/pin-art.svg,vector,format: svg,not_produced
SB3-042-VEC,Static Union - Manufacturing artwork system,Vector & Print,3,sticker-art,Bolt Icon sticker artwork,deliverables/sticker-art.svg,vector,format: svg,not_produced
SB3-042-VEC,Static Union - Manufacturing artwork system,Vector & Print,4,woven-art,Union Stripe woven-label artwork,deliverables/woven-art.svg,vector,format: svg,not_produced
SB3-042-VEC,Static Union - Manufacturing artwork system,Vector & Print,5,production-guide,Supplier production guide,deliverables/production-guide.pdf,brochure,format: pdf; width_mm: 210; height_mm: 297; pages: 4,not_produced
SB3-043-VEC,Maison Serault - Wordmark and monogram master set,Vector & Print,1,wordmark,Maison Serault wordmark,deliverables/wordmark.svg,vector,format: svg,not_produced
SB3-043-VEC,Maison Serault - Wordmark and monogram master set,Vector & Print,2,monogram,Maison Serault monogram,deliverables/monogram.svg,vector,format: svg,not_produced
SB3-043-VEC,Maison Serault - Wordmark and monogram master set,Vector & Print,3,pack-label,Collection packaging label,deliverables/pack-label.pdf,label,format: pdf; width_mm: 99.822; height_mm: 69.85; pages: 1,not_produced
SB3-043-VEC,Maison Serault - Wordmark and monogram master set,Vector & Print,4,stationery,House stationery application,deliverables/stationery.pdf,brochure,format: pdf; width_mm: 210; height_mm: 297; pages: 2,not_produced
SB3-044-VEC,Ironway Run Club - Numbering and club mark system,Vector & Print,1,club-mark,Ironway club mark,deliverables/club-mark.svg,vector,format: svg,not_produced
SB3-044-VEC,Ironway Run Club - Numbering and club mark system,Vector & Print,2,number-0,Race numeral - 0,deliverables/number-0.svg,vector,format: svg,not_produced
SB3-044-VEC,Ironway Run Club - Numbering and club mark system,Vector & Print,3,number-1,Race numeral - 1,deliverables/number-1.svg,vector,format: svg,not_produced
SB3-044-VEC,Ironway Run Club - Numbering and club mark system,Vector & Print,4,number-2,Race numeral - 2,deliverables/number-2.svg,vector,format: svg,not_produced
SB3-044-VEC,Ironway Run Club - Numbering and club mark system,Vector & Print,5,number-3,Race numeral - 3,deliverables/number-3.svg,vector,format: svg,not_produced
SB3-044-VEC,Ironway Run Club - Numbering and club mark system,Vector & Print,6,number-4,Race numeral - 4,deliverables/number-4.svg,vector,format: svg,not_produced
SB3-044-VEC,Ironway Run Club - Numbering and club mark system,Vector & Print,7,number-5,Race numeral - 5,deliverables/number-5.svg,vector,format: svg,not_produced
SB3-044-VEC,Ironway Run Club - Numbering and club mark system,Vector & Print,8,number-6,Race numeral - 6,deliverables/number-6.svg,vector,format: svg,not_produced
SB3-044-VEC,Ironway Run Club - Numbering and club mark system,Vector & Print,9,number-7,Race numeral - 7,deliverables/number-7.svg,vector,format: svg,not_produced
SB3-044-VEC,Ironway Run Club - Numbering and club mark system,Vector & Print,10,number-8,Race numeral - 8,deliverables/number-8.svg,vector,format: svg,not_produced
SB3-044-VEC,Ironway Run Club - Numbering and club mark system,Vector & Print,11,number-9,Race numeral - 9,deliverables/number-9.svg,vector,format: svg,not_produced
SB3-044-VEC,Ironway Run Club - Numbering and club mark system,Vector & Print,12,letter-a,Club letter glyph - A,deliverables/letter-a.svg,vector,format: svg,not_produced
SB3-044-VEC,Ironway Run Club - Numbering and club mark system,Vector & Print,13,letter-b,Club letter glyph - B,deliverables/letter-b.svg,vector,format: svg,not_produced
SB3-044-VEC,Ironway Run Club - Numbering and club mark system,Vector & Print,14,letter-c,Club letter glyph - C,deliverables/letter-c.svg,vector,format: svg,not_produced
SB3-044-VEC,Ironway Run Club - Numbering and club mark system,Vector & Print,15,letter-d,Club letter glyph - D,deliverables/letter-d.svg,vector,format: svg,not_produced
SB3-044-VEC,Ironway Run Club - Numbering and club mark system,Vector & Print,16,letter-e,Club letter glyph - E,deliverables/letter-e.svg,vector,format: svg,not_produced
SB3-044-VEC,Ironway Run Club - Numbering and club mark system,Vector & Print,17,letter-f,Club letter glyph - F,deliverables/letter-f.svg,vector,format: svg,not_produced
SB3-044-VEC,Ironway Run Club - Numbering and club mark system,Vector & Print,18,letter-g,Club letter glyph - G,deliverables/letter-g.svg,vector,format: svg,not_produced
SB3-044-VEC,Ironway Run Club - Numbering and club mark system,Vector & Print,19,letter-h,Club letter glyph - H,deliverables/letter-h.svg,vector,format: svg,not_produced
SB3-044-VEC,Ironway Run Club - Numbering and club mark system,Vector & Print,20,letter-i,Club letter glyph - I,deliverables/letter-i.svg,vector,format: svg,not_produced
SB3-044-VEC,Ironway Run Club - Numbering and club mark system,Vector & Print,21,letter-j,Club letter glyph - J,deliverables/letter-j.svg,vector,format: svg,not_produced
SB3-044-VEC,Ironway Run Club - Numbering and club mark system,Vector & Print,22,letter-k,Club letter glyph - K,deliverables/letter-k.svg,vector,format: svg,not_produced
SB3-044-VEC,Ironway Run Club - Numbering and club mark system,Vector & Print,23,letter-l,Club letter glyph - L,deliverables/letter-l.svg,vector,format: svg,not_produced
SB3-044-VEC,Ironway Run Club - Numbering and club mark system,Vector & Print,24,letter-m,Club letter glyph - M,deliverables/letter-m.svg,vector,format: svg,not_produced
SB3-044-VEC,Ironway Run Club - Numbering and club mark system,Vector & Print,25,letter-n,Club letter glyph - N,deliverables/letter-n.svg,vector,format: svg,not_produced
SB3-044-VEC,Ironway Run Club - Numbering and club mark system,Vector & Print,26,letter-o,Club letter glyph - O,deliverables/letter-o.svg,vector,format: svg,not_produced
SB3-044-VEC,Ironway Run Club - Numbering and club mark system,Vector & Print,27,letter-p,Club letter glyph - P,deliverables/letter-p.svg,vector,format: svg,not_produced
SB3-044-VEC,Ironway Run Club - Numbering and club mark system,Vector & Print,28,letter-q,Club letter glyph - Q,deliverables/letter-q.svg,vector,format: svg,not_produced
SB3-044-VEC,Ironway Run Club - Numbering and club mark system,Vector & Print,29,letter-r,Club letter glyph - R,deliverables/letter-r.svg,vector,format: svg,not_produced
SB3-044-VEC,Ironway Run Club - Numbering and club mark system,Vector & Print,30,letter-s,Club letter glyph - S,deliverables/letter-s.svg,vector,format: svg,not_produced
SB3-044-VEC,Ironway Run Club - Numbering and club mark system,Vector & Print,31,letter-t,Club letter glyph - T,deliverables/letter-t.svg,vector,format: svg,not_produced
SB3-044-VEC,Ironway Run Club - Numbering and club mark system,Vector & Print,32,letter-u,Club letter glyph - U,deliverables/letter-u.svg,vector,format: svg,not_produced
SB3-044-VEC,Ironway Run Club - Numbering and club mark system,Vector & Print,33,letter-v,Club letter glyph - V,deliverables/letter-v.svg,vector,format: svg,not_produced
SB3-044-VEC,Ironway Run Club - Numbering and club mark system,Vector & Print,34,letter-w,Club letter glyph - W,deliverables/letter-w.svg,vector,format: svg,not_produced
SB3-044-VEC,Ironway Run Club - Numbering and club mark system,Vector & Print,35,letter-x,Club letter glyph - X,deliverables/letter-x.svg,vector,format: svg,not_produced
SB3-044-VEC,Ironway Run Club - Numbering and club mark system,Vector & Print,36,letter-y,Club letter glyph - Y,deliverables/letter-y.svg,vector,format: svg,not_produced
SB3-044-VEC,Ironway Run Club - Numbering and club mark system,Vector & Print,37,letter-z,Club letter glyph - Z,deliverables/letter-z.svg,vector,format: svg,not_produced
SB3-044-VEC,Ironway Run Club - Numbering and club mark system,Vector & Print,38,member-bib-r002,Founders Five member bib - Del Marchetti,deliverables/member-bib-r002.pdf,bib,format: pdf; width_mm: 210; height_mm: 148; pages: 1,not_produced
SB3-044-VEC,Ironway Run Club - Numbering and club mark system,Vector & Print,39,member-bib-r003,Founders Five member bib - Marcus Abernathy,deliverables/member-bib-r003.pdf,bib,format: pdf; width_mm: 210; height_mm: 148; pages: 1,not_produced
SB3-044-VEC,Ironway Run Club - Numbering and club mark system,Vector & Print,40,member-bib-r006,Founders Five member bib - Nina Alvarez,deliverables/member-bib-r006.pdf,bib,format: pdf; width_mm: 210; height_mm: 148; pages: 1,not_produced
SB3-044-VEC,Ironway Run Club - Numbering and club mark system,Vector & Print,41,member-bib-r007,Founders Five member bib - Su Yun,deliverables/member-bib-r007.pdf,bib,format: pdf; width_mm: 210; height_mm: 148; pages: 1,not_produced
SB3-044-VEC,Ironway Run Club - Numbering and club mark system,Vector & Print,42,member-bib-r008,Founders Five member bib - Priya Venkataraman,deliverables/member-bib-r008.pdf,bib,format: pdf; width_mm: 210; height_mm: 148; pages: 1,not_produced
SB3-044-VEC,Ironway Run Club - Numbering and club mark system,Vector & Print,43,member-bib-r009,Founders Five member bib - Danielle Osei,deliverables/member-bib-r009.pdf,bib,format: pdf; width_mm: 210; height_mm: 148; pages: 1,not_produced
SB3-044-VEC,Ironway Run Club - Numbering and club mark system,Vector & Print,44,member-bib-r010,Founders Five member bib - Persephone Braithwaite-Ashcombe,deliverables/member-bib-r010.pdf,bib,format: pdf; width_mm: 210; height_mm: 148; pages: 1,not_produced
SB3-044-VEC,Ironway Run Club - Numbering and club mark system,Vector & Print,45,member-bib-r011,Founders Five member bib - Frank Ianelli,deliverables/member-bib-r011.pdf,bib,format: pdf; width_mm: 210; height_mm: 148; pages: 1,not_produced
SB3-044-VEC,Ironway Run Club - Numbering and club mark system,Vector & Print,46,member-bib-r012,Founders Five member bib - Beth Sorensen,deliverables/member-bib-r012.pdf,bib,format: pdf; width_mm: 210; height_mm: 148; pages: 1,not_produced
SB3-044-VEC,Ironway Run Club - Numbering and club mark system,Vector & Print,47,member-bib-r013,Founders Five member bib - Jamal Whitfield,deliverables/member-bib-r013.pdf,bib,format: pdf; width_mm: 210; height_mm: 148; pages: 1,not_produced
SB3-044-VEC,Ironway Run Club - Numbering and club mark system,Vector & Print,48,member-bib-r014,Founders Five member bib - Olivia Park,deliverables/member-bib-r014.pdf,bib,format: pdf; width_mm: 210; height_mm: 148; pages: 1,not_produced
SB3-044-VEC,Ironway Run Club - Numbering and club mark system,Vector & Print,49,member-bib-r015,Founders Five member bib - Hector Ramos,deliverables/member-bib-r015.pdf,bib,format: pdf; width_mm: 210; height_mm: 148; pages: 1,not_produced
SB3-044-VEC,Ironway Run Club - Numbering and club mark system,Vector & Print,50,member-bib-r016,Founders Five member bib - Meghan O'Doherty,deliverables/member-bib-r016.pdf,bib,format: pdf; width_mm: 210; height_mm: 148; pages: 1,not_produced
SB3-044-VEC,Ironway Run Club - Numbering and club mark system,Vector & Print,51,member-bib-r017,Founders Five member bib - Wei Chen,deliverables/member-bib-r017.pdf,bib,format: pdf; width_mm: 210; height_mm: 148; pages: 1,not_produced
SB3-044-VEC,Ironway Run Club - Numbering and club mark system,Vector & Print,52,member-bib-r018,Founders Five member bib - Gabriela Santos,deliverables/member-bib-r018.pdf,bib,format: pdf; width_mm: 210; height_mm: 148; pages: 1,not_produced
SB3-044-VEC,Ironway Run Club - Numbering and club mark system,Vector & Print,53,member-bib-r019,Founders Five member bib - Andy Poole,deliverables/member-bib-r019.pdf,bib,format: pdf; width_mm: 210; height_mm: 148; pages: 1,not_produced
SB3-044-VEC,Ironway Run Club - Numbering and club mark system,Vector & Print,54,member-bib-r020,Founders Five member bib - Rachel Kaminski,deliverables/member-bib-r020.pdf,bib,format: pdf; width_mm: 210; height_mm: 148; pages: 1,not_produced
SB3-044-VEC,Ironway Run Club - Numbering and club mark system,Vector & Print,55,member-bib-r022,Founders Five member bib - Terrence Bell,deliverables/member-bib-r022.pdf,bib,format: pdf; width_mm: 210; height_mm: 148; pages: 1,not_produced
SB3-044-VEC,Ironway Run Club - Numbering and club mark system,Vector & Print,56,member-bib-r023,Founders Five member bib - Sandra Delacroix,deliverables/member-bib-r023.pdf,bib,format: pdf; width_mm: 210; height_mm: 148; pages: 1,not_produced
SB3-044-VEC,Ironway Run Club - Numbering and club mark system,Vector & Print,57,member-bib-r024,Founders Five member bib - Kevin Nguyen,deliverables/member-bib-r024.pdf,bib,format: pdf; width_mm: 210; height_mm: 148; pages: 1,not_produced
SB3-044-VEC,Ironway Run Club - Numbering and club mark system,Vector & Print,58,member-bib-r025,Founders Five member bib - Aisha Rahman,deliverables/member-bib-r025.pdf,bib,format: pdf; width_mm: 210; height_mm: 148; pages: 1,not_produced
SB3-044-VEC,Ironway Run Club - Numbering and club mark system,Vector & Print,59,member-bib-r026,Founders Five member bib - Bruno Kowalczyk,deliverables/member-bib-r026.pdf,bib,format: pdf; width_mm: 210; height_mm: 148; pages: 1,not_produced
SB3-044-VEC,Ironway Run Club - Numbering and club mark system,Vector & Print,60,member-bib-r027,Founders Five member bib - Lucia Ferrante,deliverables/member-bib-r027.pdf,bib,format: pdf; width_mm: 210; height_mm: 148; pages: 1,not_produced
SB3-044-VEC,Ironway Run Club - Numbering and club mark system,Vector & Print,61,member-bib-r028,Founders Five member bib - Derek Holloway,deliverables/member-bib-r028.pdf,bib,format: pdf; width_mm: 210; height_mm: 148; pages: 1,not_produced
SB3-044-VEC,Ironway Run Club - Numbering and club mark system,Vector & Print,62,member-bib-r029,Founders Five member bib - Nadia Petrov,deliverables/member-bib-r029.pdf,bib,format: pdf; width_mm: 210; height_mm: 148; pages: 1,not_produced
SB3-044-VEC,Ironway Run Club - Numbering and club mark system,Vector & Print,63,member-bib-r030,Founders Five member bib - Sam Okafor,deliverables/member-bib-r030.pdf,bib,format: pdf; width_mm: 210; height_mm: 148; pages: 1,not_produced
SB3-044-VEC,Ironway Run Club - Numbering and club mark system,Vector & Print,64,member-bib-r031,Founders Five member bib - Ingrid Larsson,deliverables/member-bib-r031.pdf,bib,format: pdf; width_mm: 210; height_mm: 148; pages: 1,not_produced
SB3-044-VEC,Ironway Run Club - Numbering and club mark system,Vector & Print,65,member-bib-r032,Founders Five member bib - Carlos Mendez,deliverables/member-bib-r032.pdf,bib,format: pdf; width_mm: 210; height_mm: 148; pages: 1,not_produced
SB3-044-VEC,Ironway Run Club - Numbering and club mark system,Vector & Print,66,member-bib-r033,Founders Five member bib - Fiona MacGregor,deliverables/member-bib-r033.pdf,bib,format: pdf; width_mm: 210; height_mm: 148; pages: 1,not_produced
SB3-044-VEC,Ironway Run Club - Numbering and club mark system,Vector & Print,67,member-bib-r034,Founders Five member bib - Trevor Boyd,deliverables/member-bib-r034.pdf,bib,format: pdf; width_mm: 210; height_mm: 148; pages: 1,not_produced
SB3-044-VEC,Ironway Run Club - Numbering and club mark system,Vector & Print,68,member-bib-r035,Founders Five member bib - Yara Haddad,deliverables/member-bib-r035.pdf,bib,format: pdf; width_mm: 210; height_mm: 148; pages: 1,not_produced
SB3-044-VEC,Ironway Run Club - Numbering and club mark system,Vector & Print,69,member-bib-r036,Founders Five member bib - Peter Nakamura,deliverables/member-bib-r036.pdf,bib,format: pdf; width_mm: 210; height_mm: 148; pages: 1,not_produced
SB3-044-VEC,Ironway Run Club - Numbering and club mark system,Vector & Print,70,member-bib-r037,Founders Five member bib - Grace Abello,deliverables/member-bib-r037.pdf,bib,format: pdf; width_mm: 210; height_mm: 148; pages: 1,not_produced
SB3-044-VEC,Ironway Run Club - Numbering and club mark system,Vector & Print,71,member-bib-r038,Founders Five member bib - Vince Russo,deliverables/member-bib-r038.pdf,bib,format: pdf; width_mm: 210; height_mm: 148; pages: 1,not_produced
SB3-044-VEC,Ironway Run Club - Numbering and club mark system,Vector & Print,72,member-bib-r039,Founders Five member bib - Harriet Blackwell,deliverables/member-bib-r039.pdf,bib,format: pdf; width_mm: 210; height_mm: 148; pages: 1,not_produced
SB3-044-VEC,Ironway Run Club - Numbering and club mark system,Vector & Print,73,member-bib-combined,Founders Five member bib - combined production run,deliverables/member-bib-combined.pdf,combined_print_run,format: pdf; pages: 35; width_mm: 210; height_mm: 148,not_produced
SB3-045-VEC,Marchfield Exchange - Crest and engraving geometry system,Vector & Print,1,crest-master,Marchfield shield-and-wreath crest - Master,deliverables/crest-master.svg,vector,format: svg,not_produced
SB3-045-VEC,Marchfield Exchange - Crest and engraving geometry system,Vector & Print,2,crest-reversed,Marchfield shield-and-wreath crest - Reversed,deliverables/crest-reversed.svg,vector,format: svg,not_produced
SB3-045-VEC,Marchfield Exchange - Crest and engraving geometry system,Vector & Print,3,engraving,Marchfield engraving artwork,deliverables/engraving.svg,cut-vector,format: svg,not_produced
SB3-045-VEC,Marchfield Exchange - Crest and engraving geometry system,Vector & Print,4,suite-plate-r002,Suite plate - 101,deliverables/suite-plate-r002.pdf,plate,format: pdf; width_mm: 200; height_mm: 75; pages: 1,not_produced
SB3-045-VEC,Marchfield Exchange - Crest and engraving geometry system,Vector & Print,5,suite-plate-r003,Suite plate - 102,deliverables/suite-plate-r003.pdf,plate,format: pdf; width_mm: 200; height_mm: 75; pages: 1,not_produced
SB3-045-VEC,Marchfield Exchange - Crest and engraving geometry system,Vector & Print,6,suite-plate-r004,Suite plate - 103,deliverables/suite-plate-r004.pdf,plate,format: pdf; width_mm: 200; height_mm: 75; pages: 1,not_produced
SB3-045-VEC,Marchfield Exchange - Crest and engraving geometry system,Vector & Print,7,suite-plate-r006,Suite plate - 201,deliverables/suite-plate-r006.pdf,plate,format: pdf; width_mm: 200; height_mm: 75; pages: 1,not_produced
SB3-045-VEC,Marchfield Exchange - Crest and engraving geometry system,Vector & Print,8,suite-plate-r007,Suite plate - 202,deliverables/suite-plate-r007.pdf,plate,format: pdf; width_mm: 200; height_mm: 75; pages: 1,not_produced
SB3-045-VEC,Marchfield Exchange - Crest and engraving geometry system,Vector & Print,9,suite-plate-r008,Suite plate - 203,deliverables/suite-plate-r008.pdf,plate,format: pdf; width_mm: 200; height_mm: 75; pages: 1,not_produced
SB3-045-VEC,Marchfield Exchange - Crest and engraving geometry system,Vector & Print,10,suite-plate-r009,Suite plate - 204,deliverables/suite-plate-r009.pdf,plate,format: pdf; width_mm: 200; height_mm: 75; pages: 1,not_produced
SB3-045-VEC,Marchfield Exchange - Crest and engraving geometry system,Vector & Print,11,suite-plate-r010,Suite plate - 301,deliverables/suite-plate-r010.pdf,plate,format: pdf; width_mm: 200; height_mm: 75; pages: 1,not_produced
SB3-045-VEC,Marchfield Exchange - Crest and engraving geometry system,Vector & Print,12,suite-plate-r012,Suite plate - 302,deliverables/suite-plate-r012.pdf,plate,format: pdf; width_mm: 200; height_mm: 75; pages: 1,not_produced
SB3-045-VEC,Marchfield Exchange - Crest and engraving geometry system,Vector & Print,13,suite-plate-r013,Suite plate - 303,deliverables/suite-plate-r013.pdf,plate,format: pdf; width_mm: 200; height_mm: 75; pages: 1,not_produced
SB3-045-VEC,Marchfield Exchange - Crest and engraving geometry system,Vector & Print,14,suite-plate-r014,Suite plate - 304,deliverables/suite-plate-r014.pdf,plate,format: pdf; width_mm: 200; height_mm: 75; pages: 1,not_produced
SB3-045-VEC,Marchfield Exchange - Crest and engraving geometry system,Vector & Print,15,suite-plate-r015,Suite plate - 401,deliverables/suite-plate-r015.pdf,plate,format: pdf; width_mm: 200; height_mm: 75; pages: 1,not_produced
SB3-045-VEC,Marchfield Exchange - Crest and engraving geometry system,Vector & Print,16,suite-plate-r016,Suite plate - 402,deliverables/suite-plate-r016.pdf,plate,format: pdf; width_mm: 200; height_mm: 75; pages: 1,not_produced
SB3-045-VEC,Marchfield Exchange - Crest and engraving geometry system,Vector & Print,17,suite-plate-r017,Suite plate - 403,deliverables/suite-plate-r017.pdf,plate,format: pdf; width_mm: 200; height_mm: 75; pages: 1,not_produced
SB3-045-VEC,Marchfield Exchange - Crest and engraving geometry system,Vector & Print,18,suite-plate-combined,Suite plate - combined production run,deliverables/suite-plate-combined.pdf,combined_print_run,format: pdf; pages: 14; width_mm: 200; height_mm: 75,not_produced
SB3-045-VEC,Marchfield Exchange - Crest and engraving geometry system,Vector & Print,19,entrance-plaque,Entrance plaque artwork,deliverables/entrance-plaque.pdf,brochure,format: pdf; width_mm: 450; height_mm: 300; pages: 1,not_produced
SB3-045-VEC,Marchfield Exchange - Crest and engraving geometry system,Vector & Print,20,directory-board,Lobby directory artwork,deliverables/directory-board.pdf,brochure,format: pdf; width_mm: 600; height_mm: 900; pages: 1,not_produced
SB3-045-VEC,Marchfield Exchange - Crest and engraving geometry system,Vector & Print,21,fabrication-proof,Brass reproduction proof,deliverables/fabrication-proof.pdf,brochure,format: pdf; width_mm: 210; height_mm: 297; pages: 3,not_produced
SB3-046-LAY,Kantyna Nova - Private dining menu and campaign system,Layout & Data,1,menu,Tasting and wine menu,deliverables/menu.pdf,brochure,format: pdf; width_mm: 210; height_mm: 297; pages: 2,not_produced
SB3-046-LAY,Kantyna Nova - Private dining menu and campaign system,Layout & Data,2,partner-deck,Private-dining partner deck,deliverables/partner-deck.pdf,deck,format: pdf; width_mm: 338.667; height_mm: 190.5; pages: 8,not_produced
SB3-046-LAY,Kantyna Nova - Private dining menu and campaign system,Layout & Data,3,reservations,Reservations information sheet,deliverables/reservations.pdf,brochure,format: pdf; width_mm: 210; height_mm: 297; pages: 1,not_produced
SB3-046-LAY,Kantyna Nova - Private dining menu and campaign system,Layout & Data,4,opening-feed,Opening feed post,deliverables/opening-feed.png,feed,format: png; width: 1080; height: 1350,not_produced
SB3-046-LAY,Kantyna Nova - Private dining menu and campaign system,Layout & Data,5,opening-story,Opening story,deliverables/opening-story.png,story,format: png; width: 1080; height: 1920,not_produced
SB3-046-LAY,Kantyna Nova - Private dining menu and campaign system,Layout & Data,6,opening-banner,Opening announcement banner,deliverables/opening-banner.png,landscape,format: png; width: 1920; height: 1080,not_produced
SB3-046-LAY,Kantyna Nova - Private dining menu and campaign system,Layout & Data,7,pairing-card-r002,"Guest pairing card - 2026-12-04 - James - Seared scallop, cauliflower, brown butter",deliverables/pairing-card-r002.pdf,card,format: pdf; width_mm: 127; height_mm: 88.9; pages: 1,not_produced
SB3-046-LAY,Kantyna Nova - Private dining menu and campaign system,Layout & Data,8,pairing-card-r003,"Guest pairing card - 2026-12-04 - James - Duck, salsify, blackberry",deliverables/pairing-card-r003.pdf,card,format: pdf; width_mm: 127; height_mm: 88.9; pages: 1,not_produced
SB3-046-LAY,Kantyna Nova - Private dining menu and campaign system,Layout & Data,9,pairing-card-r004,"Guest pairing card - 2026-12-04 - Priya - Halibut, leek, mussel cream",deliverables/pairing-card-r004.pdf,card,format: pdf; width_mm: 127; height_mm: 88.9; pages: 1,not_produced
SB3-046-LAY,Kantyna Nova - Private dining menu and campaign system,Layout & Data,10,pairing-card-r005,"Guest pairing card - 2026-12-04 - Devon - Dry-aged beef, bone marrow, burnt onion",deliverables/pairing-card-r005.pdf,card,format: pdf; width_mm: 127; height_mm: 88.9; pages: 1,not_produced
SB3-046-LAY,Kantyna Nova - Private dining menu and campaign system,Layout & Data,11,pairing-card-r006,"Guest pairing card - 2026-12-11 - Rosa - Cured fluke, buttermilk, green apple",deliverables/pairing-card-r006.pdf,card,format: pdf; width_mm: 127; height_mm: 88.9; pages: 1,not_produced
SB3-046-LAY,Kantyna Nova - Private dining menu and campaign system,Layout & Data,12,pairing-card-r007,"Guest pairing card - 2026-12-11 - Amara - Roasted beetroot, aged goat, walnut",deliverables/pairing-card-r007.pdf,card,format: pdf; width_mm: 127; height_mm: 88.9; pages: 1,not_produced
SB3-046-LAY,Kantyna Nova - Private dining menu and campaign system,Layout & Data,13,pairing-card-r008,"Guest pairing card - 2026-12-13 - Theo - Sea urchin, potato custard, brioche",deliverables/pairing-card-r008.pdf,card,format: pdf; width_mm: 127; height_mm: 88.9; pages: 1,not_produced
SB3-046-LAY,Kantyna Nova - Private dining menu and campaign system,Layout & Data,14,pairing-card-r009,"Guest pairing card - 2026-12-13 - Nadia - Hand-cut tagliatelle, brown crab, chilli",deliverables/pairing-card-r009.pdf,card,format: pdf; width_mm: 127; height_mm: 88.9; pages: 1,not_produced
SB3-046-LAY,Kantyna Nova - Private dining menu and campaign system,Layout & Data,15,pairing-card-r010,"Guest pairing card - 2026-12-18 - Callum - Aged comté, honeycomb",deliverables/pairing-card-r010.pdf,card,format: pdf; width_mm: 127; height_mm: 88.9; pages: 1,not_produced
SB3-046-LAY,Kantyna Nova - Private dining menu and campaign system,Layout & Data,16,pairing-card-r011,"Guest pairing card - 2026-12-18 - Iris - Chocolate, olive oil, malt",deliverables/pairing-card-r011.pdf,card,format: pdf; width_mm: 127; height_mm: 88.9; pages: 1,not_produced
SB3-046-LAY,Kantyna Nova - Private dining menu and campaign system,Layout & Data,17,pairing-card-r012,"Guest pairing card - 2026-12-18 - Marta-Lena - Smoked mussel, celeriac, dulse",deliverables/pairing-card-r012.pdf,card,format: pdf; width_mm: 127; height_mm: 88.9; pages: 1,not_produced
SB3-046-LAY,Kantyna Nova - Private dining menu and campaign system,Layout & Data,18,pairing-card-r013,"Guest pairing card - 2026-12-20 - Sébastien - Oyster, brown butter, sea lettuce",deliverables/pairing-card-r013.pdf,card,format: pdf; width_mm: 127; height_mm: 88.9; pages: 1,not_produced
SB3-046-LAY,Kantyna Nova - Private dining menu and campaign system,Layout & Data,19,pairing-card-r014,Guest pairing card - 2026-12-20 - Wren - Petit fours,deliverables/pairing-card-r014.pdf,card,format: pdf; width_mm: 127; height_mm: 88.9; pages: 1,not_produced
SB3-046-LAY,Kantyna Nova - Private dining menu and campaign system,Layout & Data,20,pairing-card-combined,Guest pairing card - combined production run,deliverables/pairing-card-combined.pdf,combined_print_run,format: pdf; pages: 13; width_mm: 127; height_mm: 88.9,not_produced
SB3-047-LAY,Corner and Cure - Cold-case label system,Layout & Data,1,cold-label-r002,Cold-case label - The Corner Reuben - Half,deliverables/cold-label-r002.pdf,label,format: pdf; width_mm: 90.001; height_mm: 55.033; pages: 1,not_produced
SB3-047-LAY,Corner and Cure - Cold-case label system,Layout & Data,2,cold-label-r003,Cold-case label - The Corner Reuben - Whole,deliverables/cold-label-r003.pdf,label,format: pdf; width_mm: 90.001; height_mm: 55.033; pages: 1,not_produced
SB3-047-LAY,Corner and Cure - Cold-case label system,Layout & Data,3,cold-label-r004,Cold-case label - Pastrami on Rye - Whole,deliverables/cold-label-r004.pdf,label,format: pdf; width_mm: 90.001; height_mm: 55.033; pages: 1,not_produced
SB3-047-LAY,Corner and Cure - Cold-case label system,Layout & Data,4,cold-label-r005,Cold-case label - Turkey Club - Whole,deliverables/cold-label-r005.pdf,label,format: pdf; width_mm: 90.001; height_mm: 55.033; pages: 1,not_produced
SB3-047-LAY,Corner and Cure - Cold-case label system,Layout & Data,5,cold-label-r006,Cold-case label - Italian Hero - Whole,deliverables/cold-label-r006.pdf,label,format: pdf; width_mm: 90.001; height_mm: 55.033; pages: 1,not_produced
SB3-047-LAY,Corner and Cure - Cold-case label system,Layout & Data,6,cold-label-r007,Cold-case label - Chopped Cheese - Whole,deliverables/cold-label-r007.pdf,label,format: pdf; width_mm: 90.001; height_mm: 55.033; pages: 1,not_produced
SB3-047-LAY,Corner and Cure - Cold-case label system,Layout & Data,7,cold-label-r008,Cold-case label - Roast Beef Sandwich - Whole,deliverables/cold-label-r008.pdf,label,format: pdf; width_mm: 90.001; height_mm: 55.033; pages: 1,not_produced
SB3-047-LAY,Corner and Cure - Cold-case label system,Layout & Data,8,cold-label-r009,Cold-case label - Caprese Sandwich - Whole,deliverables/cold-label-r009.pdf,label,format: pdf; width_mm: 90.001; height_mm: 55.033; pages: 1,not_produced
SB3-047-LAY,Corner and Cure - Cold-case label system,Layout & Data,9,cold-label-r010,Cold-case label - Meatball Sub - Whole,deliverables/cold-label-r010.pdf,label,format: pdf; width_mm: 90.001; height_mm: 55.033; pages: 1,not_produced
SB3-047-LAY,Corner and Cure - Cold-case label system,Layout & Data,10,cold-label-r011,Cold-case label - Egg & Cheese Roll - Whole,deliverables/cold-label-r011.pdf,label,format: pdf; width_mm: 90.001; height_mm: 55.033; pages: 1,not_produced
SB3-047-LAY,Corner and Cure - Cold-case label system,Layout & Data,11,cold-label-r012,Cold-case label - Tuna Melt - Whole,deliverables/cold-label-r012.pdf,label,format: pdf; width_mm: 90.001; height_mm: 55.033; pages: 1,not_produced
SB3-047-LAY,Corner and Cure - Cold-case label system,Layout & Data,12,cold-label-r013,Cold-case label - BLT - Whole,deliverables/cold-label-r013.pdf,label,format: pdf; width_mm: 90.001; height_mm: 55.033; pages: 1,not_produced
SB3-047-LAY,Corner and Cure - Cold-case label system,Layout & Data,13,cold-label-r014,Cold-case label - Buffalo Chicken Wrap - Whole,deliverables/cold-label-r014.pdf,label,format: pdf; width_mm: 90.001; height_mm: 55.033; pages: 1,not_produced
SB3-047-LAY,Corner and Cure - Cold-case label system,Layout & Data,14,cold-label-r015,Cold-case label - Chicken Grain Bowl - Regular,deliverables/cold-label-r015.pdf,label,format: pdf; width_mm: 90.001; height_mm: 55.033; pages: 1,not_produced
SB3-047-LAY,Corner and Cure - Cold-case label system,Layout & Data,15,cold-label-r016,Cold-case label - Cobb Salad Bowl - Regular,deliverables/cold-label-r016.pdf,label,format: pdf; width_mm: 90.001; height_mm: 55.033; pages: 1,not_produced
SB3-047-LAY,Corner and Cure - Cold-case label system,Layout & Data,16,cold-label-r017,Cold-case label - Falafel Bowl - Regular,deliverables/cold-label-r017.pdf,label,format: pdf; width_mm: 90.001; height_mm: 55.033; pages: 1,not_produced
SB3-047-LAY,Corner and Cure - Cold-case label system,Layout & Data,17,cold-label-r018,Cold-case label - Cold Cut Platter - Small,deliverables/cold-label-r018.pdf,label,format: pdf; width_mm: 90.001; height_mm: 55.033; pages: 1,not_produced
SB3-047-LAY,Corner and Cure - Cold-case label system,Layout & Data,18,cold-label-r019,Cold-case label - Cold Cut Platter - Large,deliverables/cold-label-r019.pdf,label,format: pdf; width_mm: 90.001; height_mm: 55.033; pages: 1,not_produced
SB3-047-LAY,Corner and Cure - Cold-case label system,Layout & Data,19,cold-label-r020,Cold-case label - House Chicken Salad - 8 oz,deliverables/cold-label-r020.pdf,label,format: pdf; width_mm: 90.001; height_mm: 55.033; pages: 1,not_produced
SB3-047-LAY,Corner and Cure - Cold-case label system,Layout & Data,20,cold-label-r021,Cold-case label - House Tuna Salad - 8 oz,deliverables/cold-label-r021.pdf,label,format: pdf; width_mm: 90.001; height_mm: 55.033; pages: 1,not_produced
SB3-047-LAY,Corner and Cure - Cold-case label system,Layout & Data,21,cold-label-r022,Cold-case label - Egg Salad - 8 oz,deliverables/cold-label-r022.pdf,label,format: pdf; width_mm: 90.001; height_mm: 55.033; pages: 1,not_produced
SB3-047-LAY,Corner and Cure - Cold-case label system,Layout & Data,22,cold-label-r023,Cold-case label - Macaroni Salad - 8 oz,deliverables/cold-label-r023.pdf,label,format: pdf; width_mm: 90.001; height_mm: 55.033; pages: 1,not_produced
SB3-047-LAY,Corner and Cure - Cold-case label system,Layout & Data,23,cold-label-r024,Cold-case label - Potato Salad - 8 oz,deliverables/cold-label-r024.pdf,label,format: pdf; width_mm: 90.001; height_mm: 55.033; pages: 1,not_produced
SB3-047-LAY,Corner and Cure - Cold-case label system,Layout & Data,24,cold-label-r025,Cold-case label - Coleslaw - 8 oz,deliverables/cold-label-r025.pdf,label,format: pdf; width_mm: 90.001; height_mm: 55.033; pages: 1,not_produced
SB3-047-LAY,Corner and Cure - Cold-case label system,Layout & Data,25,cold-label-r026,Cold-case label - Half-Sour Pickles - Each,deliverables/cold-label-r026.pdf,label,format: pdf; width_mm: 90.001; height_mm: 55.033; pages: 1,not_produced
SB3-047-LAY,Corner and Cure - Cold-case label system,Layout & Data,26,cold-label-r027,Cold-case label - Marinated Olives - 6 oz,deliverables/cold-label-r027.pdf,label,format: pdf; width_mm: 90.001; height_mm: 55.033; pages: 1,not_produced
SB3-047-LAY,Corner and Cure - Cold-case label system,Layout & Data,27,cold-label-r028,Cold-case label - Roasted Vegetables - 8 oz,deliverables/cold-label-r028.pdf,label,format: pdf; width_mm: 90.001; height_mm: 55.033; pages: 1,not_produced
SB3-047-LAY,Corner and Cure - Cold-case label system,Layout & Data,28,cold-label-r029,Cold-case label - Mozzarella & Tomato - 8 oz,deliverables/cold-label-r029.pdf,label,format: pdf; width_mm: 90.001; height_mm: 55.033; pages: 1,not_produced
SB3-047-LAY,Corner and Cure - Cold-case label system,Layout & Data,29,cold-label-r030,Cold-case label - Prosciutto - 4 oz,deliverables/cold-label-r030.pdf,label,format: pdf; width_mm: 90.001; height_mm: 55.033; pages: 1,not_produced
SB3-047-LAY,Corner and Cure - Cold-case label system,Layout & Data,30,cold-label-r031,Cold-case label - Sharp Provolone - 6 oz,deliverables/cold-label-r031.pdf,label,format: pdf; width_mm: 90.001; height_mm: 55.033; pages: 1,not_produced
SB3-047-LAY,Corner and Cure - Cold-case label system,Layout & Data,31,cold-label-r032,Cold-case label - Smoked Turkey Breast - 6 oz,deliverables/cold-label-r032.pdf,label,format: pdf; width_mm: 90.001; height_mm: 55.033; pages: 1,not_produced
SB3-047-LAY,Corner and Cure - Cold-case label system,Layout & Data,32,cold-label-r033,Cold-case label - Genoa Salami - 6 oz,deliverables/cold-label-r033.pdf,label,format: pdf; width_mm: 90.001; height_mm: 55.033; pages: 1,not_produced
SB3-047-LAY,Corner and Cure - Cold-case label system,Layout & Data,33,cold-label-r034,Cold-case label - Minestrone - Cup,deliverables/cold-label-r034.pdf,label,format: pdf; width_mm: 90.001; height_mm: 55.033; pages: 1,not_produced
SB3-047-LAY,Corner and Cure - Cold-case label system,Layout & Data,34,cold-label-r035,Cold-case label - Minestrone - Bowl,deliverables/cold-label-r035.pdf,label,format: pdf; width_mm: 90.001; height_mm: 55.033; pages: 1,not_produced
SB3-047-LAY,Corner and Cure - Cold-case label system,Layout & Data,35,cold-label-r036,Cold-case label - Chicken Noodle Soup - Cup,deliverables/cold-label-r036.pdf,label,format: pdf; width_mm: 90.001; height_mm: 55.033; pages: 1,not_produced
SB3-047-LAY,Corner and Cure - Cold-case label system,Layout & Data,36,cold-label-r037,Cold-case label - Rice Pudding - Cup,deliverables/cold-label-r037.pdf,label,format: pdf; width_mm: 90.001; height_mm: 55.033; pages: 1,not_produced
SB3-047-LAY,Corner and Cure - Cold-case label system,Layout & Data,37,cold-label-r038,Cold-case label - Black & White Cookie - Each,deliverables/cold-label-r038.pdf,label,format: pdf; width_mm: 90.001; height_mm: 55.033; pages: 1,not_produced
SB3-047-LAY,Corner and Cure - Cold-case label system,Layout & Data,38,cold-label-r039,Cold-case label - Brooklyn Egg Cream - Each,deliverables/cold-label-r039.pdf,label,format: pdf; width_mm: 90.001; height_mm: 55.033; pages: 1,not_produced
SB3-047-LAY,Corner and Cure - Cold-case label system,Layout & Data,39,cold-label-combined,Cold-case label - combined production run,deliverables/cold-label-combined.pdf,combined_print_run,format: pdf; pages: 38; width_mm: 90.001; height_mm: 55.033,not_produced
SB3-047-LAY,Corner and Cure - Cold-case label system,Layout & Data,40,market-tile-r002,Marketplace item tile - The Corner Reuben - Half,deliverables/market-tile-r002.png,square,format: png; width: 1200; height: 1200,not_produced
SB3-047-LAY,Corner and Cure - Cold-case label system,Layout & Data,41,market-tile-r003,Marketplace item tile - The Corner Reuben - Whole,deliverables/market-tile-r003.png,square,format: png; width: 1200; height: 1200,not_produced
SB3-047-LAY,Corner and Cure - Cold-case label system,Layout & Data,42,market-tile-r004,Marketplace item tile - Pastrami on Rye - Whole,deliverables/market-tile-r004.png,square,format: png; width: 1200; height: 1200,not_produced
SB3-047-LAY,Corner and Cure - Cold-case label system,Layout & Data,43,market-tile-r005,Marketplace item tile - Turkey Club - Whole,deliverables/market-tile-r005.png,square,format: png; width: 1200; height: 1200,not_produced
SB3-047-LAY,Corner and Cure - Cold-case label system,Layout & Data,44,market-tile-r006,Marketplace item tile - Italian Hero - Whole,deliverables/market-tile-r006.png,square,format: png; width: 1200; height: 1200,not_produced
SB3-047-LAY,Corner and Cure - Cold-case label system,Layout & Data,45,market-tile-r007,Marketplace item tile - Chopped Cheese - Whole,deliverables/market-tile-r007.png,square,format: png; width: 1200; height: 1200,not_produced
SB3-047-LAY,Corner and Cure - Cold-case label system,Layout & Data,46,market-tile-r008,Marketplace item tile - Roast Beef Sandwich - Whole,deliverables/market-tile-r008.png,square,format: png; width: 1200; height: 1200,not_produced
SB3-047-LAY,Corner and Cure - Cold-case label system,Layout & Data,47,market-tile-r009,Marketplace item tile - Caprese Sandwich - Whole,deliverables/market-tile-r009.png,square,format: png; width: 1200; height: 1200,not_produced
SB3-047-LAY,Corner and Cure - Cold-case label system,Layout & Data,48,market-tile-r010,Marketplace item tile - Meatball Sub - Whole,deliverables/market-tile-r010.png,square,format: png; width: 1200; height: 1200,not_produced
SB3-047-LAY,Corner and Cure - Cold-case label system,Layout & Data,49,market-tile-r011,Marketplace item tile - Egg & Cheese Roll - Whole,deliverables/market-tile-r011.png,square,format: png; width: 1200; height: 1200,not_produced
SB3-047-LAY,Corner and Cure - Cold-case label system,Layout & Data,50,market-tile-r012,Marketplace item tile - Tuna Melt - Whole,deliverables/market-tile-r012.png,square,format: png; width: 1200; height: 1200,not_produced
SB3-047-LAY,Corner and Cure - Cold-case label system,Layout & Data,51,market-tile-r013,Marketplace item tile - BLT - Whole,deliverables/market-tile-r013.png,square,format: png; width: 1200; height: 1200,not_produced
SB3-047-LAY,Corner and Cure - Cold-case label system,Layout & Data,52,market-tile-r014,Marketplace item tile - Buffalo Chicken Wrap - Whole,deliverables/market-tile-r014.png,square,format: png; width: 1200; height: 1200,not_produced
SB3-047-LAY,Corner and Cure - Cold-case label system,Layout & Data,53,market-tile-r015,Marketplace item tile - Chicken Grain Bowl - Regular,deliverables/market-tile-r015.png,square,format: png; width: 1200; height: 1200,not_produced
SB3-047-LAY,Corner and Cure - Cold-case label system,Layout & Data,54,market-tile-r016,Marketplace item tile - Cobb Salad Bowl - Regular,deliverables/market-tile-r016.png,square,format: png; width: 1200; height: 1200,not_produced
SB3-047-LAY,Corner and Cure - Cold-case label system,Layout & Data,55,market-tile-r017,Marketplace item tile - Falafel Bowl - Regular,deliverables/market-tile-r017.png,square,format: png; width: 1200; height: 1200,not_produced
SB3-047-LAY,Corner and Cure - Cold-case label system,Layout & Data,56,market-tile-r018,Marketplace item tile - Cold Cut Platter - Small,deliverables/market-tile-r018.png,square,format: png; width: 1200; height: 1200,not_produced
SB3-047-LAY,Corner and Cure - Cold-case label system,Layout & Data,57,market-tile-r019,Marketplace item tile - Cold Cut Platter - Large,deliverables/market-tile-r019.png,square,format: png; width: 1200; height: 1200,not_produced
SB3-047-LAY,Corner and Cure - Cold-case label system,Layout & Data,58,market-tile-r020,Marketplace item tile - House Chicken Salad - 8 oz,deliverables/market-tile-r020.png,square,format: png; width: 1200; height: 1200,not_produced
SB3-047-LAY,Corner and Cure - Cold-case label system,Layout & Data,59,market-tile-r021,Marketplace item tile - House Tuna Salad - 8 oz,deliverables/market-tile-r021.png,square,format: png; width: 1200; height: 1200,not_produced
SB3-047-LAY,Corner and Cure - Cold-case label system,Layout & Data,60,market-tile-r022,Marketplace item tile - Egg Salad - 8 oz,deliverables/market-tile-r022.png,square,format: png; width: 1200; height: 1200,not_produced
SB3-047-LAY,Corner and Cure - Cold-case label system,Layout & Data,61,market-tile-r023,Marketplace item tile - Macaroni Salad - 8 oz,deliverables/market-tile-r023.png,square,format: png; width: 1200; height: 1200,not_produced
SB3-047-LAY,Corner and Cure - Cold-case label system,Layout & Data,62,market-tile-r024,Marketplace item tile - Potato Salad - 8 oz,deliverables/market-tile-r024.png,square,format: png; width: 1200; height: 1200,not_produced
SB3-047-LAY,Corner and Cure - Cold-case label system,Layout & Data,63,market-tile-r025,Marketplace item tile - Coleslaw - 8 oz,deliverables/market-tile-r025.png,square,format: png; width: 1200; height: 1200,not_produced
SB3-047-LAY,Corner and Cure - Cold-case label system,Layout & Data,64,market-tile-r026,Marketplace item tile - Half-Sour Pickles - Each,deliverables/market-tile-r026.png,square,format: png; width: 1200; height: 1200,not_produced
SB3-047-LAY,Corner and Cure - Cold-case label system,Layout & Data,65,market-tile-r027,Marketplace item tile - Marinated Olives - 6 oz,deliverables/market-tile-r027.png,square,format: png; width: 1200; height: 1200,not_produced
SB3-047-LAY,Corner and Cure - Cold-case label system,Layout & Data,66,market-tile-r028,Marketplace item tile - Roasted Vegetables - 8 oz,deliverables/market-tile-r028.png,square,format: png; width: 1200; height: 1200,not_produced
SB3-047-LAY,Corner and Cure - Cold-case label system,Layout & Data,67,market-tile-r029,Marketplace item tile - Mozzarella & Tomato - 8 oz,deliverables/market-tile-r029.png,square,format: png; width: 1200; height: 1200,not_produced
SB3-047-LAY,Corner and Cure - Cold-case label system,Layout & Data,68,market-tile-r030,Marketplace item tile - Prosciutto - 4 oz,deliverables/market-tile-r030.png,square,format: png; width: 1200; height: 1200,not_produced
SB3-047-LAY,Corner and Cure - Cold-case label system,Layout & Data,69,market-tile-r031,Marketplace item tile - Sharp Provolone - 6 oz,deliverables/market-tile-r031.png,square,format: png; width: 1200; height: 1200,not_produced
SB3-047-LAY,Corner and Cure - Cold-case label system,Layout & Data,70,market-tile-r032,Marketplace item tile - Smoked Turkey Breast - 6 oz,deliverables/market-tile-r032.png,square,format: png; width: 1200; height: 1200,not_produced
SB3-047-LAY,Corner and Cure - Cold-case label system,Layout & Data,71,market-tile-r033,Marketplace item tile - Genoa Salami - 6 oz,deliverables/market-tile-r033.png,square,format: png; width: 1200; height: 1200,not_produced
SB3-047-LAY,Corner and Cure - Cold-case label system,Layout & Data,72,market-tile-r034,Marketplace item tile - Minestrone - Cup,deliverables/market-tile-r034.png,square,format: png; width: 1200; height: 1200,not_produced
SB3-047-LAY,Corner and Cure - Cold-case label system,Layout & Data,73,market-tile-r035,Marketplace item tile - Minestrone - Bowl,deliverables/market-tile-r035.png,square,format: png; width: 1200; height: 1200,not_produced
SB3-047-LAY,Corner and Cure - Cold-case label system,Layout & Data,74,market-tile-r036,Marketplace item tile - Chicken Noodle Soup - Cup,deliverables/market-tile-r036.png,square,format: png; width: 1200; height: 1200,not_produced
SB3-047-LAY,Corner and Cure - Cold-case label system,Layout & Data,75,market-tile-r037,Marketplace item tile - Rice Pudding - Cup,deliverables/market-tile-r037.png,square,format: png; width: 1200; height: 1200,not_produced
SB3-047-LAY,Corner and Cure - Cold-case label system,Layout & Data,76,market-tile-r038,Marketplace item tile - Black & White Cookie - Each,deliverables/market-tile-r038.png,square,format: png; width: 1200; height: 1200,not_produced
SB3-047-LAY,Corner and Cure - Cold-case label system,Layout & Data,77,market-tile-r039,Marketplace item tile - Brooklyn Egg Cream - Each,deliverables/market-tile-r039.png,square,format: png; width: 1200; height: 1200,not_produced
SB3-048-LAY,Lumora Laboratories - Retail launch and paid social system,Layout & Data,1,sku-module-r002,Retail product-page module - Lumora C-15 Brightening Serum,deliverables/sku-module-r002.png,pdp,format: png; width: 1440; height: 1800,not_produced
SB3-048-LAY,Lumora Laboratories - Retail launch and paid social system,Layout & Data,2,sku-module-r003,Retail product-page module - Lumora Niacinamide Clarifying Serum,deliverables/sku-module-r003.png,pdp,format: png; width: 1440; height: 1800,not_produced
SB3-048-LAY,Lumora Laboratories - Retail launch and paid social system,Layout & Data,3,sku-module-r004,Retail product-page module - Lumora Retinal Renewal Night Serum,deliverables/sku-module-r004.png,pdp,format: png; width: 1440; height: 1800,not_produced
SB3-048-LAY,Lumora Laboratories - Retail launch and paid social system,Layout & Data,4,sku-module-r005,Retail product-page module - Lumora Peptide Barrier Cream,deliverables/sku-module-r005.png,pdp,format: png; width: 1440; height: 1800,not_produced
SB3-048-LAY,Lumora Laboratories - Retail launch and paid social system,Layout & Data,5,sku-module-r006,Retail product-page module - Lumora HA + PGA Hydrating Serum,deliverables/sku-module-r006.png,pdp,format: png; width: 1440; height: 1800,not_produced
SB3-048-LAY,Lumora Laboratories - Retail launch and paid social system,Layout & Data,6,sku-module-r007,Retail product-page module - Lumora Azelaic Redness Serum,deliverables/sku-module-r007.png,pdp,format: png; width: 1440; height: 1800,not_produced
SB3-048-LAY,Lumora Laboratories - Retail launch and paid social system,Layout & Data,7,retail-carousel-p01,Retail launch carousel - Page 1,deliverables/retail-carousel-p01.png,carousel,format: png; width: 1080; height: 1350,not_produced
SB3-048-LAY,Lumora Laboratories - Retail launch and paid social system,Layout & Data,8,retail-carousel-p02,Retail launch carousel - Page 2,deliverables/retail-carousel-p02.png,carousel,format: png; width: 1080; height: 1350,not_produced
SB3-048-LAY,Lumora Laboratories - Retail launch and paid social system,Layout & Data,9,retail-carousel-p03,Retail launch carousel - Page 3,deliverables/retail-carousel-p03.png,carousel,format: png; width: 1080; height: 1350,not_produced
SB3-048-LAY,Lumora Laboratories - Retail launch and paid social system,Layout & Data,10,retail-carousel-p04,Retail launch carousel - Page 4,deliverables/retail-carousel-p04.png,carousel,format: png; width: 1080; height: 1350,not_produced
SB3-048-LAY,Lumora Laboratories - Retail launch and paid social system,Layout & Data,11,retail-carousel-p05,Retail launch carousel - Page 5,deliverables/retail-carousel-p05.png,carousel,format: png; width: 1080; height: 1350,not_produced
SB3-048-LAY,Lumora Laboratories - Retail launch and paid social system,Layout & Data,12,retail-carousel-p06,Retail launch carousel - Page 6,deliverables/retail-carousel-p06.png,carousel,format: png; width: 1080; height: 1350,not_produced
SB3-048-LAY,Lumora Laboratories - Retail launch and paid social system,Layout & Data,13,paid-ad-hero-product,Paid social creative - Hero product,deliverables/paid-ad-hero-product.png,feed,format: png; width: 1080; height: 1350,not_produced
SB3-048-LAY,Lumora Laboratories - Retail launch and paid social system,Layout & Data,14,paid-ad-range-comparison,Paid social creative - Range comparison,deliverables/paid-ad-range-comparison.png,feed,format: png; width: 1080; height: 1350,not_produced
SB3-048-LAY,Lumora Laboratories - Retail launch and paid social system,Layout & Data,15,paid-ad-benefit-story,Paid social creative - Benefit story,deliverables/paid-ad-benefit-story.png,feed,format: png; width: 1080; height: 1350,not_produced
SB3-049-LAY,Northgrove - Wholesale lookbook and hang-tag system,Layout & Data,1,lookbook,Wholesale capsule lookbook,deliverables/lookbook.pdf,brochure,format: pdf; width_mm: 210; height_mm: 297; pages: 12,not_produced
SB3-049-LAY,Northgrove - Wholesale lookbook and hang-tag system,Layout & Data,2,hang-tag-r002,Garment hang tag - Fell Overshirt,deliverables/hang-tag-r002.pdf,tag,format: pdf; width_mm: 55.033; height_mm: 90.001; pages: 1,not_produced
SB3-049-LAY,Northgrove - Wholesale lookbook and hang-tag system,Layout & Data,3,hang-tag-r003,Garment hang tag - Yard Chore Coat,deliverables/hang-tag-r003.pdf,tag,format: pdf; width_mm: 55.033; height_mm: 90.001; pages: 1,not_produced
SB3-049-LAY,Northgrove - Wholesale lookbook and hang-tag system,Layout & Data,4,hang-tag-r004,Garment hang tag - Range Shirt Jacket,deliverables/hang-tag-r004.pdf,tag,format: pdf; width_mm: 55.033; height_mm: 90.001; pages: 1,not_produced
SB3-049-LAY,Northgrove - Wholesale lookbook and hang-tag system,Layout & Data,5,hang-tag-r005,Garment hang tag - Forge Flannel Shirt,deliverables/hang-tag-r005.pdf,tag,format: pdf; width_mm: 55.033; height_mm: 90.001; pages: 1,not_produced
SB3-049-LAY,Northgrove - Wholesale lookbook and hang-tag system,Layout & Data,6,hang-tag-r006,Garment hang tag - Bench Henley,deliverables/hang-tag-r006.pdf,tag,format: pdf; width_mm: 55.033; height_mm: 90.001; pages: 1,not_produced
SB3-049-LAY,Northgrove - Wholesale lookbook and hang-tag system,Layout & Data,7,hang-tag-r007,Garment hang tag - Mill Pocket Tee,deliverables/hang-tag-r007.pdf,tag,format: pdf; width_mm: 55.033; height_mm: 90.001; pages: 1,not_produced
SB3-049-LAY,Northgrove - Wholesale lookbook and hang-tag system,Layout & Data,8,hang-tag-r008,Garment hang tag - Kestrel Club Jersey,deliverables/hang-tag-r008.pdf,tag,format: pdf; width_mm: 55.033; height_mm: 90.001; pages: 1,not_produced
SB3-049-LAY,Northgrove - Wholesale lookbook and hang-tag system,Layout & Data,9,hang-tag-r009,Garment hang tag - Drover Knit,deliverables/hang-tag-r009.pdf,tag,format: pdf; width_mm: 55.033; height_mm: 90.001; pages: 1,not_produced
SB3-049-LAY,Northgrove - Wholesale lookbook and hang-tag system,Layout & Data,10,hang-tag-r010,Garment hang tag - Cutter Waistcoat,deliverables/hang-tag-r010.pdf,tag,format: pdf; width_mm: 55.033; height_mm: 90.001; pages: 1,not_produced
SB3-049-LAY,Northgrove - Wholesale lookbook and hang-tag system,Layout & Data,11,hang-tag-r011,Garment hang tag - Anvil Work Trouser,deliverables/hang-tag-r011.pdf,tag,format: pdf; width_mm: 55.033; height_mm: 90.001; pages: 1,not_produced
SB3-049-LAY,Northgrove - Wholesale lookbook and hang-tag system,Layout & Data,12,hang-tag-combined,Garment hang tag - combined production run,deliverables/hang-tag-combined.pdf,combined_print_run,format: pdf; pages: 10; width_mm: 55.033; height_mm: 90.001,not_produced
SB3-050-LAY,Maison Valcere - Brand story deck and campaign document,Layout & Data,1,house-story,House-story presentation,deliverables/house-story.pdf,deck,format: pdf; width_mm: 338.667; height_mm: 190.5; pages: 10,not_produced
SB3-050-LAY,Maison Valcere - Brand story deck and campaign document,Layout & Data,2,campaign-poster,House campaign poster,deliverables/campaign-poster.pdf,poster,format: pdf; width_mm: 420; height_mm: 594; pages: 1,not_produced
SB3-050-LAY,Maison Valcere - Brand story deck and campaign document,Layout & Data,3,campaign-feed,House campaign feed ad,deliverables/campaign-feed.png,feed,format: png; width: 1080; height: 1350,not_produced
SB3-050-LAY,Maison Valcere - Brand story deck and campaign document,Layout & Data,4,campaign-story,House campaign story,deliverables/campaign-story.png,story,format: png; width: 1080; height: 1920,not_produced
SB3-051-LAY,Nordheim Atelier - Showroom line-card system,Layout & Data,1,line-card-r002,Showroom line card - 1,deliverables/line-card-r002.pdf,a4,format: pdf; width_mm: 210; height_mm: 297; pages: 1,not_produced
SB3-051-LAY,Nordheim Atelier - Showroom line-card system,Layout & Data,2,line-card-r003,Showroom line card - 2,deliverables/line-card-r003.pdf,a4,format: pdf; width_mm: 210; height_mm: 297; pages: 1,not_produced
SB3-051-LAY,Nordheim Atelier - Showroom line-card system,Layout & Data,3,line-card-r004,Showroom line card - 3,deliverables/line-card-r004.pdf,a4,format: pdf; width_mm: 210; height_mm: 297; pages: 1,not_produced
SB3-051-LAY,Nordheim Atelier - Showroom line-card system,Layout & Data,4,line-card-r005,Showroom line card - 4,deliverables/line-card-r005.pdf,a4,format: pdf; width_mm: 210; height_mm: 297; pages: 1,not_produced
SB3-051-LAY,Nordheim Atelier - Showroom line-card system,Layout & Data,5,line-card-r006,Showroom line card - 5,deliverables/line-card-r006.pdf,a4,format: pdf; width_mm: 210; height_mm: 297; pages: 1,not_produced
SB3-051-LAY,Nordheim Atelier - Showroom line-card system,Layout & Data,6,line-card-r007,Showroom line card - 6,deliverables/line-card-r007.pdf,a4,format: pdf; width_mm: 210; height_mm: 297; pages: 1,not_produced
SB3-051-LAY,Nordheim Atelier - Showroom line-card system,Layout & Data,7,line-card-r008,Showroom line card - 7,deliverables/line-card-r008.pdf,a4,format: pdf; width_mm: 210; height_mm: 297; pages: 1,not_produced
SB3-051-LAY,Nordheim Atelier - Showroom line-card system,Layout & Data,8,line-card-r009,Showroom line card - 8,deliverables/line-card-r009.pdf,a4,format: pdf; width_mm: 210; height_mm: 297; pages: 1,not_produced
SB3-051-LAY,Nordheim Atelier - Showroom line-card system,Layout & Data,9,line-card-r010,Showroom line card - 9,deliverables/line-card-r010.pdf,a4,format: pdf; width_mm: 210; height_mm: 297; pages: 1,not_produced
SB3-051-LAY,Nordheim Atelier - Showroom line-card system,Layout & Data,10,line-card-r011,Showroom line card - 10,deliverables/line-card-r011.pdf,a4,format: pdf; width_mm: 210; height_mm: 297; pages: 1,not_produced
SB3-051-LAY,Nordheim Atelier - Showroom line-card system,Layout & Data,11,line-card-r012,Showroom line card - 11,deliverables/line-card-r012.pdf,a4,format: pdf; width_mm: 210; height_mm: 297; pages: 1,not_produced
SB3-051-LAY,Nordheim Atelier - Showroom line-card system,Layout & Data,12,line-card-r013,Showroom line card - 12,deliverables/line-card-r013.pdf,a4,format: pdf; width_mm: 210; height_mm: 297; pages: 1,not_produced
SB3-051-LAY,Nordheim Atelier - Showroom line-card system,Layout & Data,13,line-card-combined,Showroom line card - combined production run,deliverables/line-card-combined.pdf,combined_print_run,format: pdf; pages: 12; width_mm: 210; height_mm: 297,not_produced
SB3-052-LAY,Harbor Crest Realty - Open-house card campaign,Layout & Data,1,agent-card-r002,Agent open-house card - Dana Marsh,deliverables/agent-card-r002.pdf,handbill,format: pdf; width_mm: 148; height_mm: 210; pages: 1,not_produced
SB3-052-LAY,Harbor Crest Realty - Open-house card campaign,Layout & Data,2,agent-card-r003,Agent open-house card - Theo Brandt,deliverables/agent-card-r003.pdf,handbill,format: pdf; width_mm: 148; height_mm: 210; pages: 1,not_produced
SB3-052-LAY,Harbor Crest Realty - Open-house card campaign,Layout & Data,3,agent-card-r004,Agent open-house card - Colleen Vasquez,deliverables/agent-card-r004.pdf,handbill,format: pdf; width_mm: 148; height_mm: 210; pages: 1,not_produced
SB3-052-LAY,Harbor Crest Realty - Open-house card campaign,Layout & Data,4,agent-card-r005,Agent open-house card - Raymond Okafor,deliverables/agent-card-r005.pdf,handbill,format: pdf; width_mm: 148; height_mm: 210; pages: 1,not_produced
SB3-052-LAY,Harbor Crest Realty - Open-house card campaign,Layout & Data,5,agent-card-r006,Agent open-house card - Nadia Feldman,deliverables/agent-card-r006.pdf,handbill,format: pdf; width_mm: 148; height_mm: 210; pages: 1,not_produced
SB3-052-LAY,Harbor Crest Realty - Open-house card campaign,Layout & Data,6,agent-card-r007,Agent open-house card - Gregory Lin,deliverables/agent-card-r007.pdf,handbill,format: pdf; width_mm: 148; height_mm: 210; pages: 1,not_produced
SB3-052-LAY,Harbor Crest Realty - Open-house card campaign,Layout & Data,7,agent-card-combined,Agent open-house card - combined production run,deliverables/agent-card-combined.pdf,combined_print_run,format: pdf; pages: 6; width_mm: 148; height_mm: 210,not_produced
SB3-052-LAY,Harbor Crest Realty - Open-house card campaign,Layout & Data,8,property-presentation,Open-house property presentation,deliverables/property-presentation.pdf,brochure,format: pdf; width_mm: 210; height_mm: 297; pages: 4,not_produced
SB3-053-LAY,Verranza Coastal Retreats - In-villa seasonal collateral,Layout & Data,1,season-card-r002,In-villa seasonal card - Villa Solane - Low Season,deliverables/season-card-r002.pdf,handbill,format: pdf; width_mm: 148; height_mm: 210; pages: 1,not_produced
SB3-053-LAY,Verranza Coastal Retreats - In-villa seasonal collateral,Layout & Data,2,season-card-r003,In-villa seasonal card - Villa Solane - Shoulder Season,deliverables/season-card-r003.pdf,handbill,format: pdf; width_mm: 148; height_mm: 210; pages: 1,not_produced
SB3-053-LAY,Verranza Coastal Retreats - In-villa seasonal collateral,Layout & Data,3,season-card-r004,In-villa seasonal card - Villa Solane - High Season,deliverables/season-card-r004.pdf,handbill,format: pdf; width_mm: 148; height_mm: 210; pages: 1,not_produced
SB3-053-LAY,Verranza Coastal Retreats - In-villa seasonal collateral,Layout & Data,4,season-card-r005,In-villa seasonal card - Villa Solane - Peak Season,deliverables/season-card-r005.pdf,handbill,format: pdf; width_mm: 148; height_mm: 210; pages: 1,not_produced
SB3-053-LAY,Verranza Coastal Retreats - In-villa seasonal collateral,Layout & Data,5,season-card-r006,In-villa seasonal card - Villa Cascina - Low Season,deliverables/season-card-r006.pdf,handbill,format: pdf; width_mm: 148; height_mm: 210; pages: 1,not_produced
SB3-053-LAY,Verranza Coastal Retreats - In-villa seasonal collateral,Layout & Data,6,season-card-r007,In-villa seasonal card - Villa Cascina - Shoulder Season,deliverables/season-card-r007.pdf,handbill,format: pdf; width_mm: 148; height_mm: 210; pages: 1,not_produced
SB3-053-LAY,Verranza Coastal Retreats - In-villa seasonal collateral,Layout & Data,7,season-card-r008,In-villa seasonal card - Villa Cascina - High Season,deliverables/season-card-r008.pdf,handbill,format: pdf; width_mm: 148; height_mm: 210; pages: 1,not_produced
SB3-053-LAY,Verranza Coastal Retreats - In-villa seasonal collateral,Layout & Data,8,season-card-r009,In-villa seasonal card - Villa Cascina - Peak Season,deliverables/season-card-r009.pdf,handbill,format: pdf; width_mm: 148; height_mm: 210; pages: 1,not_produced
SB3-053-LAY,Verranza Coastal Retreats - In-villa seasonal collateral,Layout & Data,9,season-card-r010,In-villa seasonal card - Maison Aubine - Low Season,deliverables/season-card-r010.pdf,handbill,format: pdf; width_mm: 148; height_mm: 210; pages: 1,not_produced
SB3-053-LAY,Verranza Coastal Retreats - In-villa seasonal collateral,Layout & Data,10,season-card-r011,In-villa seasonal card - Maison Aubine - Shoulder Season,deliverables/season-card-r011.pdf,handbill,format: pdf; width_mm: 148; height_mm: 210; pages: 1,not_produced
SB3-053-LAY,Verranza Coastal Retreats - In-villa seasonal collateral,Layout & Data,11,season-card-r012,In-villa seasonal card - Maison Aubine - High Season,deliverables/season-card-r012.pdf,handbill,format: pdf; width_mm: 148; height_mm: 210; pages: 1,not_produced
SB3-053-LAY,Verranza Coastal Retreats - In-villa seasonal collateral,Layout & Data,12,season-card-r013,In-villa seasonal card - Maison Aubine - Peak Season,deliverables/season-card-r013.pdf,handbill,format: pdf; width_mm: 148; height_mm: 210; pages: 1,not_produced
SB3-053-LAY,Verranza Coastal Retreats - In-villa seasonal collateral,Layout & Data,13,season-card-combined,In-villa seasonal card - combined production run,deliverables/season-card-combined.pdf,combined_print_run,format: pdf; pages: 12; width_mm: 148; height_mm: 210,not_produced
SB3-054-LAY,Nimbadesk - B2B sell-sheet system,Layout & Data,1,sell-sheet-r002,B2B product sell sheet - Median first response time,deliverables/sell-sheet-r002.pdf,a4,format: pdf; width_mm: 210; height_mm: 297; pages: 1,not_produced
SB3-054-LAY,Nimbadesk - B2B sell-sheet system,Layout & Data,2,sell-sheet-r003,B2B product sell sheet - Tickets resolved per agent,deliverables/sell-sheet-r003.pdf,a4,format: pdf; width_mm: 210; height_mm: 297; pages: 1,not_produced
SB3-054-LAY,Nimbadesk - B2B sell-sheet system,Layout & Data,3,sell-sheet-r004,B2B product sell sheet - Customer satisfaction (CSAT),deliverables/sell-sheet-r004.pdf,a4,format: pdf; width_mm: 210; height_mm: 297; pages: 1,not_produced
SB3-054-LAY,Nimbadesk - B2B sell-sheet system,Layout & Data,4,sell-sheet-combined,B2B product sell sheet - combined production run,deliverables/sell-sheet-combined.pdf,combined_print_run,format: pdf; pages: 3; width_mm: 210; height_mm: 297,not_produced
SB3-054-LAY,Nimbadesk - B2B sell-sheet system,Layout & Data,5,pitch-deck,Product pitch deck,deliverables/pitch-deck.pdf,deck,format: pdf; width_mm: 338.667; height_mm: 190.5; pages: 10,not_produced
SB3-054-LAY,Nimbadesk - B2B sell-sheet system,Layout & Data,6,launch-post-workflow,Product launch post - Workflow,deliverables/launch-post-workflow.png,feed,format: png; width: 1080; height: 1350,not_produced
SB3-054-LAY,Nimbadesk - B2B sell-sheet system,Layout & Data,7,launch-post-team,Product launch post - Team,deliverables/launch-post-team.png,feed,format: png; width: 1080; height: 1350,not_produced
SB3-054-LAY,Nimbadesk - B2B sell-sheet system,Layout & Data,8,launch-post-reporting,Product launch post - Reporting,deliverables/launch-post-reporting.png,feed,format: png; width: 1080; height: 1350,not_produced
SB3-055-LAY,Alderwood Scholars Fund - Multi-center appeal campaign,Layout & Data,1,recovered-crest,Recovered Alderwood crest master,deliverables/recovered-crest.svg,vector,format: svg,not_produced
SB3-055-LAY,Alderwood Scholars Fund - Multi-center appeal campaign,Layout & Data,2,centre-appeal-r002,Centre appeal banner - Eastgate Centre,deliverables/centre-appeal-r002.png,landscape,format: png; width: 1920; height: 1080,not_produced
SB3-055-LAY,Alderwood Scholars Fund - Multi-center appeal campaign,Layout & Data,3,centre-appeal-r003,Centre appeal banner - Waterman Row Centre,deliverables/centre-appeal-r003.png,landscape,format: png; width: 1920; height: 1080,not_produced
SB3-055-LAY,Alderwood Scholars Fund - Multi-center appeal campaign,Layout & Data,4,centre-appeal-r004,Centre appeal banner - Olneyville Green Centre,deliverables/centre-appeal-r004.png,landscape,format: png; width: 1920; height: 1080,not_produced
SB3-055-LAY,Alderwood Scholars Fund - Multi-center appeal campaign,Layout & Data,5,centre-appeal-r005,Centre appeal banner - Pawtucket Mills Centre,deliverables/centre-appeal-r005.png,landscape,format: png; width: 1920; height: 1080,not_produced
SB3-055-LAY,Alderwood Scholars Fund - Multi-center appeal campaign,Layout & Data,6,centre-appeal-r006,Centre appeal banner - Cranston Fields Centre,deliverables/centre-appeal-r006.png,landscape,format: png; width: 1920; height: 1080,not_produced
SB3-056-LAY,Lanternwood Folk Fest - Performer credential system,Layout & Data,1,credential-r002,Festival access credential - Marah Delune,deliverables/credential-r002.pdf,credential,format: pdf; width_mm: 100; height_mm: 150; pages: 1,not_produced
SB3-056-LAY,Lanternwood Folk Fest - Performer credential system,Layout & Data,2,credential-r003,Festival access credential - Elias Ridge,deliverables/credential-r003.pdf,credential,format: pdf; width_mm: 100; height_mm: 150; pages: 1,not_produced
SB3-056-LAY,Lanternwood Folk Fest - Performer credential system,Layout & Data,3,credential-r004,Festival access credential - Silas Ridge,deliverables/credential-r004.pdf,credential,format: pdf; width_mm: 100; height_mm: 150; pages: 1,not_produced
SB3-056-LAY,Lanternwood Folk Fest - Performer credential system,Layout & Data,4,credential-r005,Festival access credential - Cassiane Wren,deliverables/credential-r005.pdf,credential,format: pdf; width_mm: 100; height_mm: 150; pages: 1,not_produced
SB3-056-LAY,Lanternwood Folk Fest - Performer credential system,Layout & Data,5,credential-r006,Festival access credential - Fenn Aldous,deliverables/credential-r006.pdf,credential,format: pdf; width_mm: 100; height_mm: 150; pages: 1,not_produced
SB3-056-LAY,Lanternwood Folk Fest - Performer credential system,Layout & Data,6,credential-r007,Festival access credential - Odette Marsh,deliverables/credential-r007.pdf,credential,format: pdf; width_mm: 100; height_mm: 150; pages: 1,not_produced
SB3-056-LAY,Lanternwood Folk Fest - Performer credential system,Layout & Data,7,credential-r008,Festival access credential - Tamsin Reed,deliverables/credential-r008.pdf,credential,format: pdf; width_mm: 100; height_mm: 150; pages: 1,not_produced
SB3-056-LAY,Lanternwood Folk Fest - Performer credential system,Layout & Data,8,credential-r009,Festival access credential - Jonah Vale,deliverables/credential-r009.pdf,credential,format: pdf; width_mm: 100; height_mm: 150; pages: 1,not_produced
SB3-056-LAY,Lanternwood Folk Fest - Performer credential system,Layout & Data,9,credential-r010,Festival access credential - Priya Nandakumar,deliverables/credential-r010.pdf,credential,format: pdf; width_mm: 100; height_mm: 150; pages: 1,not_produced
SB3-056-LAY,Lanternwood Folk Fest - Performer credential system,Layout & Data,10,credential-r011,Festival access credential - Rowan Beck,deliverables/credential-r011.pdf,credential,format: pdf; width_mm: 100; height_mm: 150; pages: 1,not_produced
SB3-056-LAY,Lanternwood Folk Fest - Performer credential system,Layout & Data,11,credential-r012,Festival access credential - Dana Okonkwo,deliverables/credential-r012.pdf,credential,format: pdf; width_mm: 100; height_mm: 150; pages: 1,not_produced
SB3-056-LAY,Lanternwood Folk Fest - Performer credential system,Layout & Data,12,credential-r013,Festival access credential - Marcus Feld,deliverables/credential-r013.pdf,credential,format: pdf; width_mm: 100; height_mm: 150; pages: 1,not_produced
SB3-056-LAY,Lanternwood Folk Fest - Performer credential system,Layout & Data,13,credential-r014,Festival access credential - Lena Ostrove,deliverables/credential-r014.pdf,credential,format: pdf; width_mm: 100; height_mm: 150; pages: 1,not_produced
SB3-056-LAY,Lanternwood Folk Fest - Performer credential system,Layout & Data,14,credential-r015,Festival access credential - Theo Brandt,deliverables/credential-r015.pdf,credential,format: pdf; width_mm: 100; height_mm: 150; pages: 1,not_produced
SB3-056-LAY,Lanternwood Folk Fest - Performer credential system,Layout & Data,15,credential-r016,Festival access credential - Aisha Rahman,deliverables/credential-r016.pdf,credential,format: pdf; width_mm: 100; height_mm: 150; pages: 1,not_produced
SB3-056-LAY,Lanternwood Folk Fest - Performer credential system,Layout & Data,16,credential-r017,Festival access credential - Cole Whitaker,deliverables/credential-r017.pdf,credential,format: pdf; width_mm: 100; height_mm: 150; pages: 1,not_produced
SB3-056-LAY,Lanternwood Folk Fest - Performer credential system,Layout & Data,17,credential-r018,Festival access credential - Marisol Vega,deliverables/credential-r018.pdf,credential,format: pdf; width_mm: 100; height_mm: 150; pages: 1,not_produced
SB3-056-LAY,Lanternwood Folk Fest - Performer credential system,Layout & Data,18,credential-r019,Festival access credential - Sam Iverson,deliverables/credential-r019.pdf,credential,format: pdf; width_mm: 100; height_mm: 150; pages: 1,not_produced
SB3-056-LAY,Lanternwood Folk Fest - Performer credential system,Layout & Data,19,credential-r020,Festival access credential - Nadia Chen,deliverables/credential-r020.pdf,credential,format: pdf; width_mm: 100; height_mm: 150; pages: 1,not_produced
SB3-056-LAY,Lanternwood Folk Fest - Performer credential system,Layout & Data,20,credential-r021,Festival access credential - Bram Kessler,deliverables/credential-r021.pdf,credential,format: pdf; width_mm: 100; height_mm: 150; pages: 1,not_produced
SB3-056-LAY,Lanternwood Folk Fest - Performer credential system,Layout & Data,21,credential-r022,Festival access credential - Georgia Pryce,deliverables/credential-r022.pdf,credential,format: pdf; width_mm: 100; height_mm: 150; pages: 1,not_produced
SB3-056-LAY,Lanternwood Folk Fest - Performer credential system,Layout & Data,22,credential-combined,Festival access credential - combined production run,deliverables/credential-combined.pdf,combined_print_run,format: pdf; pages: 21; width_mm: 100; height_mm: 150,not_produced
SB3-057-LAY,Umbra Loft - After Dark event campaign,Layout & Data,1,poster-direction-type-led,After Dark poster direction - Type-led,deliverables/poster-direction-type-led.pdf,poster,format: pdf; width_mm: 420; height_mm: 594; pages: 1,not_produced
SB3-057-LAY,Umbra Loft - After Dark event campaign,Layout & Data,2,poster-direction-image-led,After Dark poster direction - Image-led,deliverables/poster-direction-image-led.pdf,poster,format: pdf; width_mm: 420; height_mm: 594; pages: 1,not_produced
SB3-057-LAY,Umbra Loft - After Dark event campaign,Layout & Data,3,poster-direction-graphic-led,After Dark poster direction - Graphic-led,deliverables/poster-direction-graphic-led.pdf,poster,format: pdf; width_mm: 420; height_mm: 594; pages: 1,not_produced
SB3-057-LAY,Umbra Loft - After Dark event campaign,Layout & Data,4,promoter-deck,Promoter pitch deck,deliverables/promoter-deck.pdf,deck,format: pdf; width_mm: 338.667; height_mm: 190.5; pages: 6,not_produced
SB3-057-LAY,Umbra Loft - After Dark event campaign,Layout & Data,5,release-post-r002,Night release post - 2026-09-25,deliverables/release-post-r002.png,feed,format: png; width: 1080; height: 1350,not_produced
SB3-057-LAY,Umbra Loft - After Dark event campaign,Layout & Data,6,release-post-r003,Night release post - 2026-09-26,deliverables/release-post-r003.png,feed,format: png; width: 1080; height: 1350,not_produced
SB3-057-LAY,Umbra Loft - After Dark event campaign,Layout & Data,7,release-post-r004,Night release post - 2026-10-02,deliverables/release-post-r004.png,feed,format: png; width: 1080; height: 1350,not_produced
SB3-057-LAY,Umbra Loft - After Dark event campaign,Layout & Data,8,release-post-r005,Night release post - 2026-10-03,deliverables/release-post-r005.png,feed,format: png; width: 1080; height: 1350,not_produced
SB3-057-LAY,Umbra Loft - After Dark event campaign,Layout & Data,9,release-post-r006,Night release post - 2026-10-04,deliverables/release-post-r006.png,feed,format: png; width: 1080; height: 1350,not_produced
SB3-057-LAY,Umbra Loft - After Dark event campaign,Layout & Data,10,release-post-r007,Night release post - 2026-10-09,deliverables/release-post-r007.png,feed,format: png; width: 1080; height: 1350,not_produced
SB3-057-LAY,Umbra Loft - After Dark event campaign,Layout & Data,11,release-post-r008,Night release post - 2026-10-10,deliverables/release-post-r008.png,feed,format: png; width: 1080; height: 1350,not_produced
SB3-057-LAY,Umbra Loft - After Dark event campaign,Layout & Data,12,release-post-r009,Night release post - 2026-10-16,deliverables/release-post-r009.png,feed,format: png; width: 1080; height: 1350,not_produced
SB3-057-LAY,Umbra Loft - After Dark event campaign,Layout & Data,13,release-post-r010,Night release post - 2026-10-17,deliverables/release-post-r010.png,feed,format: png; width: 1080; height: 1350,not_produced
SB3-058-LAY,Marisol Cove - Shoulder-season hospitality campaign,Layout & Data,1,hospitality-keyvisual,Shoulder-season key visual,deliverables/hospitality-keyvisual.png,landscape,format: png; width: 1920; height: 1080,not_produced
SB3-058-LAY,Marisol Cove - Shoulder-season hospitality campaign,Layout & Data,2,booking-story,Hospitality booking story,deliverables/booking-story.png,story,format: png; width: 1080; height: 1920,not_produced
SB3-058-LAY,Marisol Cove - Shoulder-season hospitality campaign,Layout & Data,3,season-offer-r002,Seasonal offer card - Bluff Suite,deliverables/season-offer-r002.png,feed,format: png; width: 1080; height: 1350,not_produced
SB3-058-LAY,Marisol Cove - Shoulder-season hospitality campaign,Layout & Data,4,season-offer-r003,Seasonal offer card - Cypress Suite,deliverables/season-offer-r003.png,feed,format: png; width: 1080; height: 1350,not_produced
SB3-058-LAY,Marisol Cove - Shoulder-season hospitality campaign,Layout & Data,5,season-offer-r004,Seasonal offer card - Cove View King,deliverables/season-offer-r004.png,feed,format: png; width: 1080; height: 1350,not_produced
SB3-058-LAY,Marisol Cove - Shoulder-season hospitality campaign,Layout & Data,6,season-offer-r005,Seasonal offer card - Cove View Queen,deliverables/season-offer-r005.png,feed,format: png; width: 1080; height: 1350,not_produced
SB3-058-LAY,Marisol Cove - Shoulder-season hospitality campaign,Layout & Data,7,season-offer-r006,Seasonal offer card - Terrace Room,deliverables/season-offer-r006.png,feed,format: png; width: 1080; height: 1350,not_produced
SB3-058-LAY,Marisol Cove - Shoulder-season hospitality campaign,Layout & Data,8,season-offer-r007,Seasonal offer card - Boathouse Loft,deliverables/season-offer-r007.png,feed,format: png; width: 1080; height: 1350,not_produced
SB3-058-LAY,Marisol Cove - Shoulder-season hospitality campaign,Layout & Data,9,season-offer-r008,Seasonal offer card - Headland Room,deliverables/season-offer-r008.png,feed,format: png; width: 1080; height: 1350,not_produced
SB3-058-LAY,Marisol Cove - Shoulder-season hospitality campaign,Layout & Data,10,season-offer-r009,Seasonal offer card - Garden Room,deliverables/season-offer-r009.png,feed,format: png; width: 1080; height: 1350,not_produced
SB3-058-LAY,Marisol Cove - Shoulder-season hospitality campaign,Layout & Data,11,season-offer-r010,Seasonal offer card - Path Room,deliverables/season-offer-r010.png,feed,format: png; width: 1080; height: 1350,not_produced
SB3-058-LAY,Marisol Cove - Shoulder-season hospitality campaign,Layout & Data,12,season-offer-r011,Seasonal offer card - The Boathouse,deliverables/season-offer-r011.png,feed,format: png; width: 1080; height: 1350,not_produced
SB3-058-LAY,Marisol Cove - Shoulder-season hospitality campaign,Layout & Data,13,offer-brochure,Seasonal hospitality brochure,deliverables/offer-brochure.pdf,brochure,format: pdf; width_mm: 210; height_mm: 297; pages: 4,not_produced
SB3-059-LAY,Lumen Quarterly - Autumn editorial issue,Layout & Data,1,autumn-issue,Autumn editorial issue,deliverables/autumn-issue.pdf,brochure,format: pdf; width_mm: 210; height_mm: 297; pages: 10,not_produced
SB3-059-LAY,Lumen Quarterly - Autumn editorial issue,Layout & Data,2,plate-card-r002,Editorial plate card - I - Above Sennet Cove,deliverables/plate-card-r002.pdf,card,format: pdf; width_mm: 148.167; height_mm: 105.156; pages: 1,not_produced
SB3-059-LAY,Lumen Quarterly - Autumn editorial issue,Layout & Data,3,plate-card-r003,Editorial plate card - II - By Hand,deliverables/plate-card-r003.pdf,card,format: pdf; width_mm: 148.167; height_mm: 105.156; pages: 1,not_produced
SB3-059-LAY,Lumen Quarterly - Autumn editorial issue,Layout & Data,4,plate-card-r004,Editorial plate card - 3 - Emory Vaughn,deliverables/plate-card-r004.pdf,card,format: pdf; width_mm: 148.167; height_mm: 105.156; pages: 1,not_produced
SB3-059-LAY,Lumen Quarterly - Autumn editorial issue,Layout & Data,5,plate-card-r005,Editorial plate card - IV - The Hull,deliverables/plate-card-r005.pdf,card,format: pdf; width_mm: 148.167; height_mm: 105.156; pages: 1,not_produced
SB3-059-LAY,Lumen Quarterly - Autumn editorial issue,Layout & Data,6,plate-card-r006,Editorial plate card - IV - The Double End,deliverables/plate-card-r006.pdf,card,format: pdf; width_mm: 148.167; height_mm: 105.156; pages: 1,not_produced
SB3-059-LAY,Lumen Quarterly - Autumn editorial issue,Layout & Data,7,plate-card-r007,Editorial plate card - 06 - The Hull,deliverables/plate-card-r007.pdf,card,format: pdf; width_mm: 148.167; height_mm: 105.156; pages: 1,not_produced
SB3-059-LAY,Lumen Quarterly - Autumn editorial issue,Layout & Data,8,plate-card-r008,Editorial plate card - VII - Steam,deliverables/plate-card-r008.pdf,card,format: pdf; width_mm: 148.167; height_mm: 105.156; pages: 1,not_produced
SB3-059-LAY,Lumen Quarterly - Autumn editorial issue,Layout & Data,9,plate-card-r009,Editorial plate card - 8 - The Joint,deliverables/plate-card-r009.pdf,card,format: pdf; width_mm: 148.167; height_mm: 105.156; pages: 1,not_produced
SB3-059-LAY,Lumen Quarterly - Autumn editorial issue,Layout & Data,10,plate-card-r010,Editorial plate card - 09 - His Father's Tools,deliverables/plate-card-r010.pdf,card,format: pdf; width_mm: 148.167; height_mm: 105.156; pages: 1,not_produced
SB3-059-LAY,Lumen Quarterly - Autumn editorial issue,Layout & Data,11,plate-card-r011,Editorial plate card - X - Laid By,deliverables/plate-card-r011.pdf,card,format: pdf; width_mm: 148.167; height_mm: 105.156; pages: 1,not_produced
SB3-059-LAY,Lumen Quarterly - Autumn editorial issue,Layout & Data,12,plate-card-r012,Editorial plate card - 11 - Sighting the Line,deliverables/plate-card-r012.pdf,card,format: pdf; width_mm: 148.167; height_mm: 105.156; pages: 1,not_produced
SB3-059-LAY,Lumen Quarterly - Autumn editorial issue,Layout & Data,13,plate-card-r013,Editorial plate card - XII - Day's End,deliverables/plate-card-r013.pdf,card,format: pdf; width_mm: 148.167; height_mm: 105.156; pages: 1,not_produced
SB3-059-LAY,Lumen Quarterly - Autumn editorial issue,Layout & Data,14,plate-card-r014,Editorial plate card - 13 - Late Sun,deliverables/plate-card-r014.pdf,card,format: pdf; width_mm: 148.167; height_mm: 105.156; pages: 1,not_produced
SB3-059-LAY,Lumen Quarterly - Autumn editorial issue,Layout & Data,15,plate-card-r015,Editorial plate card - XIV - North Light,deliverables/plate-card-r015.pdf,card,format: pdf; width_mm: 148.167; height_mm: 105.156; pages: 1,not_produced
SB3-059-LAY,Lumen Quarterly - Autumn editorial issue,Layout & Data,16,plate-card-combined,Editorial plate card - combined production run,deliverables/plate-card-combined.pdf,combined_print_run,format: pdf; pages: 14; width_mm: 148.167; height_mm: 105.156,not_produced
SB3-060-LAY,Aldervale Mutual - District insurance counter-card run,Layout & Data,1,producer-card-r002,District insurance counter card - Raymond Hollis,deliverables/producer-card-r002.pdf,handbill,format: pdf; width_mm: 148; height_mm: 210; pages: 1,not_produced
SB3-060-LAY,Aldervale Mutual - District insurance counter-card run,Layout & Data,2,producer-card-r003,District insurance counter card - Susan Grady,deliverables/producer-card-r003.pdf,handbill,format: pdf; width_mm: 148; height_mm: 210; pages: 1,not_produced
SB3-060-LAY,Aldervale Mutual - District insurance counter-card run,Layout & Data,3,producer-card-r005,District insurance counter card - Paul Devoe,deliverables/producer-card-r005.pdf,handbill,format: pdf; width_mm: 148; height_mm: 210; pages: 1,not_produced
SB3-060-LAY,Aldervale Mutual - District insurance counter-card run,Layout & Data,4,producer-card-r006,District insurance counter card - Karen Marsh,deliverables/producer-card-r006.pdf,handbill,format: pdf; width_mm: 148; height_mm: 210; pages: 1,not_produced
SB3-060-LAY,Aldervale Mutual - District insurance counter-card run,Layout & Data,5,producer-card-r007,District insurance counter card - Daniel Okafor,deliverables/producer-card-r007.pdf,handbill,format: pdf; width_mm: 148; height_mm: 210; pages: 1,not_produced
SB3-060-LAY,Aldervale Mutual - District insurance counter-card run,Layout & Data,6,producer-card-r008,District insurance counter card - Gina Bianchi,deliverables/producer-card-r008.pdf,handbill,format: pdf; width_mm: 148; height_mm: 210; pages: 1,not_produced
SB3-060-LAY,Aldervale Mutual - District insurance counter-card run,Layout & Data,7,producer-card-r009,District insurance counter card - Miguel Reyes,deliverables/producer-card-r009.pdf,handbill,format: pdf; width_mm: 148; height_mm: 210; pages: 1,not_produced
SB3-060-LAY,Aldervale Mutual - District insurance counter-card run,Layout & Data,8,producer-card-r010,District insurance counter card - Linh Tran,deliverables/producer-card-r010.pdf,handbill,format: pdf; width_mm: 148; height_mm: 210; pages: 1,not_produced
SB3-060-LAY,Aldervale Mutual - District insurance counter-card run,Layout & Data,9,producer-card-r011,District insurance counter card - Sean Donnelly,deliverables/producer-card-r011.pdf,handbill,format: pdf; width_mm: 148; height_mm: 210; pages: 1,not_produced
SB3-060-LAY,Aldervale Mutual - District insurance counter-card run,Layout & Data,10,producer-card-r012,District insurance counter card - Rosa Castellano,deliverables/producer-card-r012.pdf,handbill,format: pdf; width_mm: 148; height_mm: 210; pages: 1,not_produced
SB3-060-LAY,Aldervale Mutual - District insurance counter-card run,Layout & Data,11,producer-card-r013,District insurance counter card - Walter Pruitt,deliverables/producer-card-r013.pdf,handbill,format: pdf; width_mm: 148; height_mm: 210; pages: 1,not_produced
SB3-060-LAY,Aldervale Mutual - District insurance counter-card run,Layout & Data,12,producer-card-r014,District insurance counter card - Dana Whitfield,deliverables/producer-card-r014.pdf,handbill,format: pdf; width_mm: 148; height_mm: 210; pages: 1,not_produced
SB3-060-LAY,Aldervale Mutual - District insurance counter-card run,Layout & Data,13,producer-card-r015,District insurance counter card - Priya Nandakumar,deliverables/producer-card-r015.pdf,handbill,format: pdf; width_mm: 148; height_mm: 210; pages: 1,not_produced
SB3-060-LAY,Aldervale Mutual - District insurance counter-card run,Layout & Data,14,producer-card-combined,District insurance counter card - combined production run,deliverables/producer-card-combined.pdf,combined_print_run,format: pdf; pages: 13; width_mm: 148; height_mm: 210,not_produced
SB3-061-LAY,Anvil and Oak - Gym opening member collateral,Layout & Data,1,athlete-card-r002,Opening-roster athlete card - Rosa Delgado,deliverables/athlete-card-r002.pdf,card,format: pdf; width_mm: 127; height_mm: 178.139; pages: 1,not_produced
SB3-061-LAY,Anvil and Oak - Gym opening member collateral,Layout & Data,2,athlete-card-r003,Opening-roster athlete card - Theo Marsh,deliverables/athlete-card-r003.pdf,card,format: pdf; width_mm: 127; height_mm: 178.139; pages: 1,not_produced
SB3-061-LAY,Anvil and Oak - Gym opening member collateral,Layout & Data,3,athlete-card-r004,Opening-roster athlete card - Priya Nair,deliverables/athlete-card-r004.pdf,card,format: pdf; width_mm: 127; height_mm: 178.139; pages: 1,not_produced
SB3-061-LAY,Anvil and Oak - Gym opening member collateral,Layout & Data,4,athlete-card-r005,Opening-roster athlete card - Cal Whitaker,deliverables/athlete-card-r005.pdf,card,format: pdf; width_mm: 127; height_mm: 178.139; pages: 1,not_produced
SB3-061-LAY,Anvil and Oak - Gym opening member collateral,Layout & Data,5,athlete-card-r006,Opening-roster athlete card - Nadia Boone,deliverables/athlete-card-r006.pdf,card,format: pdf; width_mm: 127; height_mm: 178.139; pages: 1,not_produced
SB3-061-LAY,Anvil and Oak - Gym opening member collateral,Layout & Data,6,athlete-card-r007,Opening-roster athlete card - Sam Okafor,deliverables/athlete-card-r007.pdf,card,format: pdf; width_mm: 127; height_mm: 178.139; pages: 1,not_produced
SB3-061-LAY,Anvil and Oak - Gym opening member collateral,Layout & Data,7,athlete-card-r008,Opening-roster athlete card - Lena Fischer,deliverables/athlete-card-r008.pdf,card,format: pdf; width_mm: 127; height_mm: 178.139; pages: 1,not_produced
SB3-061-LAY,Anvil and Oak - Gym opening member collateral,Layout & Data,8,athlete-card-r009,Opening-roster athlete card - Marcus Reyes,deliverables/athlete-card-r009.pdf,card,format: pdf; width_mm: 127; height_mm: 178.139; pages: 1,not_produced
SB3-061-LAY,Anvil and Oak - Gym opening member collateral,Layout & Data,9,athlete-card-r010,Opening-roster athlete card - Dot Kalinowski,deliverables/athlete-card-r010.pdf,card,format: pdf; width_mm: 127; height_mm: 178.139; pages: 1,not_produced
SB3-061-LAY,Anvil and Oak - Gym opening member collateral,Layout & Data,10,athlete-card-r011,Opening-roster athlete card - Jonah Pryce,deliverables/athlete-card-r011.pdf,card,format: pdf; width_mm: 127; height_mm: 178.139; pages: 1,not_produced
SB3-061-LAY,Anvil and Oak - Gym opening member collateral,Layout & Data,11,athlete-card-r012,Opening-roster athlete card - Bex Holloway,deliverables/athlete-card-r012.pdf,card,format: pdf; width_mm: 127; height_mm: 178.139; pages: 1,not_produced
SB3-061-LAY,Anvil and Oak - Gym opening member collateral,Layout & Data,12,athlete-card-r013,Opening-roster athlete card - Reggie Tran,deliverables/athlete-card-r013.pdf,card,format: pdf; width_mm: 127; height_mm: 178.139; pages: 1,not_produced
SB3-061-LAY,Anvil and Oak - Gym opening member collateral,Layout & Data,13,athlete-card-r014,Opening-roster athlete card - Grace Amadi,deliverables/athlete-card-r014.pdf,card,format: pdf; width_mm: 127; height_mm: 178.139; pages: 1,not_produced
SB3-061-LAY,Anvil and Oak - Gym opening member collateral,Layout & Data,14,athlete-card-r015,Opening-roster athlete card - Wyatt Cole,deliverables/athlete-card-r015.pdf,card,format: pdf; width_mm: 127; height_mm: 178.139; pages: 1,not_produced
SB3-061-LAY,Anvil and Oak - Gym opening member collateral,Layout & Data,15,athlete-card-r016,Opening-roster athlete card - Fiona Walsh,deliverables/athlete-card-r016.pdf,card,format: pdf; width_mm: 127; height_mm: 178.139; pages: 1,not_produced
SB3-061-LAY,Anvil and Oak - Gym opening member collateral,Layout & Data,16,athlete-card-r017,Opening-roster athlete card - Elena Sokolova,deliverables/athlete-card-r017.pdf,card,format: pdf; width_mm: 127; height_mm: 178.139; pages: 1,not_produced
SB3-061-LAY,Anvil and Oak - Gym opening member collateral,Layout & Data,17,athlete-card-combined,Opening-roster athlete card - combined production run,deliverables/athlete-card-combined.pdf,combined_print_run,format: pdf; pages: 16; width_mm: 127; height_mm: 178.139,not_produced
SB3-061-LAY,Anvil and Oak - Gym opening member collateral,Layout & Data,18,spotlight-community,Opening gym spotlight - Community,deliverables/spotlight-community.png,feed,format: png; width: 1080; height: 1350,not_produced
SB3-061-LAY,Anvil and Oak - Gym opening member collateral,Layout & Data,19,spotlight-coaching,Opening gym spotlight - Coaching,deliverables/spotlight-coaching.png,feed,format: png; width: 1080; height: 1350,not_produced
SB3-061-LAY,Anvil and Oak - Gym opening member collateral,Layout & Data,20,spotlight-training,Opening gym spotlight - Training,deliverables/spotlight-training.png,feed,format: png; width: 1080; height: 1350,not_produced
SB3-062-LAY,Apexguard - Product label and dealer collateral system,Layout & Data,1,roll-label-r002,Product roll label - AG-G-24,deliverables/roll-label-r002.pdf,label,format: pdf; width_mm: 101.6; height_mm: 152.4; pages: 1,not_produced
SB3-062-LAY,Apexguard - Product label and dealer collateral system,Layout & Data,2,roll-label-r003,Product roll label - AG-G-30,deliverables/roll-label-r003.pdf,label,format: pdf; width_mm: 101.6; height_mm: 152.4; pages: 1,not_produced
SB3-062-LAY,Apexguard - Product label and dealer collateral system,Layout & Data,3,roll-label-r004,Product roll label - AG-G-36,deliverables/roll-label-r004.pdf,label,format: pdf; width_mm: 101.6; height_mm: 152.4; pages: 1,not_produced
SB3-062-LAY,Apexguard - Product label and dealer collateral system,Layout & Data,4,roll-label-r005,Product roll label - AG-G-48,deliverables/roll-label-r005.pdf,label,format: pdf; width_mm: 101.6; height_mm: 152.4; pages: 1,not_produced
SB3-062-LAY,Apexguard - Product label and dealer collateral system,Layout & Data,5,roll-label-r006,Product roll label - AG-GP-24,deliverables/roll-label-r006.pdf,label,format: pdf; width_mm: 101.6; height_mm: 152.4; pages: 1,not_produced
SB3-062-LAY,Apexguard - Product label and dealer collateral system,Layout & Data,6,roll-label-r007,Product roll label - AG-GP-30,deliverables/roll-label-r007.pdf,label,format: pdf; width_mm: 101.6; height_mm: 152.4; pages: 1,not_produced
SB3-062-LAY,Apexguard - Product label and dealer collateral system,Layout & Data,7,roll-label-r008,Product roll label - AG-GP-36,deliverables/roll-label-r008.pdf,label,format: pdf; width_mm: 101.6; height_mm: 152.4; pages: 1,not_produced
SB3-062-LAY,Apexguard - Product label and dealer collateral system,Layout & Data,8,roll-label-r009,Product roll label - AG-GP-48,deliverables/roll-label-r009.pdf,label,format: pdf; width_mm: 101.6; height_mm: 152.4; pages: 1,not_produced
SB3-062-LAY,Apexguard - Product label and dealer collateral system,Layout & Data,9,roll-label-r010,Product roll label - AG-GE-30,deliverables/roll-label-r010.pdf,label,format: pdf; width_mm: 101.6; height_mm: 152.4; pages: 1,not_produced
SB3-062-LAY,Apexguard - Product label and dealer collateral system,Layout & Data,10,roll-label-r011,Product roll label - AG-GE-36,deliverables/roll-label-r011.pdf,label,format: pdf; width_mm: 101.6; height_mm: 152.4; pages: 1,not_produced
SB3-062-LAY,Apexguard - Product label and dealer collateral system,Layout & Data,11,roll-label-r012,Product roll label - AG-GE-48,deliverables/roll-label-r012.pdf,label,format: pdf; width_mm: 101.6; height_mm: 152.4; pages: 1,not_produced
SB3-062-LAY,Apexguard - Product label and dealer collateral system,Layout & Data,12,roll-label-r013,Product roll label - AG-GE-60,deliverables/roll-label-r013.pdf,label,format: pdf; width_mm: 101.6; height_mm: 152.4; pages: 1,not_produced
SB3-062-LAY,Apexguard - Product label and dealer collateral system,Layout & Data,13,roll-label-combined,Product roll label - combined production run,deliverables/roll-label-combined.pdf,combined_print_run,format: pdf; pages: 12; width_mm: 101.6; height_mm: 152.4,not_produced
SB3-062-LAY,Apexguard - Product label and dealer collateral system,Layout & Data,14,dealer-collateral,Dealer range brochure,deliverables/dealer-collateral.pdf,brochure,format: pdf; width_mm: 210; height_mm: 297; pages: 4,not_produced
SB3-063-LAY,Kilnmore - Wholesale relaunch campaign,Layout & Data,1,wholesale-deck,Wholesale relaunch deck,deliverables/wholesale-deck.pdf,deck,format: pdf; width_mm: 338.667; height_mm: 190.5; pages: 10,not_produced
SB3-063-LAY,Kilnmore - Wholesale relaunch campaign,Layout & Data,2,paid-canvas-range,Wholesale paid-social creative - Range,deliverables/paid-canvas-range.png,feed,format: png; width: 1080; height: 1350,not_produced
SB3-063-LAY,Kilnmore - Wholesale relaunch campaign,Layout & Data,3,paid-canvas-material,Wholesale paid-social creative - Material,deliverables/paid-canvas-material.png,feed,format: png; width: 1080; height: 1350,not_produced
SB3-063-LAY,Kilnmore - Wholesale relaunch campaign,Layout & Data,4,storefront-banner,Storefront range banner,deliverables/storefront-banner.png,landscape,format: png; width: 1920; height: 1080,not_produced
SB3-063-LAY,Kilnmore - Wholesale relaunch campaign,Layout & Data,5,spec-tile-r002,Product specification tile - KM-01,deliverables/spec-tile-r002.png,square,format: png; width: 1200; height: 1200,not_produced
SB3-063-LAY,Kilnmore - Wholesale relaunch campaign,Layout & Data,6,spec-tile-r003,Product specification tile - KM-02,deliverables/spec-tile-r003.png,square,format: png; width: 1200; height: 1200,not_produced
SB3-063-LAY,Kilnmore - Wholesale relaunch campaign,Layout & Data,7,spec-tile-r004,Product specification tile - KM-03,deliverables/spec-tile-r004.png,square,format: png; width: 1200; height: 1200,not_produced
SB3-063-LAY,Kilnmore - Wholesale relaunch campaign,Layout & Data,8,spec-tile-r005,Product specification tile - KM-04,deliverables/spec-tile-r005.png,square,format: png; width: 1200; height: 1200,not_produced
SB3-063-LAY,Kilnmore - Wholesale relaunch campaign,Layout & Data,9,spec-tile-r006,Product specification tile - KM-05,deliverables/spec-tile-r006.png,square,format: png; width: 1200; height: 1200,not_produced
SB3-063-LAY,Kilnmore - Wholesale relaunch campaign,Layout & Data,10,spec-tile-r007,Product specification tile - KM-06,deliverables/spec-tile-r007.png,square,format: png; width: 1200; height: 1200,not_produced
SB3-063-LAY,Kilnmore - Wholesale relaunch campaign,Layout & Data,11,spec-tile-r008,Product specification tile - KM-07,deliverables/spec-tile-r008.png,square,format: png; width: 1200; height: 1200,not_produced
SB3-063-LAY,Kilnmore - Wholesale relaunch campaign,Layout & Data,12,spec-tile-r009,Product specification tile - KM-08,deliverables/spec-tile-r009.png,square,format: png; width: 1200; height: 1200,not_produced
SB3-063-LAY,Kilnmore - Wholesale relaunch campaign,Layout & Data,13,spec-tile-r010,Product specification tile - KM-09,deliverables/spec-tile-r010.png,square,format: png; width: 1200; height: 1200,not_produced
SB3-063-LAY,Kilnmore - Wholesale relaunch campaign,Layout & Data,14,spec-tile-r011,Product specification tile - KM-10,deliverables/spec-tile-r011.png,square,format: png; width: 1200; height: 1200,not_produced
SB3-063-LAY,Kilnmore - Wholesale relaunch campaign,Layout & Data,15,spec-tile-r012,Product specification tile - KM-11,deliverables/spec-tile-r012.png,square,format: png; width: 1200; height: 1200,not_produced
SB3-063-LAY,Kilnmore - Wholesale relaunch campaign,Layout & Data,16,spec-tile-r013,Product specification tile - KM-12,deliverables/spec-tile-r013.png,square,format: png; width: 1200; height: 1200,not_produced
SB3-063-LAY,Kilnmore - Wholesale relaunch campaign,Layout & Data,17,spec-tile-r014,Product specification tile - KM-13,deliverables/spec-tile-r014.png,square,format: png; width: 1200; height: 1200,not_produced
SB3-063-LAY,Kilnmore - Wholesale relaunch campaign,Layout & Data,18,range-sheet,Wholesale range one-pager,deliverables/range-sheet.pdf,brochure,format: pdf; width_mm: 210; height_mm: 297; pages: 1,not_produced
SB3-063-LAY,Kilnmore - Wholesale relaunch campaign,Layout & Data,19,identity-page,Mark and type reference,deliverables/identity-page.pdf,brochure,format: pdf; width_mm: 210; height_mm: 297; pages: 1,not_produced
SB3-064-LAY,Northwind Advisory - Team page and recruitment collateral,Layout & Data,1,team-page,Advisory team-page composition,deliverables/team-page.png,web,format: png; width: 1440; height: 2400,not_produced
SB3-064-LAY,Northwind Advisory - Team page and recruitment collateral,Layout & Data,2,capabilities,Capabilities leave-behind,deliverables/capabilities.pdf,brochure,format: pdf; width_mm: 210; height_mm: 297; pages: 4,not_produced
SB3-064-LAY,Northwind Advisory - Team page and recruitment collateral,Layout & Data,3,recruitment-post,Recruitment announcement,deliverables/recruitment-post.png,feed,format: png; width: 1080; height: 1350,not_produced
SB3-065-LAY,Walter Fernwood Memorial - Service print and remembrance set,Layout & Data,1,keepsake-card-r002,Memorial keepsake card - Margaret Ellis,deliverables/keepsake-card-r002.pdf,card,format: pdf; width_mm: 105.156; height_mm: 148.167; pages: 1,not_produced
SB3-065-LAY,Walter Fernwood Memorial - Service print and remembrance set,Layout & Data,2,keepsake-card-r003,Memorial keepsake card - Tom Ellis,deliverables/keepsake-card-r003.pdf,card,format: pdf; width_mm: 105.156; height_mm: 148.167; pages: 1,not_produced
SB3-065-LAY,Walter Fernwood Memorial - Service print and remembrance set,Layout & Data,3,keepsake-card-r004,Memorial keepsake card - Peter Fernwood,deliverables/keepsake-card-r004.pdf,card,format: pdf; width_mm: 105.156; height_mm: 148.167; pages: 1,not_produced
SB3-065-LAY,Walter Fernwood Memorial - Service print and remembrance set,Layout & Data,4,keepsake-card-r005,Memorial keepsake card - Susan Fernwood,deliverables/keepsake-card-r005.pdf,card,format: pdf; width_mm: 105.156; height_mm: 148.167; pages: 1,not_produced
SB3-065-LAY,Walter Fernwood Memorial - Service print and remembrance set,Layout & Data,5,keepsake-card-r006,Memorial keepsake card - Claire Ellis,deliverables/keepsake-card-r006.pdf,card,format: pdf; width_mm: 105.156; height_mm: 148.167; pages: 1,not_produced
SB3-065-LAY,Walter Fernwood Memorial - Service print and remembrance set,Layout & Data,6,keepsake-card-r007,Memorial keepsake card - David Fernwood,deliverables/keepsake-card-r007.pdf,card,format: pdf; width_mm: 105.156; height_mm: 148.167; pages: 1,not_produced
SB3-065-LAY,Walter Fernwood Memorial - Service print and remembrance set,Layout & Data,7,keepsake-card-r008,Memorial keepsake card - Hollis Fernwood,deliverables/keepsake-card-r008.pdf,card,format: pdf; width_mm: 105.156; height_mm: 148.167; pages: 1,not_produced
SB3-065-LAY,Walter Fernwood Memorial - Service print and remembrance set,Layout & Data,8,keepsake-card-r009,Memorial keepsake card - Eleanor Vance,deliverables/keepsake-card-r009.pdf,card,format: pdf; width_mm: 105.156; height_mm: 148.167; pages: 1,not_produced
SB3-065-LAY,Walter Fernwood Memorial - Service print and remembrance set,Layout & Data,9,keepsake-card-r010,Memorial keepsake card - Otis Freeman,deliverables/keepsake-card-r010.pdf,card,format: pdf; width_mm: 105.156; height_mm: 148.167; pages: 1,not_produced
SB3-065-LAY,Walter Fernwood Memorial - Service print and remembrance set,Layout & Data,10,keepsake-card-r011,Memorial keepsake card - Lucille Freeman,deliverables/keepsake-card-r011.pdf,card,format: pdf; width_mm: 105.156; height_mm: 148.167; pages: 1,not_produced
SB3-065-LAY,Walter Fernwood Memorial - Service print and remembrance set,Layout & Data,11,keepsake-card-r012,Memorial keepsake card - Harold Prentice,deliverables/keepsake-card-r012.pdf,card,format: pdf; width_mm: 105.156; height_mm: 148.167; pages: 1,not_produced
SB3-065-LAY,Walter Fernwood Memorial - Service print and remembrance set,Layout & Data,12,keepsake-card-r013,Memorial keepsake card - Ruth Prentice,deliverables/keepsake-card-r013.pdf,card,format: pdf; width_mm: 105.156; height_mm: 148.167; pages: 1,not_produced
SB3-065-LAY,Walter Fernwood Memorial - Service print and remembrance set,Layout & Data,13,keepsake-card-r014,Memorial keepsake card - Arthur Bell,deliverables/keepsake-card-r014.pdf,card,format: pdf; width_mm: 105.156; height_mm: 148.167; pages: 1,not_produced
SB3-065-LAY,Walter Fernwood Memorial - Service print and remembrance set,Layout & Data,14,keepsake-card-r015,Memorial keepsake card - Sam Okonkwo,deliverables/keepsake-card-r015.pdf,card,format: pdf; width_mm: 105.156; height_mm: 148.167; pages: 1,not_produced
SB3-065-LAY,Walter Fernwood Memorial - Service print and remembrance set,Layout & Data,15,keepsake-card-r016,Memorial keepsake card - Beatrice Lundy,deliverables/keepsake-card-r016.pdf,card,format: pdf; width_mm: 105.156; height_mm: 148.167; pages: 1,not_produced
SB3-065-LAY,Walter Fernwood Memorial - Service print and remembrance set,Layout & Data,16,keepsake-card-r017,Memorial keepsake card - Grace Holloway,deliverables/keepsake-card-r017.pdf,card,format: pdf; width_mm: 105.156; height_mm: 148.167; pages: 1,not_produced
SB3-065-LAY,Walter Fernwood Memorial - Service print and remembrance set,Layout & Data,17,keepsake-card-r018,Memorial keepsake card - Rev. Miriam Todd,deliverables/keepsake-card-r018.pdf,card,format: pdf; width_mm: 105.156; height_mm: 148.167; pages: 1,not_produced
SB3-065-LAY,Walter Fernwood Memorial - Service print and remembrance set,Layout & Data,18,keepsake-card-r019,Memorial keepsake card - Pearl Whitcomb,deliverables/keepsake-card-r019.pdf,card,format: pdf; width_mm: 105.156; height_mm: 148.167; pages: 1,not_produced
SB3-065-LAY,Walter Fernwood Memorial - Service print and remembrance set,Layout & Data,19,keepsake-card-r020,Memorial keepsake card - Frank Delgado,deliverables/keepsake-card-r020.pdf,card,format: pdf; width_mm: 105.156; height_mm: 148.167; pages: 1,not_produced
SB3-065-LAY,Walter Fernwood Memorial - Service print and remembrance set,Layout & Data,20,keepsake-card-r021,Memorial keepsake card - Nora Delgado,deliverables/keepsake-card-r021.pdf,card,format: pdf; width_mm: 105.156; height_mm: 148.167; pages: 1,not_produced
SB3-065-LAY,Walter Fernwood Memorial - Service print and remembrance set,Layout & Data,21,keepsake-card-r022,Memorial keepsake card - Gene Tackett,deliverables/keepsake-card-r022.pdf,card,format: pdf; width_mm: 105.156; height_mm: 148.167; pages: 1,not_produced
SB3-065-LAY,Walter Fernwood Memorial - Service print and remembrance set,Layout & Data,22,keepsake-card-r023,Memorial keepsake card - Marion Tackett,deliverables/keepsake-card-r023.pdf,card,format: pdf; width_mm: 105.156; height_mm: 148.167; pages: 1,not_produced
SB3-065-LAY,Walter Fernwood Memorial - Service print and remembrance set,Layout & Data,23,keepsake-card-r024,Memorial keepsake card - Walter Chase,deliverables/keepsake-card-r024.pdf,card,format: pdf; width_mm: 105.156; height_mm: 148.167; pages: 1,not_produced
SB3-065-LAY,Walter Fernwood Memorial - Service print and remembrance set,Layout & Data,24,keepsake-card-r025,Memorial keepsake card - Dr. Anand Rao,deliverables/keepsake-card-r025.pdf,card,format: pdf; width_mm: 105.156; height_mm: 148.167; pages: 1,not_produced
SB3-065-LAY,Walter Fernwood Memorial - Service print and remembrance set,Layout & Data,25,keepsake-card-r026,Memorial keepsake card - Tabitha Ng,deliverables/keepsake-card-r026.pdf,card,format: pdf; width_mm: 105.156; height_mm: 148.167; pages: 1,not_produced
SB3-065-LAY,Walter Fernwood Memorial - Service print and remembrance set,Layout & Data,26,keepsake-card-r027,Memorial keepsake card - Junie Marsh,deliverables/keepsake-card-r027.pdf,card,format: pdf; width_mm: 105.156; height_mm: 148.167; pages: 1,not_produced
SB3-065-LAY,Walter Fernwood Memorial - Service print and remembrance set,Layout & Data,27,keepsake-card-combined,Memorial keepsake card - combined production run,deliverables/keepsake-card-combined.pdf,combined_print_run,format: pdf; pages: 26; width_mm: 105.156; height_mm: 148.167,not_produced
SB3-065-LAY,Walter Fernwood Memorial - Service print and remembrance set,Layout & Data,28,memorial-page,Framed memorial page,deliverables/memorial-page.pdf,brochure,format: pdf; width_mm: 210; height_mm: 297; pages: 1,not_produced
SB3-065-LAY,Walter Fernwood Memorial - Service print and remembrance set,Layout & Data,29,memory-book,Family memory book,deliverables/memory-book.pdf,brochure,format: pdf; width_mm: 210; height_mm: 297; pages: 12,not_produced
SB3-065-LAY,Walter Fernwood Memorial - Service print and remembrance set,Layout & Data,30,share-card,Memorial share card,deliverables/share-card.png,square,format: png; width: 1200; height: 1200,not_produced
SB3-066-LAY,Harborline Realty - Weekly listing sheet system,Layout & Data,1,listing-sheet-r002,"Weekly property listing sheet - 18 Lighthouse Point Road, Rockport, Maine 04856",deliverables/listing-sheet-r002.pdf,a4,format: pdf; width_mm: 210; height_mm: 297; pages: 1,not_produced
SB3-066-LAY,Harborline Realty - Weekly listing sheet system,Layout & Data,2,listing-sheet-r003,"Weekly property listing sheet - 9 Shore Rd, Camden",deliverables/listing-sheet-r003.pdf,a4,format: pdf; width_mm: 210; height_mm: 297; pages: 1,not_produced
SB3-066-LAY,Harborline Realty - Weekly listing sheet system,Layout & Data,3,listing-sheet-r004,"Weekly property listing sheet - 24 Bayview Ter, Rockport",deliverables/listing-sheet-r004.pdf,a4,format: pdf; width_mm: 210; height_mm: 297; pages: 1,not_produced
SB3-066-LAY,Harborline Realty - Weekly listing sheet system,Layout & Data,4,listing-sheet-r005,"Weekly property listing sheet - 3 Beacon Ln, Lincolnville",deliverables/listing-sheet-r005.pdf,a4,format: pdf; width_mm: 210; height_mm: 297; pages: 1,not_produced
SB3-066-LAY,Harborline Realty - Weekly listing sheet system,Layout & Data,5,listing-sheet-r006,"Weekly property listing sheet - 42 Birch Ln, Rockland",deliverables/listing-sheet-r006.pdf,a4,format: pdf; width_mm: 210; height_mm: 297; pages: 1,not_produced
SB3-066-LAY,Harborline Realty - Weekly listing sheet system,Layout & Data,6,listing-sheet-r007,"Weekly property listing sheet - 7 Mechanic St, Rockland",deliverables/listing-sheet-r007.pdf,a4,format: pdf; width_mm: 210; height_mm: 297; pages: 1,not_produced
SB3-066-LAY,Harborline Realty - Weekly listing sheet system,Layout & Data,7,listing-sheet-r008,"Weekly property listing sheet - 115 Cedar St, Thomaston",deliverables/listing-sheet-r008.pdf,a4,format: pdf; width_mm: 210; height_mm: 297; pages: 1,not_produced
SB3-066-LAY,Harborline Realty - Weekly listing sheet system,Layout & Data,8,listing-sheet-r009,"Weekly property listing sheet - 28 Pleasant St, Rockland",deliverables/listing-sheet-r009.pdf,a4,format: pdf; width_mm: 210; height_mm: 297; pages: 1,not_produced
SB3-066-LAY,Harborline Realty - Weekly listing sheet system,Layout & Data,9,listing-sheet-r010,"Weekly property listing sheet - 6 Elm St, Camden",deliverables/listing-sheet-r010.pdf,a4,format: pdf; width_mm: 210; height_mm: 297; pages: 1,not_produced
SB3-066-LAY,Harborline Realty - Weekly listing sheet system,Layout & Data,10,listing-sheet-r011,"Weekly property listing sheet - 51 High St, Camden",deliverables/listing-sheet-r011.pdf,a4,format: pdf; width_mm: 210; height_mm: 297; pages: 1,not_produced
SB3-066-LAY,Harborline Realty - Weekly listing sheet system,Layout & Data,11,listing-sheet-r012,"Weekly property listing sheet - 19 Sea St, Rockland",deliverables/listing-sheet-r012.pdf,a4,format: pdf; width_mm: 210; height_mm: 297; pages: 1,not_produced
SB3-066-LAY,Harborline Realty - Weekly listing sheet system,Layout & Data,12,listing-sheet-combined,Weekly property listing sheet - combined production run,deliverables/listing-sheet-combined.pdf,combined_print_run,format: pdf; pages: 11; width_mm: 210; height_mm: 297,not_produced
SB3-067-LAY,Cedarline Institute - Cohort credential system,Layout & Data,1,credential-r002,Cohort credential - Marcus Ellery,deliverables/credential-r002.pdf,certificate,format: pdf; width_mm: 297.011; height_mm: 209.889; pages: 1,not_produced
SB3-067-LAY,Cedarline Institute - Cohort credential system,Layout & Data,2,credential-r003,Cohort credential - Renée Duval,deliverables/credential-r003.pdf,certificate,format: pdf; width_mm: 297.011; height_mm: 209.889; pages: 1,not_produced
SB3-067-LAY,Cedarline Institute - Cohort credential system,Layout & Data,3,credential-r004,Cohort credential - Tomás Beckett,deliverables/credential-r004.pdf,certificate,format: pdf; width_mm: 297.011; height_mm: 209.889; pages: 1,not_produced
SB3-067-LAY,Cedarline Institute - Cohort credential system,Layout & Data,4,credential-r005,Cohort credential - Priya Anand,deliverables/credential-r005.pdf,certificate,format: pdf; width_mm: 297.011; height_mm: 209.889; pages: 1,not_produced
SB3-067-LAY,Cedarline Institute - Cohort credential system,Layout & Data,5,credential-r006,Cohort credential - Bjoern Aas,deliverables/credential-r006.pdf,certificate,format: pdf; width_mm: 297.011; height_mm: 209.889; pages: 1,not_produced
SB3-067-LAY,Cedarline Institute - Cohort credential system,Layout & Data,6,credential-r007,Cohort credential - Agnès Mercier,deliverables/credential-r007.pdf,certificate,format: pdf; width_mm: 297.011; height_mm: 209.889; pages: 1,not_produced
SB3-067-LAY,Cedarline Institute - Cohort credential system,Layout & Data,7,credential-r008,Cohort credential - Daniel Okafor,deliverables/credential-r008.pdf,certificate,format: pdf; width_mm: 297.011; height_mm: 209.889; pages: 1,not_produced
SB3-067-LAY,Cedarline Institute - Cohort credential system,Layout & Data,8,credential-r009,Cohort credential - Sofia Marchetti,deliverables/credential-r009.pdf,certificate,format: pdf; width_mm: 297.011; height_mm: 209.889; pages: 1,not_produced
SB3-067-LAY,Cedarline Institute - Cohort credential system,Layout & Data,9,credential-r010,Cohort credential - Łukasz Nowak,deliverables/credential-r010.pdf,certificate,format: pdf; width_mm: 297.011; height_mm: 209.889; pages: 1,not_produced
SB3-067-LAY,Cedarline Institute - Cohort credential system,Layout & Data,10,credential-r011,Cohort credential - Hannah Weiss,deliverables/credential-r011.pdf,certificate,format: pdf; width_mm: 297.011; height_mm: 209.889; pages: 1,not_produced
SB3-067-LAY,Cedarline Institute - Cohort credential system,Layout & Data,11,credential-r012,Cohort credential - José Ramírez,deliverables/credential-r012.pdf,certificate,format: pdf; width_mm: 297.011; height_mm: 209.889; pages: 1,not_produced
SB3-067-LAY,Cedarline Institute - Cohort credential system,Layout & Data,12,credential-r013,Cohort credential - Grace Sullivan,deliverables/credential-r013.pdf,certificate,format: pdf; width_mm: 297.011; height_mm: 209.889; pages: 1,not_produced
SB3-067-LAY,Cedarline Institute - Cohort credential system,Layout & Data,13,credential-r014,Cohort credential - Karl Muller,deliverables/credential-r014.pdf,certificate,format: pdf; width_mm: 297.011; height_mm: 209.889; pages: 1,not_produced
SB3-067-LAY,Cedarline Institute - Cohort credential system,Layout & Data,14,credential-r015,Cohort credential - Elise Fontaine,deliverables/credential-r015.pdf,certificate,format: pdf; width_mm: 297.011; height_mm: 209.889; pages: 1,not_produced
SB3-067-LAY,Cedarline Institute - Cohort credential system,Layout & Data,15,credential-r016,Cohort credential - Oren Katz,deliverables/credential-r016.pdf,certificate,format: pdf; width_mm: 297.011; height_mm: 209.889; pages: 1,not_produced
SB3-067-LAY,Cedarline Institute - Cohort credential system,Layout & Data,16,credential-r017,Cohort credential - Mei-Ling Chen,deliverables/credential-r017.pdf,certificate,format: pdf; width_mm: 297.011; height_mm: 209.889; pages: 1,not_produced
SB3-067-LAY,Cedarline Institute - Cohort credential system,Layout & Data,17,credential-r018,Cohort credential - Patrick Doyle,deliverables/credential-r018.pdf,certificate,format: pdf; width_mm: 297.011; height_mm: 209.889; pages: 1,not_produced
SB3-067-LAY,Cedarline Institute - Cohort credential system,Layout & Data,18,credential-r019,Cohort credential - Zoë Hartmann,deliverables/credential-r019.pdf,certificate,format: pdf; width_mm: 297.011; height_mm: 209.889; pages: 1,not_produced
SB3-067-LAY,Cedarline Institute - Cohort credential system,Layout & Data,19,credential-r023,Cohort credential - Eleanor Whitfield,deliverables/credential-r023.pdf,certificate,format: pdf; width_mm: 420.201; height_mm: 297.011; pages: 1,not_produced
SB3-067-LAY,Cedarline Institute - Cohort credential system,Layout & Data,20,credential-r024,Cohort credential - Rajesh Menon,deliverables/credential-r024.pdf,certificate,format: pdf; width_mm: 420.201; height_mm: 297.011; pages: 1,not_produced
SB3-067-LAY,Cedarline Institute - Cohort credential system,Layout & Data,21,credential-r025,Cohort credential - Søren Halvorsen,deliverables/credential-r025.pdf,certificate,format: pdf; width_mm: 420.201; height_mm: 297.011; pages: 1,not_produced
SB3-067-LAY,Cedarline Institute - Cohort credential system,Layout & Data,22,credential-r026,Cohort credential - Camille Béranger,deliverables/credential-r026.pdf,certificate,format: pdf; width_mm: 420.201; height_mm: 297.011; pages: 1,not_produced
SB3-067-LAY,Cedarline Institute - Cohort credential system,Layout & Data,23,credential-r027,Cohort credential - Nathan Cole,deliverables/credential-r027.pdf,certificate,format: pdf; width_mm: 420.201; height_mm: 297.011; pages: 1,not_produced
SB3-067-LAY,Cedarline Institute - Cohort credential system,Layout & Data,24,credential-r028,Cohort credential - Ingrid Sørensen,deliverables/credential-r028.pdf,certificate,format: pdf; width_mm: 420.201; height_mm: 297.011; pages: 1,not_produced
SB3-067-LAY,Cedarline Institute - Cohort credential system,Layout & Data,25,credential-r029,Cohort credential - Olivia Grant,deliverables/credential-r029.pdf,certificate,format: pdf; width_mm: 420.201; height_mm: 297.011; pages: 1,not_produced
SB3-067-LAY,Cedarline Institute - Cohort credential system,Layout & Data,26,credential-r030,Cohort credential - Yusuf Demir,deliverables/credential-r030.pdf,certificate,format: pdf; width_mm: 420.201; height_mm: 297.011; pages: 1,not_produced
SB3-067-LAY,Cedarline Institute - Cohort credential system,Layout & Data,27,credential-r031,Cohort credential - Beatriz Álvarez,deliverables/credential-r031.pdf,certificate,format: pdf; width_mm: 420.201; height_mm: 297.011; pages: 1,not_produced
SB3-067-LAY,Cedarline Institute - Cohort credential system,Layout & Data,28,credential-combined,Cohort credential - combined production run,deliverables/credential-combined.pdf,combined_print_run,format: pdf; pages: 27,not_produced
SB3-068-LAY,Meridian Summit - Conference badge and wayfinding system,Layout & Data,1,delegate-badge-r011,Conference delegate badge - Adaeze Okafor,deliverables/delegate-badge-r011.pdf,credential,format: pdf; width_mm: 101.6; height_mm: 76.2; pages: 1,not_produced
SB3-068-LAY,Meridian Summit - Conference badge and wayfinding system,Layout & Data,2,delegate-badge-r003,Conference delegate badge - Harold Brennan,deliverables/delegate-badge-r003.pdf,credential,format: pdf; width_mm: 101.6; height_mm: 76.2; pages: 1,not_produced
SB3-068-LAY,Meridian Summit - Conference badge and wayfinding system,Layout & Data,3,delegate-badge-r004,Conference delegate badge - Eleanor Vance,deliverables/delegate-badge-r004.pdf,credential,format: pdf; width_mm: 101.6; height_mm: 76.2; pages: 1,not_produced
SB3-068-LAY,Meridian Summit - Conference badge and wayfinding system,Layout & Data,4,delegate-badge-r006,Conference delegate badge - Margaret Whitlock,deliverables/delegate-badge-r006.pdf,credential,format: pdf; width_mm: 101.6; height_mm: 76.2; pages: 1,not_produced
SB3-068-LAY,Meridian Summit - Conference badge and wayfinding system,Layout & Data,5,delegate-badge-r007,Conference delegate badge - Katherine Osei,deliverables/delegate-badge-r007.pdf,credential,format: pdf; width_mm: 101.6; height_mm: 76.2; pages: 1,not_produced
SB3-068-LAY,Meridian Summit - Conference badge and wayfinding system,Layout & Data,6,delegate-badge-r008,Conference delegate badge - Camille Boucher,deliverables/delegate-badge-r008.pdf,credential,format: pdf; width_mm: 101.6; height_mm: 76.2; pages: 1,not_produced
SB3-068-LAY,Meridian Summit - Conference badge and wayfinding system,Layout & Data,7,delegate-badge-r009,Conference delegate badge - Lian Wei,deliverables/delegate-badge-r009.pdf,credential,format: pdf; width_mm: 101.6; height_mm: 76.2; pages: 1,not_produced
SB3-068-LAY,Meridian Summit - Conference badge and wayfinding system,Layout & Data,8,delegate-badge-r010,Conference delegate badge - Sanjay Mehta,deliverables/delegate-badge-r010.pdf,credential,format: pdf; width_mm: 101.6; height_mm: 76.2; pages: 1,not_produced
SB3-068-LAY,Meridian Summit - Conference badge and wayfinding system,Layout & Data,9,delegate-badge-r012,Conference delegate badge - Alan Pemberton,deliverables/delegate-badge-r012.pdf,credential,format: pdf; width_mm: 101.6; height_mm: 76.2; pages: 1,not_produced
SB3-068-LAY,Meridian Summit - Conference badge and wayfinding system,Layout & Data,10,delegate-badge-r013,Conference delegate badge - Raymond Delacroix,deliverables/delegate-badge-r013.pdf,credential,format: pdf; width_mm: 101.6; height_mm: 76.2; pages: 1,not_produced
SB3-068-LAY,Meridian Summit - Conference badge and wayfinding system,Layout & Data,11,delegate-badge-r014,Conference delegate badge - Neil Brackett,deliverables/delegate-badge-r014.pdf,credential,format: pdf; width_mm: 101.6; height_mm: 76.2; pages: 1,not_produced
SB3-068-LAY,Meridian Summit - Conference badge and wayfinding system,Layout & Data,12,delegate-badge-r015,Conference delegate badge - Freya Lindqvist,deliverables/delegate-badge-r015.pdf,credential,format: pdf; width_mm: 101.6; height_mm: 76.2; pages: 1,not_produced
SB3-068-LAY,Meridian Summit - Conference badge and wayfinding system,Layout & Data,13,delegate-badge-r016,Conference delegate badge - Gregory Nash,deliverables/delegate-badge-r016.pdf,credential,format: pdf; width_mm: 101.6; height_mm: 76.2; pages: 1,not_produced
SB3-068-LAY,Meridian Summit - Conference badge and wayfinding system,Layout & Data,14,delegate-badge-r017,Conference delegate badge - Theodore Ashworth,deliverables/delegate-badge-r017.pdf,credential,format: pdf; width_mm: 101.6; height_mm: 76.2; pages: 1,not_produced
SB3-068-LAY,Meridian Summit - Conference badge and wayfinding system,Layout & Data,15,delegate-badge-r018,Conference delegate badge - Idris Osman,deliverables/delegate-badge-r018.pdf,credential,format: pdf; width_mm: 101.6; height_mm: 76.2; pages: 1,not_produced
SB3-068-LAY,Meridian Summit - Conference badge and wayfinding system,Layout & Data,16,delegate-badge-r019,Conference delegate badge - Rosalind Achebe,deliverables/delegate-badge-r019.pdf,credential,format: pdf; width_mm: 101.6; height_mm: 76.2; pages: 1,not_produced
SB3-068-LAY,Meridian Summit - Conference badge and wayfinding system,Layout & Data,17,delegate-badge-r020,Conference delegate badge - Yuki Tanaka,deliverables/delegate-badge-r020.pdf,credential,format: pdf; width_mm: 101.6; height_mm: 76.2; pages: 1,not_produced
SB3-068-LAY,Meridian Summit - Conference badge and wayfinding system,Layout & Data,18,delegate-badge-r021,Conference delegate badge - Duncan Ferreira,deliverables/delegate-badge-r021.pdf,credential,format: pdf; width_mm: 101.6; height_mm: 76.2; pages: 1,not_produced
SB3-068-LAY,Meridian Summit - Conference badge and wayfinding system,Layout & Data,19,delegate-badge-r022,Conference delegate badge - Benjamin Croft,deliverables/delegate-badge-r022.pdf,credential,format: pdf; width_mm: 101.6; height_mm: 76.2; pages: 1,not_produced
SB3-068-LAY,Meridian Summit - Conference badge and wayfinding system,Layout & Data,20,delegate-badge-combined,Conference delegate badge - combined production run,deliverables/delegate-badge-combined.pdf,combined_print_run,format: pdf; pages: 19; width_mm: 101.6; height_mm: 76.2,not_produced
SB3-068-LAY,Meridian Summit - Conference badge and wayfinding system,Layout & Data,21,track-wayfinding-registration,Conference track direction sign - Registration,deliverables/track-wayfinding-registration.pdf,plate,format: pdf; width_mm: 101.6; height_mm: 76.2; pages: 1,not_produced
SB3-068-LAY,Meridian Summit - Conference badge and wayfinding system,Layout & Data,22,track-wayfinding-main-stage,Conference track direction sign - Main stage,deliverables/track-wayfinding-main-stage.pdf,plate,format: pdf; width_mm: 101.6; height_mm: 76.2; pages: 1,not_produced
SB3-068-LAY,Meridian Summit - Conference badge and wayfinding system,Layout & Data,23,track-wayfinding-breakouts,Conference track direction sign - Breakouts,deliverables/track-wayfinding-breakouts.pdf,plate,format: pdf; width_mm: 101.6; height_mm: 76.2; pages: 1,not_produced
SB3-069-LAY,Halden and Roe - Marlow trade catalog,Layout & Data,1,trade-sheet-r002,Marlow product trade sheet - MRL-101,deliverables/trade-sheet-r002.pdf,a4,format: pdf; width_mm: 210; height_mm: 297; pages: 1,not_produced
SB3-069-LAY,Halden and Roe - Marlow trade catalog,Layout & Data,2,trade-sheet-r003,Marlow product trade sheet - MRL-102,deliverables/trade-sheet-r003.pdf,a4,format: pdf; width_mm: 210; height_mm: 297; pages: 1,not_produced
SB3-069-LAY,Halden and Roe - Marlow trade catalog,Layout & Data,3,trade-sheet-r004,Marlow product trade sheet - MRL-103,deliverables/trade-sheet-r004.pdf,a4,format: pdf; width_mm: 210; height_mm: 297; pages: 1,not_produced
SB3-069-LAY,Halden and Roe - Marlow trade catalog,Layout & Data,4,trade-sheet-r005,Marlow product trade sheet - MRL-104,deliverables/trade-sheet-r005.pdf,a4,format: pdf; width_mm: 210; height_mm: 297; pages: 1,not_produced
SB3-069-LAY,Halden and Roe - Marlow trade catalog,Layout & Data,5,trade-sheet-r006,Marlow product trade sheet - MRL-105,deliverables/trade-sheet-r006.pdf,a4,format: pdf; width_mm: 210; height_mm: 297; pages: 1,not_produced
SB3-069-LAY,Halden and Roe - Marlow trade catalog,Layout & Data,6,trade-sheet-r007,Marlow product trade sheet - MRL-106,deliverables/trade-sheet-r007.pdf,a4,format: pdf; width_mm: 210; height_mm: 297; pages: 1,not_produced
SB3-069-LAY,Halden and Roe - Marlow trade catalog,Layout & Data,7,trade-sheet-r008,Marlow product trade sheet - MRL-107,deliverables/trade-sheet-r008.pdf,a4,format: pdf; width_mm: 210; height_mm: 297; pages: 1,not_produced
SB3-069-LAY,Halden and Roe - Marlow trade catalog,Layout & Data,8,trade-sheet-r009,Marlow product trade sheet - MRL-108,deliverables/trade-sheet-r009.pdf,a4,format: pdf; width_mm: 210; height_mm: 297; pages: 1,not_produced
SB3-069-LAY,Halden and Roe - Marlow trade catalog,Layout & Data,9,trade-sheet-r010,Marlow product trade sheet - MRL-109,deliverables/trade-sheet-r010.pdf,a4,format: pdf; width_mm: 210; height_mm: 297; pages: 1,not_produced
SB3-069-LAY,Halden and Roe - Marlow trade catalog,Layout & Data,10,trade-sheet-r011,Marlow product trade sheet - MRL-110,deliverables/trade-sheet-r011.pdf,a4,format: pdf; width_mm: 210; height_mm: 297; pages: 1,not_produced
SB3-069-LAY,Halden and Roe - Marlow trade catalog,Layout & Data,11,trade-sheet-r013,Marlow product trade sheet - MRL-112,deliverables/trade-sheet-r013.pdf,a4,format: pdf; width_mm: 210; height_mm: 297; pages: 1,not_produced
SB3-069-LAY,Halden and Roe - Marlow trade catalog,Layout & Data,12,trade-sheet-r014,Marlow product trade sheet - MRL-113,deliverables/trade-sheet-r014.pdf,a4,format: pdf; width_mm: 210; height_mm: 297; pages: 1,not_produced
SB3-069-LAY,Halden and Roe - Marlow trade catalog,Layout & Data,13,trade-sheet-r015,Marlow product trade sheet - MRL-114,deliverables/trade-sheet-r015.pdf,a4,format: pdf; width_mm: 210; height_mm: 297; pages: 1,not_produced
SB3-069-LAY,Halden and Roe - Marlow trade catalog,Layout & Data,14,trade-sheet-r017,Marlow product trade sheet - MRL-116,deliverables/trade-sheet-r017.pdf,a4,format: pdf; width_mm: 210; height_mm: 297; pages: 1,not_produced
SB3-069-LAY,Halden and Roe - Marlow trade catalog,Layout & Data,15,trade-sheet-combined,Marlow product trade sheet - combined production run,deliverables/trade-sheet-combined.pdf,combined_print_run,format: pdf; pages: 14; width_mm: 210; height_mm: 297,not_produced
SB3-069-LAY,Halden and Roe - Marlow trade catalog,Layout & Data,16,catalogue-cover,Trade catalogue cover and contents,deliverables/catalogue-cover.pdf,brochure,format: pdf; width_mm: 210; height_mm: 297; pages: 2,not_produced
SB3-070-LAY,Aldervale Mutual - Personalized autumn renewal mailer,Layout & Data,1,renewal-mailer-r002,Personalised autumn renewal mailer - Mr. and Mrs. Alden Frost,deliverables/renewal-mailer-r002.pdf,a4,format: pdf; width_mm: 210; height_mm: 297; pages: 1,not_produced
SB3-070-LAY,Aldervale Mutual - Personalized autumn renewal mailer,Layout & Data,2,renewal-mailer-r003,Personalised autumn renewal mailer - Ruth Beals,deliverables/renewal-mailer-r003.pdf,a4,format: pdf; width_mm: 210; height_mm: 297; pages: 1,not_produced
SB3-070-LAY,Aldervale Mutual - Personalized autumn renewal mailer,Layout & Data,3,renewal-mailer-r004,Personalised autumn renewal mailer - The Harmon Family,deliverables/renewal-mailer-r004.pdf,a4,format: pdf; width_mm: 210; height_mm: 297; pages: 1,not_produced
SB3-070-LAY,Aldervale Mutual - Personalized autumn renewal mailer,Layout & Data,4,renewal-mailer-r005,Personalised autumn renewal mailer - Wendell and Marie Coburn,deliverables/renewal-mailer-r005.pdf,a4,format: pdf; width_mm: 210; height_mm: 297; pages: 1,not_produced
SB3-070-LAY,Aldervale Mutual - Personalized autumn renewal mailer,Layout & Data,5,renewal-mailer-r006,Personalised autumn renewal mailer - George Tewksbury,deliverables/renewal-mailer-r006.pdf,a4,format: pdf; width_mm: 210; height_mm: 297; pages: 1,not_produced
SB3-070-LAY,Aldervale Mutual - Personalized autumn renewal mailer,Layout & Data,6,renewal-mailer-r007,Personalised autumn renewal mailer - Lorraine Pike,deliverables/renewal-mailer-r007.pdf,a4,format: pdf; width_mm: 210; height_mm: 297; pages: 1,not_produced
SB3-070-LAY,Aldervale Mutual - Personalized autumn renewal mailer,Layout & Data,7,renewal-mailer-r008,Personalised autumn renewal mailer - Mr. and Mrs. Everett Blodgett,deliverables/renewal-mailer-r008.pdf,a4,format: pdf; width_mm: 210; height_mm: 297; pages: 1,not_produced
SB3-070-LAY,Aldervale Mutual - Personalized autumn renewal mailer,Layout & Data,8,renewal-mailer-r009,Personalised autumn renewal mailer - Sylvia Rowell,deliverables/renewal-mailer-r009.pdf,a4,format: pdf; width_mm: 210; height_mm: 297; pages: 1,not_produced
SB3-070-LAY,Aldervale Mutual - Personalized autumn renewal mailer,Layout & Data,9,renewal-mailer-r010,Personalised autumn renewal mailer - The Fournier Family,deliverables/renewal-mailer-r010.pdf,a4,format: pdf; width_mm: 210; height_mm: 297; pages: 1,not_produced
SB3-070-LAY,Aldervale Mutual - Personalized autumn renewal mailer,Layout & Data,10,renewal-mailer-r011,Personalised autumn renewal mailer - Carl and Dot Aiken,deliverables/renewal-mailer-r011.pdf,a4,format: pdf; width_mm: 210; height_mm: 297; pages: 1,not_produced
SB3-070-LAY,Aldervale Mutual - Personalized autumn renewal mailer,Layout & Data,11,renewal-mailer-r012,Personalised autumn renewal mailer - Harriet Stoddard,deliverables/renewal-mailer-r012.pdf,a4,format: pdf; width_mm: 210; height_mm: 297; pages: 1,not_produced
SB3-070-LAY,Aldervale Mutual - Personalized autumn renewal mailer,Layout & Data,12,renewal-mailer-r013,Personalised autumn renewal mailer - Norman Locke,deliverables/renewal-mailer-r013.pdf,a4,format: pdf; width_mm: 210; height_mm: 297; pages: 1,not_produced
SB3-070-LAY,Aldervale Mutual - Personalized autumn renewal mailer,Layout & Data,13,renewal-mailer-r014,Personalised autumn renewal mailer - Mr. and Mrs. Dana Urie,deliverables/renewal-mailer-r014.pdf,a4,format: pdf; width_mm: 210; height_mm: 297; pages: 1,not_produced
SB3-070-LAY,Aldervale Mutual - Personalized autumn renewal mailer,Layout & Data,14,renewal-mailer-r015,Personalised autumn renewal mailer - Pearl Hutchins,deliverables/renewal-mailer-r015.pdf,a4,format: pdf; width_mm: 210; height_mm: 297; pages: 1,not_produced
SB3-070-LAY,Aldervale Mutual - Personalized autumn renewal mailer,Layout & Data,15,renewal-mailer-r016,Personalised autumn renewal mailer - The Sanville Family,deliverables/renewal-mailer-r016.pdf,a4,format: pdf; width_mm: 210; height_mm: 297; pages: 1,not_produced
SB3-070-LAY,Aldervale Mutual - Personalized autumn renewal mailer,Layout & Data,16,renewal-mailer-r017,Personalised autumn renewal mailer - Elmer and Faye Batchelder,deliverables/renewal-mailer-r017.pdf,a4,format: pdf; width_mm: 210; height_mm: 297; pages: 1,not_produced
SB3-070-LAY,Aldervale Mutual - Personalized autumn renewal mailer,Layout & Data,17,renewal-mailer-r018,Personalised autumn renewal mailer - Gladys Perry,deliverables/renewal-mailer-r018.pdf,a4,format: pdf; width_mm: 210; height_mm: 297; pages: 1,not_produced
SB3-070-LAY,Aldervale Mutual - Personalized autumn renewal mailer,Layout & Data,18,renewal-mailer-r019,Personalised autumn renewal mailer - Mr. and Mrs. Silas Wheelock,deliverables/renewal-mailer-r019.pdf,a4,format: pdf; width_mm: 210; height_mm: 297; pages: 1,not_produced
SB3-070-LAY,Aldervale Mutual - Personalized autumn renewal mailer,Layout & Data,19,renewal-mailer-r020,Personalised autumn renewal mailer - Ada Chamberlin,deliverables/renewal-mailer-r020.pdf,a4,format: pdf; width_mm: 210; height_mm: 297; pages: 1,not_produced
SB3-070-LAY,Aldervale Mutual - Personalized autumn renewal mailer,Layout & Data,20,renewal-mailer-r021,Personalised autumn renewal mailer - The Randall Family,deliverables/renewal-mailer-r021.pdf,a4,format: pdf; width_mm: 210; height_mm: 297; pages: 1,not_produced
SB3-070-LAY,Aldervale Mutual - Personalized autumn renewal mailer,Layout & Data,21,renewal-mailer-r022,Personalised autumn renewal mailer - Clifford and June Morrill,deliverables/renewal-mailer-r022.pdf,a4,format: pdf; width_mm: 210; height_mm: 297; pages: 1,not_produced
SB3-070-LAY,Aldervale Mutual - Personalized autumn renewal mailer,Layout & Data,22,renewal-mailer-r023,Personalised autumn renewal mailer - Bernice Trombley,deliverables/renewal-mailer-r023.pdf,a4,format: pdf; width_mm: 210; height_mm: 297; pages: 1,not_produced
SB3-070-LAY,Aldervale Mutual - Personalized autumn renewal mailer,Layout & Data,23,renewal-mailer-r024,Personalised autumn renewal mailer - Walter Kittredge,deliverables/renewal-mailer-r024.pdf,a4,format: pdf; width_mm: 210; height_mm: 297; pages: 1,not_produced
SB3-070-LAY,Aldervale Mutual - Personalized autumn renewal mailer,Layout & Data,24,renewal-mailer-r025,Personalised autumn renewal mailer - Mr. and Mrs. Otis Fairbanks,deliverables/renewal-mailer-r025.pdf,a4,format: pdf; width_mm: 210; height_mm: 297; pages: 1,not_produced
SB3-070-LAY,Aldervale Mutual - Personalized autumn renewal mailer,Layout & Data,25,renewal-mailer-r026,Personalised autumn renewal mailer - Miriam Choate,deliverables/renewal-mailer-r026.pdf,a4,format: pdf; width_mm: 210; height_mm: 297; pages: 1,not_produced
SB3-070-LAY,Aldervale Mutual - Personalized autumn renewal mailer,Layout & Data,26,renewal-mailer-r027,Personalised autumn renewal mailer - The Bagley Family,deliverables/renewal-mailer-r027.pdf,a4,format: pdf; width_mm: 210; height_mm: 297; pages: 1,not_produced
SB3-070-LAY,Aldervale Mutual - Personalized autumn renewal mailer,Layout & Data,27,renewal-mailer-r028,Personalised autumn renewal mailer - Leon and Ethel Somers,deliverables/renewal-mailer-r028.pdf,a4,format: pdf; width_mm: 210; height_mm: 297; pages: 1,not_produced
SB3-070-LAY,Aldervale Mutual - Personalized autumn renewal mailer,Layout & Data,28,renewal-mailer-r029,Personalised autumn renewal mailer - Doris Whitcomb,deliverables/renewal-mailer-r029.pdf,a4,format: pdf; width_mm: 210; height_mm: 297; pages: 1,not_produced
SB3-070-LAY,Aldervale Mutual - Personalized autumn renewal mailer,Layout & Data,29,renewal-mailer-r030,Personalised autumn renewal mailer - Mr. and Mrs. Rufus Goodwin,deliverables/renewal-mailer-r030.pdf,a4,format: pdf; width_mm: 210; height_mm: 297; pages: 1,not_produced
SB3-070-LAY,Aldervale Mutual - Personalized autumn renewal mailer,Layout & Data,30,renewal-mailer-r031,Personalised autumn renewal mailer - Hazel Nutting,deliverables/renewal-mailer-r031.pdf,a4,format: pdf; width_mm: 210; height_mm: 297; pages: 1,not_produced
SB3-070-LAY,Aldervale Mutual - Personalized autumn renewal mailer,Layout & Data,31,renewal-mailer-r032,Personalised autumn renewal mailer - The Renfrew Family,deliverables/renewal-mailer-r032.pdf,a4,format: pdf; width_mm: 210; height_mm: 297; pages: 1,not_produced
SB3-070-LAY,Aldervale Mutual - Personalized autumn renewal mailer,Layout & Data,32,renewal-mailer-r033,Personalised autumn renewal mailer - Arthur and Cora Dole,deliverables/renewal-mailer-r033.pdf,a4,format: pdf; width_mm: 210; height_mm: 297; pages: 1,not_produced
SB3-070-LAY,Aldervale Mutual - Personalized autumn renewal mailer,Layout & Data,33,renewal-mailer-r034,Personalised autumn renewal mailer - Mildred Sargent,deliverables/renewal-mailer-r034.pdf,a4,format: pdf; width_mm: 210; height_mm: 297; pages: 1,not_produced
SB3-070-LAY,Aldervale Mutual - Personalized autumn renewal mailer,Layout & Data,34,renewal-mailer-r035,Personalised autumn renewal mailer - Mr. and Mrs. Emery Flint,deliverables/renewal-mailer-r035.pdf,a4,format: pdf; width_mm: 210; height_mm: 297; pages: 1,not_produced
SB3-070-LAY,Aldervale Mutual - Personalized autumn renewal mailer,Layout & Data,35,renewal-mailer-r036,Personalised autumn renewal mailer - Vera Bushway,deliverables/renewal-mailer-r036.pdf,a4,format: pdf; width_mm: 210; height_mm: 297; pages: 1,not_produced
SB3-070-LAY,Aldervale Mutual - Personalized autumn renewal mailer,Layout & Data,36,renewal-mailer-r037,Personalised autumn renewal mailer - The Kendall Family,deliverables/renewal-mailer-r037.pdf,a4,format: pdf; width_mm: 210; height_mm: 297; pages: 1,not_produced
SB3-070-LAY,Aldervale Mutual - Personalized autumn renewal mailer,Layout & Data,37,renewal-mailer-r038,Personalised autumn renewal mailer - Homer and Alta Corliss,deliverables/renewal-mailer-r038.pdf,a4,format: pdf; width_mm: 210; height_mm: 297; pages: 1,not_produced
SB3-070-LAY,Aldervale Mutual - Personalized autumn renewal mailer,Layout & Data,38,renewal-mailer-r039,Personalised autumn renewal mailer - Frances Dwinell,deliverables/renewal-mailer-r039.pdf,a4,format: pdf; width_mm: 210; height_mm: 297; pages: 1,not_produced
SB3-070-LAY,Aldervale Mutual - Personalized autumn renewal mailer,Layout & Data,39,renewal-mailer-r040,Personalised autumn renewal mailer - Mr. and Mrs. Alva Bacon,deliverables/renewal-mailer-r040.pdf,a4,format: pdf; width_mm: 210; height_mm: 297; pages: 1,not_produced
SB3-070-LAY,Aldervale Mutual - Personalized autumn renewal mailer,Layout & Data,40,renewal-mailer-r041,Personalised autumn renewal mailer - Opal Wheeler,deliverables/renewal-mailer-r041.pdf,a4,format: pdf; width_mm: 210; height_mm: 297; pages: 1,not_produced
SB3-070-LAY,Aldervale Mutual - Personalized autumn renewal mailer,Layout & Data,41,renewal-mailer-r042,Personalised autumn renewal mailer - The Currier Family,deliverables/renewal-mailer-r042.pdf,a4,format: pdf; width_mm: 210; height_mm: 297; pages: 1,not_produced
SB3-070-LAY,Aldervale Mutual - Personalized autumn renewal mailer,Layout & Data,42,renewal-mailer-r043,Personalised autumn renewal mailer - Dennis and Rita Blaisdell,deliverables/renewal-mailer-r043.pdf,a4,format: pdf; width_mm: 210; height_mm: 297; pages: 1,not_produced
SB3-070-LAY,Aldervale Mutual - Personalized autumn renewal mailer,Layout & Data,43,renewal-mailer-r044,Personalised autumn renewal mailer - Stella Farnham,deliverables/renewal-mailer-r044.pdf,a4,format: pdf; width_mm: 210; height_mm: 297; pages: 1,not_produced
SB3-070-LAY,Aldervale Mutual - Personalized autumn renewal mailer,Layout & Data,44,renewal-mailer-r045,Personalised autumn renewal mailer - Mr. and Mrs. Ivan Whitham,deliverables/renewal-mailer-r045.pdf,a4,format: pdf; width_mm: 210; height_mm: 297; pages: 1,not_produced
SB3-070-LAY,Aldervale Mutual - Personalized autumn renewal mailer,Layout & Data,45,renewal-mailer-r046,Personalised autumn renewal mailer - Genevieve Paige,deliverables/renewal-mailer-r046.pdf,a4,format: pdf; width_mm: 210; height_mm: 297; pages: 1,not_produced
SB3-070-LAY,Aldervale Mutual - Personalized autumn renewal mailer,Layout & Data,46,renewal-mailer-r047,Personalised autumn renewal mailer - The Larkin Family,deliverables/renewal-mailer-r047.pdf,a4,format: pdf; width_mm: 210; height_mm: 297; pages: 1,not_produced
SB3-070-LAY,Aldervale Mutual - Personalized autumn renewal mailer,Layout & Data,47,renewal-mailer-r048,Personalised autumn renewal mailer - Cyrus and Nellie Mott,deliverables/renewal-mailer-r048.pdf,a4,format: pdf; width_mm: 210; height_mm: 297; pages: 1,not_produced
SB3-070-LAY,Aldervale Mutual - Personalized autumn renewal mailer,Layout & Data,48,renewal-mailer-r049,Personalised autumn renewal mailer - Marion Tillotson,deliverables/renewal-mailer-r049.pdf,a4,format: pdf; width_mm: 210; height_mm: 297; pages: 1,not_produced
SB3-070-LAY,Aldervale Mutual - Personalized autumn renewal mailer,Layout & Data,49,renewal-mailer-r050,Personalised autumn renewal mailer - Mr. and Mrs. Loren Pettit,deliverables/renewal-mailer-r050.pdf,a4,format: pdf; width_mm: 210; height_mm: 297; pages: 1,not_produced
SB3-070-LAY,Aldervale Mutual - Personalized autumn renewal mailer,Layout & Data,50,renewal-mailer-r051,Personalised autumn renewal mailer - Beulah Hardy,deliverables/renewal-mailer-r051.pdf,a4,format: pdf; width_mm: 210; height_mm: 297; pages: 1,not_produced
SB3-070-LAY,Aldervale Mutual - Personalized autumn renewal mailer,Layout & Data,51,renewal-mailer-r052,Personalised autumn renewal mailer - The Emmons Family,deliverables/renewal-mailer-r052.pdf,a4,format: pdf; width_mm: 210; height_mm: 297; pages: 1,not_produced
SB3-070-LAY,Aldervale Mutual - Personalized autumn renewal mailer,Layout & Data,52,renewal-mailer-r053,Personalised autumn renewal mailer - Chester and Ola Peckham,deliverables/renewal-mailer-r053.pdf,a4,format: pdf; width_mm: 210; height_mm: 297; pages: 1,not_produced
SB3-070-LAY,Aldervale Mutual - Personalized autumn renewal mailer,Layout & Data,53,renewal-mailer-r054,Personalised autumn renewal mailer - Iris Sawyer,deliverables/renewal-mailer-r054.pdf,a4,format: pdf; width_mm: 210; height_mm: 297; pages: 1,not_produced
SB3-070-LAY,Aldervale Mutual - Personalized autumn renewal mailer,Layout & Data,54,renewal-mailer-r055,Personalised autumn renewal mailer - Mr. and Mrs. Amos Pinney,deliverables/renewal-mailer-r055.pdf,a4,format: pdf; width_mm: 210; height_mm: 297; pages: 1,not_produced
SB3-070-LAY,Aldervale Mutual - Personalized autumn renewal mailer,Layout & Data,55,renewal-mailer-r056,Personalised autumn renewal mailer - Lucille Crane,deliverables/renewal-mailer-r056.pdf,a4,format: pdf; width_mm: 210; height_mm: 297; pages: 1,not_produced
SB3-070-LAY,Aldervale Mutual - Personalized autumn renewal mailer,Layout & Data,56,renewal-mailer-r057,Personalised autumn renewal mailer - The Woodard Family,deliverables/renewal-mailer-r057.pdf,a4,format: pdf; width_mm: 210; height_mm: 297; pages: 1,not_produced
SB3-070-LAY,Aldervale Mutual - Personalized autumn renewal mailer,Layout & Data,57,renewal-mailer-r058,Personalised autumn renewal mailer - Delbert and Grace Hovey,deliverables/renewal-mailer-r058.pdf,a4,format: pdf; width_mm: 210; height_mm: 297; pages: 1,not_produced
SB3-070-LAY,Aldervale Mutual - Personalized autumn renewal mailer,Layout & Data,58,renewal-mailer-r059,Personalised autumn renewal mailer - Estelle Ripley,deliverables/renewal-mailer-r059.pdf,a4,format: pdf; width_mm: 210; height_mm: 297; pages: 1,not_produced
SB3-070-LAY,Aldervale Mutual - Personalized autumn renewal mailer,Layout & Data,59,renewal-mailer-r060,Personalised autumn renewal mailer - Warren Tinkham,deliverables/renewal-mailer-r060.pdf,a4,format: pdf; width_mm: 210; height_mm: 297; pages: 1,not_produced
SB3-070-LAY,Aldervale Mutual - Personalized autumn renewal mailer,Layout & Data,60,renewal-mailer-r061,Personalised autumn renewal mailer - Phyllis Dodge,deliverables/renewal-mailer-r061.pdf,a4,format: pdf; width_mm: 210; height_mm: 297; pages: 1,not_produced
SB3-070-LAY,Aldervale Mutual - Personalized autumn renewal mailer,Layout & Data,61,renewal-mailer-combined,Personalised autumn renewal mailer - combined production run,deliverables/renewal-mailer-combined.pdf,combined_print_run,format: pdf; pages: 60; width_mm: 210; height_mm: 297,not_produced
SB3-071-LAY,Lanternwood Folk Fest - Festival programme and wayfinding,Layout & Data,1,programme,Festival programme,deliverables/programme.pdf,brochure,format: pdf; width_mm: 210; height_mm: 297; pages: 16,not_produced
SB3-071-LAY,Lanternwood Folk Fest - Festival programme and wayfinding,Layout & Data,2,wayfinding-main-stage,Festival wayfinding sign - Main stage,deliverables/wayfinding-main-stage.pdf,plate,format: pdf; width_mm: 200; height_mm: 75; pages: 1,not_produced
SB3-071-LAY,Lanternwood Folk Fest - Festival programme and wayfinding,Layout & Data,3,wayfinding-acoustic-stage,Festival wayfinding sign - Acoustic stage,deliverables/wayfinding-acoustic-stage.pdf,plate,format: pdf; width_mm: 200; height_mm: 75; pages: 1,not_produced
SB3-071-LAY,Lanternwood Folk Fest - Festival programme and wayfinding,Layout & Data,4,wayfinding-information,Festival wayfinding sign - Information,deliverables/wayfinding-information.pdf,plate,format: pdf; width_mm: 200; height_mm: 75; pages: 1,not_produced
SB3-072-LAY,Girdermark - Technical data-sheet and bin-label library,Layout & Data,1,data-sheet-r002,Technical part data sheet - GSV-800 - Governor Sheave Assembly,deliverables/data-sheet-r002.pdf,a4,format: pdf; width_mm: 210; height_mm: 297; pages: 1,not_produced
SB3-072-LAY,Girdermark - Technical data-sheet and bin-label library,Layout & Data,2,data-sheet-r003,Technical part data sheet - DOA-450 - Door Operator Arm Assembly,deliverables/data-sheet-r003.pdf,a4,format: pdf; width_mm: 210; height_mm: 297; pages: 1,not_produced
SB3-072-LAY,Girdermark - Technical data-sheet and bin-label library,Layout & Data,3,data-sheet-r004,Technical part data sheet - RBK-120 - Overspeed Governor Restrictor Bracket,deliverables/data-sheet-r004.pdf,a4,format: pdf; width_mm: 210; height_mm: 297; pages: 1,not_produced
SB3-072-LAY,Girdermark - Technical data-sheet and bin-label library,Layout & Data,4,data-sheet-r005,Technical part data sheet - CCL-210 - Traction Cable Clamp,deliverables/data-sheet-r005.pdf,a4,format: pdf; width_mm: 210; height_mm: 297; pages: 1,not_produced
SB3-072-LAY,Girdermark - Technical data-sheet and bin-label library,Layout & Data,5,data-sheet-r006,Technical part data sheet - RSK-008 - Relay Socket 8-Pin,deliverables/data-sheet-r006.pdf,a4,format: pdf; width_mm: 210; height_mm: 297; pages: 1,not_produced
SB3-072-LAY,Girdermark - Technical data-sheet and bin-label library,Layout & Data,6,data-sheet-r007,Technical part data sheet - CTB-303 - Contactor Block 3-Pole,deliverables/data-sheet-r007.pdf,a4,format: pdf; width_mm: 210; height_mm: 297; pages: 1,not_produced
SB3-072-LAY,Girdermark - Technical data-sheet and bin-label library,Layout & Data,7,data-sheet-r008,Technical part data sheet - DIL-330 - Door Interlock Switch,deliverables/data-sheet-r008.pdf,a4,format: pdf; width_mm: 210; height_mm: 297; pages: 1,not_produced
SB3-072-LAY,Girdermark - Technical data-sheet and bin-label library,Layout & Data,8,data-sheet-r009,Technical part data sheet - HLS-140 - Hoistway Limit Switch,deliverables/data-sheet-r009.pdf,a4,format: pdf; width_mm: 210; height_mm: 297; pages: 1,not_produced
SB3-072-LAY,Girdermark - Technical data-sheet and bin-label library,Layout & Data,9,data-sheet-r010,Technical part data sheet - BRC-560 - Brake Coil Assembly (Rev A),deliverables/data-sheet-r010.pdf,a4,format: pdf; width_mm: 210; height_mm: 297; pages: 1,not_produced
SB3-072-LAY,Girdermark - Technical data-sheet and bin-label library,Layout & Data,10,data-sheet-r011,Technical part data sheet - BRC-560 - Brake Coil Assembly (Rev B),deliverables/data-sheet-r011.pdf,a4,format: pdf; width_mm: 210; height_mm: 297; pages: 1,not_produced
SB3-072-LAY,Girdermark - Technical data-sheet and bin-label library,Layout & Data,11,data-sheet-r012,Technical part data sheet - GTW-090 - Governor Tension Weight,deliverables/data-sheet-r012.pdf,a4,format: pdf; width_mm: 210; height_mm: 297; pages: 1,not_produced
SB3-072-LAY,Girdermark - Technical data-sheet and bin-label library,Layout & Data,12,data-sheet-r013,Technical part data sheet - SLC-070 - Selector Cam,deliverables/data-sheet-r013.pdf,a4,format: pdf; width_mm: 210; height_mm: 297; pages: 1,not_produced
SB3-072-LAY,Girdermark - Technical data-sheet and bin-label library,Layout & Data,13,data-sheet-r014,Technical part data sheet - LPB-115 - Landing Pushbutton Fixture,deliverables/data-sheet-r014.pdf,a4,format: pdf; width_mm: 210; height_mm: 297; pages: 1,not_produced
SB3-072-LAY,Girdermark - Technical data-sheet and bin-label library,Layout & Data,14,data-sheet-r015,Technical part data sheet - CTI-380 - Car Top Inspection Station,deliverables/data-sheet-r015.pdf,a4,format: pdf; width_mm: 210; height_mm: 297; pages: 1,not_produced
SB3-072-LAY,Girdermark - Technical data-sheet and bin-label library,Layout & Data,15,data-sheet-r016,Technical part data sheet - PMR-045 - Phase Monitor Relay,deliverables/data-sheet-r016.pdf,a4,format: pdf; width_mm: 210; height_mm: 297; pages: 1,not_produced
SB3-072-LAY,Girdermark - Technical data-sheet and bin-label library,Layout & Data,16,data-sheet-r017,Technical part data sheet - MCM-720 - Motor Contactor Main,deliverables/data-sheet-r017.pdf,a4,format: pdf; width_mm: 210; height_mm: 297; pages: 1,not_produced
SB3-072-LAY,Girdermark - Technical data-sheet and bin-label library,Layout & Data,17,data-sheet-r018,Technical part data sheet - ENC-160 - Encoder Coupling,deliverables/data-sheet-r018.pdf,a4,format: pdf; width_mm: 210; height_mm: 297; pages: 1,not_produced
SB3-072-LAY,Girdermark - Technical data-sheet and bin-label library,Layout & Data,18,data-sheet-combined,Technical part data sheet - combined production run,deliverables/data-sheet-combined.pdf,combined_print_run,format: pdf; pages: 17; width_mm: 210; height_mm: 297,not_produced
SB3-072-LAY,Girdermark - Technical data-sheet and bin-label library,Layout & Data,19,bin-label-r002,Part bin label - GSV-800 - Governor Sheave Assembly,deliverables/bin-label-r002.pdf,label,format: pdf; width_mm: 99.822; height_mm: 62.061; pages: 1,not_produced
SB3-072-LAY,Girdermark - Technical data-sheet and bin-label library,Layout & Data,20,bin-label-r003,Part bin label - DOA-450 - Door Operator Arm Assembly,deliverables/bin-label-r003.pdf,label,format: pdf; width_mm: 99.822; height_mm: 62.061; pages: 1,not_produced
SB3-072-LAY,Girdermark - Technical data-sheet and bin-label library,Layout & Data,21,bin-label-r004,Part bin label - RBK-120 - Overspeed Governor Restrictor Bracket,deliverables/bin-label-r004.pdf,label,format: pdf; width_mm: 99.822; height_mm: 62.061; pages: 1,not_produced
SB3-072-LAY,Girdermark - Technical data-sheet and bin-label library,Layout & Data,22,bin-label-r005,Part bin label - CCL-210 - Traction Cable Clamp,deliverables/bin-label-r005.pdf,label,format: pdf; width_mm: 99.822; height_mm: 62.061; pages: 1,not_produced
SB3-072-LAY,Girdermark - Technical data-sheet and bin-label library,Layout & Data,23,bin-label-r006,Part bin label - RSK-008 - Relay Socket 8-Pin,deliverables/bin-label-r006.pdf,label,format: pdf; width_mm: 99.822; height_mm: 62.061; pages: 1,not_produced
SB3-072-LAY,Girdermark - Technical data-sheet and bin-label library,Layout & Data,24,bin-label-r007,Part bin label - CTB-303 - Contactor Block 3-Pole,deliverables/bin-label-r007.pdf,label,format: pdf; width_mm: 99.822; height_mm: 62.061; pages: 1,not_produced
SB3-072-LAY,Girdermark - Technical data-sheet and bin-label library,Layout & Data,25,bin-label-r008,Part bin label - DIL-330 - Door Interlock Switch,deliverables/bin-label-r008.pdf,label,format: pdf; width_mm: 99.822; height_mm: 62.061; pages: 1,not_produced
SB3-072-LAY,Girdermark - Technical data-sheet and bin-label library,Layout & Data,26,bin-label-r009,Part bin label - HLS-140 - Hoistway Limit Switch,deliverables/bin-label-r009.pdf,label,format: pdf; width_mm: 99.822; height_mm: 62.061; pages: 1,not_produced
SB3-072-LAY,Girdermark - Technical data-sheet and bin-label library,Layout & Data,27,bin-label-r010,Part bin label - BRC-560 - Brake Coil Assembly (Rev A),deliverables/bin-label-r010.pdf,label,format: pdf; width_mm: 99.822; height_mm: 62.061; pages: 1,not_produced
SB3-072-LAY,Girdermark - Technical data-sheet and bin-label library,Layout & Data,28,bin-label-r011,Part bin label - BRC-560 - Brake Coil Assembly (Rev B),deliverables/bin-label-r011.pdf,label,format: pdf; width_mm: 99.822; height_mm: 62.061; pages: 1,not_produced
SB3-072-LAY,Girdermark - Technical data-sheet and bin-label library,Layout & Data,29,bin-label-r012,Part bin label - GTW-090 - Governor Tension Weight,deliverables/bin-label-r012.pdf,label,format: pdf; width_mm: 99.822; height_mm: 62.061; pages: 1,not_produced
SB3-072-LAY,Girdermark - Technical data-sheet and bin-label library,Layout & Data,30,bin-label-r013,Part bin label - SLC-070 - Selector Cam,deliverables/bin-label-r013.pdf,label,format: pdf; width_mm: 99.822; height_mm: 62.061; pages: 1,not_produced
SB3-072-LAY,Girdermark - Technical data-sheet and bin-label library,Layout & Data,31,bin-label-r014,Part bin label - LPB-115 - Landing Pushbutton Fixture,deliverables/bin-label-r014.pdf,label,format: pdf; width_mm: 99.822; height_mm: 62.061; pages: 1,not_produced
SB3-072-LAY,Girdermark - Technical data-sheet and bin-label library,Layout & Data,32,bin-label-r015,Part bin label - CTI-380 - Car Top Inspection Station,deliverables/bin-label-r015.pdf,label,format: pdf; width_mm: 99.822; height_mm: 62.061; pages: 1,not_produced
SB3-072-LAY,Girdermark - Technical data-sheet and bin-label library,Layout & Data,33,bin-label-r016,Part bin label - PMR-045 - Phase Monitor Relay,deliverables/bin-label-r016.pdf,label,format: pdf; width_mm: 99.822; height_mm: 62.061; pages: 1,not_produced
SB3-072-LAY,Girdermark - Technical data-sheet and bin-label library,Layout & Data,34,bin-label-r017,Part bin label - MCM-720 - Motor Contactor Main,deliverables/bin-label-r017.pdf,label,format: pdf; width_mm: 99.822; height_mm: 62.061; pages: 1,not_produced
SB3-072-LAY,Girdermark - Technical data-sheet and bin-label library,Layout & Data,35,bin-label-r018,Part bin label - ENC-160 - Encoder Coupling,deliverables/bin-label-r018.pdf,label,format: pdf; width_mm: 99.822; height_mm: 62.061; pages: 1,not_produced
SB3-072-LAY,Girdermark - Technical data-sheet and bin-label library,Layout & Data,36,bin-label-combined,Part bin label - combined production run,deliverables/bin-label-combined.pdf,combined_print_run,format: pdf; pages: 17; width_mm: 99.822; height_mm: 62.061,not_produced
SB3-073-LAY,SEVE Botanicals - Cosmetic launch label system,Layout & Data,1,cosmetic-label-r002,Cosmetic launch label - ATL-101,deliverables/cosmetic-label-r002.pdf,label,format: pdf; width_mm: 57.827; height_mm: 92.117; pages: 1,not_produced
SB3-073-LAY,SEVE Botanicals - Cosmetic launch label system,Layout & Data,2,cosmetic-label-r003,Cosmetic launch label - ATL-102,deliverables/cosmetic-label-r003.pdf,label,format: pdf; width_mm: 57.827; height_mm: 92.117; pages: 1,not_produced
SB3-073-LAY,SEVE Botanicals - Cosmetic launch label system,Layout & Data,3,cosmetic-label-r004,Cosmetic launch label - ATL-103,deliverables/cosmetic-label-r004.pdf,label,format: pdf; width_mm: 57.827; height_mm: 92.117; pages: 1,not_produced
SB3-073-LAY,SEVE Botanicals - Cosmetic launch label system,Layout & Data,4,cosmetic-label-r005,Cosmetic launch label - ATL-104,deliverables/cosmetic-label-r005.pdf,label,format: pdf; width_mm: 57.827; height_mm: 92.117; pages: 1,not_produced
SB3-073-LAY,SEVE Botanicals - Cosmetic launch label system,Layout & Data,5,cosmetic-label-r006,Cosmetic launch label - ATL-105,deliverables/cosmetic-label-r006.pdf,label,format: pdf; width_mm: 57.827; height_mm: 92.117; pages: 1,not_produced
SB3-073-LAY,SEVE Botanicals - Cosmetic launch label system,Layout & Data,6,cosmetic-label-r007,Cosmetic launch label - ATL-106,deliverables/cosmetic-label-r007.pdf,label,format: pdf; width_mm: 57.827; height_mm: 92.117; pages: 1,not_produced
SB3-073-LAY,SEVE Botanicals - Cosmetic launch label system,Layout & Data,7,cosmetic-label-r008,Cosmetic launch label - ATL-107,deliverables/cosmetic-label-r008.pdf,label,format: pdf; width_mm: 57.827; height_mm: 92.117; pages: 1,not_produced
SB3-073-LAY,SEVE Botanicals - Cosmetic launch label system,Layout & Data,8,cosmetic-label-r009,Cosmetic launch label - EVR-208,deliverables/cosmetic-label-r009.pdf,label,format: pdf; width_mm: 57.827; height_mm: 92.117; pages: 1,not_produced
SB3-073-LAY,SEVE Botanicals - Cosmetic launch label system,Layout & Data,9,cosmetic-label-r010,Cosmetic launch label - EVR-209,deliverables/cosmetic-label-r010.pdf,label,format: pdf; width_mm: 57.827; height_mm: 92.117; pages: 1,not_produced
SB3-073-LAY,SEVE Botanicals - Cosmetic launch label system,Layout & Data,10,cosmetic-label-r011,Cosmetic launch label - EVR-210,deliverables/cosmetic-label-r011.pdf,label,format: pdf; width_mm: 57.827; height_mm: 92.117; pages: 1,not_produced
SB3-073-LAY,SEVE Botanicals - Cosmetic launch label system,Layout & Data,11,cosmetic-label-r012,Cosmetic launch label - EVR-211,deliverables/cosmetic-label-r012.pdf,label,format: pdf; width_mm: 57.827; height_mm: 92.117; pages: 1,not_produced
SB3-073-LAY,SEVE Botanicals - Cosmetic launch label system,Layout & Data,12,cosmetic-label-r013,Cosmetic launch label - EVR-212,deliverables/cosmetic-label-r013.pdf,label,format: pdf; width_mm: 57.827; height_mm: 92.117; pages: 1,not_produced
SB3-073-LAY,SEVE Botanicals - Cosmetic launch label system,Layout & Data,13,cosmetic-label-r014,Cosmetic launch label - EVR-213,deliverables/cosmetic-label-r014.pdf,label,format: pdf; width_mm: 57.827; height_mm: 92.117; pages: 1,not_produced
SB3-073-LAY,SEVE Botanicals - Cosmetic launch label system,Layout & Data,14,cosmetic-label-r015,Cosmetic launch label - EVR-214,deliverables/cosmetic-label-r015.pdf,label,format: pdf; width_mm: 57.827; height_mm: 92.117; pages: 1,not_produced
SB3-073-LAY,SEVE Botanicals - Cosmetic launch label system,Layout & Data,15,cosmetic-label-r016,Cosmetic launch label - EVR-215,deliverables/cosmetic-label-r016.pdf,label,format: pdf; width_mm: 57.827; height_mm: 92.117; pages: 1,not_produced
SB3-073-LAY,SEVE Botanicals - Cosmetic launch label system,Layout & Data,16,cosmetic-label-r017,Cosmetic launch label - EVR-216,deliverables/cosmetic-label-r017.pdf,label,format: pdf; width_mm: 57.827; height_mm: 92.117; pages: 1,not_produced
SB3-073-LAY,SEVE Botanicals - Cosmetic launch label system,Layout & Data,17,cosmetic-label-r018,Cosmetic launch label - EVR-217,deliverables/cosmetic-label-r018.pdf,label,format: pdf; width_mm: 57.827; height_mm: 92.117; pages: 1,not_produced
SB3-073-LAY,SEVE Botanicals - Cosmetic launch label system,Layout & Data,18,cosmetic-label-r019,Cosmetic launch label - EVR-218,deliverables/cosmetic-label-r019.pdf,label,format: pdf; width_mm: 57.827; height_mm: 92.117; pages: 1,not_produced
SB3-073-LAY,SEVE Botanicals - Cosmetic launch label system,Layout & Data,19,cosmetic-label-r020,Cosmetic launch label - EVR-219,deliverables/cosmetic-label-r020.pdf,label,format: pdf; width_mm: 57.827; height_mm: 92.117; pages: 1,not_produced
SB3-073-LAY,SEVE Botanicals - Cosmetic launch label system,Layout & Data,20,cosmetic-label-combined,Cosmetic launch label - combined production run,deliverables/cosmetic-label-combined.pdf,combined_print_run,format: pdf; pages: 19; width_mm: 57.827; height_mm: 92.117,not_produced
SB3-074-LAY,Rivermeadow Trust - Year-end donor acknowledgement system,Layout & Data,1,donor-letter-r002,Donor acknowledgement letter - Eleanor Pratt,deliverables/donor-letter-r002.pdf,a4,format: pdf; width_mm: 210; height_mm: 297; pages: 1,not_produced
SB3-074-LAY,Rivermeadow Trust - Year-end donor acknowledgement system,Layout & Data,2,donor-letter-r003,Donor acknowledgement letter - Tom & Grace Hollister,deliverables/donor-letter-r003.pdf,a4,format: pdf; width_mm: 210; height_mm: 297; pages: 1,not_produced
SB3-074-LAY,Rivermeadow Trust - Year-end donor acknowledgement system,Layout & Data,3,donor-letter-r004,Donor acknowledgement letter - Dr. Rosalind Featherstonehaugh-Wetherby,deliverables/donor-letter-r004.pdf,a4,format: pdf; width_mm: 210; height_mm: 297; pages: 1,not_produced
SB3-074-LAY,Rivermeadow Trust - Year-end donor acknowledgement system,Layout & Data,4,donor-letter-r005,Donor acknowledgement letter - John Aldercott,deliverables/donor-letter-r005.pdf,a4,format: pdf; width_mm: 210; height_mm: 297; pages: 1,not_produced
SB3-074-LAY,Rivermeadow Trust - Year-end donor acknowledgement system,Layout & Data,5,donor-letter-r006,Donor acknowledgement letter - Margaret Aldercott,deliverables/donor-letter-r006.pdf,a4,format: pdf; width_mm: 210; height_mm: 297; pages: 1,not_produced
SB3-074-LAY,Rivermeadow Trust - Year-end donor acknowledgement system,Layout & Data,6,donor-letter-r007,Donor acknowledgement letter - Warren Cobb,deliverables/donor-letter-r007.pdf,a4,format: pdf; width_mm: 210; height_mm: 297; pages: 1,not_produced
SB3-074-LAY,Rivermeadow Trust - Year-end donor acknowledgement system,Layout & Data,7,donor-letter-r008,Donor acknowledgement letter - The Merriwether Family,deliverables/donor-letter-r008.pdf,a4,format: pdf; width_mm: 210; height_mm: 297; pages: 1,not_produced
SB3-074-LAY,Rivermeadow Trust - Year-end donor acknowledgement system,Layout & Data,8,donor-letter-r009,Donor acknowledgement letter - Mr. and Mrs. Prescott Vandeleur,deliverables/donor-letter-r009.pdf,a4,format: pdf; width_mm: 210; height_mm: 297; pages: 1,not_produced
SB3-074-LAY,Rivermeadow Trust - Year-end donor acknowledgement system,Layout & Data,9,donor-letter-r010,Donor acknowledgement letter - Judge Harriet Ellsworth,deliverables/donor-letter-r010.pdf,a4,format: pdf; width_mm: 210; height_mm: 297; pages: 1,not_produced
SB3-074-LAY,Rivermeadow Trust - Year-end donor acknowledgement system,Layout & Data,10,donor-letter-r011,Donor acknowledgement letter - Bartholomew Quiller,deliverables/donor-letter-r011.pdf,a4,format: pdf; width_mm: 210; height_mm: 297; pages: 1,not_produced
SB3-074-LAY,Rivermeadow Trust - Year-end donor acknowledgement system,Layout & Data,11,donor-letter-r012,Donor acknowledgement letter - Sam & Dee Fenn,deliverables/donor-letter-r012.pdf,a4,format: pdf; width_mm: 210; height_mm: 297; pages: 1,not_produced
SB3-074-LAY,Rivermeadow Trust - Year-end donor acknowledgement system,Layout & Data,12,donor-letter-r013,Donor acknowledgement letter - Priya & Alan Northcote,deliverables/donor-letter-r013.pdf,a4,format: pdf; width_mm: 210; height_mm: 297; pages: 1,not_produced
SB3-074-LAY,Rivermeadow Trust - Year-end donor acknowledgement system,Layout & Data,13,donor-letter-r014,Donor acknowledgement letter - Constance Merryfield,deliverables/donor-letter-r014.pdf,a4,format: pdf; width_mm: 210; height_mm: 297; pages: 1,not_produced
SB3-074-LAY,Rivermeadow Trust - Year-end donor acknowledgement system,Layout & Data,14,donor-letter-r015,Donor acknowledgement letter - Owen Trask,deliverables/donor-letter-r015.pdf,a4,format: pdf; width_mm: 210; height_mm: 297; pages: 1,not_produced
SB3-074-LAY,Rivermeadow Trust - Year-end donor acknowledgement system,Layout & Data,15,donor-letter-r016,Donor acknowledgement letter - Marguerite L'Estrange-Postlethwaite,deliverables/donor-letter-r016.pdf,a4,format: pdf; width_mm: 210; height_mm: 297; pages: 1,not_produced
SB3-074-LAY,Rivermeadow Trust - Year-end donor acknowledgement system,Layout & Data,16,donor-letter-r017,Donor acknowledgement letter - Ted Ruddock,deliverables/donor-letter-r017.pdf,a4,format: pdf; width_mm: 210; height_mm: 297; pages: 1,not_produced
SB3-074-LAY,Rivermeadow Trust - Year-end donor acknowledgement system,Layout & Data,17,donor-letter-r018,Donor acknowledgement letter - The Halvorsen-Achterberg Household,deliverables/donor-letter-r018.pdf,a4,format: pdf; width_mm: 210; height_mm: 297; pages: 1,not_produced
SB3-074-LAY,Rivermeadow Trust - Year-end donor acknowledgement system,Layout & Data,18,donor-letter-r019,Donor acknowledgement letter - Gil Overholt,deliverables/donor-letter-r019.pdf,a4,format: pdf; width_mm: 210; height_mm: 297; pages: 1,not_produced
SB3-074-LAY,Rivermeadow Trust - Year-end donor acknowledgement system,Layout & Data,19,donor-letter-combined,Donor acknowledgement letter - combined production run,deliverables/donor-letter-combined.pdf,combined_print_run,format: pdf; pages: 18; width_mm: 210; height_mm: 297,not_produced
SB3-074-LAY,Rivermeadow Trust - Year-end donor acknowledgement system,Layout & Data,20,receipt-r002,Donation receipt - Eleanor Pratt,deliverables/receipt-r002.pdf,a4,format: pdf; width_mm: 210; height_mm: 297; pages: 1,not_produced
SB3-074-LAY,Rivermeadow Trust - Year-end donor acknowledgement system,Layout & Data,21,receipt-r003,Donation receipt - Tom & Grace Hollister,deliverables/receipt-r003.pdf,a4,format: pdf; width_mm: 210; height_mm: 297; pages: 1,not_produced
SB3-074-LAY,Rivermeadow Trust - Year-end donor acknowledgement system,Layout & Data,22,receipt-r004,Donation receipt - Dr. Rosalind Featherstonehaugh-Wetherby,deliverables/receipt-r004.pdf,a4,format: pdf; width_mm: 210; height_mm: 297; pages: 1,not_produced
SB3-074-LAY,Rivermeadow Trust - Year-end donor acknowledgement system,Layout & Data,23,receipt-r005,Donation receipt - John Aldercott,deliverables/receipt-r005.pdf,a4,format: pdf; width_mm: 210; height_mm: 297; pages: 1,not_produced
SB3-074-LAY,Rivermeadow Trust - Year-end donor acknowledgement system,Layout & Data,24,receipt-r006,Donation receipt - Margaret Aldercott,deliverables/receipt-r006.pdf,a4,format: pdf; width_mm: 210; height_mm: 297; pages: 1,not_produced
SB3-074-LAY,Rivermeadow Trust - Year-end donor acknowledgement system,Layout & Data,25,receipt-r007,Donation receipt - Warren Cobb,deliverables/receipt-r007.pdf,a4,format: pdf; width_mm: 210; height_mm: 297; pages: 1,not_produced
SB3-074-LAY,Rivermeadow Trust - Year-end donor acknowledgement system,Layout & Data,26,receipt-r008,Donation receipt - The Merriwether Family,deliverables/receipt-r008.pdf,a4,format: pdf; width_mm: 210; height_mm: 297; pages: 1,not_produced
SB3-074-LAY,Rivermeadow Trust - Year-end donor acknowledgement system,Layout & Data,27,receipt-r009,Donation receipt - Mr. and Mrs. Prescott Vandeleur,deliverables/receipt-r009.pdf,a4,format: pdf; width_mm: 210; height_mm: 297; pages: 1,not_produced
SB3-074-LAY,Rivermeadow Trust - Year-end donor acknowledgement system,Layout & Data,28,receipt-r010,Donation receipt - Judge Harriet Ellsworth,deliverables/receipt-r010.pdf,a4,format: pdf; width_mm: 210; height_mm: 297; pages: 1,not_produced
SB3-074-LAY,Rivermeadow Trust - Year-end donor acknowledgement system,Layout & Data,29,receipt-r011,Donation receipt - Bartholomew Quiller,deliverables/receipt-r011.pdf,a4,format: pdf; width_mm: 210; height_mm: 297; pages: 1,not_produced
SB3-074-LAY,Rivermeadow Trust - Year-end donor acknowledgement system,Layout & Data,30,receipt-r012,Donation receipt - Sam & Dee Fenn,deliverables/receipt-r012.pdf,a4,format: pdf; width_mm: 210; height_mm: 297; pages: 1,not_produced
SB3-074-LAY,Rivermeadow Trust - Year-end donor acknowledgement system,Layout & Data,31,receipt-r013,Donation receipt - Priya & Alan Northcote,deliverables/receipt-r013.pdf,a4,format: pdf; width_mm: 210; height_mm: 297; pages: 1,not_produced
SB3-074-LAY,Rivermeadow Trust - Year-end donor acknowledgement system,Layout & Data,32,receipt-r014,Donation receipt - Constance Merryfield,deliverables/receipt-r014.pdf,a4,format: pdf; width_mm: 210; height_mm: 297; pages: 1,not_produced
SB3-074-LAY,Rivermeadow Trust - Year-end donor acknowledgement system,Layout & Data,33,receipt-r015,Donation receipt - Owen Trask,deliverables/receipt-r015.pdf,a4,format: pdf; width_mm: 210; height_mm: 297; pages: 1,not_produced
SB3-074-LAY,Rivermeadow Trust - Year-end donor acknowledgement system,Layout & Data,34,receipt-r016,Donation receipt - Marguerite L'Estrange-Postlethwaite,deliverables/receipt-r016.pdf,a4,format: pdf; width_mm: 210; height_mm: 297; pages: 1,not_produced
SB3-074-LAY,Rivermeadow Trust - Year-end donor acknowledgement system,Layout & Data,35,receipt-r017,Donation receipt - Ted Ruddock,deliverables/receipt-r017.pdf,a4,format: pdf; width_mm: 210; height_mm: 297; pages: 1,not_produced
SB3-074-LAY,Rivermeadow Trust - Year-end donor acknowledgement system,Layout & Data,36,receipt-r018,Donation receipt - The Halvorsen-Achterberg Household,deliverables/receipt-r018.pdf,a4,format: pdf; width_mm: 210; height_mm: 297; pages: 1,not_produced
SB3-074-LAY,Rivermeadow Trust - Year-end donor acknowledgement system,Layout & Data,37,receipt-r019,Donation receipt - Gil Overholt,deliverables/receipt-r019.pdf,a4,format: pdf; width_mm: 210; height_mm: 297; pages: 1,not_produced
SB3-074-LAY,Rivermeadow Trust - Year-end donor acknowledgement system,Layout & Data,38,receipt-combined,Donation receipt - combined production run,deliverables/receipt-combined.pdf,combined_print_run,format: pdf; pages: 18; width_mm: 210; height_mm: 297,not_produced
SB3-075-LAY,Emberwell Brew House - Live insert and taproom collateral,Layout & Data,1,menu-insert-r002,Current-menu insert - Portsmouth,deliverables/menu-insert-r002.pdf,a4,format: pdf; width_mm: 210; height_mm: 297; pages: 1,not_produced
SB3-075-LAY,Emberwell Brew House - Live insert and taproom collateral,Layout & Data,2,menu-insert-r003,Current-menu insert - Burlington,deliverables/menu-insert-r003.pdf,a4,format: pdf; width_mm: 210; height_mm: 297; pages: 1,not_produced
SB3-075-LAY,Emberwell Brew House - Live insert and taproom collateral,Layout & Data,3,menu-insert-r004,Current-menu insert - Old Port,deliverables/menu-insert-r004.pdf,a4,format: pdf; width_mm: 210; height_mm: 297; pages: 1,not_produced
SB3-075-LAY,Emberwell Brew House - Live insert and taproom collateral,Layout & Data,4,menu-insert-r005,Current-menu insert - Munjoy Hill,deliverables/menu-insert-r005.pdf,a4,format: pdf; width_mm: 210; height_mm: 297; pages: 1,not_produced
SB3-075-LAY,Emberwell Brew House - Live insert and taproom collateral,Layout & Data,5,menu-insert-r006,Current-menu insert - Concord,deliverables/menu-insert-r006.pdf,a4,format: pdf; width_mm: 210; height_mm: 297; pages: 1,not_produced
SB3-075-LAY,Emberwell Brew House - Live insert and taproom collateral,Layout & Data,6,menu-insert-r007,Current-menu insert - Brattleboro,deliverables/menu-insert-r007.pdf,a4,format: pdf; width_mm: 210; height_mm: 297; pages: 1,not_produced
SB3-075-LAY,Emberwell Brew House - Live insert and taproom collateral,Layout & Data,7,menu-insert-r008,Current-menu insert - Camden,deliverables/menu-insert-r008.pdf,a4,format: pdf; width_mm: 210; height_mm: 297; pages: 1,not_produced
SB3-075-LAY,Emberwell Brew House - Live insert and taproom collateral,Layout & Data,8,menu-insert-r009,Current-menu insert - Northampton,deliverables/menu-insert-r009.pdf,a4,format: pdf; width_mm: 210; height_mm: 297; pages: 1,not_produced
SB3-075-LAY,Emberwell Brew House - Live insert and taproom collateral,Layout & Data,9,menu-insert-r010,Current-menu insert - Nashua,deliverables/menu-insert-r010.pdf,a4,format: pdf; width_mm: 210; height_mm: 297; pages: 1,not_produced
SB3-075-LAY,Emberwell Brew House - Live insert and taproom collateral,Layout & Data,10,menu-insert-r011,Current-menu insert - Keene,deliverables/menu-insert-r011.pdf,a4,format: pdf; width_mm: 210; height_mm: 297; pages: 1,not_produced
SB3-075-LAY,Emberwell Brew House - Live insert and taproom collateral,Layout & Data,11,menu-insert-r012,Current-menu insert - Montpelier,deliverables/menu-insert-r012.pdf,a4,format: pdf; width_mm: 210; height_mm: 297; pages: 1,not_produced
SB3-075-LAY,Emberwell Brew House - Live insert and taproom collateral,Layout & Data,12,menu-insert-r013,Current-menu insert - Mystic,deliverables/menu-insert-r013.pdf,a4,format: pdf; width_mm: 210; height_mm: 297; pages: 1,not_produced
SB3-075-LAY,Emberwell Brew House - Live insert and taproom collateral,Layout & Data,13,menu-insert-r014,Current-menu insert - Salem,deliverables/menu-insert-r014.pdf,a4,format: pdf; width_mm: 210; height_mm: 297; pages: 1,not_produced
SB3-075-LAY,Emberwell Brew House - Live insert and taproom collateral,Layout & Data,14,menu-insert-r015,Current-menu insert - Providence,deliverables/menu-insert-r015.pdf,a4,format: pdf; width_mm: 210; height_mm: 297; pages: 1,not_produced
SB3-075-LAY,Emberwell Brew House - Live insert and taproom collateral,Layout & Data,15,menu-insert-combined,Current-menu insert - combined production run,deliverables/menu-insert-combined.pdf,combined_print_run,format: pdf; pages: 14; width_mm: 210; height_mm: 297,not_produced
SB3-075-LAY,Emberwell Brew House - Live insert and taproom collateral,Layout & Data,16,counter-card-r002,Taproom counter card - Portsmouth,deliverables/counter-card-r002.pdf,card,format: pdf; width_mm: 139.7; height_mm: 215.9; pages: 1,not_produced
SB3-075-LAY,Emberwell Brew House - Live insert and taproom collateral,Layout & Data,17,counter-card-r003,Taproom counter card - Burlington,deliverables/counter-card-r003.pdf,card,format: pdf; width_mm: 139.7; height_mm: 215.9; pages: 1,not_produced
SB3-075-LAY,Emberwell Brew House - Live insert and taproom collateral,Layout & Data,18,counter-card-r004,Taproom counter card - Old Port,deliverables/counter-card-r004.pdf,card,format: pdf; width_mm: 139.7; height_mm: 215.9; pages: 1,not_produced
SB3-075-LAY,Emberwell Brew House - Live insert and taproom collateral,Layout & Data,19,counter-card-r005,Taproom counter card - Munjoy Hill,deliverables/counter-card-r005.pdf,card,format: pdf; width_mm: 139.7; height_mm: 215.9; pages: 1,not_produced
SB3-075-LAY,Emberwell Brew House - Live insert and taproom collateral,Layout & Data,20,counter-card-r006,Taproom counter card - Concord,deliverables/counter-card-r006.pdf,card,format: pdf; width_mm: 139.7; height_mm: 215.9; pages: 1,not_produced
SB3-075-LAY,Emberwell Brew House - Live insert and taproom collateral,Layout & Data,21,counter-card-r007,Taproom counter card - Brattleboro,deliverables/counter-card-r007.pdf,card,format: pdf; width_mm: 139.7; height_mm: 215.9; pages: 1,not_produced
SB3-075-LAY,Emberwell Brew House - Live insert and taproom collateral,Layout & Data,22,counter-card-r008,Taproom counter card - Camden,deliverables/counter-card-r008.pdf,card,format: pdf; width_mm: 139.7; height_mm: 215.9; pages: 1,not_produced
SB3-075-LAY,Emberwell Brew House - Live insert and taproom collateral,Layout & Data,23,counter-card-r009,Taproom counter card - Northampton,deliverables/counter-card-r009.pdf,card,format: pdf; width_mm: 139.7; height_mm: 215.9; pages: 1,not_produced
SB3-075-LAY,Emberwell Brew House - Live insert and taproom collateral,Layout & Data,24,counter-card-r010,Taproom counter card - Nashua,deliverables/counter-card-r010.pdf,card,format: pdf; width_mm: 139.7; height_mm: 215.9; pages: 1,not_produced
SB3-075-LAY,Emberwell Brew House - Live insert and taproom collateral,Layout & Data,25,counter-card-r011,Taproom counter card - Keene,deliverables/counter-card-r011.pdf,card,format: pdf; width_mm: 139.7; height_mm: 215.9; pages: 1,not_produced
SB3-075-LAY,Emberwell Brew House - Live insert and taproom collateral,Layout & Data,26,counter-card-r012,Taproom counter card - Montpelier,deliverables/counter-card-r012.pdf,card,format: pdf; width_mm: 139.7; height_mm: 215.9; pages: 1,not_produced
SB3-075-LAY,Emberwell Brew House - Live insert and taproom collateral,Layout & Data,27,counter-card-r013,Taproom counter card - Mystic,deliverables/counter-card-r013.pdf,card,format: pdf; width_mm: 139.7; height_mm: 215.9; pages: 1,not_produced
SB3-075-LAY,Emberwell Brew House - Live insert and taproom collateral,Layout & Data,28,counter-card-r014,Taproom counter card - Salem,deliverables/counter-card-r014.pdf,card,format: pdf; width_mm: 139.7; height_mm: 215.9; pages: 1,not_produced
SB3-075-LAY,Emberwell Brew House - Live insert and taproom collateral,Layout & Data,29,counter-card-r015,Taproom counter card - Providence,deliverables/counter-card-r015.pdf,card,format: pdf; width_mm: 139.7; height_mm: 215.9; pages: 1,not_produced
SB3-075-LAY,Emberwell Brew House - Live insert and taproom collateral,Layout & Data,30,counter-card-combined,Taproom counter card - combined production run,deliverables/counter-card-combined.pdf,combined_print_run,format: pdf; pages: 14; width_mm: 139.7; height_mm: 215.9,not_produced
SB3-076-LAY,Cellar and Cru - Autumn shelf-talker campaign,Layout & Data,1,shelf-talker-r002,Wine shelf talker - Clos des Galets Muscadet Sevre et Maine sur Lie,deliverables/shelf-talker-r002.pdf,card,format: pdf; width_mm: 105.156; height_mm: 148.167; pages: 1,not_produced
SB3-076-LAY,Cellar and Cru - Autumn shelf-talker campaign,Layout & Data,2,shelf-talker-r003,Wine shelf talker - Domaine Vionne Alsace Riesling,deliverables/shelf-talker-r003.pdf,card,format: pdf; width_mm: 105.156; height_mm: 148.167; pages: 1,not_produced
SB3-076-LAY,Cellar and Cru - Autumn shelf-talker campaign,Layout & Data,3,shelf-talker-r004,Wine shelf talker - Les Perrieres Sancerre,deliverables/shelf-talker-r004.pdf,card,format: pdf; width_mm: 105.156; height_mm: 148.167; pages: 1,not_produced
SB3-076-LAY,Cellar and Cru - Autumn shelf-talker campaign,Layout & Data,4,shelf-talker-r005,Wine shelf talker - Bricault Chablis,deliverables/shelf-talker-r005.pdf,card,format: pdf; width_mm: 105.156; height_mm: 148.167; pages: 1,not_produced
SB3-076-LAY,Cellar and Cru - Autumn shelf-talker campaign,Layout & Data,5,shelf-talker-r006,Wine shelf talker - Domaine Rosaline Provence Rose,deliverables/shelf-talker-r006.pdf,card,format: pdf; width_mm: 105.156; height_mm: 148.167; pages: 1,not_produced
SB3-076-LAY,Cellar and Cru - Autumn shelf-talker campaign,Layout & Data,6,shelf-talker-r008,Wine shelf talker - Poderi Solano Vermentino,deliverables/shelf-talker-r008.pdf,card,format: pdf; width_mm: 105.156; height_mm: 148.167; pages: 1,not_produced
SB3-076-LAY,Cellar and Cru - Autumn shelf-talker campaign,Layout & Data,7,shelf-talker-r009,Wine shelf talker - Weingut Halden Mosel Riesling Kabinett,deliverables/shelf-talker-r009.pdf,card,format: pdf; width_mm: 105.156; height_mm: 148.167; pages: 1,not_produced
SB3-076-LAY,Cellar and Cru - Autumn shelf-talker campaign,Layout & Data,8,shelf-talker-r010,Wine shelf talker - Hofgut Steinweg Gruner Veltliner,deliverables/shelf-talker-r010.pdf,card,format: pdf; width_mm: 105.156; height_mm: 148.167; pages: 1,not_produced
SB3-076-LAY,Cellar and Cru - Autumn shelf-talker campaign,Layout & Data,9,shelf-talker-r011,Wine shelf talker - Cave de Trevigne Coteaux Rouge,deliverables/shelf-talker-r011.pdf,card,format: pdf; width_mm: 105.156; height_mm: 148.167; pages: 1,not_produced
SB3-076-LAY,Cellar and Cru - Autumn shelf-talker campaign,Layout & Data,10,shelf-talker-r012,Wine shelf talker - Domaine des Escaliers Cote Brune Syrah,deliverables/shelf-talker-r012.pdf,card,format: pdf; width_mm: 105.156; height_mm: 148.167; pages: 1,not_produced
SB3-076-LAY,Cellar and Cru - Autumn shelf-talker campaign,Layout & Data,11,shelf-talker-r013,Wine shelf talker - Cascina Voltone Nebbiolo,deliverables/shelf-talker-r013.pdf,card,format: pdf; width_mm: 105.156; height_mm: 148.167; pages: 1,not_produced
SB3-076-LAY,Cellar and Cru - Autumn shelf-talker campaign,Layout & Data,12,shelf-talker-r015,Wine shelf talker - Clos du Verger Bourgogne Rouge,deliverables/shelf-talker-r015.pdf,card,format: pdf; width_mm: 105.156; height_mm: 148.167; pages: 1,not_produced
SB3-076-LAY,Cellar and Cru - Autumn shelf-talker campaign,Layout & Data,13,shelf-talker-r016,Wine shelf talker - Mas de la Pierre Vacqueyras,deliverables/shelf-talker-r016.pdf,card,format: pdf; width_mm: 105.156; height_mm: 148.167; pages: 1,not_produced
SB3-076-LAY,Cellar and Cru - Autumn shelf-talker campaign,Layout & Data,14,shelf-talker-r017,Wine shelf talker - Domaine Ravel Morgon,deliverables/shelf-talker-r017.pdf,card,format: pdf; width_mm: 105.156; height_mm: 148.167; pages: 1,not_produced
SB3-076-LAY,Cellar and Cru - Autumn shelf-talker campaign,Layout & Data,15,shelf-talker-combined,Wine shelf talker - combined production run,deliverables/shelf-talker-combined.pdf,combined_print_run,format: pdf; pages: 14; width_mm: 105.156; height_mm: 148.167,not_produced
SB3-077-LAY,Vanguard Motors - Forecourt sales card system,Layout & Data,1,forecourt-card-r002,Forecourt sales card - 4021,deliverables/forecourt-card-r002.pdf,a4,format: pdf; width_mm: 210; height_mm: 297; pages: 1,not_produced
SB3-077-LAY,Vanguard Motors - Forecourt sales card system,Layout & Data,2,forecourt-card-r003,Forecourt sales card - 4108,deliverables/forecourt-card-r003.pdf,a4,format: pdf; width_mm: 210; height_mm: 297; pages: 1,not_produced
SB3-077-LAY,Vanguard Motors - Forecourt sales card system,Layout & Data,3,forecourt-card-r004,Forecourt sales card - 3960,deliverables/forecourt-card-r004.pdf,a4,format: pdf; width_mm: 210; height_mm: 297; pages: 1,not_produced
SB3-077-LAY,Vanguard Motors - Forecourt sales card system,Layout & Data,4,forecourt-card-r005,Forecourt sales card - 4210,deliverables/forecourt-card-r005.pdf,a4,format: pdf; width_mm: 210; height_mm: 297; pages: 1,not_produced
SB3-077-LAY,Vanguard Motors - Forecourt sales card system,Layout & Data,5,forecourt-card-r006,Forecourt sales card - 887,deliverables/forecourt-card-r006.pdf,a4,format: pdf; width_mm: 210; height_mm: 297; pages: 1,not_produced
SB3-077-LAY,Vanguard Motors - Forecourt sales card system,Layout & Data,6,forecourt-card-r007,Forecourt sales card - 4155,deliverables/forecourt-card-r007.pdf,a4,format: pdf; width_mm: 210; height_mm: 297; pages: 1,not_produced
SB3-077-LAY,Vanguard Motors - Forecourt sales card system,Layout & Data,7,forecourt-card-r008,Forecourt sales card - 4090,deliverables/forecourt-card-r008.pdf,a4,format: pdf; width_mm: 210; height_mm: 297; pages: 1,not_produced
SB3-077-LAY,Vanguard Motors - Forecourt sales card system,Layout & Data,8,forecourt-card-r009,Forecourt sales card - 3921,deliverables/forecourt-card-r009.pdf,a4,format: pdf; width_mm: 210; height_mm: 297; pages: 1,not_produced
SB3-077-LAY,Vanguard Motors - Forecourt sales card system,Layout & Data,9,forecourt-card-r010,Forecourt sales card - 4260,deliverables/forecourt-card-r010.pdf,a4,format: pdf; width_mm: 210; height_mm: 297; pages: 1,not_produced
SB3-077-LAY,Vanguard Motors - Forecourt sales card system,Layout & Data,10,forecourt-card-r011,Forecourt sales card - 4033,deliverables/forecourt-card-r011.pdf,a4,format: pdf; width_mm: 210; height_mm: 297; pages: 1,not_produced
SB3-077-LAY,Vanguard Motors - Forecourt sales card system,Layout & Data,11,forecourt-card-r012,Forecourt sales card - 4177,deliverables/forecourt-card-r012.pdf,a4,format: pdf; width_mm: 210; height_mm: 297; pages: 1,not_produced
SB3-077-LAY,Vanguard Motors - Forecourt sales card system,Layout & Data,12,forecourt-card-r013,Forecourt sales card - 3998,deliverables/forecourt-card-r013.pdf,a4,format: pdf; width_mm: 210; height_mm: 297; pages: 1,not_produced
SB3-077-LAY,Vanguard Motors - Forecourt sales card system,Layout & Data,13,forecourt-card-r014,Forecourt sales card - 4212,deliverables/forecourt-card-r014.pdf,a4,format: pdf; width_mm: 210; height_mm: 297; pages: 1,not_produced
SB3-077-LAY,Vanguard Motors - Forecourt sales card system,Layout & Data,14,forecourt-card-r015,Forecourt sales card - 4055,deliverables/forecourt-card-r015.pdf,a4,format: pdf; width_mm: 210; height_mm: 297; pages: 1,not_produced
SB3-077-LAY,Vanguard Motors - Forecourt sales card system,Layout & Data,15,forecourt-card-combined,Forecourt sales card - combined production run,deliverables/forecourt-card-combined.pdf,combined_print_run,format: pdf; pages: 14; width_mm: 210; height_mm: 297,not_produced
SB3-078-LAY,Continental Cup - Squad press and partner kit,Layout & Data,1,player-press-r002,Squad player press sheet - Kofi Adjei,deliverables/player-press-r002.pdf,a4,format: pdf; width_mm: 210; height_mm: 297; pages: 1,not_produced
SB3-078-LAY,Continental Cup - Squad press and partner kit,Layout & Data,2,player-press-r003,Squad player press sheet - Lucas Almeida,deliverables/player-press-r003.pdf,a4,format: pdf; width_mm: 210; height_mm: 297; pages: 1,not_produced
SB3-078-LAY,Continental Cup - Squad press and partner kit,Layout & Data,3,player-press-r004,Squad player press sheet - Rafael Duarte,deliverables/player-press-r004.pdf,a4,format: pdf; width_mm: 210; height_mm: 297; pages: 1,not_produced
SB3-078-LAY,Continental Cup - Squad press and partner kit,Layout & Data,4,player-press-r005,Squad player press sheet - Bruno Ferraz,deliverables/player-press-r005.pdf,a4,format: pdf; width_mm: 210; height_mm: 297; pages: 1,not_produced
SB3-078-LAY,Continental Cup - Squad press and partner kit,Layout & Data,5,player-press-r006,Squad player press sheet - Marco Ferraz,deliverables/player-press-r006.pdf,a4,format: pdf; width_mm: 210; height_mm: 297; pages: 1,not_produced
SB3-078-LAY,Continental Cup - Squad press and partner kit,Layout & Data,6,player-press-r007,Squad player press sheet - Omar Haddad,deliverables/player-press-r007.pdf,a4,format: pdf; width_mm: 210; height_mm: 297; pages: 1,not_produced
SB3-078-LAY,Continental Cup - Squad press and partner kit,Layout & Data,7,player-press-r008,Squad player press sheet - Viktor Halic,deliverables/player-press-r008.pdf,a4,format: pdf; width_mm: 210; height_mm: 297; pages: 1,not_produced
SB3-078-LAY,Continental Cup - Squad press and partner kit,Layout & Data,8,player-press-r009,Squad player press sheet - Nikolai Ivanic,deliverables/player-press-r009.pdf,a4,format: pdf; width_mm: 210; height_mm: 297; pages: 1,not_produced
SB3-078-LAY,Continental Cup - Squad press and partner kit,Layout & Data,9,player-press-r011,Squad player press sheet - Emil Larsson,deliverables/player-press-r011.pdf,a4,format: pdf; width_mm: 210; height_mm: 297; pages: 1,not_produced
SB3-078-LAY,Continental Cup - Squad press and partner kit,Layout & Data,10,player-press-r012,Squad player press sheet - Hugo Marchand,deliverables/player-press-r012.pdf,a4,format: pdf; width_mm: 210; height_mm: 297; pages: 1,not_produced
SB3-078-LAY,Continental Cup - Squad press and partner kit,Layout & Data,11,player-press-r013,Squad player press sheet - Andre Mensah,deliverables/player-press-r013.pdf,a4,format: pdf; width_mm: 210; height_mm: 297; pages: 1,not_produced
SB3-078-LAY,Continental Cup - Squad press and partner kit,Layout & Data,12,player-press-r014,Squad player press sheet - Pavel Novak,deliverables/player-press-r014.pdf,a4,format: pdf; width_mm: 210; height_mm: 297; pages: 1,not_produced
SB3-078-LAY,Continental Cup - Squad press and partner kit,Layout & Data,13,player-press-r015,Squad player press sheet - Samuel Okoye,deliverables/player-press-r015.pdf,a4,format: pdf; width_mm: 210; height_mm: 297; pages: 1,not_produced
SB3-078-LAY,Continental Cup - Squad press and partner kit,Layout & Data,14,player-press-r016,Squad player press sheet - Luka Petrov,deliverables/player-press-r016.pdf,a4,format: pdf; width_mm: 210; height_mm: 297; pages: 1,not_produced
SB3-078-LAY,Continental Cup - Squad press and partner kit,Layout & Data,15,player-press-r017,Squad player press sheet - Theo Rocher,deliverables/player-press-r017.pdf,a4,format: pdf; width_mm: 210; height_mm: 297; pages: 1,not_produced
SB3-078-LAY,Continental Cup - Squad press and partner kit,Layout & Data,16,player-press-r018,Squad player press sheet - Mateo Rossi,deliverables/player-press-r018.pdf,a4,format: pdf; width_mm: 210; height_mm: 297; pages: 1,not_produced
SB3-078-LAY,Continental Cup - Squad press and partner kit,Layout & Data,17,player-press-r019,Squad player press sheet - Diego Solano,deliverables/player-press-r019.pdf,a4,format: pdf; width_mm: 210; height_mm: 297; pages: 1,not_produced
SB3-078-LAY,Continental Cup - Squad press and partner kit,Layout & Data,18,player-press-r020,Squad player press sheet - Yuki Tanaka,deliverables/player-press-r020.pdf,a4,format: pdf; width_mm: 210; height_mm: 297; pages: 1,not_produced
SB3-078-LAY,Continental Cup - Squad press and partner kit,Layout & Data,19,player-press-combined,Squad player press sheet - combined production run,deliverables/player-press-combined.pdf,combined_print_run,format: pdf; pages: 18; width_mm: 210; height_mm: 297,not_produced
SB3-078-LAY,Continental Cup - Squad press and partner kit,Layout & Data,20,partner-player-r002,Player partner graphic - Kofi Adjei,deliverables/partner-player-r002.png,feed,format: png; width: 1080; height: 1350,not_produced
SB3-078-LAY,Continental Cup - Squad press and partner kit,Layout & Data,21,partner-player-r003,Player partner graphic - Lucas Almeida,deliverables/partner-player-r003.png,feed,format: png; width: 1080; height: 1350,not_produced
SB3-078-LAY,Continental Cup - Squad press and partner kit,Layout & Data,22,partner-player-r004,Player partner graphic - Rafael Duarte,deliverables/partner-player-r004.png,feed,format: png; width: 1080; height: 1350,not_produced
SB3-078-LAY,Continental Cup - Squad press and partner kit,Layout & Data,23,partner-player-r005,Player partner graphic - Bruno Ferraz,deliverables/partner-player-r005.png,feed,format: png; width: 1080; height: 1350,not_produced
SB3-078-LAY,Continental Cup - Squad press and partner kit,Layout & Data,24,partner-player-r006,Player partner graphic - Marco Ferraz,deliverables/partner-player-r006.png,feed,format: png; width: 1080; height: 1350,not_produced
SB3-078-LAY,Continental Cup - Squad press and partner kit,Layout & Data,25,partner-player-r007,Player partner graphic - Omar Haddad,deliverables/partner-player-r007.png,feed,format: png; width: 1080; height: 1350,not_produced
SB3-078-LAY,Continental Cup - Squad press and partner kit,Layout & Data,26,partner-player-r008,Player partner graphic - Viktor Halic,deliverables/partner-player-r008.png,feed,format: png; width: 1080; height: 1350,not_produced
SB3-078-LAY,Continental Cup - Squad press and partner kit,Layout & Data,27,partner-player-r009,Player partner graphic - Nikolai Ivanic,deliverables/partner-player-r009.png,feed,format: png; width: 1080; height: 1350,not_produced
SB3-078-LAY,Continental Cup - Squad press and partner kit,Layout & Data,28,partner-player-r011,Player partner graphic - Emil Larsson,deliverables/partner-player-r011.png,feed,format: png; width: 1080; height: 1350,not_produced
SB3-078-LAY,Continental Cup - Squad press and partner kit,Layout & Data,29,partner-player-r012,Player partner graphic - Hugo Marchand,deliverables/partner-player-r012.png,feed,format: png; width: 1080; height: 1350,not_produced
SB3-078-LAY,Continental Cup - Squad press and partner kit,Layout & Data,30,partner-player-r013,Player partner graphic - Andre Mensah,deliverables/partner-player-r013.png,feed,format: png; width: 1080; height: 1350,not_produced
SB3-078-LAY,Continental Cup - Squad press and partner kit,Layout & Data,31,partner-player-r014,Player partner graphic - Pavel Novak,deliverables/partner-player-r014.png,feed,format: png; width: 1080; height: 1350,not_produced
SB3-078-LAY,Continental Cup - Squad press and partner kit,Layout & Data,32,partner-player-r015,Player partner graphic - Samuel Okoye,deliverables/partner-player-r015.png,feed,format: png; width: 1080; height: 1350,not_produced
SB3-078-LAY,Continental Cup - Squad press and partner kit,Layout & Data,33,partner-player-r016,Player partner graphic - Luka Petrov,deliverables/partner-player-r016.png,feed,format: png; width: 1080; height: 1350,not_produced
SB3-078-LAY,Continental Cup - Squad press and partner kit,Layout & Data,34,partner-player-r017,Player partner graphic - Theo Rocher,deliverables/partner-player-r017.png,feed,format: png; width: 1080; height: 1350,not_produced
SB3-078-LAY,Continental Cup - Squad press and partner kit,Layout & Data,35,partner-player-r018,Player partner graphic - Mateo Rossi,deliverables/partner-player-r018.png,feed,format: png; width: 1080; height: 1350,not_produced
SB3-078-LAY,Continental Cup - Squad press and partner kit,Layout & Data,36,partner-player-r019,Player partner graphic - Diego Solano,deliverables/partner-player-r019.png,feed,format: png; width: 1080; height: 1350,not_produced
SB3-078-LAY,Continental Cup - Squad press and partner kit,Layout & Data,37,partner-player-r020,Player partner graphic - Yuki Tanaka,deliverables/partner-player-r020.png,feed,format: png; width: 1080; height: 1350,not_produced
SB3-079-LAY,Ferncroft Nursery - Spring plant tag system,Layout & Data,1,plant-tag-r002,Plant variety tag - Coneflower,deliverables/plant-tag-r002.pdf,tag,format: pdf; width_mm: 148.167; height_mm: 209.889; pages: 1,not_produced
SB3-079-LAY,Ferncroft Nursery - Spring plant tag system,Layout & Data,2,plant-tag-r003,Plant variety tag - English Lavender 'Hidcote',deliverables/plant-tag-r003.pdf,tag,format: pdf; width_mm: 148.167; height_mm: 209.889; pages: 1,not_produced
SB3-079-LAY,Ferncroft Nursery - Spring plant tag system,Layout & Data,3,plant-tag-r004,Plant variety tag - Bee Balm,deliverables/plant-tag-r004.pdf,tag,format: pdf; width_mm: 148.167; height_mm: 209.889; pages: 1,not_produced
SB3-079-LAY,Ferncroft Nursery - Spring plant tag system,Layout & Data,4,plant-tag-r005,Plant variety tag - Siberian Iris,deliverables/plant-tag-r005.pdf,tag,format: pdf; width_mm: 148.167; height_mm: 209.889; pages: 1,not_produced
SB3-079-LAY,Ferncroft Nursery - Spring plant tag system,Layout & Data,5,plant-tag-r006,Plant variety tag - Common Thyme,deliverables/plant-tag-r006.pdf,tag,format: pdf; width_mm: 148.167; height_mm: 209.889; pages: 1,not_produced
SB3-079-LAY,Ferncroft Nursery - Spring plant tag system,Layout & Data,6,plant-tag-r007,Plant variety tag - Oakleaf Hydrangea,deliverables/plant-tag-r007.pdf,tag,format: pdf; width_mm: 148.167; height_mm: 209.889; pages: 1,not_produced
SB3-079-LAY,Ferncroft Nursery - Spring plant tag system,Layout & Data,7,plant-tag-r008,Plant variety tag - Lady's Mantle,deliverables/plant-tag-r008.pdf,tag,format: pdf; width_mm: 148.167; height_mm: 209.889; pages: 1,not_produced
SB3-079-LAY,Ferncroft Nursery - Spring plant tag system,Layout & Data,8,plant-tag-r009,Plant variety tag - Greek Oregano,deliverables/plant-tag-r009.pdf,tag,format: pdf; width_mm: 148.167; height_mm: 209.889; pages: 1,not_produced
SB3-079-LAY,Ferncroft Nursery - Spring plant tag system,Layout & Data,9,plant-tag-r010,Plant variety tag - French Tarragon,deliverables/plant-tag-r010.pdf,tag,format: pdf; width_mm: 148.167; height_mm: 209.889; pages: 1,not_produced
SB3-079-LAY,Ferncroft Nursery - Spring plant tag system,Layout & Data,10,plant-tag-r011,Plant variety tag - Bearded Iris 'Litchfield Gold',deliverables/plant-tag-r011.pdf,tag,format: pdf; width_mm: 148.167; height_mm: 209.889; pages: 1,not_produced
SB3-079-LAY,Ferncroft Nursery - Spring plant tag system,Layout & Data,11,plant-tag-r012,Plant variety tag - Japanese Maple 'Bloodgood',deliverables/plant-tag-r012.pdf,tag,format: pdf; width_mm: 148.167; height_mm: 209.889; pages: 1,not_produced
SB3-079-LAY,Ferncroft Nursery - Spring plant tag system,Layout & Data,12,plant-tag-r013,Plant variety tag - Garden Sage,deliverables/plant-tag-r013.pdf,tag,format: pdf; width_mm: 148.167; height_mm: 209.889; pages: 1,not_produced
SB3-079-LAY,Ferncroft Nursery - Spring plant tag system,Layout & Data,13,plant-tag-r014,Plant variety tag - Mockorange 'Litchfield',deliverables/plant-tag-r014.pdf,tag,format: pdf; width_mm: 148.167; height_mm: 209.889; pages: 1,not_produced
SB3-079-LAY,Ferncroft Nursery - Spring plant tag system,Layout & Data,14,plant-tag-r015,Plant variety tag - Hardy Geranium,deliverables/plant-tag-r015.pdf,tag,format: pdf; width_mm: 148.167; height_mm: 209.889; pages: 1,not_produced
SB3-079-LAY,Ferncroft Nursery - Spring plant tag system,Layout & Data,15,plant-tag-r016,Plant variety tag - Summersweet,deliverables/plant-tag-r016.pdf,tag,format: pdf; width_mm: 148.167; height_mm: 209.889; pages: 1,not_produced
SB3-079-LAY,Ferncroft Nursery - Spring plant tag system,Layout & Data,16,plant-tag-r017,Plant variety tag - Star Magnolia,deliverables/plant-tag-r017.pdf,tag,format: pdf; width_mm: 148.167; height_mm: 209.889; pages: 1,not_produced
SB3-079-LAY,Ferncroft Nursery - Spring plant tag system,Layout & Data,17,plant-tag-r018,Plant variety tag - Sweet Bay,deliverables/plant-tag-r018.pdf,tag,format: pdf; width_mm: 148.167; height_mm: 209.889; pages: 1,not_produced
SB3-079-LAY,Ferncroft Nursery - Spring plant tag system,Layout & Data,18,plant-tag-r019,Plant variety tag - Doublefile Viburnum,deliverables/plant-tag-r019.pdf,tag,format: pdf; width_mm: 148.167; height_mm: 209.889; pages: 1,not_produced
SB3-079-LAY,Ferncroft Nursery - Spring plant tag system,Layout & Data,19,plant-tag-r020,Plant variety tag - Peony 'Old Bench',deliverables/plant-tag-r020.pdf,tag,format: pdf; width_mm: 148.167; height_mm: 209.889; pages: 1,not_produced
SB3-079-LAY,Ferncroft Nursery - Spring plant tag system,Layout & Data,20,plant-tag-r021,Plant variety tag - Weeping Katsura,deliverables/plant-tag-r021.pdf,tag,format: pdf; width_mm: 148.167; height_mm: 209.889; pages: 1,not_produced
SB3-079-LAY,Ferncroft Nursery - Spring plant tag system,Layout & Data,21,plant-tag-r022,Plant variety tag - Fothergilla,deliverables/plant-tag-r022.pdf,tag,format: pdf; width_mm: 148.167; height_mm: 209.889; pages: 1,not_produced
SB3-079-LAY,Ferncroft Nursery - Spring plant tag system,Layout & Data,22,plant-tag-combined,Plant variety tag - combined production run,deliverables/plant-tag-combined.pdf,combined_print_run,format: pdf; pages: 21; width_mm: 148.167; height_mm: 209.889,not_produced
SB3-079-LAY,Ferncroft Nursery - Spring plant tag system,Layout & Data,23,department-run-perennials-per,Department tag production run - Perennials (PER),deliverables/department-run-perennials-per.pdf,tag,format: pdf; width_mm: 55; height_mm: 85; pages: 7,not_produced
SB3-079-LAY,Ferncroft Nursery - Spring plant tag system,Layout & Data,24,department-run-herbs-hrb,Department tag production run - Herbs (HRB),deliverables/department-run-herbs-hrb.pdf,tag,format: pdf; width_mm: 55; height_mm: 85; pages: 6,not_produced
SB3-079-LAY,Ferncroft Nursery - Spring plant tag system,Layout & Data,25,department-run-shrubs-shr,Department tag production run - Shrubs (SHR),deliverables/department-run-shrubs-shr.pdf,tag,format: pdf; width_mm: 55; height_mm: 85; pages: 5,not_produced
SB3-079-LAY,Ferncroft Nursery - Spring plant tag system,Layout & Data,26,department-run-specimen-spc,Department tag production run - Specimen (SPC),deliverables/department-run-specimen-spc.pdf,tag,format: pdf; width_mm: 55; height_mm: 85; pages: 3,not_produced
SB3-080-LAY,Marrow and Vane - Exhibition wall-label system,Layout & Data,1,wall-label-r002,Exhibition wall label - C-001,deliverables/wall-label-r002.pdf,wall-label,format: pdf; width_mm: 105.156; height_mm: 148.167; pages: 1,not_produced
SB3-080-LAY,Marrow and Vane - Exhibition wall-label system,Layout & Data,2,wall-label-r003,Exhibition wall label - C-002,deliverables/wall-label-r003.pdf,wall-label,format: pdf; width_mm: 105.156; height_mm: 148.167; pages: 1,not_produced
SB3-080-LAY,Marrow and Vane - Exhibition wall-label system,Layout & Data,3,wall-label-r013,Exhibition wall label - C-012,deliverables/wall-label-r013.pdf,wall-label,format: pdf; width_mm: 105.156; height_mm: 148.167; pages: 1,not_produced
SB3-080-LAY,Marrow and Vane - Exhibition wall-label system,Layout & Data,4,wall-label-r011,Exhibition wall label - C-010,deliverables/wall-label-r011.pdf,wall-label,format: pdf; width_mm: 105.156; height_mm: 148.167; pages: 1,not_produced
SB3-080-LAY,Marrow and Vane - Exhibition wall-label system,Layout & Data,5,wall-label-r004,Exhibition wall label - C-003,deliverables/wall-label-r004.pdf,wall-label,format: pdf; width_mm: 105.156; height_mm: 148.167; pages: 1,not_produced
SB3-080-LAY,Marrow and Vane - Exhibition wall-label system,Layout & Data,6,wall-label-r015,Exhibition wall label - C-014,deliverables/wall-label-r015.pdf,wall-label,format: pdf; width_mm: 105.156; height_mm: 148.167; pages: 1,not_produced
SB3-080-LAY,Marrow and Vane - Exhibition wall-label system,Layout & Data,7,wall-label-r005,Exhibition wall label - C-004,deliverables/wall-label-r005.pdf,wall-label,format: pdf; width_mm: 105.156; height_mm: 148.167; pages: 1,not_produced
SB3-080-LAY,Marrow and Vane - Exhibition wall-label system,Layout & Data,8,wall-label-r006,Exhibition wall label - C-005,deliverables/wall-label-r006.pdf,wall-label,format: pdf; width_mm: 105.156; height_mm: 148.167; pages: 1,not_produced
SB3-080-LAY,Marrow and Vane - Exhibition wall-label system,Layout & Data,9,wall-label-r012,Exhibition wall label - C-011,deliverables/wall-label-r012.pdf,wall-label,format: pdf; width_mm: 105.156; height_mm: 148.167; pages: 1,not_produced
SB3-080-LAY,Marrow and Vane - Exhibition wall-label system,Layout & Data,10,wall-label-r007,Exhibition wall label - C-006,deliverables/wall-label-r007.pdf,wall-label,format: pdf; width_mm: 105.156; height_mm: 148.167; pages: 1,not_produced
SB3-080-LAY,Marrow and Vane - Exhibition wall-label system,Layout & Data,11,wall-label-r008,Exhibition wall label - C-007,deliverables/wall-label-r008.pdf,wall-label,format: pdf; width_mm: 105.156; height_mm: 148.167; pages: 1,not_produced
SB3-080-LAY,Marrow and Vane - Exhibition wall-label system,Layout & Data,12,wall-label-r009,Exhibition wall label - C-008,deliverables/wall-label-r009.pdf,wall-label,format: pdf; width_mm: 105.156; height_mm: 148.167; pages: 1,not_produced
SB3-080-LAY,Marrow and Vane - Exhibition wall-label system,Layout & Data,13,wall-label-r010,Exhibition wall label - C-009,deliverables/wall-label-r010.pdf,wall-label,format: pdf; width_mm: 105.156; height_mm: 148.167; pages: 1,not_produced
SB3-080-LAY,Marrow and Vane - Exhibition wall-label system,Layout & Data,14,wall-label-r016,Exhibition wall label - C-015,deliverables/wall-label-r016.pdf,wall-label,format: pdf; width_mm: 105.156; height_mm: 148.167; pages: 1,not_produced
SB3-080-LAY,Marrow and Vane - Exhibition wall-label system,Layout & Data,15,wall-label-r017,Exhibition wall label - C-016,deliverables/wall-label-r017.pdf,wall-label,format: pdf; width_mm: 105.156; height_mm: 148.167; pages: 1,not_produced
SB3-080-LAY,Marrow and Vane - Exhibition wall-label system,Layout & Data,16,wall-label-r028,Exhibition wall label - C-027,deliverables/wall-label-r028.pdf,wall-label,format: pdf; width_mm: 105.156; height_mm: 148.167; pages: 1,not_produced
SB3-080-LAY,Marrow and Vane - Exhibition wall-label system,Layout & Data,17,wall-label-r022,Exhibition wall label - C-021,deliverables/wall-label-r022.pdf,wall-label,format: pdf; width_mm: 105.156; height_mm: 148.167; pages: 1,not_produced
SB3-080-LAY,Marrow and Vane - Exhibition wall-label system,Layout & Data,18,wall-label-r025,Exhibition wall label - C-024,deliverables/wall-label-r025.pdf,wall-label,format: pdf; width_mm: 105.156; height_mm: 148.167; pages: 1,not_produced
SB3-080-LAY,Marrow and Vane - Exhibition wall-label system,Layout & Data,19,wall-label-r014,Exhibition wall label - C-013,deliverables/wall-label-r014.pdf,wall-label,format: pdf; width_mm: 105.156; height_mm: 148.167; pages: 1,not_produced
SB3-080-LAY,Marrow and Vane - Exhibition wall-label system,Layout & Data,20,wall-label-r018,Exhibition wall label - C-017,deliverables/wall-label-r018.pdf,wall-label,format: pdf; width_mm: 105.156; height_mm: 148.167; pages: 1,not_produced
SB3-080-LAY,Marrow and Vane - Exhibition wall-label system,Layout & Data,21,wall-label-r019,Exhibition wall label - C-018,deliverables/wall-label-r019.pdf,wall-label,format: pdf; width_mm: 105.156; height_mm: 148.167; pages: 1,not_produced
SB3-080-LAY,Marrow and Vane - Exhibition wall-label system,Layout & Data,22,wall-label-r026,Exhibition wall label - C-025,deliverables/wall-label-r026.pdf,wall-label,format: pdf; width_mm: 105.156; height_mm: 148.167; pages: 1,not_produced
SB3-080-LAY,Marrow and Vane - Exhibition wall-label system,Layout & Data,23,wall-label-r023,Exhibition wall label - C-022,deliverables/wall-label-r023.pdf,wall-label,format: pdf; width_mm: 105.156; height_mm: 148.167; pages: 1,not_produced
SB3-080-LAY,Marrow and Vane - Exhibition wall-label system,Layout & Data,24,wall-label-r020,Exhibition wall label - C-019,deliverables/wall-label-r020.pdf,wall-label,format: pdf; width_mm: 105.156; height_mm: 148.167; pages: 1,not_produced
SB3-080-LAY,Marrow and Vane - Exhibition wall-label system,Layout & Data,25,wall-label-r021,Exhibition wall label - C-020,deliverables/wall-label-r021.pdf,wall-label,format: pdf; width_mm: 105.156; height_mm: 148.167; pages: 1,not_produced
SB3-080-LAY,Marrow and Vane - Exhibition wall-label system,Layout & Data,26,wall-label-r024,Exhibition wall label - C-023,deliverables/wall-label-r024.pdf,wall-label,format: pdf; width_mm: 105.156; height_mm: 148.167; pages: 1,not_produced
SB3-080-LAY,Marrow and Vane - Exhibition wall-label system,Layout & Data,27,wall-label-r027,Exhibition wall label - C-026,deliverables/wall-label-r027.pdf,wall-label,format: pdf; width_mm: 105.156; height_mm: 148.167; pages: 1,not_produced
SB3-080-LAY,Marrow and Vane - Exhibition wall-label system,Layout & Data,28,wall-label-r029,Exhibition wall label - C-028,deliverables/wall-label-r029.pdf,wall-label,format: pdf; width_mm: 105.156; height_mm: 148.167; pages: 1,not_produced
SB3-080-LAY,Marrow and Vane - Exhibition wall-label system,Layout & Data,29,wall-label-r031,Exhibition wall label - C-030,deliverables/wall-label-r031.pdf,wall-label,format: pdf; width_mm: 105.156; height_mm: 148.167; pages: 1,not_produced
SB3-080-LAY,Marrow and Vane - Exhibition wall-label system,Layout & Data,30,wall-label-r036,Exhibition wall label - C-035,deliverables/wall-label-r036.pdf,wall-label,format: pdf; width_mm: 105.156; height_mm: 148.167; pages: 1,not_produced
SB3-080-LAY,Marrow and Vane - Exhibition wall-label system,Layout & Data,31,wall-label-r039,Exhibition wall label - C-038,deliverables/wall-label-r039.pdf,wall-label,format: pdf; width_mm: 105.156; height_mm: 148.167; pages: 1,not_produced
SB3-080-LAY,Marrow and Vane - Exhibition wall-label system,Layout & Data,32,wall-label-r042,Exhibition wall label - C-041,deliverables/wall-label-r042.pdf,wall-label,format: pdf; width_mm: 105.156; height_mm: 148.167; pages: 1,not_produced
SB3-080-LAY,Marrow and Vane - Exhibition wall-label system,Layout & Data,33,wall-label-r030,Exhibition wall label - C-029,deliverables/wall-label-r030.pdf,wall-label,format: pdf; width_mm: 105.156; height_mm: 148.167; pages: 1,not_produced
SB3-080-LAY,Marrow and Vane - Exhibition wall-label system,Layout & Data,34,wall-label-r037,Exhibition wall label - C-036,deliverables/wall-label-r037.pdf,wall-label,format: pdf; width_mm: 105.156; height_mm: 148.167; pages: 1,not_produced
SB3-080-LAY,Marrow and Vane - Exhibition wall-label system,Layout & Data,35,wall-label-r032,Exhibition wall label - C-031,deliverables/wall-label-r032.pdf,wall-label,format: pdf; width_mm: 105.156; height_mm: 148.167; pages: 1,not_produced
SB3-080-LAY,Marrow and Vane - Exhibition wall-label system,Layout & Data,36,wall-label-r033,Exhibition wall label - C-032,deliverables/wall-label-r033.pdf,wall-label,format: pdf; width_mm: 105.156; height_mm: 148.167; pages: 1,not_produced
SB3-080-LAY,Marrow and Vane - Exhibition wall-label system,Layout & Data,37,wall-label-r041,Exhibition wall label - C-040,deliverables/wall-label-r041.pdf,wall-label,format: pdf; width_mm: 105.156; height_mm: 148.167; pages: 1,not_produced
SB3-080-LAY,Marrow and Vane - Exhibition wall-label system,Layout & Data,38,wall-label-r034,Exhibition wall label - C-033,deliverables/wall-label-r034.pdf,wall-label,format: pdf; width_mm: 105.156; height_mm: 148.167; pages: 1,not_produced
SB3-080-LAY,Marrow and Vane - Exhibition wall-label system,Layout & Data,39,wall-label-r035,Exhibition wall label - C-034,deliverables/wall-label-r035.pdf,wall-label,format: pdf; width_mm: 105.156; height_mm: 148.167; pages: 1,not_produced
SB3-080-LAY,Marrow and Vane - Exhibition wall-label system,Layout & Data,40,wall-label-combined,Exhibition wall label - combined production run,deliverables/wall-label-combined.pdf,combined_print_run,format: pdf; pages: 39; width_mm: 105.156; height_mm: 148.167,not_produced
SB3-080-LAY,Marrow and Vane - Exhibition wall-label system,Layout & Data,41,installer-room-the-front-room,Room installer label file - The Front Room,deliverables/installer-room-the-front-room.pdf,wall-label,format: pdf; width_mm: 105.156; height_mm: 148.167; pages: 13,not_produced
SB3-080-LAY,Marrow and Vane - Exhibition wall-label system,Layout & Data,42,installer-room-the-cabinet,Room installer label file - The Cabinet,deliverables/installer-room-the-cabinet.pdf,wall-label,format: pdf; width_mm: 105.156; height_mm: 148.167; pages: 14,not_produced
SB3-080-LAY,Marrow and Vane - Exhibition wall-label system,Layout & Data,43,installer-room-the-long-gallery,Room installer label file - The Long Gallery,deliverables/installer-room-the-long-gallery.pdf,wall-label,format: pdf; width_mm: 105.156; height_mm: 148.167; pages: 12,not_produced
SB3-080-LAY,Marrow and Vane - Exhibition wall-label system,Layout & Data,44,artwork-checklist,Exhibition desk and press checklist,deliverables/artwork-checklist.pdf,brochure,format: pdf; width_mm: 210; height_mm: 297; pages: 16,not_produced
SB3-081-MOT,Ember and Oak - Restaurant launch reel system,Motion & Audio,1,launch,Restaurant launch reel,deliverables/launch.mp4,video,"format: mp4; width: 1920; height: 1080; ratio: 16:9; duration_seconds: {""min"": 12, ""max"": 15}; audio: silent",not_produced
SB3-081-MOT,Ember and Oak - Restaurant launch reel system,Motion & Audio,2,vertical,Restaurant upright cutdown,deliverables/vertical.mp4,video,"format: mp4; width: 1080; height: 1920; ratio: 9:16; duration_seconds: {""min"": 8, ""max"": 10}; audio: silent",not_produced
SB3-081-MOT,Ember and Oak - Restaurant launch reel system,Motion & Audio,3,square,Restaurant square bumper,deliverables/square.mp4,video,"format: mp4; width: 1080; height: 1080; ratio: 1:1; duration_seconds: {""min"": 6, ""max"": 8}; audio: silent",not_produced
SB3-082-MOT,Ironwood Kitchen - Product launch video package,Motion & Audio,1,product-launch,Lunch range launch film,deliverables/product-launch.mp4,video,"format: mp4; width: 1920; height: 1080; ratio: 16:9; duration_seconds: {""min"": 12, ""max"": 15}; audio: music",not_produced
SB3-082-MOT,Ironwood Kitchen - Product launch video package,Motion & Audio,2,vertical-cut,Lunch launch upright cutdown,deliverables/vertical-cut.mp4,video,"format: mp4; width: 1080; height: 1920; ratio: 9:16; duration_seconds: {""min"": 8, ""max"": 10}; audio: music",not_produced
SB3-083-MOT,Halden Greens - Creator ad and social cutdowns,Motion & Audio,1,creator-ad-hook-1,"Creator led ad, hook 1",deliverables/creator-ad-hook-1.mp4,video,"format: mp4; width: 1080; height: 1920; ratio: 9:16; duration_seconds: {""min"": 10, ""max"": 12}; audio: music",not_produced
SB3-083-MOT,Halden Greens - Creator ad and social cutdowns,Motion & Audio,2,creator-ad-hook-2,"Creator led ad, hook 2",deliverables/creator-ad-hook-2.mp4,video,"format: mp4; width: 1080; height: 1920; ratio: 9:16; duration_seconds: {""min"": 10, ""max"": 12}; audio: music",not_produced
SB3-083-MOT,Halden Greens - Creator ad and social cutdowns,Motion & Audio,3,creator-ad-hook-3,"Creator led ad, hook 3",deliverables/creator-ad-hook-3.mp4,video,"format: mp4; width: 1080; height: 1920; ratio: 9:16; duration_seconds: {""min"": 10, ""max"": 12}; audio: music",not_produced
SB3-084-MOT,Sable and Finch Realty - Property listing tour package,Motion & Audio,1,property-tour,Property listing tour,deliverables/property-tour.mp4,video,"format: mp4; width: 1920; height: 1080; ratio: 16:9; duration_seconds: {""min"": 12, ""max"": 15}; audio: music",not_produced
SB3-084-MOT,Sable and Finch Realty - Property listing tour package,Motion & Audio,2,tour-vertical,Upright property tour,deliverables/tour-vertical.mp4,video,"format: mp4; width: 1080; height: 1920; ratio: 9:16; duration_seconds: {""min"": 8, ""max"": 10}; audio: music",not_produced
SB3-085-MOT,Sterling Row - Residence launch film and viewing package,Motion & Audio,1,opening-film,Residence launch film,deliverables/opening-film.mp4,video,"format: mp4; width: 1920; height: 1080; ratio: 16:9; duration_seconds: {""min"": 12, ""max"": 15}; audio: music",not_produced
SB3-085-MOT,Sterling Row - Residence launch film and viewing package,Motion & Audio,2,opening-teaser,Residence vertical teaser,deliverables/opening-teaser.mp4,video,"format: mp4; width: 1080; height: 1920; ratio: 9:16; duration_seconds: {""min"": 6, ""max"": 8}; audio: music",not_produced
SB3-086-MOT,Meridian Academy - Lesson video package,Motion & Audio,1,lesson,Course teaser,deliverables/lesson.mp4,video,"format: mp4; width: 1920; height: 1080; ratio: 16:9; duration_seconds: {""min"": 12, ""max"": 15}; audio: music",not_produced
SB3-086-MOT,Meridian Academy - Lesson video package,Motion & Audio,2,lesson-vertical,Course teaser vertical cutdown,deliverables/lesson-vertical.mp4,film,"format: mp4; width: 1080; height: 1920; ratio: 9:16; duration_seconds: {""min"": 6, ""max"": 8}; audio: silent",required
SB3-087-MOT,Norvant - Product explainer motion system,Motion & Audio,1,explainer,Release film,deliverables/explainer.mp4,video,"format: mp4; width: 1920; height: 1080; ratio: 16:9; duration_seconds: {""min"": 12, ""max"": 15}; audio: music",not_produced
SB3-087-MOT,Norvant - Product explainer motion system,Motion & Audio,2,explainer-vertical,Release film vertical cutdown,deliverables/explainer-vertical.mp4,video,"format: mp4; width: 1080; height: 1920; ratio: 9:16; duration_seconds: {""min"": 6, ""max"": 8}; audio: silent",not_produced
SB3-088-MOT,SentinelMesh - Product demo and narration package,Motion & Audio,1,demo-master,Product demo master,deliverables/demo-master.mp4,video,"format: mp4; width: 1920; height: 1080; ratio: 16:9; duration_seconds: {""min"": 12, ""max"": 15}; audio: music",not_produced
SB3-088-MOT,SentinelMesh - Product demo and narration package,Motion & Audio,2,demo-feed,Product demo feed cut,deliverables/demo-feed.mp4,video,"format: mp4; width: 1080; height: 1080; ratio: 1:1; duration_seconds: {""min"": 6, ""max"": 8}; audio: silent",not_produced
SB3-089-MOT,Voltcast - Podcast short and audio treatment,Motion & Audio,1,podcast-square,Episode 42 verdict short,deliverables/podcast-square.mp4,video,"format: mp4; width: 1080; height: 1080; ratio: 1:1; duration_seconds: {""min"": 12, ""max"": 15}; audio: music",not_produced
SB3-089-MOT,Voltcast - Podcast short and audio treatment,Motion & Audio,2,podcast-vertical,Verdict short vertical cutdown,deliverables/podcast-vertical.mp4,video,"format: mp4; width: 1080; height: 1920; ratio: 9:16; duration_seconds: {""min"": 8, ""max"": 10}; audio: music",not_produced
SB3-089-MOT,Voltcast - Podcast short and audio treatment,Motion & Audio,3,episode-cover,Podcast episode cover,deliverables/episode-cover.png,square,format: png; width: 1200; height: 1200,not_produced
SB3-090-MOT,DAYDRIFT - Vertical interview short series,Motion & Audio,1,season-trailer-vertical,Season four trailer,deliverables/season-trailer-vertical.mp4,film,"format: mp4; width: 1080; height: 1920; ratio: 9:16; duration_seconds: {""min"": 12, ""max"": 15}; audio: music",required
SB3-090-MOT,DAYDRIFT - Vertical interview short series,Motion & Audio,2,season-trailer-square,Season four trailer square cutdown,deliverables/season-trailer-square.mp4,film,"format: mp4; width: 1080; height: 1080; ratio: 1:1; duration_seconds: {""min"": 8, ""max"": 10}; audio: music",required
SB3-090-MOT,DAYDRIFT - Vertical interview short series,Motion & Audio,3,short-cover-idea-1,Episode two cover,deliverables/short-cover-idea-1.png,feed,format: png; width: 1080; height: 1350,not_produced
SB3-090-MOT,DAYDRIFT - Vertical interview short series,Motion & Audio,4,short-cover-idea-2,Episode five cover,deliverables/short-cover-idea-2.png,feed,format: png; width: 1080; height: 1350,not_produced
SB3-090-MOT,DAYDRIFT - Vertical interview short series,Motion & Audio,5,short-cover-idea-3,Episode eight cover,deliverables/short-cover-idea-3.png,feed,format: png; width: 1080; height: 1350,not_produced
SB3-091-MOT,STATIC FOX - Thumbnail and animated channel package,Motion & Audio,1,thumbnail-we-broke-the-map,Channel thumbnail: WE BROKE THE MAP,deliverables/thumbnail-we-broke-the-map.png,landscape,format: png; width: 1920; height: 1080,not_produced
SB3-091-MOT,STATIC FOX - Thumbnail and animated channel package,Motion & Audio,2,thumbnail-everyone-off-the-platform,Channel thumbnail: EVERYONE OFF THE PLATFORM,deliverables/thumbnail-everyone-off-the-platform.png,landscape,format: png; width: 1920; height: 1080,not_produced
SB3-091-MOT,STATIC FOX - Thumbnail and animated channel package,Motion & Audio,3,thumbnail-kitchen-gone,Channel thumbnail: KITCHEN. GONE.,deliverables/thumbnail-kitchen-gone.png,landscape,format: png; width: 1920; height: 1080,not_produced
SB3-091-MOT,STATIC FOX - Thumbnail and animated channel package,Motion & Audio,4,thumbnail-do-not-open-that-door,Channel thumbnail: DO NOT OPEN THAT DOOR,deliverables/thumbnail-do-not-open-that-door.png,landscape,format: png; width: 1920; height: 1080,not_produced
SB3-091-MOT,STATIC FOX - Thumbnail and animated channel package,Motion & Audio,5,thumbnail-we-spent-six-hours-building-a-bridge-and-then-drove-straight-pas,Channel thumbnail: bridge title,deliverables/thumbnail-we-spent-six-hours-building-a-bridge-and-then-drove-straight-pas.png,landscape,format: png; width: 1920; height: 1080,not_produced
SB3-091-MOT,STATIC FOX - Thumbnail and animated channel package,Motion & Audio,6,thumbnail-i-gave-my-team-one-simple-job-and-they-set-the-entire-base-on-fi,Channel thumbnail: base on fire title,deliverables/thumbnail-i-gave-my-team-one-simple-job-and-they-set-the-entire-base-on-fi.png,landscape,format: png; width: 1920; height: 1080,not_produced
SB3-091-MOT,STATIC FOX - Thumbnail and animated channel package,Motion & Audio,7,channel-animation,Animated channel title and end card,deliverables/channel-animation.mp4,video,"format: mp4; width: 1920; height: 1080; ratio: 16:9; duration_seconds: {""min"": 6, ""max"": 8}; audio: silent",not_produced
SB3-091-MOT,STATIC FOX - Thumbnail and animated channel package,Motion & Audio,8,channel-teaser,Channel feed teaser,deliverables/channel-teaser.mp4,film,"format: mp4; width: 1920; height: 1080; ratio: 16:9; duration_seconds: {""min"": 12, ""max"": 15}; audio: music",required
SB3-091-MOT,STATIC FOX - Thumbnail and animated channel package,Motion & Audio,9,channel-teaser-vertical,Channel feed teaser upright cutdown,deliverables/channel-teaser-vertical.mp4,film,"format: mp4; width: 1080; height: 1920; ratio: 9:16; duration_seconds: {""min"": 6, ""max"": 8}; audio: music",required
SB3-092-MOT,NIGHTFORM - Low Beam music release package,Motion & Audio,1,release-teaser,Low Beam release teaser,deliverables/release-teaser.mp4,video,"format: mp4; width: 1920; height: 1080; ratio: 16:9; duration_seconds: {""min"": 12, ""max"": 15}; audio: music",not_produced
SB3-092-MOT,NIGHTFORM - Low Beam music release package,Motion & Audio,2,release-vertical,Low Beam vertical cutdown,deliverables/release-vertical.mp4,video,"format: mp4; width: 1080; height: 1920; ratio: 9:16; duration_seconds: {""min"": 8, ""max"": 10}; audio: music",not_produced
SB3-092-MOT,NIGHTFORM - Low Beam music release package,Motion & Audio,3,release-cover,Music release cover,deliverables/release-cover.png,square,format: png; width: 1200; height: 1200,not_produced
SB3-093-MOT,Emberline - Food channel thumbnail and motion package,Motion & Audio,1,food-promo,Food-show programme promo,deliverables/food-promo.mp4,video,"format: mp4; width: 1920; height: 1080; ratio: 16:9; duration_seconds: {""min"": 12, ""max"": 15}; audio: music",not_produced
SB3-093-MOT,Emberline - Food channel thumbnail and motion package,Motion & Audio,2,promo-vertical,Food-show vertical promo,deliverables/promo-vertical.mp4,video,"format: mp4; width: 1080; height: 1920; ratio: 9:16; duration_seconds: {""min"": 6, ""max"": 8}; audio: music",not_produced
SB3-093-MOT,Emberline - Food channel thumbnail and motion package,Motion & Audio,3,show-thumbnail,Food-show thumbnail,deliverables/show-thumbnail.png,landscape,format: png; width: 1920; height: 1080,not_produced
SB3-093-MOT,Emberline - Food channel thumbnail and motion package,Motion & Audio,4,programme-card-r002,Programme segment card 1,deliverables/programme-card-r002.png,feed,format: png; width: 1080; height: 1350,not_produced
SB3-093-MOT,Emberline - Food channel thumbnail and motion package,Motion & Audio,5,programme-card-r003,Programme segment card 2,deliverables/programme-card-r003.png,feed,format: png; width: 1080; height: 1350,not_produced
SB3-093-MOT,Emberline - Food channel thumbnail and motion package,Motion & Audio,6,programme-card-r004,Programme segment card 3,deliverables/programme-card-r004.png,feed,format: png; width: 1080; height: 1350,not_produced
SB3-093-MOT,Emberline - Food channel thumbnail and motion package,Motion & Audio,7,programme-card-r005,Programme segment card 4,deliverables/programme-card-r005.png,feed,format: png; width: 1080; height: 1350,not_produced
SB3-093-MOT,Emberline - Food channel thumbnail and motion package,Motion & Audio,8,programme-card-r006,Programme segment card 5,deliverables/programme-card-r006.png,feed,format: png; width: 1080; height: 1350,not_produced
SB3-093-MOT,Emberline - Food channel thumbnail and motion package,Motion & Audio,9,programme-card-r007,Programme segment card 6,deliverables/programme-card-r007.png,feed,format: png; width: 1080; height: 1350,not_produced
SB3-093-MOT,Emberline - Food channel thumbnail and motion package,Motion & Audio,10,programme-card-r008,Programme segment card 7,deliverables/programme-card-r008.png,feed,format: png; width: 1080; height: 1350,not_produced
SB3-093-MOT,Emberline - Food channel thumbnail and motion package,Motion & Audio,11,programme-card-r009,Programme segment card 8,deliverables/programme-card-r009.png,feed,format: png; width: 1080; height: 1350,not_produced
SB3-093-MOT,Emberline - Food channel thumbnail and motion package,Motion & Audio,12,programme-card-r010,Programme segment card 9,deliverables/programme-card-r010.png,feed,format: png; width: 1080; height: 1350,not_produced
SB3-094-MOT,Halden Diaries - Season recap video package,Motion & Audio,1,season-recap,Season recap,deliverables/season-recap.mp4,video,"format: mp4; width: 1920; height: 1080; ratio: 16:9; duration_seconds: {""min"": 12, ""max"": 15}; audio: music",not_produced
SB3-094-MOT,Halden Diaries - Season recap video package,Motion & Audio,2,recap-tall,Vertical season recap,deliverables/recap-tall.mp4,video,"format: mp4; width: 1080; height: 1920; ratio: 9:16; duration_seconds: {""min"": 8, ""max"": 10}; audio: silent",not_produced
SB3-094-MOT,Halden Diaries - Season recap video package,Motion & Audio,3,episode-cover-episode-1,Season episode cover 1,deliverables/episode-cover-episode-1.png,landscape,format: png; width: 1920; height: 1080,not_produced
SB3-094-MOT,Halden Diaries - Season recap video package,Motion & Audio,4,episode-cover-episode-2,Season episode cover 2,deliverables/episode-cover-episode-2.png,landscape,format: png; width: 1920; height: 1080,not_produced
SB3-094-MOT,Halden Diaries - Season recap video package,Motion & Audio,5,episode-cover-episode-3,Season episode cover 3,deliverables/episode-cover-episode-3.png,landscape,format: png; width: 1920; height: 1080,not_produced
SB3-095-MOT,Anvil and Oak Strength - Movement coaching clip library,Motion & Audio,1,movement-wide-r002,Movement library launch reel,deliverables/movement-wide-r002.mp4,video,"format: mp4; width: 1920; height: 1080; ratio: 16:9; duration_seconds: {""min"": 12, ""max"": 15}; audio: music",not_produced
SB3-095-MOT,Anvil and Oak Strength - Movement coaching clip library,Motion & Audio,2,movement-tall-r002,Vertical library cutdown,deliverables/movement-tall-r002.mp4,video,"format: mp4; width: 1080; height: 1920; ratio: 9:16; duration_seconds: {""min"": 8, ""max"": 9}; audio: silent",not_produced
SB3-095-MOT,Anvil and Oak Strength - Movement coaching clip library,Motion & Audio,3,movement-wide-r003,Square library cutdown,deliverables/movement-wide-r003.mp4,video,"format: mp4; width: 1080; height: 1080; ratio: 1:1; duration_seconds: {""min"": 6, ""max"": 8}; audio: silent",not_produced
SB3-096-MOT,Vitale Labs - Wellness editorial video package,Motion & Audio,1,editorial-wide-excerpt-1,Balance Brief teaser,deliverables/editorial-wide-excerpt-1.mp4,video,"format: mp4; width: 1920; height: 1080; ratio: 16:9; duration_seconds: {""min"": 12, ""max"": 15}; audio: music",not_produced
SB3-096-MOT,Vitale Labs - Wellness editorial video package,Motion & Audio,2,editorial-tall-excerpt-1,Vertical editorial cutdown,deliverables/editorial-tall-excerpt-1.mp4,video,"format: mp4; width: 1080; height: 1920; ratio: 9:16; duration_seconds: {""min"": 8, ""max"": 9}; audio: silent",not_produced
SB3-096-MOT,Vitale Labs - Wellness editorial video package,Motion & Audio,3,editorial-wide-excerpt-2,Square series bumper,deliverables/editorial-wide-excerpt-2.mp4,video,"format: mp4; width: 1080; height: 1080; ratio: 1:1; duration_seconds: {""min"": 6, ""max"": 8}; audio: silent",not_produced
SB3-097-MOT,Pulsevault - Event recap package,Motion & Audio,1,event-recap,Saturday recap film,deliverables/event-recap.mp4,video,"format: mp4; width: 1080; height: 1920; ratio: 9:16; duration_seconds: {""min"": 12, ""max"": 15}; audio: music",not_produced
SB3-097-MOT,Pulsevault - Event recap package,Motion & Audio,2,recap-square,Square recap cutdown,deliverables/recap-square.mp4,film,"format: mp4; width: 1080; height: 1080; ratio: 1:1; duration_seconds: {""min"": 6, ""max"": 10}; audio: music",required
SB3-097-MOT,Pulsevault - Event recap package,Motion & Audio,3,event-cover,Event recap cover,deliverables/event-cover.png,feed,format: png; width: 1080; height: 1350,not_produced
SB3-097-MOT,Pulsevault - Event recap package,Motion & Audio,4,next-event,Next event announcement,deliverables/next-event.png,story,format: png; width: 1080; height: 1920,not_produced
SB3-098-MOT,Velvet Hour - Social film and story cutdowns,Motion & Audio,1,performance-film,Performance film,deliverables/performance-film.mp4,video,"format: mp4; width: 1080; height: 1920; ratio: 9:16; duration_seconds: {""min"": 12, ""max"": 15}; audio: music",not_produced
SB3-098-MOT,Velvet Hour - Social film and story cutdowns,Motion & Audio,2,performance-story,Square performance cutdown,deliverables/performance-story.mp4,video,"format: mp4; width: 1080; height: 1080; ratio: 1:1; duration_seconds: {""min"": 6, ""max"": 10}; audio: music",not_produced
SB3-098-MOT,Velvet Hour - Social film and story cutdowns,Motion & Audio,3,show-poster,Next show poster,deliverables/show-poster.pdf,poster,format: pdf; width_mm: 420; height_mm: 594; pages: 1,not_produced
SB3-099-MOT,Milepost Driving Academy - Scenario clip training library,Motion & Audio,1,scenario-r003,Right turns explainer,deliverables/scenario-r003.mp4,video,"format: mp4; width: 1920; height: 1080; ratio: 16:9; duration_seconds: {""min"": 12, ""max"": 15}; audio: silent",not_produced
SB3-099-MOT,Milepost Driving Academy - Scenario clip training library,Motion & Audio,2,scenario-r008,Four-way stops explainer,deliverables/scenario-r008.mp4,video,"format: mp4; width: 1920; height: 1080; ratio: 16:9; duration_seconds: {""min"": 10, ""max"": 12}; audio: silent",not_produced
SB3-099-MOT,Milepost Driving Academy - Scenario clip training library,Motion & Audio,3,scenario-tall,Vertical lane changes example,deliverables/scenario-tall.mp4,video,"format: mp4; width: 1080; height: 1920; ratio: 9:16; duration_seconds: {""min"": 6, ""max"": 9}; audio: silent",not_produced
SB3-100-MOT,FOLD and GRAIN Studio - Dual-client sizzle and service package,Motion & Audio,1,client-film-cobbleway,Cobbleway campaign film,deliverables/client-film-cobbleway.mp4,video,"format: mp4; width: 1920; height: 1080; ratio: 16:9; duration_seconds: {""min"": 10, ""max"": 12}; audio: music",not_produced
SB3-100-MOT,FOLD and GRAIN Studio - Dual-client sizzle and service package,Motion & Audio,2,client-tall-cobbleway,Cobbleway vertical cutdown,deliverables/client-tall-cobbleway.mp4,video,"format: mp4; width: 1080; height: 1920; ratio: 9:16; duration_seconds: {""min"": 6, ""max"": 8}; audio: music",not_produced
SB3-100-MOT,FOLD and GRAIN Studio - Dual-client sizzle and service package,Motion & Audio,3,client-film-lunara,Lunara campaign film,deliverables/client-film-lunara.mp4,video,"format: mp4; width: 1920; height: 1080; ratio: 16:9; duration_seconds: {""min"": 10, ""max"": 12}; audio: silent",not_produced
SB3-100-MOT,FOLD and GRAIN Studio - Dual-client sizzle and service package,Motion & Audio,4,client-tall-lunara,Lunara vertical cutdown,deliverables/client-tall-lunara.mp4,video,"format: mp4; width: 1080; height: 1920; ratio: 9:16; duration_seconds: {""min"": 6, ""max"": 8}; audio: silent",not_produced
SB3-100-MOT,FOLD and GRAIN Studio - Dual-client sizzle and service package,Motion & Audio,5,campaign-board-cobbleway,Cobbleway campaign presentation,deliverables/campaign-board-cobbleway.pdf,deck,format: pdf; width_mm: 338.667; height_mm: 190.5; pages: 4,not_produced
SB3-100-MOT,FOLD and GRAIN Studio - Dual-client sizzle and service package,Motion & Audio,6,campaign-board-lunara,Lunara campaign presentation,deliverables/campaign-board-lunara.pdf,deck,format: pdf; width_mm: 338.667; height_mm: 190.5; pages: 4,not_produced
SB3-100-MOT,FOLD and GRAIN Studio - Dual-client sizzle and service package,Motion & Audio,7,studio-service,Studio service page composition,deliverables/studio-service.png,web,format: png; width: 1440; height: 2400,not_produced
