task_id,filename,bytes,sha256,spec_sha256,asset_manifest_sha256
LAYOUT-01,kantyna_plate_01.jpg,2398548,1dbe5cf0912dcf8eab24d3f2e099c8167a5fedd20f5dad94e772404d9a1c5b84,66c9f9538345f94b196a490fa596f9877b58dff15f52237f4dad02a2ce76f49a,ad4ae8b0817b6f6da7d5f9aff4384327a49e9bc26de8d91754697cab63161df8
LAYOUT-01,kantyna_copy.txt,2527,1496de6c0a8bcd818da9d78d5be5ac32c0123d0750ad3c488073c4a9df009416,66c9f9538345f94b196a490fa596f9877b58dff15f52237f4dad02a2ce76f49a,ad4ae8b0817b6f6da7d5f9aff4384327a49e9bc26de8d91754697cab63161df8
LAYOUT-01,kantyna_plate_07.jpg,2332055,a145693d7b52cb15ad30e810bb155cf0ade8f7566d9945564bc98b7fe80530cf,66c9f9538345f94b196a490fa596f9877b58dff15f52237f4dad02a2ce76f49a,ad4ae8b0817b6f6da7d5f9aff4384327a49e9bc26de8d91754697cab63161df8
LAYOUT-01,kantyna_plate_03.jpg,2152986,ab2639d3ecdf596f9f0751a27c33175b96093e8935c05fd81f2c8ede451a19f6,66c9f9538345f94b196a490fa596f9877b58dff15f52237f4dad02a2ce76f49a,ad4ae8b0817b6f6da7d5f9aff4384327a49e9bc26de8d91754697cab63161df8
LAYOUT-01,kantyna_plate_04.jpg,2578791,181c353e6fac458bfb053cd47b74f4cf1510932745b67b1307f533223695a967,66c9f9538345f94b196a490fa596f9877b58dff15f52237f4dad02a2ce76f49a,ad4ae8b0817b6f6da7d5f9aff4384327a49e9bc26de8d91754697cab63161df8
LAYOUT-01,kantyna_plate_13.jpg,2485104,78b13b4bbeacfe76830d4e642efe8285edf561744bd5bce2cbda447f00b92204,66c9f9538345f94b196a490fa596f9877b58dff15f52237f4dad02a2ce76f49a,ad4ae8b0817b6f6da7d5f9aff4384327a49e9bc26de8d91754697cab63161df8
LAYOUT-01,kantyna_plate_12.jpg,2167915,41aaaaf5b6b8e275992e48b7f51c822afc51d0da3acb325ca6f52154faf399f0,66c9f9538345f94b196a490fa596f9877b58dff15f52237f4dad02a2ce76f49a,ad4ae8b0817b6f6da7d5f9aff4384327a49e9bc26de8d91754697cab63161df8
LAYOUT-01,kantyna_pairing_card_press.pdf,151193,2a13ba743daa1c869d91dd171cb597a657208a8bf7e3383f02e7f4b258851372,66c9f9538345f94b196a490fa596f9877b58dff15f52237f4dad02a2ce76f49a,ad4ae8b0817b6f6da7d5f9aff4384327a49e9bc26de8d91754697cab63161df8
LAYOUT-01,kantyna_plate_02.jpg,2160612,ead22c6c6dfd03e884b8874ed88ca18f4709724c19a7b77cac8776fbc1321106,66c9f9538345f94b196a490fa596f9877b58dff15f52237f4dad02a2ce76f49a,ad4ae8b0817b6f6da7d5f9aff4384327a49e9bc26de8d91754697cab63161df8
LAYOUT-01,kantyna_plate_11.jpg,1901406,4765fb57e25da146cb4a5b86fdc15b625fc3c81827f7308225758f2c57719217,66c9f9538345f94b196a490fa596f9877b58dff15f52237f4dad02a2ce76f49a,ad4ae8b0817b6f6da7d5f9aff4384327a49e9bc26de8d91754697cab63161df8
LAYOUT-01,kantyna_plate_10.jpg,3010620,18e2be4ed7093063b62959cee88c4b5ea73ac2c1dde9984a13b1f971e63638b9,66c9f9538345f94b196a490fa596f9877b58dff15f52237f4dad02a2ce76f49a,ad4ae8b0817b6f6da7d5f9aff4384327a49e9bc26de8d91754697cab63161df8
LAYOUT-01,kantyna_plate_14.jpg,2327150,ab712b08464b91e9b9cb61dc5e3748c44459bebdaf0c99dbfc0550b5ca5652be,66c9f9538345f94b196a490fa596f9877b58dff15f52237f4dad02a2ce76f49a,ad4ae8b0817b6f6da7d5f9aff4384327a49e9bc26de8d91754697cab63161df8
LAYOUT-01,kantyna_plate_09.jpg,2477702,c479d7533c6bde6c6687a5f7c9a4dfcecf2537338a56e31696e7296bbc1233f3,66c9f9538345f94b196a490fa596f9877b58dff15f52237f4dad02a2ce76f49a,ad4ae8b0817b6f6da7d5f9aff4384327a49e9bc26de8d91754697cab63161df8
LAYOUT-01,kantyna_plate_06.jpg,2726823,3a1a5b57e4cd992a648c1441182e79fe7948d1da9412d73b7b3488696f031299,66c9f9538345f94b196a490fa596f9877b58dff15f52237f4dad02a2ce76f49a,ad4ae8b0817b6f6da7d5f9aff4384327a49e9bc26de8d91754697cab63161df8
LAYOUT-01,kantyna_plate_08.jpg,2316261,4ef9adfa8c28d5b780e6a2f6c5c59e3371374e46d4ae5ba20972a9eeabe806e6,66c9f9538345f94b196a490fa596f9877b58dff15f52237f4dad02a2ce76f49a,ad4ae8b0817b6f6da7d5f9aff4384327a49e9bc26de8d91754697cab63161df8
LAYOUT-01,kantyna_plate_05.jpg,2645005,9238cb9168cd2af80866472005a03fc931a68291581c4aa9030a862238195aad,66c9f9538345f94b196a490fa596f9877b58dff15f52237f4dad02a2ce76f49a,ad4ae8b0817b6f6da7d5f9aff4384327a49e9bc26de8d91754697cab63161df8
LAYOUT-01,kantyna_december_bookings.csv,1853,c4c8ce558745d3038d7dbb752206730679aa82537bfd6c29061f40cb385c8ad1,66c9f9538345f94b196a490fa596f9877b58dff15f52237f4dad02a2ce76f49a,ad4ae8b0817b6f6da7d5f9aff4384327a49e9bc26de8d91754697cab63161df8
LAYOUT-01,kantyna_room_reference.jpg,1540277,b8f8eda81fc323d28087984dd0e8637eec1c8fe8c8259026b20ff7066399e47e,66c9f9538345f94b196a490fa596f9877b58dff15f52237f4dad02a2ce76f49a,ad4ae8b0817b6f6da7d5f9aff4384327a49e9bc26de8d91754697cab63161df8
LAYOUT-01,kantyna_wine_list.txt,2385,79579139c89eccdae8ef2e7072caada6a3bd226e72e68f41ac97aeb1520bd848,66c9f9538345f94b196a490fa596f9877b58dff15f52237f4dad02a2ce76f49a,ad4ae8b0817b6f6da7d5f9aff4384327a49e9bc26de8d91754697cab63161df8
LAYOUT-02,counter_shot_01.jpg,2229231,94b14592c4db424cfd836dde2437d87a7cb2bb7dcd9c8b46892b5b4ecb0c49ea,edb5bbc7d79b718357211cf717d8a0545b7ab3ed73c72590281c51f793672b0b,b20155ba825e3ae6f31b56af358219ee224076a8e81be3faf4703051064b5602
LAYOUT-02,counter_shot_07.jpg,1941970,d350d94bac74058eeb730eb6aebe3211ab6f0b701a7e4d920c99a7ff9319c3de,edb5bbc7d79b718357211cf717d8a0545b7ab3ed73c72590281c51f793672b0b,b20155ba825e3ae6f31b56af358219ee224076a8e81be3faf4703051064b5602
LAYOUT-02,counter_shot_10.jpg,2179385,b9b69e32faa571d181dc825ae0b6c0f16a8869509b37ffdc07460964772c4c5b,edb5bbc7d79b718357211cf717d8a0545b7ab3ed73c72590281c51f793672b0b,b20155ba825e3ae6f31b56af358219ee224076a8e81be3faf4703051064b5602
LAYOUT-02,counter_shot_09.jpg,2073611,9478d17e1b0f0836ea39dfb55c1651b8240439642742d724bc5eb15390c37224,edb5bbc7d79b718357211cf717d8a0545b7ab3ed73c72590281c51f793672b0b,b20155ba825e3ae6f31b56af358219ee224076a8e81be3faf4703051064b5602
LAYOUT-02,counter_shot_12.jpg,1950012,586cfe9fbb9b83c8c62b56f0432ab98ac33177298163124111ad0fa7cda49eea,edb5bbc7d79b718357211cf717d8a0545b7ab3ed73c72590281c51f793672b0b,b20155ba825e3ae6f31b56af358219ee224076a8e81be3faf4703051064b5602
LAYOUT-02,counter_shot_08.jpg,2159756,c59822ad4f25213ea892a316cadc22451a3cb12f5a74734c225b3c2e9c94816d,edb5bbc7d79b718357211cf717d8a0545b7ab3ed73c72590281c51f793672b0b,b20155ba825e3ae6f31b56af358219ee224076a8e81be3faf4703051064b5602
LAYOUT-02,cornerandcure_brand_note.txt,1727,db5416b1b38a2d659b682fd378aabba84e6765415a629fd413b7ef927d769879,edb5bbc7d79b718357211cf717d8a0545b7ab3ed73c72590281c51f793672b0b,b20155ba825e3ae6f31b56af358219ee224076a8e81be3faf4703051064b5602
LAYOUT-02,cornerandcure_items.csv,2368,e9a089280a25fb5e82376797f902f628ee302631638d1b75d8d06bf1b4b49ed3,edb5bbc7d79b718357211cf717d8a0545b7ab3ed73c72590281c51f793672b0b,b20155ba825e3ae6f31b56af358219ee224076a8e81be3faf4703051064b5602
LAYOUT-02,counter_shot_06.jpg,2195747,91ecc90d031d25933527dd030f983d285af3fcff00d5196e2335dd32d78364f6,edb5bbc7d79b718357211cf717d8a0545b7ab3ed73c72590281c51f793672b0b,b20155ba825e3ae6f31b56af358219ee224076a8e81be3faf4703051064b5602
LAYOUT-02,counter_shot_05.jpg,1926247,a817ba7a50ba9fee4024d7c4ea32cb19a579d06127db1a75555cc9c7ee5456ac,edb5bbc7d79b718357211cf717d8a0545b7ab3ed73c72590281c51f793672b0b,b20155ba825e3ae6f31b56af358219ee224076a8e81be3faf4703051064b5602
LAYOUT-02,counter_shot_11.jpg,2002964,d45c59a5d21f7a06d8f1c6a61a805df55ba77b203a80be281201382b06ae40ae,edb5bbc7d79b718357211cf717d8a0545b7ab3ed73c72590281c51f793672b0b,b20155ba825e3ae6f31b56af358219ee224076a8e81be3faf4703051064b5602
LAYOUT-02,counter_shot_04.jpg,2173429,19eadfed96d68e10e929d200c58a0f63f7a5fb13d3b536d8b50a83170c285da3,edb5bbc7d79b718357211cf717d8a0545b7ab3ed73c72590281c51f793672b0b,b20155ba825e3ae6f31b56af358219ee224076a8e81be3faf4703051064b5602
LAYOUT-02,counter_shot_13.jpg,2031359,90036faf16f94c294ee9f1124bb54213cd8d76b4272f1041338b0c4aecb85d88,edb5bbc7d79b718357211cf717d8a0545b7ab3ed73c72590281c51f793672b0b,b20155ba825e3ae6f31b56af358219ee224076a8e81be3faf4703051064b5602
LAYOUT-02,counter_shot_03.jpg,2060713,9fcc7a87de3f8301429a14fb86eedc3e9c8ceb831f44941705fce209f19adbd4,edb5bbc7d79b718357211cf717d8a0545b7ab3ed73c72590281c51f793672b0b,b20155ba825e3ae6f31b56af358219ee224076a8e81be3faf4703051064b5602
LAYOUT-02,cornerandcure_board_sign.jpg,2116991,682ad143eb6abffb7a98a59bdb4016ddf7924b279fac8158ed985ad0d41e2aa8,edb5bbc7d79b718357211cf717d8a0545b7ab3ed73c72590281c51f793672b0b,b20155ba825e3ae6f31b56af358219ee224076a8e81be3faf4703051064b5602
LAYOUT-02,counter_shot_18.jpg,2128007,7cdb6c4bc6f9db76bb8a2c17f6a8aa765b3fa5d6b256429142383c7a1e09dd1a,edb5bbc7d79b718357211cf717d8a0545b7ab3ed73c72590281c51f793672b0b,b20155ba825e3ae6f31b56af358219ee224076a8e81be3faf4703051064b5602
LAYOUT-02,counter_shot_17.jpg,1830875,8d626d9dfecfd6ece94ca91a4ef106bc98e3a314694fec8e788d6d61ffcabc95,edb5bbc7d79b718357211cf717d8a0545b7ab3ed73c72590281c51f793672b0b,b20155ba825e3ae6f31b56af358219ee224076a8e81be3faf4703051064b5602
LAYOUT-02,cornerandcure_label_press.pdf,346810,331f2cb09051e8c760f99e600ff3a46169b2f3e3462c9ef8af866a65343fb3b9,edb5bbc7d79b718357211cf717d8a0545b7ab3ed73c72590281c51f793672b0b,b20155ba825e3ae6f31b56af358219ee224076a8e81be3faf4703051064b5602
LAYOUT-02,counter_shot_16.jpg,2372230,9fd1a7baddd12d5438e0748a20a80396d485c23fc4c91410b1ac7c5f7d98fc29,edb5bbc7d79b718357211cf717d8a0545b7ab3ed73c72590281c51f793672b0b,b20155ba825e3ae6f31b56af358219ee224076a8e81be3faf4703051064b5602
LAYOUT-02,counter_shot_15.jpg,1969695,cfdd9ea0b92e3ce4d3cb6564c3d1daf281af4d96d59fe46b14d47243a4b7b9c3,edb5bbc7d79b718357211cf717d8a0545b7ab3ed73c72590281c51f793672b0b,b20155ba825e3ae6f31b56af358219ee224076a8e81be3faf4703051064b5602
LAYOUT-02,counter_shot_02.jpg,2052563,b1e0bf1b27f85886b65012b145624a8f601a2cd4af8772580db00e99f4583044,edb5bbc7d79b718357211cf717d8a0545b7ab3ed73c72590281c51f793672b0b,b20155ba825e3ae6f31b56af358219ee224076a8e81be3faf4703051064b5602
LAYOUT-02,counter_shot_14.jpg,2238875,10a0da9f6998353f9b0638b05e480aa6deac10dfaa80a0ab7778160f6cfcc9ac,edb5bbc7d79b718357211cf717d8a0545b7ab3ed73c72590281c51f793672b0b,b20155ba825e3ae6f31b56af358219ee224076a8e81be3faf4703051064b5602
LAYOUT-03,lumora_range_frame_02.jpg,1718949,00a312776f416aa4242aa485bdf77a829b431e65fe7c00e3dbb296a3f98deb5b,a99ab0b55da2e507c4d80186f82498131539f4217b976fd628ad47c8ff4e8567,3bf6b90201fed9d90af55892024f6f07979782af3e1814626057f3dc7c2de47c
LAYOUT-03,lumora_range_frame_03.jpg,1325870,e3f647541d2406600879e96acba75941f2d5e0e92a7034ee632beedfd1a59f07,a99ab0b55da2e507c4d80186f82498131539f4217b976fd628ad47c8ff4e8567,3bf6b90201fed9d90af55892024f6f07979782af3e1814626057f3dc7c2de47c
LAYOUT-03,lumora_range_frame_05.jpg,221531,37e7f881735a2fa74dd303bac5dbedc89483f8ae64de2b8de690604413e59a5c,a99ab0b55da2e507c4d80186f82498131539f4217b976fd628ad47c8ff4e8567,3bf6b90201fed9d90af55892024f6f07979782af3e1814626057f3dc7c2de47c
LAYOUT-03,lumora_wordmark_approved.png,422780,9f1fd187d0f34d6d6b66bc0bce39e89c99c5c8d25c096f835cc28d61092b38ac,a99ab0b55da2e507c4d80186f82498131539f4217b976fd628ad47c8ff4e8567,3bf6b90201fed9d90af55892024f6f07979782af3e1814626057f3dc7c2de47c
LAYOUT-03,lumora_counter_card.pdf,134766,2d2891149ac03f271425f99cf025a9d83cc0547fb1a6a7cfaa9465f9f0a5013f,a99ab0b55da2e507c4d80186f82498131539f4217b976fd628ad47c8ff4e8567,3bf6b90201fed9d90af55892024f6f07979782af3e1814626057f3dc7c2de47c
LAYOUT-03,lumora_range_frame_01.jpg,1670855,2bcdfd6d56a8920e88a40146ea7d00a3f49c0222a531ee1abff7a55d791b5558,a99ab0b55da2e507c4d80186f82498131539f4217b976fd628ad47c8ff4e8567,3bf6b90201fed9d90af55892024f6f07979782af3e1814626057f3dc7c2de47c
LAYOUT-03,lumora_skus.csv,1645,fbafb2c0ffba4db4f018ae01af29954db65acb0422dcf02ce80d148bb900b0fd,a99ab0b55da2e507c4d80186f82498131539f4217b976fd628ad47c8ff4e8567,3bf6b90201fed9d90af55892024f6f07979782af3e1814626057f3dc7c2de47c
LAYOUT-03,lumora_reference_pdp.png,1486134,e42be92b537e92ac5d419a7885f6c9104977ec84a77a6a2add4eefdef0a0ba18,a99ab0b55da2e507c4d80186f82498131539f4217b976fd628ad47c8ff4e8567,3bf6b90201fed9d90af55892024f6f07979782af3e1814626057f3dc7c2de47c
LAYOUT-03,lumora_range_frame_06.jpg,211340,a5429a832cd657f83588033b7b0b2bd12f541051cdbc7c9986a84fa00bdb8105,a99ab0b55da2e507c4d80186f82498131539f4217b976fd628ad47c8ff4e8567,3bf6b90201fed9d90af55892024f6f07979782af3e1814626057f3dc7c2de47c
LAYOUT-03,lumora_copy_approved.txt,2141,5c0d5386c8f3371bc6ff664ec2ba4a5e31ee6619fb88b5093b2588467b7ff0bc,a99ab0b55da2e507c4d80186f82498131539f4217b976fd628ad47c8ff4e8567,3bf6b90201fed9d90af55892024f6f07979782af3e1814626057f3dc7c2de47c
LAYOUT-03,lumora_range_frame_04.jpg,1227621,12062c6d32b0ff779147dc5a8fb0b4dbf1fd14f517926c40541250bc36d5075d,a99ab0b55da2e507c4d80186f82498131539f4217b976fd628ad47c8ff4e8567,3bf6b90201fed9d90af55892024f6f07979782af3e1814626057f3dc7c2de47c
LAYOUT-04,northgrove_flatlay_02.jpg,5356133,781150accca1ec5087a838de3e9a05a67a965492df859cc20addc7e6f70addac,09fc7fd0a67e3462dbf891be849f0bb8e80e9051010303ddfd4c4abf134e0ee3,111be452f26a25906719a46e7a7ea2d05772ffdc2fcb02a7db1a42a85956fd57
LAYOUT-04,northgrove_flatlay_04.jpg,4634314,5403add70536afddd144517d82ed9e276fbc9586234431e414b8931c6c0decb0,09fc7fd0a67e3462dbf891be849f0bb8e80e9051010303ddfd4c4abf134e0ee3,111be452f26a25906719a46e7a7ea2d05772ffdc2fcb02a7db1a42a85956fd57
LAYOUT-04,northgrove_flatlay_05.jpg,4469029,0d2d8b47b1ef6c60e8babbf82ab5378d324e9381efb5e115f452c91f9f5d0d37,09fc7fd0a67e3462dbf891be849f0bb8e80e9051010303ddfd4c4abf134e0ee3,111be452f26a25906719a46e7a7ea2d05772ffdc2fcb02a7db1a42a85956fd57
LAYOUT-04,northgrove_flatlay_03.jpg,4462330,d524560f0e379acc88b58190d36a2a304ff323f1cb9145975f030e82ffaf6c57,09fc7fd0a67e3462dbf891be849f0bb8e80e9051010303ddfd4c4abf134e0ee3,111be452f26a25906719a46e7a7ea2d05772ffdc2fcb02a7db1a42a85956fd57
LAYOUT-04,northgrove_flatlay_08.jpg,4628937,2f92cc1163dd9578d4de8d2d83fcd478d1346618be3ffd4569dd8c41f7c8a401,09fc7fd0a67e3462dbf891be849f0bb8e80e9051010303ddfd4c4abf134e0ee3,111be452f26a25906719a46e7a7ea2d05772ffdc2fcb02a7db1a42a85956fd57
LAYOUT-04,northgrove_flatlay_09.jpg,5319581,93f25d99eed9151181d9680838bd3f43600624e4dd733eb4c06f9f03c95803e1,09fc7fd0a67e3462dbf891be849f0bb8e80e9051010303ddfd4c4abf134e0ee3,111be452f26a25906719a46e7a7ea2d05772ffdc2fcb02a7db1a42a85956fd57
LAYOUT-04,northgrove_flatlay_10.jpg,6368639,fee1ca50d8a8daf02f7242d0df527b84021af43b388bc38d03d5296dcb175843,09fc7fd0a67e3462dbf891be849f0bb8e80e9051010303ddfd4c4abf134e0ee3,111be452f26a25906719a46e7a7ea2d05772ffdc2fcb02a7db1a42a85956fd57
LAYOUT-04,northgrove_hardware_01.jpg,2970677,a1bf94eda3237be6f6e5731b97178bed29b456dba01293ab66e29fe42360ae19,09fc7fd0a67e3462dbf891be849f0bb8e80e9051010303ddfd4c4abf134e0ee3,111be452f26a25906719a46e7a7ea2d05772ffdc2fcb02a7db1a42a85956fd57
LAYOUT-04,northgrove_hardware_02.jpg,3182332,a2233178a778f7dd439dd21a2d72db6671ecf6ef51bcb9bbf44edec1e8357c37,09fc7fd0a67e3462dbf891be849f0bb8e80e9051010303ddfd4c4abf134e0ee3,111be452f26a25906719a46e7a7ea2d05772ffdc2fcb02a7db1a42a85956fd57
LAYOUT-04,northgrove_hardware_03.jpg,2943971,31665ac4364891749a10cc1a5334f0fb2c4047bd96c297060fd56f96621ec071,09fc7fd0a67e3462dbf891be849f0bb8e80e9051010303ddfd4c4abf134e0ee3,111be452f26a25906719a46e7a7ea2d05772ffdc2fcb02a7db1a42a85956fd57
LAYOUT-04,northgrove_hardware_04.jpg,3002132,d87b66e938e7a441a020e70158d6276f5617248eacc4fb30df0d6a400fee81f2,09fc7fd0a67e3462dbf891be849f0bb8e80e9051010303ddfd4c4abf134e0ee3,111be452f26a25906719a46e7a7ea2d05772ffdc2fcb02a7db1a42a85956fd57
LAYOUT-04,kestrel_pennant.jpg,2550452,23cea33329109eff4a75f30892b86798886edc4fa3fabc0e71dfeab2cd7d536a,09fc7fd0a67e3462dbf891be849f0bb8e80e9051010303ddfd4c4abf134e0ee3,111be452f26a25906719a46e7a7ea2d05772ffdc2fcb02a7db1a42a85956fd57
LAYOUT-04,northgrove_hangtag.pdf,206369,08a495eb3cb3c14e20bb3bdbc442d7c9e01fadd337586fc623cbf76de3547c4b,09fc7fd0a67e3462dbf891be849f0bb8e80e9051010303ddfd4c4abf134e0ee3,111be452f26a25906719a46e7a7ea2d05772ffdc2fcb02a7db1a42a85956fd57
LAYOUT-04,northgrove_linesheet.csv,2530,8c790e5f05d2c2fe937c7db77997a4f70f710c1ebf03c13a344e8176637899b4,09fc7fd0a67e3462dbf891be849f0bb8e80e9051010303ddfd4c4abf134e0ee3,111be452f26a25906719a46e7a7ea2d05772ffdc2fcb02a7db1a42a85956fd57
LAYOUT-04,northgrove_copy.txt,2465,8d8fae993dc3e132d4222c2a0189c76159b3aef4e1ec94a6a7142d9a68f8ac21,09fc7fd0a67e3462dbf891be849f0bb8e80e9051010303ddfd4c4abf134e0ee3,111be452f26a25906719a46e7a7ea2d05772ffdc2fcb02a7db1a42a85956fd57
LAYOUT-04,northgrove_flatlay_01.jpg,4734850,7db7ecc54662c5fc8c50fef2b38186ddb83cff5839440db65d1fbcd2e99297d5,09fc7fd0a67e3462dbf891be849f0bb8e80e9051010303ddfd4c4abf134e0ee3,111be452f26a25906719a46e7a7ea2d05772ffdc2fcb02a7db1a42a85956fd57
LAYOUT-04,northgrove_flatlay_07.jpg,6436414,8989a98b6e84b53a6c4aeef09729cc23178ed94430b6f7ecdbf8b43c8579365f,09fc7fd0a67e3462dbf891be849f0bb8e80e9051010303ddfd4c4abf134e0ee3,111be452f26a25906719a46e7a7ea2d05772ffdc2fcb02a7db1a42a85956fd57
LAYOUT-04,northgrove_flatlay_06.jpg,6055488,1420e78489c96c7f05cdc6a823240652a24ca18a0607ee5a801cabb467667ef1,09fc7fd0a67e3462dbf891be849f0bb8e80e9051010303ddfd4c4abf134e0ee3,111be452f26a25906719a46e7a7ea2d05772ffdc2fcb02a7db1a42a85956fd57
LAYOUT-05,valcere_bench_10.jpg,2331135,6e57bb7a8efe98d5c7fb39f4fa8ceff481995c829b691185a49ca4faa08d1733,d464ea0afa665afe8c4439dd3555d7b833d68dd261bdf1ec7e1e13fc6ebd785e,e18e0dc805ce42886b59e9772cc5457eb8477b2e6084fecab9207216ee17a7b4
LAYOUT-05,valcere_bench_09.jpg,2381668,1f48d894f85257686aae439ea4a9b0b83ec590ee81d0aa34888651b2e3accfd2,d464ea0afa665afe8c4439dd3555d7b833d68dd261bdf1ec7e1e13fc6ebd785e,e18e0dc805ce42886b59e9772cc5457eb8477b2e6084fecab9207216ee17a7b4
LAYOUT-05,valcere_copy.txt,1796,b761103890bf4b5b58b28c956818c6429cdb0e59b1015c1165a97f29409689cb,d464ea0afa665afe8c4439dd3555d7b833d68dd261bdf1ec7e1e13fc6ebd785e,e18e0dc805ce42886b59e9772cc5457eb8477b2e6084fecab9207216ee17a7b4
LAYOUT-05,valcere_bench_08.jpg,2110940,4d2cd39ac578aac6b61d919beb04ac61f5deb81b6523f7caa929a04df6c0a4bc,d464ea0afa665afe8c4439dd3555d7b833d68dd261bdf1ec7e1e13fc6ebd785e,e18e0dc805ce42886b59e9772cc5457eb8477b2e6084fecab9207216ee17a7b4
LAYOUT-05,valcere_book.csv,2277,f4395e626cd2b7dc30eeaa00324957ab4b92469452f393702c13925d33a1e2bc,d464ea0afa665afe8c4439dd3555d7b833d68dd261bdf1ec7e1e13fc6ebd785e,e18e0dc805ce42886b59e9772cc5457eb8477b2e6084fecab9207216ee17a7b4
LAYOUT-05,valcere_bench_07.jpg,2660302,13a86663da579b28acaaaf14d90bd3875ebbc96953ed24a389c2f14439f3f5f9,d464ea0afa665afe8c4439dd3555d7b833d68dd261bdf1ec7e1e13fc6ebd785e,e18e0dc805ce42886b59e9772cc5457eb8477b2e6084fecab9207216ee17a7b4
LAYOUT-05,valcere_bench_18.jpg,2370926,a038eb5d6ad57dec8c7e6c01639d8026b50e591e09e65d753849b4538e39f918,d464ea0afa665afe8c4439dd3555d7b833d68dd261bdf1ec7e1e13fc6ebd785e,e18e0dc805ce42886b59e9772cc5457eb8477b2e6084fecab9207216ee17a7b4
LAYOUT-05,valcere_bench_06.jpg,2412485,87d1d70f13d1646f7ba091b7d23260bac7433413f75da7303c3e8bd3840ee33f,d464ea0afa665afe8c4439dd3555d7b833d68dd261bdf1ec7e1e13fc6ebd785e,e18e0dc805ce42886b59e9772cc5457eb8477b2e6084fecab9207216ee17a7b4
LAYOUT-05,valcere_spec_card_PRINT.pdf,80551,266c3b4f2e978557823235ebf1010cb226aec43757b838e009536fae5c4ee95c,d464ea0afa665afe8c4439dd3555d7b833d68dd261bdf1ec7e1e13fc6ebd785e,e18e0dc805ce42886b59e9772cc5457eb8477b2e6084fecab9207216ee17a7b4
LAYOUT-05,valcere_bench_21.jpg,2298379,14b6148ceb188935ae2f17680b492495fdac0cef6eab076808b291013dc7303e,d464ea0afa665afe8c4439dd3555d7b833d68dd261bdf1ec7e1e13fc6ebd785e,e18e0dc805ce42886b59e9772cc5457eb8477b2e6084fecab9207216ee17a7b4
LAYOUT-05,valcere_bench_03.jpg,2185806,ddef6c71c8e45dcd90d243a62f44c4f305d2181106fd9a7c6b471c5207fbf554,d464ea0afa665afe8c4439dd3555d7b833d68dd261bdf1ec7e1e13fc6ebd785e,e18e0dc805ce42886b59e9772cc5457eb8477b2e6084fecab9207216ee17a7b4
LAYOUT-05,valcere_bench_17.jpg,3297854,6e382265d8a1c632bec3146f96ee24559592ca5cfaa19c7e6ca35a5f8d79c22f,d464ea0afa665afe8c4439dd3555d7b833d68dd261bdf1ec7e1e13fc6ebd785e,e18e0dc805ce42886b59e9772cc5457eb8477b2e6084fecab9207216ee17a7b4
LAYOUT-05,valcere_bench_16.jpg,2296763,64940a32c71698cc1814357de9b63b5854f54774ee71e1972563a2a5685a7fce,d464ea0afa665afe8c4439dd3555d7b833d68dd261bdf1ec7e1e13fc6ebd785e,e18e0dc805ce42886b59e9772cc5457eb8477b2e6084fecab9207216ee17a7b4
LAYOUT-05,valcere_bench_05.jpg,2536366,2c9caa70c69e1d362dbc86479fc42f46cef8fc96ae641b4929146d1b590237a4,d464ea0afa665afe8c4439dd3555d7b833d68dd261bdf1ec7e1e13fc6ebd785e,e18e0dc805ce42886b59e9772cc5457eb8477b2e6084fecab9207216ee17a7b4
LAYOUT-05,valcere_bench_19.jpg,2907224,ee9b825fc980423e6f8d468f71acc99ead5512abd7cad94e8db9e6535c84d97a,d464ea0afa665afe8c4439dd3555d7b833d68dd261bdf1ec7e1e13fc6ebd785e,e18e0dc805ce42886b59e9772cc5457eb8477b2e6084fecab9207216ee17a7b4
LAYOUT-05,valcere_bench_14.jpg,2408787,aff34e79cc482aa2a48bbcfc7bbdb0dda4ff050fa8ce36734c978a57b1198e5e,d464ea0afa665afe8c4439dd3555d7b833d68dd261bdf1ec7e1e13fc6ebd785e,e18e0dc805ce42886b59e9772cc5457eb8477b2e6084fecab9207216ee17a7b4
LAYOUT-05,valcere_bench_13.jpg,2295830,e42d8a3b141d1dd7742c772e92d9e2077393cf148acc0f8b7908c9a34f816385,d464ea0afa665afe8c4439dd3555d7b833d68dd261bdf1ec7e1e13fc6ebd785e,e18e0dc805ce42886b59e9772cc5457eb8477b2e6084fecab9207216ee17a7b4
LAYOUT-05,valcere_bench_12.jpg,2500980,0c0bd2780ddc622287aafd9fc6bb92556e5d6cc0f8ab59fac0d4eb86885368c8,d464ea0afa665afe8c4439dd3555d7b833d68dd261bdf1ec7e1e13fc6ebd785e,e18e0dc805ce42886b59e9772cc5457eb8477b2e6084fecab9207216ee17a7b4
LAYOUT-05,valcere_bench_04.jpg,2506422,2f25bd6d96b97629efcbbc73a73a70381d0b5a380d770cbe83b2d14a46b1e14c,d464ea0afa665afe8c4439dd3555d7b833d68dd261bdf1ec7e1e13fc6ebd785e,e18e0dc805ce42886b59e9772cc5457eb8477b2e6084fecab9207216ee17a7b4
LAYOUT-05,valcere_swing_tag.jpg,379196,ac9c3667053df88125914b0a2a3d64157b8cc60f63ed26a6a38f1bc2a13e0852,d464ea0afa665afe8c4439dd3555d7b833d68dd261bdf1ec7e1e13fc6ebd785e,e18e0dc805ce42886b59e9772cc5457eb8477b2e6084fecab9207216ee17a7b4
LAYOUT-05,valcere_bench_11.jpg,2357890,026f386c03468c77469b7a24cdc96b055f96923933702e4bada7ba825c722f9b,d464ea0afa665afe8c4439dd3555d7b833d68dd261bdf1ec7e1e13fc6ebd785e,e18e0dc805ce42886b59e9772cc5457eb8477b2e6084fecab9207216ee17a7b4
LAYOUT-05,valcere_bench_02.jpg,2546309,0c3d67c073746b56f298f53f2ff07d1431be4161084ebc19d0b2f057922e6676,d464ea0afa665afe8c4439dd3555d7b833d68dd261bdf1ec7e1e13fc6ebd785e,e18e0dc805ce42886b59e9772cc5457eb8477b2e6084fecab9207216ee17a7b4
LAYOUT-05,valcere_bench_20.jpg,2198325,4a9cc90c1c7990ca25aba120e0f42666c4371c4fa5fdcca60ac6e6c75575f731,d464ea0afa665afe8c4439dd3555d7b833d68dd261bdf1ec7e1e13fc6ebd785e,e18e0dc805ce42886b59e9772cc5457eb8477b2e6084fecab9207216ee17a7b4
LAYOUT-05,valcere_bench_15.jpg,2306991,f0711b213aca8a56b3739bf8259e4231eef1e003807b790f5b6407503f22ca58,d464ea0afa665afe8c4439dd3555d7b833d68dd261bdf1ec7e1e13fc6ebd785e,e18e0dc805ce42886b59e9772cc5457eb8477b2e6084fecab9207216ee17a7b4
LAYOUT-05,valcere_bench_01.jpg,2341846,58c178e68faed84e7a8a05f3ecede1847fae15cfee6045873b92daeed1fd529b,d464ea0afa665afe8c4439dd3555d7b833d68dd261bdf1ec7e1e13fc6ebd785e,e18e0dc805ce42886b59e9772cc5457eb8477b2e6084fecab9207216ee17a7b4
LAYOUT-06,nordheim_shoot_07.jpg,3911005,4b9cc805e59c16e16c69963a4691b6e5314db18056c27821f3d0d64176750fcb,4addf034854dc189526144e20fb3deafc49a38051760fb295c84d002a5176158,fda632347ce722583b836bdd81261a02d138cc91060040799a5a84f9daac2492
LAYOUT-06,nordheim_reference_spread.png,2976309,d7d8a6019f4b8ea9deb437113add6a3557a13ddb07dd8630dd4c4a0ff914541c,4addf034854dc189526144e20fb3deafc49a38051760fb295c84d002a5176158,fda632347ce722583b836bdd81261a02d138cc91060040799a5a84f9daac2492
LAYOUT-06,nordheim_shoot_02.jpg,3823350,1aeb2e826799056528733978f6c998bb09fd61ef329e45a221aed008c7e08909,4addf034854dc189526144e20fb3deafc49a38051760fb295c84d002a5176158,fda632347ce722583b836bdd81261a02d138cc91060040799a5a84f9daac2492
LAYOUT-06,nordheim_press_notes.txt,1767,b934ce58011c4c41aec2db392caf55a2ab103fcb6843a027e801ac7f20a3ccbc,4addf034854dc189526144e20fb3deafc49a38051760fb295c84d002a5176158,fda632347ce722583b836bdd81261a02d138cc91060040799a5a84f9daac2492
LAYOUT-06,nordheim_shoot_01.jpg,3648492,dba623f5b626329c5526d9c1a3f96577f370c1cb8e509ac6b572ded4a033f8d0,4addf034854dc189526144e20fb3deafc49a38051760fb295c84d002a5176158,fda632347ce722583b836bdd81261a02d138cc91060040799a5a84f9daac2492
LAYOUT-06,nordheim_fw26.csv,1404,4833167dd002066d874be5307204ea3547dbe03a45f3ff3d6394ecc31b70c5da,4addf034854dc189526144e20fb3deafc49a38051760fb295c84d002a5176158,fda632347ce722583b836bdd81261a02d138cc91060040799a5a84f9daac2492
LAYOUT-06,nordheim_linecard_2025_PRINT.pdf,152663,ac1005454738f1c1383f5a2883b694ae15313878f0e87a7aa6ca17a1ed6e7ca0,4addf034854dc189526144e20fb3deafc49a38051760fb295c84d002a5176158,fda632347ce722583b836bdd81261a02d138cc91060040799a5a84f9daac2492
LAYOUT-06,nordheim_letterpress_card.jpg,1828435,5732f19704b129d918a0debbab948fb9bfde9deb713fc89d304a349dec763645,4addf034854dc189526144e20fb3deafc49a38051760fb295c84d002a5176158,fda632347ce722583b836bdd81261a02d138cc91060040799a5a84f9daac2492
LAYOUT-06,nordheim_shoot_14.jpg,3343694,4bc1f5448d5081447f37295b13b3725e1dd50e33c9947593973253097a35de82,4addf034854dc189526144e20fb3deafc49a38051760fb295c84d002a5176158,fda632347ce722583b836bdd81261a02d138cc91060040799a5a84f9daac2492
LAYOUT-06,nordheim_shoot_06.jpg,3720298,222686cbf7fa864828b77f0e5bbbc703842f958cba58471bba0e9bc220b15a79,4addf034854dc189526144e20fb3deafc49a38051760fb295c84d002a5176158,fda632347ce722583b836bdd81261a02d138cc91060040799a5a84f9daac2492
LAYOUT-06,nordheim_shoot_13.jpg,3309809,0fef3a4c068f5f0bdbdae4e6f57928aa13a731925ec873a1b44d7f0a06fd126b,4addf034854dc189526144e20fb3deafc49a38051760fb295c84d002a5176158,fda632347ce722583b836bdd81261a02d138cc91060040799a5a84f9daac2492
LAYOUT-06,nordheim_shoot_12.jpg,3581555,d36ff14a10d00e4190799e0ef1dfa00e7e5ac43c8934387491ffe63d37547e0a,4addf034854dc189526144e20fb3deafc49a38051760fb295c84d002a5176158,fda632347ce722583b836bdd81261a02d138cc91060040799a5a84f9daac2492
LAYOUT-06,nordheim_shoot_08.jpg,3341914,18b04e0f6591d37b6f9e7c66fad41b78b34be6ce2557a06023d8bac64c79090b,4addf034854dc189526144e20fb3deafc49a38051760fb295c84d002a5176158,fda632347ce722583b836bdd81261a02d138cc91060040799a5a84f9daac2492
LAYOUT-06,nordheim_shoot_11.jpg,3576165,e72b094750eead364b48f3d5710b112dd3046a1f306b2ae4789e6a51dec19fe7,4addf034854dc189526144e20fb3deafc49a38051760fb295c84d002a5176158,fda632347ce722583b836bdd81261a02d138cc91060040799a5a84f9daac2492
LAYOUT-06,nordheim_shoot_10.jpg,3560151,c99d03d221157c8edc7b5c8188f8a4d6f96919966297f7c59e20d8c712e15fac,4addf034854dc189526144e20fb3deafc49a38051760fb295c84d002a5176158,fda632347ce722583b836bdd81261a02d138cc91060040799a5a84f9daac2492
LAYOUT-06,nordheim_shoot_04.jpg,3742657,3bb1a016fb17b1067d77bf8fded6b9323e8782102e3368fca6f8f5ff26758c5d,4addf034854dc189526144e20fb3deafc49a38051760fb295c84d002a5176158,fda632347ce722583b836bdd81261a02d138cc91060040799a5a84f9daac2492
LAYOUT-06,nordheim_shoot_03.jpg,3366396,ec6d1f151e1cd6decc1708b20399a5ec744392e19f0e933fd377fd00ba27509e,4addf034854dc189526144e20fb3deafc49a38051760fb295c84d002a5176158,fda632347ce722583b836bdd81261a02d138cc91060040799a5a84f9daac2492
LAYOUT-06,nordheim_shoot_09.jpg,3941138,52e917a0f5649e76575b7c73c8eb8a8cd40a55bfa8f1b96132c405e2e78b25e1,4addf034854dc189526144e20fb3deafc49a38051760fb295c84d002a5176158,fda632347ce722583b836bdd81261a02d138cc91060040799a5a84f9daac2492
LAYOUT-06,nordheim_shoot_05.jpg,3737559,3629e1ff5adeed74802b47bd36ab9612849715e4a98276af4fdcb6080a59d635,4addf034854dc189526144e20fb3deafc49a38051760fb295c84d002a5176158,fda632347ce722583b836bdd81261a02d138cc91060040799a5a84f9daac2492
LAYOUT-07,marlowe_capture_02.jpg,3404560,efd2ec1e410c6d14b95a9925a660bcb57697af6986761055765b27c23687ae89,e34918dbbada3aea11c05c22754f8e1b5e8fae624f8beec1dd16f4982c92b649,eaf5acb52f2bc150ad6c315db8fde29489abb5b9e09bb310b2edfafd1c5e65c8
LAYOUT-07,marlowe_capture_01.jpg,3461973,469208ebbc90636fc3c72df0dad840ba0d73d7e77a749b04523372468d61fb6c,e34918dbbada3aea11c05c22754f8e1b5e8fae624f8beec1dd16f4982c92b649,eaf5acb52f2bc150ad6c315db8fde29489abb5b9e09bb310b2edfafd1c5e65c8
LAYOUT-07,harbor_crest_open_house_card.pdf,208570,897625cba3ad4f26723ce04a4f1ea09084c80e0cc68d95dc76203931ba477a4b,e34918dbbada3aea11c05c22754f8e1b5e8fae624f8beec1dd16f4982c92b649,eaf5acb52f2bc150ad6c315db8fde29489abb5b9e09bb310b2edfafd1c5e65c8
LAYOUT-07,marlowe_capture_04.jpg,3108626,d1867d466cf9f8226944ea458dcd1d2e62b8d456bc2034a9a6b931de089c3fed,e34918dbbada3aea11c05c22754f8e1b5e8fae624f8beec1dd16f4982c92b649,eaf5acb52f2bc150ad6c315db8fde29489abb5b9e09bb310b2edfafd1c5e65c8
LAYOUT-07,marlowe_capture_05.jpg,2867007,c3135737ce4ebe6cc75724a208f30c679c4096d908bc44dd8c89809fd1cade08,e34918dbbada3aea11c05c22754f8e1b5e8fae624f8beec1dd16f4982c92b649,eaf5acb52f2bc150ad6c315db8fde29489abb5b9e09bb310b2edfafd1c5e65c8
LAYOUT-07,marlowe_capture_03.jpg,2746316,55818e73a203b1d8a54d4fe96086ddf5cd94fa6b5ce169823597382faca1065a,e34918dbbada3aea11c05c22754f8e1b5e8fae624f8beec1dd16f4982c92b649,eaf5acb52f2bc150ad6c315db8fde29489abb5b9e09bb310b2edfafd1c5e65c8
LAYOUT-07,marlowe_capture_06.jpg,3103025,63d3a281158e05a5898006d2e99e900658b7724e906caf32cc08251c8a7365fe,e34918dbbada3aea11c05c22754f8e1b5e8fae624f8beec1dd16f4982c92b649,eaf5acb52f2bc150ad6c315db8fde29489abb5b9e09bb310b2edfafd1c5e65c8
LAYOUT-07,agent_roster.csv,1258,4546eb310c82ab87cde2b6c99efca968a1fb1f7a8e7800a577dcd3cb1121b781,e34918dbbada3aea11c05c22754f8e1b5e8fae624f8beec1dd16f4982c92b649,eaf5acb52f2bc150ad6c315db8fde29489abb5b9e09bb310b2edfafd1c5e65c8
LAYOUT-07,marlowe_capture_07.jpg,3109068,e5dde17169e2106a7eac33f3c4497a5c888e5da3d9d27511bcc4e86488657b8e,e34918dbbada3aea11c05c22754f8e1b5e8fae624f8beec1dd16f4982c92b649,eaf5acb52f2bc150ad6c315db8fde29489abb5b9e09bb310b2edfafd1c5e65c8
LAYOUT-07,agent_headshot_02.jpg,2207000,8b08323e2dbbe941197c9749c3735fcd3d96ec364662d9816773760d64f3dbdf,e34918dbbada3aea11c05c22754f8e1b5e8fae624f8beec1dd16f4982c92b649,eaf5acb52f2bc150ad6c315db8fde29489abb5b9e09bb310b2edfafd1c5e65c8
LAYOUT-07,agent_headshot_01.jpg,2242386,cbadee731c10bb28c2c6361e0d95ab621587903adcd63486a82e1eb0183f71a7,e34918dbbada3aea11c05c22754f8e1b5e8fae624f8beec1dd16f4982c92b649,eaf5acb52f2bc150ad6c315db8fde29489abb5b9e09bb310b2edfafd1c5e65c8
LAYOUT-07,marlowe_capture_18.jpg,5310381,6ed8617da8c51955db4e7ff4f871e7376555ed4898cc80029109818bb453cef8,e34918dbbada3aea11c05c22754f8e1b5e8fae624f8beec1dd16f4982c92b649,eaf5acb52f2bc150ad6c315db8fde29489abb5b9e09bb310b2edfafd1c5e65c8
LAYOUT-07,marlowe_capture_17.jpg,3938563,770ea94d9fa65f61242e2053b43225f32660d529bb13cc50c84d444c25491fc1,e34918dbbada3aea11c05c22754f8e1b5e8fae624f8beec1dd16f4982c92b649,eaf5acb52f2bc150ad6c315db8fde29489abb5b9e09bb310b2edfafd1c5e65c8
LAYOUT-07,marlowe_capture_16.jpg,5205205,b262803a8f95166de97cbcef05862689e5d78ba6cb504a58501ccb2f01ff355f,e34918dbbada3aea11c05c22754f8e1b5e8fae624f8beec1dd16f4982c92b649,eaf5acb52f2bc150ad6c315db8fde29489abb5b9e09bb310b2edfafd1c5e65c8
LAYOUT-07,marlowe_capture_15.jpg,3082248,87619e84010e0158fd663ffc14b88c72e1a1fb6bf73477d3987aa3bf4a25d0f6,e34918dbbada3aea11c05c22754f8e1b5e8fae624f8beec1dd16f4982c92b649,eaf5acb52f2bc150ad6c315db8fde29489abb5b9e09bb310b2edfafd1c5e65c8
LAYOUT-07,marlowe_capture_14.jpg,2614276,2eea3589f60cfefd86e70b65bc7f762a0d35914146f11a4ccf92fa1db73ce228,e34918dbbada3aea11c05c22754f8e1b5e8fae624f8beec1dd16f4982c92b649,eaf5acb52f2bc150ad6c315db8fde29489abb5b9e09bb310b2edfafd1c5e65c8
LAYOUT-07,marlowe_capture_13.jpg,3061066,608128393e7bc37605a8898da739b2ad71de5acaff3f88ebd33d4c46fd1ffde2,e34918dbbada3aea11c05c22754f8e1b5e8fae624f8beec1dd16f4982c92b649,eaf5acb52f2bc150ad6c315db8fde29489abb5b9e09bb310b2edfafd1c5e65c8
LAYOUT-07,marlowe_capture_12.jpg,3140631,40ffb3d1b782068ce9d08e20bf5ae652c6508a2ce5c5a9db2a1a28c0c549533d,e34918dbbada3aea11c05c22754f8e1b5e8fae624f8beec1dd16f4982c92b649,eaf5acb52f2bc150ad6c315db8fde29489abb5b9e09bb310b2edfafd1c5e65c8
LAYOUT-07,marlowe_capture_11.jpg,3086639,70aafb313cf0dc8a5a971bfdcc0e02fbbf9a71039386756a47d4611e70416131,e34918dbbada3aea11c05c22754f8e1b5e8fae624f8beec1dd16f4982c92b649,eaf5acb52f2bc150ad6c315db8fde29489abb5b9e09bb310b2edfafd1c5e65c8
LAYOUT-07,marlowe_capture_10.jpg,2957147,af0715af74f160d0dcf3ab8eefed8b9511077f4fa226299808c6917f190729ac,e34918dbbada3aea11c05c22754f8e1b5e8fae624f8beec1dd16f4982c92b649,eaf5acb52f2bc150ad6c315db8fde29489abb5b9e09bb310b2edfafd1c5e65c8
LAYOUT-07,marlowe_capture_09.jpg,2615628,664c993050c070a380ba7fd3cc34f1b39b2842df9e12b6e2ec212645340d9b06,e34918dbbada3aea11c05c22754f8e1b5e8fae624f8beec1dd16f4982c92b649,eaf5acb52f2bc150ad6c315db8fde29489abb5b9e09bb310b2edfafd1c5e65c8
LAYOUT-07,marlowe_capture_08.jpg,3283936,8c9d91d03782ef76be21a15a996881f0282da67548d96d2dfa43fc34dc5328c9,e34918dbbada3aea11c05c22754f8e1b5e8fae624f8beec1dd16f4982c92b649,eaf5acb52f2bc150ad6c315db8fde29489abb5b9e09bb310b2edfafd1c5e65c8
LAYOUT-07,agent_headshot_04.jpg,2238541,a6ccd0e000011dc33466da35ed5a1166eff2eed7ceaa9b9d57efd72197dc5e9f,e34918dbbada3aea11c05c22754f8e1b5e8fae624f8beec1dd16f4982c92b649,eaf5acb52f2bc150ad6c315db8fde29489abb5b9e09bb310b2edfafd1c5e65c8
LAYOUT-07,agent_headshot_05.jpg,2131037,7852f8778b9ce08ce3dad57455bdf51081b569dc234c74d0a99e9f501053ce54,e34918dbbada3aea11c05c22754f8e1b5e8fae624f8beec1dd16f4982c92b649,eaf5acb52f2bc150ad6c315db8fde29489abb5b9e09bb310b2edfafd1c5e65c8
LAYOUT-07,harbor_crest_basis.png,1860596,90457b1a241b9edb5bb985e737b69ebf5c0d1793e10bad551736379d06f8d08f,e34918dbbada3aea11c05c22754f8e1b5e8fae624f8beec1dd16f4982c92b649,eaf5acb52f2bc150ad6c315db8fde29489abb5b9e09bb310b2edfafd1c5e65c8
LAYOUT-07,marlowe_facts.txt,1544,4a3ecb5ce5a2fa3793dd01b19525f32d137af036d5f13f25fb309b96731e43c2,e34918dbbada3aea11c05c22754f8e1b5e8fae624f8beec1dd16f4982c92b649,eaf5acb52f2bc150ad6c315db8fde29489abb5b9e09bb310b2edfafd1c5e65c8
LAYOUT-07,agent_headshot_03.jpg,2265488,8a67b89254c07941af7b8b0037cf40bc4303dfc8c6aced2257b911a7857f240f,e34918dbbada3aea11c05c22754f8e1b5e8fae624f8beec1dd16f4982c92b649,eaf5acb52f2bc150ad6c315db8fde29489abb5b9e09bb310b2edfafd1c5e65c8
LAYOUT-07,agent_headshot_06.jpg,2245016,1bf617a7c91281ff07d32b0d06eaf4d0ba6a81976fbdfee35ae3c98f6a779f71,e34918dbbada3aea11c05c22754f8e1b5e8fae624f8beec1dd16f4982c92b649,eaf5acb52f2bc150ad6c315db8fde29489abb5b9e09bb310b2edfafd1c5e65c8
LAYOUT-08,solane_01.jpg,5358385,d815aeeb5b6f64aa5720691c2f5da213ef84f2516412e2ebe8f89f54ec1c011e,ef0d93e1331101b78db183bdea1eed9d9c0fcb96f529c09ab69ce18cec48b0c1,2ad673826bbf1bde627e167988a617ebc5305e6e8c0862c6b99e183fbe1d447e
LAYOUT-08,solane_04.jpg,4223779,00a4325dc223dd4ef5656564c088ff0ea40d9d88c5f0389baf01df58b7e6cf8b,ef0d93e1331101b78db183bdea1eed9d9c0fcb96f529c09ab69ce18cec48b0c1,2ad673826bbf1bde627e167988a617ebc5305e6e8c0862c6b99e183fbe1d447e
LAYOUT-08,solane_06.jpg,3932619,65dbdbb39db77b07d81b39ef69a8e05db8461dbe03012a56c6009910b1d77f4c,ef0d93e1331101b78db183bdea1eed9d9c0fcb96f529c09ab69ce18cec48b0c1,2ad673826bbf1bde627e167988a617ebc5305e6e8c0862c6b99e183fbe1d447e
LAYOUT-08,solane_02.jpg,4870157,08321d60f1ec2773095e5ef624ddad837070c52314a7c282cb2ee82a355eaf62,ef0d93e1331101b78db183bdea1eed9d9c0fcb96f529c09ab69ce18cec48b0c1,2ad673826bbf1bde627e167988a617ebc5305e6e8c0862c6b99e183fbe1d447e
LAYOUT-08,cascina_03.jpg,6758606,8c62f0c334db42b5e3b62d2afdde0c823ff615eb597236d19a84588480a56538,ef0d93e1331101b78db183bdea1eed9d9c0fcb96f529c09ab69ce18cec48b0c1,2ad673826bbf1bde627e167988a617ebc5305e6e8c0862c6b99e183fbe1d447e
LAYOUT-08,solane_05.jpg,3785675,dd7127e9911b7241bb9e8ccaba0401358d72cfff0ad74389dfbb7ef4cf6b4b8f,ef0d93e1331101b78db183bdea1eed9d9c0fcb96f529c09ab69ce18cec48b0c1,2ad673826bbf1bde627e167988a617ebc5305e6e8c0862c6b99e183fbe1d447e
LAYOUT-08,cascina_06.jpg,4307616,b7a7742d10cc2ef2f4733a3c5c6341b08ee1a84b37432762408c9c73e62064ed,ef0d93e1331101b78db183bdea1eed9d9c0fcb96f529c09ab69ce18cec48b0c1,2ad673826bbf1bde627e167988a617ebc5305e6e8c0862c6b99e183fbe1d447e
LAYOUT-08,cascina_04.jpg,6366713,c25a87727e081013def1b591f815ccc919013e03d207cb40122f2056cedd9f25,ef0d93e1331101b78db183bdea1eed9d9c0fcb96f529c09ab69ce18cec48b0c1,2ad673826bbf1bde627e167988a617ebc5305e6e8c0862c6b99e183fbe1d447e
LAYOUT-08,cascina_01.jpg,5033488,d475970a5a81cb32e7f6014c356760a39c14f1d60ed344f6e3887bd7389271ed,ef0d93e1331101b78db183bdea1eed9d9c0fcb96f529c09ab69ce18cec48b0c1,2ad673826bbf1bde627e167988a617ebc5305e6e8c0862c6b99e183fbe1d447e
LAYOUT-08,cascina_02.jpg,4224803,6d304a016bf9346296156d31348b40f92f9fda211f66d747eac35abe98921833,ef0d93e1331101b78db183bdea1eed9d9c0fcb96f529c09ab69ce18cec48b0c1,2ad673826bbf1bde627e167988a617ebc5305e6e8c0862c6b99e183fbe1d447e
LAYOUT-08,solane_03.jpg,6049652,305f113bdbf84024e89e57d9f58fecc7645242a2ab5c387031fde79129a4c70e,ef0d93e1331101b78db183bdea1eed9d9c0fcb96f529c09ab69ce18cec48b0c1,2ad673826bbf1bde627e167988a617ebc5305e6e8c0862c6b99e183fbe1d447e
LAYOUT-08,aubine_05.jpg,4813141,658e49c933e222b02e438f00f7e9ceba08638ae46d18b41ae9158d30324441a4,ef0d93e1331101b78db183bdea1eed9d9c0fcb96f529c09ab69ce18cec48b0c1,2ad673826bbf1bde627e167988a617ebc5305e6e8c0862c6b99e183fbe1d447e
LAYOUT-08,aubine_01.jpg,7844540,12c7b7c1268677d98a8272f399023c6ea64cf9bbe45913e6d5792b347ad8251a,ef0d93e1331101b78db183bdea1eed9d9c0fcb96f529c09ab69ce18cec48b0c1,2ad673826bbf1bde627e167988a617ebc5305e6e8c0862c6b99e183fbe1d447e
LAYOUT-08,aubine_03.jpg,6057207,d3d9edb2108b0c33eb19207fe82dd3a430bda3f09317930db1aa719b66c503e7,ef0d93e1331101b78db183bdea1eed9d9c0fcb96f529c09ab69ce18cec48b0c1,2ad673826bbf1bde627e167988a617ebc5305e6e8c0862c6b99e183fbe1d447e
LAYOUT-08,solane_07.jpg,3974549,c84c55fc10db90b50af207b50a198a6c0b4158d84d5809d0361a54bab0bac9df,ef0d93e1331101b78db183bdea1eed9d9c0fcb96f529c09ab69ce18cec48b0c1,2ad673826bbf1bde627e167988a617ebc5305e6e8c0862c6b99e183fbe1d447e
LAYOUT-08,aubine_02.jpg,5628077,7254083346e72cbf60c8953a957b875be4c91ed7f513919596d222a783e1dbc4,ef0d93e1331101b78db183bdea1eed9d9c0fcb96f529c09ab69ce18cec48b0c1,2ad673826bbf1bde627e167988a617ebc5305e6e8c0862c6b99e183fbe1d447e
LAYOUT-08,aubine_07.jpg,7373164,ac3f7b20786001eea48349a2df43f3fd30e79c7045aeed376c71e579a3c948a0,ef0d93e1331101b78db183bdea1eed9d9c0fcb96f529c09ab69ce18cec48b0c1,2ad673826bbf1bde627e167988a617ebc5305e6e8c0862c6b99e183fbe1d447e
LAYOUT-08,cascina_07.jpg,3821354,225b088c9790182e652014e203e4c6527f3940bce3ac53e071140b85e2d20ec0,ef0d93e1331101b78db183bdea1eed9d9c0fcb96f529c09ab69ce18cec48b0c1,2ad673826bbf1bde627e167988a617ebc5305e6e8c0862c6b99e183fbe1d447e
LAYOUT-08,verranza_season_card.pdf,332261,10ac6779a9803e65bf32bf8c9db858a411f66afde13ab10fb39d31a342dcc2cc,ef0d93e1331101b78db183bdea1eed9d9c0fcb96f529c09ab69ce18cec48b0c1,2ad673826bbf1bde627e167988a617ebc5305e6e8c0862c6b99e183fbe1d447e
LAYOUT-08,cascina_05.jpg,4425478,1bc684d4c7e98216a741e9cfbe2884e56ff93e56daff802a0dafc44cae61e6ab,ef0d93e1331101b78db183bdea1eed9d9c0fcb96f529c09ab69ce18cec48b0c1,2ad673826bbf1bde627e167988a617ebc5305e6e8c0862c6b99e183fbe1d447e
LAYOUT-08,aubine_04.jpg,4458270,2415669b0544ba7081627ce98baa76401801dbec0864d69fc216e8a87b950f46,ef0d93e1331101b78db183bdea1eed9d9c0fcb96f529c09ab69ce18cec48b0c1,2ad673826bbf1bde627e167988a617ebc5305e6e8c0862c6b99e183fbe1d447e
LAYOUT-08,verranza_rates.csv,1876,1ecfca17dca746491310f2eb0e97c5c849d3f5b50988e2edfa66271b7f970fed,ef0d93e1331101b78db183bdea1eed9d9c0fcb96f529c09ab69ce18cec48b0c1,2ad673826bbf1bde627e167988a617ebc5305e6e8c0862c6b99e183fbe1d447e
LAYOUT-08,verranza_owner_note.png,1968294,8af56fd869b49a6a85198187f3fd7146769122ddb1f54e408d4ef011456ccc41,ef0d93e1331101b78db183bdea1eed9d9c0fcb96f529c09ab69ce18cec48b0c1,2ad673826bbf1bde627e167988a617ebc5305e6e8c0862c6b99e183fbe1d447e
LAYOUT-08,aubine_06.jpg,4408500,bba20b21b55e0109c45e727562aba00b32a858bf85ca488f203ed803f88b4c29,ef0d93e1331101b78db183bdea1eed9d9c0fcb96f529c09ab69ce18cec48b0c1,2ad673826bbf1bde627e167988a617ebc5305e6e8c0862c6b99e183fbe1d447e
LAYOUT-08,verranza_amenities.txt,2161,6714c88777ffaecaa7e034dee0e984f06c372e44c9aae80dfaabcc40e2fa0b4e,ef0d93e1331101b78db183bdea1eed9d9c0fcb96f529c09ab69ce18cec48b0c1,2ad673826bbf1bde627e167988a617ebc5305e6e8c0862c6b99e183fbe1d447e
LAYOUT-08,welcome_06.jpg,2832444,74029c78c18d734c6ad127a922dcb5dc06a8f1da4a30446449aebe0e1154b746,ef0d93e1331101b78db183bdea1eed9d9c0fcb96f529c09ab69ce18cec48b0c1,2ad673826bbf1bde627e167988a617ebc5305e6e8c0862c6b99e183fbe1d447e
LAYOUT-08,welcome_05.jpg,3924878,1ecdea57d732b282bc6fc1e257150bc4a10e3420ee0f0d41cc57b687d65ecf38,ef0d93e1331101b78db183bdea1eed9d9c0fcb96f529c09ab69ce18cec48b0c1,2ad673826bbf1bde627e167988a617ebc5305e6e8c0862c6b99e183fbe1d447e
LAYOUT-08,welcome_02.jpg,3734143,ec27a0d7f2746add581e1c2d3605281e6ab6da44d8a7a8be579ece4c64f1da97,ef0d93e1331101b78db183bdea1eed9d9c0fcb96f529c09ab69ce18cec48b0c1,2ad673826bbf1bde627e167988a617ebc5305e6e8c0862c6b99e183fbe1d447e
LAYOUT-08,welcome_03.jpg,3562834,18cb2d5d6ad5c0f6b33e2abfc7b1a3f2ace7e0d129b13f39985eb5b16e38ed95,ef0d93e1331101b78db183bdea1eed9d9c0fcb96f529c09ab69ce18cec48b0c1,2ad673826bbf1bde627e167988a617ebc5305e6e8c0862c6b99e183fbe1d447e
LAYOUT-08,welcome_04.jpg,3698183,c39744312b70b3a6188f3cc3483218a65333ab7f40af2fac599e226a32f59d2f,ef0d93e1331101b78db183bdea1eed9d9c0fcb96f529c09ab69ce18cec48b0c1,2ad673826bbf1bde627e167988a617ebc5305e6e8c0862c6b99e183fbe1d447e
LAYOUT-08,welcome_01.jpg,3431833,41b82105c21d369e8167346ddaddc991e4752aacdb7a2a05110bfcaa7a6fbd90,ef0d93e1331101b78db183bdea1eed9d9c0fcb96f529c09ab69ce18cec48b0c1,2ad673826bbf1bde627e167988a617ebc5305e6e8c0862c6b99e183fbe1d447e
LAYOUT-08,verranza_cove_mark.png,2721207,647566e947c5e34d7c01ad9dcca44a24fd4cb57c1c4f3751a4bb266c34cc3eef,ef0d93e1331101b78db183bdea1eed9d9c0fcb96f529c09ab69ce18cec48b0c1,2ad673826bbf1bde627e167988a617ebc5305e6e8c0862c6b99e183fbe1d447e
LAYOUT-09,nimbadesk_ui_05.png,2132570,db3a2ec7f7c792d02b8caf4bf62179f82b530a9f92704e9bb617cc898ab5e803,a86b2d9ea4baa7086e7d7032c188bf5ae79467dc132584cfe7baf524e1035360,e9afdb381a1fa981bcb2de7c6a452503a9a7fac63c439d346645db42e5c032a4
LAYOUT-09,nimbadesk_ui_06.png,735189,bd61fe5ff592529256d55d54635decae0944069bcc3c572a72e6fa95cdbe0562,a86b2d9ea4baa7086e7d7032c188bf5ae79467dc132584cfe7baf524e1035360,e9afdb381a1fa981bcb2de7c6a452503a9a7fac63c439d346645db42e5c032a4
LAYOUT-09,nimbadesk_ui_02.png,2369717,856046546f44235a5ae153fe03f9ab459fbefe905b9ce9d4700979d690eaab15,a86b2d9ea4baa7086e7d7032c188bf5ae79467dc132584cfe7baf524e1035360,e9afdb381a1fa981bcb2de7c6a452503a9a7fac63c439d346645db42e5c032a4
LAYOUT-09,nimbadesk_ui_03.png,2095912,1bd95d5faa1365e5da008bd71ed400dede402ffa813808f354deb4fac4d808ae,a86b2d9ea4baa7086e7d7032c188bf5ae79467dc132584cfe7baf524e1035360,e9afdb381a1fa981bcb2de7c6a452503a9a7fac63c439d346645db42e5c032a4
LAYOUT-09,nimbadesk_ui_04.png,2070414,8b01cd1735edaf7910dbe350380cb075b66cb81877710d9434718f41ad8a1675,a86b2d9ea4baa7086e7d7032c188bf5ae79467dc132584cfe7baf524e1035360,e9afdb381a1fa981bcb2de7c6a452503a9a7fac63c439d346645db42e5c032a4
LAYOUT-09,nimbadesk_ui_10.png,2272739,b768bf855ba7584a205b88cd8b2c88c36db7bd62238fd7dad6022265f6a90d80,a86b2d9ea4baa7086e7d7032c188bf5ae79467dc132584cfe7baf524e1035360,e9afdb381a1fa981bcb2de7c6a452503a9a7fac63c439d346645db42e5c032a4
LAYOUT-09,booth_headshot_04.jpg,1635809,580a0d366f022be31abc0d6e5921017125cde15e32d5ace65bf5e63ed8418531,a86b2d9ea4baa7086e7d7032c188bf5ae79467dc132584cfe7baf524e1035360,e9afdb381a1fa981bcb2de7c6a452503a9a7fac63c439d346645db42e5c032a4
LAYOUT-09,booth_headshot_02.jpg,1799577,c3eefb1b9147840113c89da74cf2df7ca363e03c399976eb0a0b9aac9826c166,a86b2d9ea4baa7086e7d7032c188bf5ae79467dc132584cfe7baf524e1035360,e9afdb381a1fa981bcb2de7c6a452503a9a7fac63c439d346645db42e5c032a4
LAYOUT-09,nimbadesk_ui_11.png,1726750,281637b6eef9c00e11fa3d5d9930b1e05e989b410d4a3a46351322c4ffb7bc48,a86b2d9ea4baa7086e7d7032c188bf5ae79467dc132584cfe7baf524e1035360,e9afdb381a1fa981bcb2de7c6a452503a9a7fac63c439d346645db42e5c032a4
LAYOUT-09,nimbadesk_ui_07.png,644729,898cfa30eda39d53261dcbff8e85d67492ccb15a15d678e3261ed3ca3715d5ab,a86b2d9ea4baa7086e7d7032c188bf5ae79467dc132584cfe7baf524e1035360,e9afdb381a1fa981bcb2de7c6a452503a9a7fac63c439d346645db42e5c032a4
LAYOUT-09,nimbadesk_ui_01.png,2191930,b2efcb87d7ea643364537ce31a3472fe52117c9d0c6a6ad3c679c8d55df8b1d1,a86b2d9ea4baa7086e7d7032c188bf5ae79467dc132584cfe7baf524e1035360,e9afdb381a1fa981bcb2de7c6a452503a9a7fac63c439d346645db42e5c032a4
LAYOUT-09,booth_headshot_06.jpg,1770634,c2331ac1350a3b92386a2fd196f3b72a9e51d94dc03b51406268c47e903f9206,a86b2d9ea4baa7086e7d7032c188bf5ae79467dc132584cfe7baf524e1035360,e9afdb381a1fa981bcb2de7c6a452503a9a7fac63c439d346645db42e5c032a4
LAYOUT-09,booth_headshot_08.jpg,1162624,4b036782942d57dd3d8cf74fb6a184fb0088fa95f5ddd1472b2f52ef6e3020b5,a86b2d9ea4baa7086e7d7032c188bf5ae79467dc132584cfe7baf524e1035360,e9afdb381a1fa981bcb2de7c6a452503a9a7fac63c439d346645db42e5c032a4
LAYOUT-09,nimbadesk_logo_v4.png,1019267,e5ccf89d3210a41023a4708d42c54bbd38c6e1c3b82ea6e1f83b14b4fc8b74c2,a86b2d9ea4baa7086e7d7032c188bf5ae79467dc132584cfe7baf524e1035360,e9afdb381a1fa981bcb2de7c6a452503a9a7fac63c439d346645db42e5c032a4
LAYOUT-09,booth_headshot_11.jpg,1412853,642ba57c68630d9218198b27e3d4c34ed113ad693b58222f536c99a4400b598b,a86b2d9ea4baa7086e7d7032c188bf5ae79467dc132584cfe7baf524e1035360,e9afdb381a1fa981bcb2de7c6a452503a9a7fac63c439d346645db42e5c032a4
LAYOUT-09,booth_headshot_01.jpg,1609499,6fe66e6d4a0b5685b5f334bb7240673307829f93707a6eae529e5fea283797a6,a86b2d9ea4baa7086e7d7032c188bf5ae79467dc132584cfe7baf524e1035360,e9afdb381a1fa981bcb2de7c6a452503a9a7fac63c439d346645db42e5c032a4
LAYOUT-09,booth_headshot_05.jpg,1666054,544e2c82df95482081dd08b3cd58e1dab4bfbb567bfe405c3e2eb86846951d17,a86b2d9ea4baa7086e7d7032c188bf5ae79467dc132584cfe7baf524e1035360,e9afdb381a1fa981bcb2de7c6a452503a9a7fac63c439d346645db42e5c032a4
LAYOUT-09,booth_headshot_10.jpg,1641583,070c8bf2baf89cd8d215a8181637fb6e98a7d17e7c62de222bf7d2088aa5ab51,a86b2d9ea4baa7086e7d7032c188bf5ae79467dc132584cfe7baf524e1035360,e9afdb381a1fa981bcb2de7c6a452503a9a7fac63c439d346645db42e5c032a4
LAYOUT-09,nimbadesk_ui_09.png,972420,a7e33058676daaf5cf442918438338ec094018f2570f3d45e8fb684ad5b271fd,a86b2d9ea4baa7086e7d7032c188bf5ae79467dc132584cfe7baf524e1035360,e9afdb381a1fa981bcb2de7c6a452503a9a7fac63c439d346645db42e5c032a4
LAYOUT-09,nimbadesk_metrics.csv,116,bb707679ba34930601ccfe1861fe1b98957a4fe623c4852e64985698342bf24f,a86b2d9ea4baa7086e7d7032c188bf5ae79467dc132584cfe7baf524e1035360,e9afdb381a1fa981bcb2de7c6a452503a9a7fac63c439d346645db42e5c032a4
LAYOUT-09,booth_headshot_14.jpg,1790166,87993ac0e3946cc4a277e6a2ab7cd72d24764e0f50f8ac6a2a4ce1c2dc3edda2,a86b2d9ea4baa7086e7d7032c188bf5ae79467dc132584cfe7baf524e1035360,e9afdb381a1fa981bcb2de7c6a452503a9a7fac63c439d346645db42e5c032a4
LAYOUT-09,booth_headshot_07.jpg,1380894,236a0f80be31c83b5ce830ef6c00e93bc1c8734a4059389c9a12f84271900603,a86b2d9ea4baa7086e7d7032c188bf5ae79467dc132584cfe7baf524e1035360,e9afdb381a1fa981bcb2de7c6a452503a9a7fac63c439d346645db42e5c032a4
LAYOUT-09,booth_headshot_12.jpg,1619031,170587fdb9fdc1f0ab93a3e330bb26bdc6469a8f90752c80c7b3832643e0afc8,a86b2d9ea4baa7086e7d7032c188bf5ae79467dc132584cfe7baf524e1035360,e9afdb381a1fa981bcb2de7c6a452503a9a7fac63c439d346645db42e5c032a4
LAYOUT-09,booth_headshot_03.jpg,1667162,6fb4a04d44837b98415b0feb34ffcd6d73b8818f0aa90cc39aebba87f6b1ab0c,a86b2d9ea4baa7086e7d7032c188bf5ae79467dc132584cfe7baf524e1035360,e9afdb381a1fa981bcb2de7c6a452503a9a7fac63c439d346645db42e5c032a4
LAYOUT-09,nimbadesk_badge_2026.pdf,228676,0fb65c7c884ec1e3ef07513a6cc0e42a26918afd84b378eecefd6ddd9ac1048f,a86b2d9ea4baa7086e7d7032c188bf5ae79467dc132584cfe7baf524e1035360,e9afdb381a1fa981bcb2de7c6a452503a9a7fac63c439d346645db42e5c032a4
LAYOUT-09,booth_headshot_13.jpg,1382826,22ba90b7010bf082320272860d9833dd8d959ef4c67583810cd96dea87f324f4,a86b2d9ea4baa7086e7d7032c188bf5ae79467dc132584cfe7baf524e1035360,e9afdb381a1fa981bcb2de7c6a452503a9a7fac63c439d346645db42e5c032a4
LAYOUT-09,booth_headshot_09.jpg,1901558,271db5ac213d2c4213f5852de2655a95d551892645289b829bfda2fcab5c540e,a86b2d9ea4baa7086e7d7032c188bf5ae79467dc132584cfe7baf524e1035360,e9afdb381a1fa981bcb2de7c6a452503a9a7fac63c439d346645db42e5c032a4
LAYOUT-09,nimbadesk_copy.txt,3002,6e59620aaa724fc1c6b093f384b6ede2306cd59f5139f96c1998ef3ff244e6c0,a86b2d9ea4baa7086e7d7032c188bf5ae79467dc132584cfe7baf524e1035360,e9afdb381a1fa981bcb2de7c6a452503a9a7fac63c439d346645db42e5c032a4
LAYOUT-09,nimbadesk_ui_08.png,2107975,f31f534de91941fb73ca4a1ce72217e7aa6dcce0fe24348b43958b742a58f3ba,a86b2d9ea4baa7086e7d7032c188bf5ae79467dc132584cfe7baf524e1035360,e9afdb381a1fa981bcb2de7c6a452503a9a7fac63c439d346645db42e5c032a4
LAYOUT-10,eastgate_02.jpg,204397,4b024b2b1ba49523737fd017c651f8eafe7a68d646c371bfa0dadad15852e6fb,9f9a2f8f72a3486fe5eedc54a42b65cb239d4b0f7b1885291fcf1b852079daab,214d55b225acbb9fcc3d612c68c429d4c14f7a0442c8e6d10437a047e74956b7
LAYOUT-10,waterman_row_03.jpg,1801493,4853f8b30e9c58abeffe09bcda352bec438b51955d066c824022b67cbed3454e,9f9a2f8f72a3486fe5eedc54a42b65cb239d4b0f7b1885291fcf1b852079daab,214d55b225acbb9fcc3d612c68c429d4c14f7a0442c8e6d10437a047e74956b7
LAYOUT-10,waterman_row_04.jpg,1646952,857d5843c7c7cca9c749a6f20b5d559b77e3421b9850fc841d9becf452bf6afb,9f9a2f8f72a3486fe5eedc54a42b65cb239d4b0f7b1885291fcf1b852079daab,214d55b225acbb9fcc3d612c68c429d4c14f7a0442c8e6d10437a047e74956b7
LAYOUT-10,waterman_row_02.jpg,1554308,e18db79d694e42b09dd86ba7cf18b74b56df00f45307e022a3d07fb62f50a971,9f9a2f8f72a3486fe5eedc54a42b65cb239d4b0f7b1885291fcf1b852079daab,214d55b225acbb9fcc3d612c68c429d4c14f7a0442c8e6d10437a047e74956b7
LAYOUT-10,waterman_row_08.jpg,1798030,0978e32788efc94c8bebc7584cbc90f883ef629871e31cd91fd295ed4e1f721e,9f9a2f8f72a3486fe5eedc54a42b65cb239d4b0f7b1885291fcf1b852079daab,214d55b225acbb9fcc3d612c68c429d4c14f7a0442c8e6d10437a047e74956b7
LAYOUT-10,olneyville_green_03.jpg,1648433,79b5663bed04b0dec2dbd94b18cf8877c4c366107668f545dc7da4051d5a8cfd,9f9a2f8f72a3486fe5eedc54a42b65cb239d4b0f7b1885291fcf1b852079daab,214d55b225acbb9fcc3d612c68c429d4c14f7a0442c8e6d10437a047e74956b7
LAYOUT-10,waterman_row_05.jpg,1949425,6c41aa8221cad6d39d8425d430fa48e2e222dc387382e369100ccc2f1aa851a0,9f9a2f8f72a3486fe5eedc54a42b65cb239d4b0f7b1885291fcf1b852079daab,214d55b225acbb9fcc3d612c68c429d4c14f7a0442c8e6d10437a047e74956b7
LAYOUT-10,eastgate_01.jpg,1489754,8fe27cd69000e1fcd29def50fd22c3623ae90fc6ebec8e0885437371af595cc7,9f9a2f8f72a3486fe5eedc54a42b65cb239d4b0f7b1885291fcf1b852079daab,214d55b225acbb9fcc3d612c68c429d4c14f7a0442c8e6d10437a047e74956b7
LAYOUT-10,waterman_row_01.jpg,2222908,80c2ffc2a992aba671cb894a0623aafa3b6cc9c548c3504b20dba2118187faf4,9f9a2f8f72a3486fe5eedc54a42b65cb239d4b0f7b1885291fcf1b852079daab,214d55b225acbb9fcc3d612c68c429d4c14f7a0442c8e6d10437a047e74956b7
LAYOUT-10,olneyville_green_04.jpg,2228693,fa9879cca08bef27b34090b7f81e727a20dd383ef9f6a68e34a5ca9175f8d1e0,9f9a2f8f72a3486fe5eedc54a42b65cb239d4b0f7b1885291fcf1b852079daab,214d55b225acbb9fcc3d612c68c429d4c14f7a0442c8e6d10437a047e74956b7
LAYOUT-10,olneyville_green_07.jpg,2240419,c08857ebedaeba02227f74a7fb33cfce7e052ebd260b6d70c2d86fbeb3c0b5b6,9f9a2f8f72a3486fe5eedc54a42b65cb239d4b0f7b1885291fcf1b852079daab,214d55b225acbb9fcc3d612c68c429d4c14f7a0442c8e6d10437a047e74956b7
LAYOUT-10,olneyville_green_08.jpg,1810206,38d11e369c705940b16bd4f76ba6e04fde8cf3bf32f6a8145ee8e047d3f96f6f,9f9a2f8f72a3486fe5eedc54a42b65cb239d4b0f7b1885291fcf1b852079daab,214d55b225acbb9fcc3d612c68c429d4c14f7a0442c8e6d10437a047e74956b7
LAYOUT-10,olneyville_green_02.jpg,1706218,dd0fcf87b8a03849a5cde5fd88f8e367d7d109efea0e36b623c9884e38340e97,9f9a2f8f72a3486fe5eedc54a42b65cb239d4b0f7b1885291fcf1b852079daab,214d55b225acbb9fcc3d612c68c429d4c14f7a0442c8e6d10437a047e74956b7
LAYOUT-10,waterman_row_06.jpg,2462429,594291c558175d14228406aa720dca5251a06c6787d16d300ad472517d9d75c6,9f9a2f8f72a3486fe5eedc54a42b65cb239d4b0f7b1885291fcf1b852079daab,214d55b225acbb9fcc3d612c68c429d4c14f7a0442c8e6d10437a047e74956b7
LAYOUT-10,pawtucket_mills_01.jpg,3547440,f679e19bdb08590453c942da1405a1b62c4799ed0985b71094a5f1b81d30e012,9f9a2f8f72a3486fe5eedc54a42b65cb239d4b0f7b1885291fcf1b852079daab,214d55b225acbb9fcc3d612c68c429d4c14f7a0442c8e6d10437a047e74956b7
LAYOUT-10,pawtucket_mills_04.jpg,3221134,c89080dabc9f8924edfa5f723e975671995a5a53466ad825cbec994730d4836e,9f9a2f8f72a3486fe5eedc54a42b65cb239d4b0f7b1885291fcf1b852079daab,214d55b225acbb9fcc3d612c68c429d4c14f7a0442c8e6d10437a047e74956b7
LAYOUT-10,pawtucket_mills_05.jpg,3601209,f33414f7dfe2e4111fc4d54a735b25a2d81890cf82cf3850f71d07995f294f17,9f9a2f8f72a3486fe5eedc54a42b65cb239d4b0f7b1885291fcf1b852079daab,214d55b225acbb9fcc3d612c68c429d4c14f7a0442c8e6d10437a047e74956b7
LAYOUT-10,olneyville_green_06.jpg,1873426,f498c9aa8a18d0adeaee02f81480d02f57b186f24197a3c844b51db062bd8297,9f9a2f8f72a3486fe5eedc54a42b65cb239d4b0f7b1885291fcf1b852079daab,214d55b225acbb9fcc3d612c68c429d4c14f7a0442c8e6d10437a047e74956b7
LAYOUT-10,pawtucket_mills_06.jpg,3438264,54908b98334d7d9402081ba583d123ffbdd7b2e8f6b9d8d844b69640cc20f23b,9f9a2f8f72a3486fe5eedc54a42b65cb239d4b0f7b1885291fcf1b852079daab,214d55b225acbb9fcc3d612c68c429d4c14f7a0442c8e6d10437a047e74956b7
LAYOUT-10,cranston_fields_03.jpg,3248229,3cb812de4c4cc6466ace34adb4921a35d5bad0f097836f78013cb154a7977e0a,9f9a2f8f72a3486fe5eedc54a42b65cb239d4b0f7b1885291fcf1b852079daab,214d55b225acbb9fcc3d612c68c429d4c14f7a0442c8e6d10437a047e74956b7
LAYOUT-10,pawtucket_mills_03.jpg,3307065,f1247f26d433f7314943ec3160c62e38f94114b242298b1c530b567dbf4ebf1d,9f9a2f8f72a3486fe5eedc54a42b65cb239d4b0f7b1885291fcf1b852079daab,214d55b225acbb9fcc3d612c68c429d4c14f7a0442c8e6d10437a047e74956b7
LAYOUT-10,waterman_row_09.jpg,1918363,d82fab7991389726dc6fad61018f562118a58c0e8a11c5cf19cd2e146f582a5a,9f9a2f8f72a3486fe5eedc54a42b65cb239d4b0f7b1885291fcf1b852079daab,214d55b225acbb9fcc3d612c68c429d4c14f7a0442c8e6d10437a047e74956b7
LAYOUT-10,pawtucket_mills_08.jpg,3754692,691db0ede33b157859e64baa26cb9831d48013eec2eaca0f81095fb6ffd356b6,9f9a2f8f72a3486fe5eedc54a42b65cb239d4b0f7b1885291fcf1b852079daab,214d55b225acbb9fcc3d612c68c429d4c14f7a0442c8e6d10437a047e74956b7
LAYOUT-10,cranston_fields_01.jpg,3386023,37b2590355609897e8adc8819758c668da87733db3c41ee1a48dc1451f3761a1,9f9a2f8f72a3486fe5eedc54a42b65cb239d4b0f7b1885291fcf1b852079daab,214d55b225acbb9fcc3d612c68c429d4c14f7a0442c8e6d10437a047e74956b7
LAYOUT-10,olneyville_green_01.jpg,2227892,2fcc768a90f98a7989fdb2c2ff5c0753f5178adfd5e9baf0298d0edb6ffa29ed,9f9a2f8f72a3486fe5eedc54a42b65cb239d4b0f7b1885291fcf1b852079daab,214d55b225acbb9fcc3d612c68c429d4c14f7a0442c8e6d10437a047e74956b7
LAYOUT-10,pawtucket_mills_02.jpg,3501995,14081efcbf4d31763ad5f040b9dfed4bf8c9028bab18e2766b957fd2b76c8966,9f9a2f8f72a3486fe5eedc54a42b65cb239d4b0f7b1885291fcf1b852079daab,214d55b225acbb9fcc3d612c68c429d4c14f7a0442c8e6d10437a047e74956b7
LAYOUT-10,olneyville_green_09.jpg,1861818,94f5bf5fe3e9bffa3c2d9a0454b0549e0bf77797c1fadc45a7960f5da64afcff,9f9a2f8f72a3486fe5eedc54a42b65cb239d4b0f7b1885291fcf1b852079daab,214d55b225acbb9fcc3d612c68c429d4c14f7a0442c8e6d10437a047e74956b7
LAYOUT-10,waterman_row_10.jpg,238895,45f421a3e36928083984ec5ba2756a60976a2b162e2bc00d0ae3e04a078c7ed0,9f9a2f8f72a3486fe5eedc54a42b65cb239d4b0f7b1885291fcf1b852079daab,214d55b225acbb9fcc3d612c68c429d4c14f7a0442c8e6d10437a047e74956b7
LAYOUT-10,olneyville_green_05.jpg,1960180,e8c34818b59a0e2478147abf4e8784dbb1ae2ab36320825e27ebd222f3bc9b98,9f9a2f8f72a3486fe5eedc54a42b65cb239d4b0f7b1885291fcf1b852079daab,214d55b225acbb9fcc3d612c68c429d4c14f7a0442c8e6d10437a047e74956b7
LAYOUT-10,eastgate_crest_sign.jpg,1837140,30a057478c0ef316acfb3d24419917ed8e5431e2058cf10a4eaaf1bccc5321e3,9f9a2f8f72a3486fe5eedc54a42b65cb239d4b0f7b1885291fcf1b852079daab,214d55b225acbb9fcc3d612c68c429d4c14f7a0442c8e6d10437a047e74956b7
LAYOUT-10,pawtucket_mills_07.jpg,3199131,628868f5f06f767684ae24872e0e3795c4a53518bd16c8101699cc92e2b5e423,9f9a2f8f72a3486fe5eedc54a42b65cb239d4b0f7b1885291fcf1b852079daab,214d55b225acbb9fcc3d612c68c429d4c14f7a0442c8e6d10437a047e74956b7
LAYOUT-10,alderwood_centres.csv,866,100679b4317c2c75ad65f90cc1eb3b69b1670ba6de77dfef093781110985e983,9f9a2f8f72a3486fe5eedc54a42b65cb239d4b0f7b1885291fcf1b852079daab,214d55b225acbb9fcc3d612c68c429d4c14f7a0442c8e6d10437a047e74956b7
LAYOUT-10,cranston_fields_05.jpg,3469764,c68b832d8e60b6510a51e63ec949944e23ffe8fcc4b43def1a5cecdf80e4ab39,9f9a2f8f72a3486fe5eedc54a42b65cb239d4b0f7b1885291fcf1b852079daab,214d55b225acbb9fcc3d612c68c429d4c14f7a0442c8e6d10437a047e74956b7
LAYOUT-10,olneyville_green_10.jpg,1778674,c6cb05649b854ebdf1618a0f3f39c806bcaedcde4e4aa87c77f1bd849c116a0b,9f9a2f8f72a3486fe5eedc54a42b65cb239d4b0f7b1885291fcf1b852079daab,214d55b225acbb9fcc3d612c68c429d4c14f7a0442c8e6d10437a047e74956b7
LAYOUT-10,waterman_row_07.jpg,2066161,bf21d01901359e89b461e1eee161dfd5427860034bd54088367b4b0141160e91,9f9a2f8f72a3486fe5eedc54a42b65cb239d4b0f7b1885291fcf1b852079daab,214d55b225acbb9fcc3d612c68c429d4c14f7a0442c8e6d10437a047e74956b7
LAYOUT-10,cranston_fields_02.jpg,3482744,a9d13eb2edecedf6d2a12763432c22012f6d4c4b64f8c1cdb90c0e1752be85d0,9f9a2f8f72a3486fe5eedc54a42b65cb239d4b0f7b1885291fcf1b852079daab,214d55b225acbb9fcc3d612c68c429d4c14f7a0442c8e6d10437a047e74956b7
LAYOUT-10,alderwood_banner_2025_press.pdf,301845,04ec66be56fe0fc6ff5ac191c07b56e75b9a10edcd4940e79789b50f18bb7259,9f9a2f8f72a3486fe5eedc54a42b65cb239d4b0f7b1885291fcf1b852079daab,214d55b225acbb9fcc3d612c68c429d4c14f7a0442c8e6d10437a047e74956b7
LAYOUT-10,cranston_fields_04.jpg,2961914,845e0cade648ae8881618cef7413bbde543050e3f1e139798f30548f4d2c7862,9f9a2f8f72a3486fe5eedc54a42b65cb239d4b0f7b1885291fcf1b852079daab,214d55b225acbb9fcc3d612c68c429d4c14f7a0442c8e6d10437a047e74956b7
LAYOUT-10,alderwood_centre_outcomes.csv,465,546de6aaa2f05b4a9737368a1bafcec1113ab5b1e0cc475a7743a715528ef7fe,9f9a2f8f72a3486fe5eedc54a42b65cb239d4b0f7b1885291fcf1b852079daab,214d55b225acbb9fcc3d612c68c429d4c14f7a0442c8e6d10437a047e74956b7
LAYOUT-10,alderwood_spend_by_programme.csv,534,f3bffc1631e7ee08779a873e035ca51d8b99cefcc6135459b581bb91ffc85955,9f9a2f8f72a3486fe5eedc54a42b65cb239d4b0f7b1885291fcf1b852079daab,214d55b225acbb9fcc3d612c68c429d4c14f7a0442c8e6d10437a047e74956b7
LAYOUT-10,alderwood_copy_pack.txt,8034,ab62a0415ddc61275d5feb0c4f146fcc516966419d1e81dca49c44989ae9f8e1,9f9a2f8f72a3486fe5eedc54a42b65cb239d4b0f7b1885291fcf1b852079daab,214d55b225acbb9fcc3d612c68c429d4c14f7a0442c8e6d10437a047e74956b7
LAYOUT-10,cranston_fields_07.jpg,3480252,0c78aaf1db35438963d51b6938b8663ec01cf9b837c7c85c9a9fa99e941ebd6d,9f9a2f8f72a3486fe5eedc54a42b65cb239d4b0f7b1885291fcf1b852079daab,214d55b225acbb9fcc3d612c68c429d4c14f7a0442c8e6d10437a047e74956b7
LAYOUT-10,waterman_row_11.jpg,235537,0d25ebf0ff2b9fe3ebdf93ff9145c0823f8bcbe45b734bcbbbef9fcc8424f5b8,9f9a2f8f72a3486fe5eedc54a42b65cb239d4b0f7b1885291fcf1b852079daab,214d55b225acbb9fcc3d612c68c429d4c14f7a0442c8e6d10437a047e74956b7
LAYOUT-10,cranston_fields_06.jpg,3381896,0d479c9f778b73e4850e7526042e5113b8ab4e36c794ff3c0d2ba1a9d5419f6d,9f9a2f8f72a3486fe5eedc54a42b65cb239d4b0f7b1885291fcf1b852079daab,214d55b225acbb9fcc3d612c68c429d4c14f7a0442c8e6d10437a047e74956b7
LAYOUT-10,cranston_fields_08.jpg,3543472,54630ea180909ca69acf875aab18e3bacd6537c7ae67a232c3eb31449fa7f11b,9f9a2f8f72a3486fe5eedc54a42b65cb239d4b0f7b1885291fcf1b852079daab,214d55b225acbb9fcc3d612c68c429d4c14f7a0442c8e6d10437a047e74956b7
LAYOUT-10,olneyville_green_11.jpg,268001,ba8242ab30098e3f185c7997591f6c03e2d0de7e1972aa891a88fac950d4d606,9f9a2f8f72a3486fe5eedc54a42b65cb239d4b0f7b1885291fcf1b852079daab,214d55b225acbb9fcc3d612c68c429d4c14f7a0442c8e6d10437a047e74956b7
LAYOUT-11,lanternwood_pass_2026.pdf,171264,9483da34d171cda2209412f041af45866dc054b79c02ad57f0e77102ab32802b,2523921a795f24edccc0949e068e36c1be7467625f690fe83892592f3b73079b,338b4c5f7d78b2f60f0538689d034c3a2fa5fd8cb9bd074201da94ebdf567430
LAYOUT-11,lanternwood_stage_frames_07.jpg,2733932,ac3c493ceb9900565e53e652a9fdf3ab4e80e792d93152fabbe7a8bbf6a5b178,2523921a795f24edccc0949e068e36c1be7467625f690fe83892592f3b73079b,338b4c5f7d78b2f60f0538689d034c3a2fa5fd8cb9bd074201da94ebdf567430
LAYOUT-11,lanternwood_stage_frames_01.jpg,2357741,6f22fed711ea5cedbba993d304c573203e1ac0a0efefc675adb7ed1b4e043014,2523921a795f24edccc0949e068e36c1be7467625f690fe83892592f3b73079b,338b4c5f7d78b2f60f0538689d034c3a2fa5fd8cb9bd074201da94ebdf567430
LAYOUT-11,lanternwood_stage_frames_02.jpg,2636197,13db4d6859bf0ad91171fa08ee86145af8f31d9a07b73526899709b530f77edb,2523921a795f24edccc0949e068e36c1be7467625f690fe83892592f3b73079b,338b4c5f7d78b2f60f0538689d034c3a2fa5fd8cb9bd074201da94ebdf567430
LAYOUT-11,lanternwood_site_plan_pencil.png,6888970,7c057dd5b1307f5f810b534311e92cdac7f08df87c2950bcaf98bacb0be8483b,2523921a795f24edccc0949e068e36c1be7467625f690fe83892592f3b73079b,338b4c5f7d78b2f60f0538689d034c3a2fa5fd8cb9bd074201da94ebdf567430
LAYOUT-11,lanternwood_stage_frames_13.jpg,2982040,f9d5def4a618fe60f878003159289834cec79cfdff47e0bfbb1d16bee92665c8,2523921a795f24edccc0949e068e36c1be7467625f690fe83892592f3b73079b,338b4c5f7d78b2f60f0538689d034c3a2fa5fd8cb9bd074201da94ebdf567430
LAYOUT-11,lanternwood_banner_mainstage.jpg,1946494,4a520cfd32320e453c9d8dd0750e2244c8b0af297502c4689ffbbc99b3125a34,2523921a795f24edccc0949e068e36c1be7467625f690fe83892592f3b73079b,338b4c5f7d78b2f60f0538689d034c3a2fa5fd8cb9bd074201da94ebdf567430
LAYOUT-11,lanternwood_stage_frames_11.jpg,2569822,1435e7a9457c567183ece38a13714b18b1186c3e9825466cb9e26231d69755c0,2523921a795f24edccc0949e068e36c1be7467625f690fe83892592f3b73079b,338b4c5f7d78b2f60f0538689d034c3a2fa5fd8cb9bd074201da94ebdf567430
LAYOUT-11,lanternwood_roster_2027.csv,1914,138f352feb4f24a772483a04964366219452ea6ad60ad1946cac5b76f79d19e7,2523921a795f24edccc0949e068e36c1be7467625f690fe83892592f3b73079b,338b4c5f7d78b2f60f0538689d034c3a2fa5fd8cb9bd074201da94ebdf567430
LAYOUT-11,lanternwood_stage_frames_14.jpg,5346535,662753a65a9a5ff084281e1ea0f146b1b2f66fa99bb2df53c1754c5b48ddc55c,2523921a795f24edccc0949e068e36c1be7467625f690fe83892592f3b73079b,338b4c5f7d78b2f60f0538689d034c3a2fa5fd8cb9bd074201da94ebdf567430
LAYOUT-11,lanternwood_lineup_2027.txt,1444,b2639cd9bb7c41aa1e8e5d38649936677f10cecd8ab3eea63ea4013306849ba0,2523921a795f24edccc0949e068e36c1be7467625f690fe83892592f3b73079b,338b4c5f7d78b2f60f0538689d034c3a2fa5fd8cb9bd074201da94ebdf567430
LAYOUT-11,lanternwood_stage_frames_03.jpg,5247689,9942df3b7db51d4bc0f09ae03555a1c34ab90c070b36654b5fbda67df5cafaeb,2523921a795f24edccc0949e068e36c1be7467625f690fe83892592f3b73079b,338b4c5f7d78b2f60f0538689d034c3a2fa5fd8cb9bd074201da94ebdf567430
LAYOUT-11,lanternwood_stage_frames_04.jpg,6341267,aa0eac9de7b393e40c542d48b2737f6a626b5f3f790943a364a8b04de63cf014,2523921a795f24edccc0949e068e36c1be7467625f690fe83892592f3b73079b,338b4c5f7d78b2f60f0538689d034c3a2fa5fd8cb9bd074201da94ebdf567430
LAYOUT-11,lanternwood_stage_frames_06.jpg,6198675,b010cebbe84bf9dce33917d5988b358502b2a595f71be62d5d36a724d398c72a,2523921a795f24edccc0949e068e36c1be7467625f690fe83892592f3b73079b,338b4c5f7d78b2f60f0538689d034c3a2fa5fd8cb9bd074201da94ebdf567430
LAYOUT-11,lanternwood_stage_frames_08.jpg,1994847,ee10ec62b195bd266c35c3f26d6ae8accc98072f33da8fe1c8b685d8edd2943e,2523921a795f24edccc0949e068e36c1be7467625f690fe83892592f3b73079b,338b4c5f7d78b2f60f0538689d034c3a2fa5fd8cb9bd074201da94ebdf567430
LAYOUT-11,lanternwood_stage_frames_12.jpg,6933312,367eefff5dc7005ac046368eb3c376fa43876e9e72e1f695ca9a18a1608fc863,2523921a795f24edccc0949e068e36c1be7467625f690fe83892592f3b73079b,338b4c5f7d78b2f60f0538689d034c3a2fa5fd8cb9bd074201da94ebdf567430
LAYOUT-11,lanternwood_stage_frames_05.jpg,3425178,05d05524469968d59011a7fe5446d1cc54b76797dcb493ef4f8686b06554bef1,2523921a795f24edccc0949e068e36c1be7467625f690fe83892592f3b73079b,338b4c5f7d78b2f60f0538689d034c3a2fa5fd8cb9bd074201da94ebdf567430
LAYOUT-11,lanternwood_stage_frames_09.jpg,3270982,cc07c4b638cab35ab00a64a7b86249ea0800282a9924191d78704f940529e02e,2523921a795f24edccc0949e068e36c1be7467625f690fe83892592f3b73079b,338b4c5f7d78b2f60f0538689d034c3a2fa5fd8cb9bd074201da94ebdf567430
LAYOUT-11,lanternwood_stage_frames_10.jpg,5381490,c7ae815a07b5884eddd6ad2a43deb8c624958d79dd0cdd1247d108c0898870db,2523921a795f24edccc0949e068e36c1be7467625f690fe83892592f3b73079b,338b4c5f7d78b2f60f0538689d034c3a2fa5fd8cb9bd074201da94ebdf567430
LAYOUT-12,umbra_archive_night_01.jpg,1802106,fc5b4dbffd0281a83f0735916b569e796157f954e4f67b06d1ac3fdf09732809,b9df9a6f2c01b04b95290b39ecbab515a58448edf6144a78820313f28f3bc188,854c1a95b82251ace56a9064e1d19c26771200af5f940eb0aea70f361ceb3057
LAYOUT-12,umbra_archive_night_02.jpg,1580488,752dc722a01ca48d4f0211c700867a4c543c9438d12a625fca55ef2e3bfbddbf,b9df9a6f2c01b04b95290b39ecbab515a58448edf6144a78820313f28f3bc188,854c1a95b82251ace56a9064e1d19c26771200af5f940eb0aea70f361ceb3057
LAYOUT-12,umbra_archive_night_03.jpg,2043245,2d974f32c31e41ac301005fe2d9af09a34b20e040fff967d23d1a3ffb6f2bafd,b9df9a6f2c01b04b95290b39ecbab515a58448edf6144a78820313f28f3bc188,854c1a95b82251ace56a9064e1d19c26771200af5f940eb0aea70f361ceb3057
LAYOUT-12,umbra_wordmark_nightferry.jpg,2353987,4e387d32816e6eac6a51d3384d919341ffdf551f7161bea087c858368ea7e6da,b9df9a6f2c01b04b95290b39ecbab515a58448edf6144a78820313f28f3bc188,854c1a95b82251ace56a9064e1d19c26771200af5f940eb0aea70f361ceb3057
LAYOUT-12,umbra_seasoncard_autumn.pdf,247095,b170b5ce53e34e07cb7f47088bde81dd199ed19e54e341a07174d8b872947890,b9df9a6f2c01b04b95290b39ecbab515a58448edf6144a78820313f28f3bc188,854c1a95b82251ace56a9064e1d19c26771200af5f940eb0aea70f361ceb3057
LAYOUT-12,umbra_archive_night_04.jpg,1834231,92b0881badc2c47ccc4d4e1d69432971c17dd0361ba9dfbe041825ac2824bfca,b9df9a6f2c01b04b95290b39ecbab515a58448edf6144a78820313f28f3bc188,854c1a95b82251ace56a9064e1d19c26771200af5f940eb0aea70f361ceb3057
LAYOUT-12,umbra_billing_autumn.txt,1504,bd0071e07edf09c538dd1c58f5319c8dd74ef186ba1ed31a569a9eff30507a45,b9df9a6f2c01b04b95290b39ecbab515a58448edf6144a78820313f28f3bc188,854c1a95b82251ace56a9064e1d19c26771200af5f940eb0aea70f361ceb3057
LAYOUT-12,umbra_archive_night_05.jpg,1113333,10757590fe5cd4933f60b509e2c35e8f1ab94dfb34b03cb12a4435836821b6f0,b9df9a6f2c01b04b95290b39ecbab515a58448edf6144a78820313f28f3bc188,854c1a95b82251ace56a9064e1d19c26771200af5f940eb0aea70f361ceb3057
LAYOUT-12,umbra_room_specs.txt,1351,4759957b14618e2dc44c8f1a0cf529e2e2f365cbe92cddcdbc2224345c433d1d,b9df9a6f2c01b04b95290b39ecbab515a58448edf6144a78820313f28f3bc188,854c1a95b82251ace56a9064e1d19c26771200af5f940eb0aea70f361ceb3057
LAYOUT-12,umbra_archive_night_06.jpg,1811068,10c12afe60852d79bcf8dea2514b03c3b578873809259281c2ddb228c938307e,b9df9a6f2c01b04b95290b39ecbab515a58448edf6144a78820313f28f3bc188,854c1a95b82251ace56a9064e1d19c26771200af5f940eb0aea70f361ceb3057
LAYOUT-12,umbra_wordmark_sable.jpg,2450234,e3b0a82cfab2a98543bbecabd5ab70272988458d1371bc1d8414d303c4028051,b9df9a6f2c01b04b95290b39ecbab515a58448edf6144a78820313f28f3bc188,854c1a95b82251ace56a9064e1d19c26771200af5f940eb0aea70f361ceb3057
LAYOUT-12,umbra_nights_autumn.csv,912,4e21f3d2c6f17621b8728ea7d2fd50365abd189dd0913e1a77fa2cd2d2cf9bc3,b9df9a6f2c01b04b95290b39ecbab515a58448edf6144a78820313f28f3bc188,854c1a95b82251ace56a9064e1d19c26771200af5f940eb0aea70f361ceb3057
LAYOUT-12,umbra_wordmark_meridian.jpg,2328199,1979ce612a4c64f6966cea49beedd0c4a9f035b5a8a2d803718c15b57cd91fc6,b9df9a6f2c01b04b95290b39ecbab515a58448edf6144a78820313f28f3bc188,854c1a95b82251ace56a9064e1d19c26771200af5f940eb0aea70f361ceb3057
LAYOUT-13,marisol_path_to_cove.jpg,3425447,ec49ee0c5ed602840239a2055ffa0fa41f92a7eb9bdbafe4e5ee8c282ef9ce3c,c1581f070a5a78b9c57fde54758550456980838970a0089a51ffb1021a5cff68,17c16a2cb801b3ce0df7618d051dd9531bc30cf74c8b2058af9fcb5981f6291a
LAYOUT-13,marisol_dining_hearth.jpg,1864540,b88045fb74f41179360e1cfaef1ef2d29c6f99219b784fd4bdff0b9cc120baea,c1581f070a5a78b9c57fde54758550456980838970a0089a51ffb1021a5cff68,17c16a2cb801b3ce0df7618d051dd9531bc30cf74c8b2058af9fcb5981f6291a
LAYOUT-13,marisol_garden_room.jpg,138739,bac92f56c93dc35f715e9ea7e59704d1d3a0528039bc7c93a6ae0896ce89e6f8,c1581f070a5a78b9c57fde54758550456980838970a0089a51ffb1021a5cff68,17c16a2cb801b3ce0df7618d051dd9531bc30cf74c8b2058af9fcb5981f6291a
LAYOUT-13,marisol_boathouse_loft.jpg,171582,9d8668e3be8de7b67b56de91255022fbb89fd1ffc03c14ee216e1147c466b85c,c1581f070a5a78b9c57fde54758550456980838970a0089a51ffb1021a5cff68,17c16a2cb801b3ce0df7618d051dd9531bc30cf74c8b2058af9fcb5981f6291a
LAYOUT-13,marisol_rate_card_press.pdf,258653,789064432b945f4a0184164b2bcd32097c1d21e496e9ffa79b484c19ecde02b5,c1581f070a5a78b9c57fde54758550456980838970a0089a51ffb1021a5cff68,17c16a2cb801b3ce0df7618d051dd9531bc30cf74c8b2058af9fcb5981f6291a
LAYOUT-13,marisol_cove_view_king.jpg,1815242,4f9fee7b7fe92f0229b754bff4fa4d2514d33288067864a896fe997ffb33ad5c,c1581f070a5a78b9c57fde54758550456980838970a0089a51ffb1021a5cff68,17c16a2cb801b3ce0df7618d051dd9531bc30cf74c8b2058af9fcb5981f6291a
LAYOUT-13,marisol_bluff_suite.jpg,2124776,4ffba309130b0fda78d8551ab2b56981b57aa73601f76a698004519b9967f234,c1581f070a5a78b9c57fde54758550456980838970a0089a51ffb1021a5cff68,17c16a2cb801b3ce0df7618d051dd9531bc30cf74c8b2058af9fcb5981f6291a
LAYOUT-13,marisol_dining_window.jpg,1897420,eef655988589cab563ed80ae08f96e38612a8dcbffd6ea6bfeeb427fa62b9b36,c1581f070a5a78b9c57fde54758550456980838970a0089a51ffb1021a5cff68,17c16a2cb801b3ce0df7618d051dd9531bc30cf74c8b2058af9fcb5981f6291a
LAYOUT-13,marisol_cypress_suite.jpg,1574304,438cd5921d907752d44007a54d6a3648bb2904a9537b8220d379a644f768f104,c1581f070a5a78b9c57fde54758550456980838970a0089a51ffb1021a5cff68,17c16a2cb801b3ce0df7618d051dd9531bc30cf74c8b2058af9fcb5981f6291a
LAYOUT-13,marisol_stock_shortlist.txt,1206,e1d7372f8bbc128bebc189be113daee87a5bbf3658ec2de8878088ff8f2a7a2e,c1581f070a5a78b9c57fde54758550456980838970a0089a51ffb1021a5cff68,17c16a2cb801b3ce0df7618d051dd9531bc30cf74c8b2058af9fcb5981f6291a
LAYOUT-13,marisol_copy.md,1198,04b610c11533276abdfe7b06f0b2a4ebdcbb937641d997ed82b30b0ce57cbf16,c1581f070a5a78b9c57fde54758550456980838970a0089a51ffb1021a5cff68,17c16a2cb801b3ce0df7618d051dd9531bc30cf74c8b2058af9fcb5981f6291a
LAYOUT-13,marisol_terrace.jpg,2898500,ea29c0a514c18d0382c9ebbecb10d15d4b45267f92f8181ba36d82541912b256,c1581f070a5a78b9c57fde54758550456980838970a0089a51ffb1021a5cff68,17c16a2cb801b3ce0df7618d051dd9531bc30cf74c8b2058af9fcb5981f6291a
LAYOUT-13,marisol_cove_view_queen.jpg,132112,d1c79c6d32bce0f2ed412e53f12c80065ad9dbf5d610f334a26e01a369cd7a54,c1581f070a5a78b9c57fde54758550456980838970a0089a51ffb1021a5cff68,17c16a2cb801b3ce0df7618d051dd9531bc30cf74c8b2058af9fcb5981f6291a
LAYOUT-13,marisol_rates_autumn.csv,1168,0f92cd1c4f80015390c050b70cc68f4fe43c0faf2d9928480851af9f16933ead,c1581f070a5a78b9c57fde54758550456980838970a0089a51ffb1021a5cff68,17c16a2cb801b3ce0df7618d051dd9531bc30cf74c8b2058af9fcb5981f6291a
LAYOUT-13,marisol_headland_room.jpg,1861295,78e55b0c0202ed503e6f73d7b2e16ee3b6b528ceea93ee064b8961e0570f1d5f,c1581f070a5a78b9c57fde54758550456980838970a0089a51ffb1021a5cff68,17c16a2cb801b3ce0df7618d051dd9531bc30cf74c8b2058af9fcb5981f6291a
LAYOUT-13,marisol_sign_photo.jpg,1835121,bf1e6867284beb60fc813e28ae84a3ccfaed4e6285cef3ea0cab5f46fb0a4548,c1581f070a5a78b9c57fde54758550456980838970a0089a51ffb1021a5cff68,17c16a2cb801b3ce0df7618d051dd9531bc30cf74c8b2058af9fcb5981f6291a
LAYOUT-14,lumen_autumn_essay_03.jpg,3563386,2b4c0855a034a23cd8d8b2e929f0197d3abf5d6d899c02376a2c09f40ad7c318,81dec0c9ddc5823203cdb3f4339e23483d998ed2403a6680a36f666a63e5fe4e,890ae0211bfbc71d668f8e997af7fcb482d86edd8e4faa198e55b24d2f6b78b3
LAYOUT-14,lumen_autumn_essay_05.jpg,4637618,8b607c6cfb0ca0091281730d270e82e04b107e3e33b353f1de9a48ba36336b4d,81dec0c9ddc5823203cdb3f4339e23483d998ed2403a6680a36f666a63e5fe4e,890ae0211bfbc71d668f8e997af7fcb482d86edd8e4faa198e55b24d2f6b78b3
LAYOUT-14,lumen_autumn_essay_06.jpg,5329043,affd7f8784ca063484d28596d255bfb70dfd26c84c5e9ae0d99296e68ac7d5c4,81dec0c9ddc5823203cdb3f4339e23483d998ed2403a6680a36f666a63e5fe4e,890ae0211bfbc71d668f8e997af7fcb482d86edd8e4faa198e55b24d2f6b78b3
LAYOUT-14,lumen_autumn_essay_04.jpg,5649418,df3a202efa73924f4d8578e7b79567103f01a7e0566337533c353ac41d275390,81dec0c9ddc5823203cdb3f4339e23483d998ed2403a6680a36f666a63e5fe4e,890ae0211bfbc71d668f8e997af7fcb482d86edd8e4faa198e55b24d2f6b78b3
LAYOUT-14,lumen_autumn_essay_01.jpg,8068933,bc9f6e382034f2b7b5c60066e0e042bd2e2b0f0c2e47d023365689b55760eb37,81dec0c9ddc5823203cdb3f4339e23483d998ed2403a6680a36f666a63e5fe4e,890ae0211bfbc71d668f8e997af7fcb482d86edd8e4faa198e55b24d2f6b78b3
LAYOUT-14,lumen_autumn_essay_02.jpg,4482154,52ba7779cc0f85fc63846c5a9a705b0a80ba42ccc44c1253487ac6ba12327596,81dec0c9ddc5823203cdb3f4339e23483d998ed2403a6680a36f666a63e5fe4e,890ae0211bfbc71d668f8e997af7fcb482d86edd8e4faa198e55b24d2f6b78b3
LAYOUT-14,lumen_autumn_essay_07.jpg,5236149,96ec6f914b6255b28ef3ad792054c3f0ce74a64c353e138a0527f9fd3b87460d,81dec0c9ddc5823203cdb3f4339e23483d998ed2403a6680a36f666a63e5fe4e,890ae0211bfbc71d668f8e997af7fcb482d86edd8e4faa198e55b24d2f6b78b3
LAYOUT-14,lumen_autumn_essay_08.jpg,2838524,32ecc23f46a87d626102625abf5f0d3fa74f2d683a05f767db17daffa344bc27,81dec0c9ddc5823203cdb3f4339e23483d998ed2403a6680a36f666a63e5fe4e,890ae0211bfbc71d668f8e997af7fcb482d86edd8e4faa198e55b24d2f6b78b3
LAYOUT-14,lumen_autumn_essay_11.jpg,3672588,5bfea5f1ea44d0bc8f6577dda253a4a2b4193a492d3cdf2175742f0a603a3cb2,81dec0c9ddc5823203cdb3f4339e23483d998ed2403a6680a36f666a63e5fe4e,890ae0211bfbc71d668f8e997af7fcb482d86edd8e4faa198e55b24d2f6b78b3
LAYOUT-14,lumen_autumn_essay_09.jpg,3502332,0b38b1e143c93ad7e74fba6a506afc1cc6db572dfd8ba0cec83e144b2e9e80d9,81dec0c9ddc5823203cdb3f4339e23483d998ed2403a6680a36f666a63e5fe4e,890ae0211bfbc71d668f8e997af7fcb482d86edd8e4faa198e55b24d2f6b78b3
LAYOUT-14,lumen_autumn_essay_13.jpg,2937248,117df497dfb16a82e2fd210fc09431248fc2383d939d6ba80a760bebdc1ee7c5,81dec0c9ddc5823203cdb3f4339e23483d998ed2403a6680a36f666a63e5fe4e,890ae0211bfbc71d668f8e997af7fcb482d86edd8e4faa198e55b24d2f6b78b3
LAYOUT-14,lumen_autumn_essay_14.jpg,6524686,8830a4ac7a47a97ad389525c1b150d2943250473a4596821bd8480975c43b10e,81dec0c9ddc5823203cdb3f4339e23483d998ed2403a6680a36f666a63e5fe4e,890ae0211bfbc71d668f8e997af7fcb482d86edd8e4faa198e55b24d2f6b78b3
LAYOUT-14,lumen_spring_issue_press.pdf,373904,9fa6be958efca8374d8b38cdba65c9fc574fcb4ba90c560bf5a39cb923237c8d,81dec0c9ddc5823203cdb3f4339e23483d998ed2403a6680a36f666a63e5fe4e,890ae0211bfbc71d668f8e997af7fcb482d86edd8e4faa198e55b24d2f6b78b3
LAYOUT-14,lumen_cover_scan.jpg,1135798,1f4efac4f1f27ab2451c609f58d6eb649b835c75d37be938fae90998c761befd,81dec0c9ddc5823203cdb3f4339e23483d998ed2403a6680a36f666a63e5fe4e,890ae0211bfbc71d668f8e997af7fcb482d86edd8e4faa198e55b24d2f6b78b3
LAYOUT-14,lumen_style_guide.pdf,450053,2b93231283d42cfd407924606920f63b34bdc12afdc4bc45af0521d7cf4c1a4b,81dec0c9ddc5823203cdb3f4339e23483d998ed2403a6680a36f666a63e5fe4e,890ae0211bfbc71d668f8e997af7fcb482d86edd8e4faa198e55b24d2f6b78b3
LAYOUT-14,lumen_platecard_template.pdf,409129,494a0d57508ee7e83258dced483788f98ab32600970effc709f4dd0b4eea8fc7,81dec0c9ddc5823203cdb3f4339e23483d998ed2403a6680a36f666a63e5fe4e,890ae0211bfbc71d668f8e997af7fcb482d86edd8e4faa198e55b24d2f6b78b3
LAYOUT-14,lumen_autumn_essay_10.jpg,7550056,5054633b0f96ffbfd1847854ab8db922b6b2cce33a522e2676009d94b30890da,81dec0c9ddc5823203cdb3f4339e23483d998ed2403a6680a36f666a63e5fe4e,890ae0211bfbc71d668f8e997af7fcb482d86edd8e4faa198e55b24d2f6b78b3
LAYOUT-14,lumen_autumn_copy.md,12431,1ecea96b2676ee35164c8ff9fa3f4f8308bca1d7a12f76a3c87328566492e2ea,81dec0c9ddc5823203cdb3f4339e23483d998ed2403a6680a36f666a63e5fe4e,890ae0211bfbc71d668f8e997af7fcb482d86edd8e4faa198e55b24d2f6b78b3
LAYOUT-14,lumen_autumn_essay_12.jpg,7109581,29b66a13e2be9b0f6cf60fc174db45750ac5912c297158945b08c7ae6be9442c,81dec0c9ddc5823203cdb3f4339e23483d998ed2403a6680a36f666a63e5fe4e,890ae0211bfbc71d668f8e997af7fcb482d86edd8e4faa198e55b24d2f6b78b3
LAYOUT-14,lumen_platecard_roster.csv,1832,5d2439a40e2f94fc1a11c712d4b338198b5511eb1c75089ed5e948b54bf3e755,81dec0c9ddc5823203cdb3f4339e23483d998ed2403a6680a36f666a63e5fe4e,890ae0211bfbc71d668f8e997af7fcb482d86edd8e4faa198e55b24d2f6b78b3
LAYOUT-15,producer_headshot_04.jpg,1485300,ee83211c24e36426644bd05cfdab31ed33bc815a10acee1070c07234f351b5de,24b341b0157cb21d3eae662233860e2e35660c356b3548efbeb69e1baba20945,2b56d613dd35cfb0206fd8e4ee0c07d671d288a320a04add60e4c5411653e93e
LAYOUT-15,producer_headshot_02.jpg,1002552,a746ba3dcd4a8070d69f17ad5145f401e52e7e4d02ac7d5510d44ac10cc6f034,24b341b0157cb21d3eae662233860e2e35660c356b3548efbeb69e1baba20945,2b56d613dd35cfb0206fd8e4ee0c07d671d288a320a04add60e4c5411653e93e
LAYOUT-15,producer_headshot_01.jpg,1596344,f12e4ad6ba3e7b938a5097d21bf10af35ffe84cc0643b2829130c18fbed80c8c,24b341b0157cb21d3eae662233860e2e35660c356b3548efbeb69e1baba20945,2b56d613dd35cfb0206fd8e4ee0c07d671d288a320a04add60e4c5411653e93e
LAYOUT-15,producer_headshot_03.jpg,1772640,19fdb676ca6965140ab18fab0017aabf64232dc84cd7468b79d70438a59959b5,24b341b0157cb21d3eae662233860e2e35660c356b3548efbeb69e1baba20945,2b56d613dd35cfb0206fd8e4ee0c07d671d288a320a04add60e4c5411653e93e
LAYOUT-15,producer_headshot_07.jpg,1045889,b0929873360f3d03a86f7164afe23ff502ec0e68c6ca89b4b4e101e86cf158bb,24b341b0157cb21d3eae662233860e2e35660c356b3548efbeb69e1baba20945,2b56d613dd35cfb0206fd8e4ee0c07d671d288a320a04add60e4c5411653e93e
LAYOUT-15,producer_headshot_06.jpg,1909022,0911f0da682f85f6ca0b9735c8a6b05d1437ce8b9034546a15ae1f0a86cb9d95,24b341b0157cb21d3eae662233860e2e35660c356b3548efbeb69e1baba20945,2b56d613dd35cfb0206fd8e4ee0c07d671d288a320a04add60e4c5411653e93e
LAYOUT-15,producer_headshot_05.jpg,113346,f5c79828bb6a5882a012a8f98220a786424f665ff847616ceb9c108698296efa,24b341b0157cb21d3eae662233860e2e35660c356b3548efbeb69e1baba20945,2b56d613dd35cfb0206fd8e4ee0c07d671d288a320a04add60e4c5411653e93e
LAYOUT-15,producer_headshot_09.jpg,1754206,d3800c53631ba5934f80ecbb692489e5b86e6ed759b9b64baefe2cc507b21527,24b341b0157cb21d3eae662233860e2e35660c356b3548efbeb69e1baba20945,2b56d613dd35cfb0206fd8e4ee0c07d671d288a320a04add60e4c5411653e93e
LAYOUT-15,producer_headshot_10.jpg,1496510,36a14cb7208eec68cffe47b85d17e59cda62a3c2a6e4585a0a4432262c22fe5a,24b341b0157cb21d3eae662233860e2e35660c356b3548efbeb69e1baba20945,2b56d613dd35cfb0206fd8e4ee0c07d671d288a320a04add60e4c5411653e93e
LAYOUT-15,producer_headshot_13.jpg,112257,4f807c5fa932124e647c95cddbf34107a92a91c5b023f7201065dacf430df557,24b341b0157cb21d3eae662233860e2e35660c356b3548efbeb69e1baba20945,2b56d613dd35cfb0206fd8e4ee0c07d671d288a320a04add60e4c5411653e93e
LAYOUT-15,producer_headshot_12.jpg,1578848,c19ba8d7c27b077be0c54e171de7bfc51bc65a6375903a2da08e6df98c7ce382,24b341b0157cb21d3eae662233860e2e35660c356b3548efbeb69e1baba20945,2b56d613dd35cfb0206fd8e4ee0c07d671d288a320a04add60e4c5411653e93e
LAYOUT-15,countercard_2026_print.pdf,220580,0e5e101786d0f64924ec99c01d9c6bd8fdbc396b20ec0d16dc917fc3a27026cd,24b341b0157cb21d3eae662233860e2e35660c356b3548efbeb69e1baba20945,2b56d613dd35cfb0206fd8e4ee0c07d671d288a320a04add60e4c5411653e93e
LAYOUT-15,producer_headshot_14.jpg,1300210,cf9856df2c95333415242579a07ed520c6650733d32a6f70ccb2cf7ee03fc30f,24b341b0157cb21d3eae662233860e2e35660c356b3548efbeb69e1baba20945,2b56d613dd35cfb0206fd8e4ee0c07d671d288a320a04add60e4c5411653e93e
LAYOUT-15,plan_rates_2027.csv,207,8560756b3cebceb85a9f9f5ee49cf9df1928da30738e2f6532d77012f1c0c90e,24b341b0157cb21d3eae662233860e2e35660c356b3548efbeb69e1baba20945,2b56d613dd35cfb0206fd8e4ee0c07d671d288a320a04add60e4c5411653e93e
LAYOUT-15,producer_roster_northern.csv,5423,292836820ba9ea28a8bfbed9584ee150623ca01a238ad42ec5e4beceb676e30d,24b341b0157cb21d3eae662233860e2e35660c356b3548efbeb69e1baba20945,2b56d613dd35cfb0206fd8e4ee0c07d671d288a320a04add60e4c5411653e93e
LAYOUT-15,producer_headshot_11.jpg,1557848,3cc824deb6f1ec1f4861638026fd912f534d8c5fd38b6e682bb4b94c80ebabd0,24b341b0157cb21d3eae662233860e2e35660c356b3548efbeb69e1baba20945,2b56d613dd35cfb0206fd8e4ee0c07d671d288a320a04add60e4c5411653e93e
LAYOUT-15,compliance_note.txt,2297,343f8911a960d114f51afbe28581b1454817c05a9d71ed2491df359b02499d51,24b341b0157cb21d3eae662233860e2e35660c356b3548efbeb69e1baba20945,2b56d613dd35cfb0206fd8e4ee0c07d671d288a320a04add60e4c5411653e93e
LAYOUT-15,producer_headshot_08.jpg,1816473,027c83bc8ad646cb9580a750b46d72d7d5dec320ea2bb7c1dc31d617538e26ff,24b341b0157cb21d3eae662233860e2e35660c356b3548efbeb69e1baba20945,2b56d613dd35cfb0206fd8e4ee0c07d671d288a320a04add60e4c5411653e93e
LAYOUT-16,wall_mark.jpg,2274978,e4d852c31bfe0fe98d547002fff1ece2f99f25312011c248c7628470c2d4193f,14764538bd41d57743df7fac6742d4bbb73d8193ec8af91c03397cb46d494fe4,2d13a12fcd847c7831c8aba6fe11cde4cbf3c11c4fdf9c4045b445d6c868de07
LAYOUT-16,athlete_portrait_02.jpg,3316215,adbf2303e54e8c9cb976b7c59def76386b3143d40de0d438776fc6723c550490,14764538bd41d57743df7fac6742d4bbb73d8193ec8af91c03397cb46d494fe4,2d13a12fcd847c7831c8aba6fe11cde4cbf3c11c4fdf9c4045b445d6c868de07
LAYOUT-16,athlete_portrait_03.jpg,3042510,0a761ed152c8185fe379e31e4b5cf700f09902ffed94dd691453d44c3296826d,14764538bd41d57743df7fac6742d4bbb73d8193ec8af91c03397cb46d494fe4,2d13a12fcd847c7831c8aba6fe11cde4cbf3c11c4fdf9c4045b445d6c868de07
LAYOUT-16,athlete_portrait_04.jpg,3154595,15094645a8a250ca6e1b6a14a3bc768747cfc670f260b78369369457553e881d,14764538bd41d57743df7fac6742d4bbb73d8193ec8af91c03397cb46d494fe4,2d13a12fcd847c7831c8aba6fe11cde4cbf3c11c4fdf9c4045b445d6c868de07
LAYOUT-16,athlete_portrait_05.jpg,3131714,11671da668caf649d25bc38ca9356f103ede816642445b4ca5ce81e9c566d27a,14764538bd41d57743df7fac6742d4bbb73d8193ec8af91c03397cb46d494fe4,2d13a12fcd847c7831c8aba6fe11cde4cbf3c11c4fdf9c4045b445d6c868de07
LAYOUT-16,athlete_portrait_06.jpg,3463595,c6789819d551c7f6a5f9b8fd6131d993f2e93bbc65dbeb5ecf2e8a62a7f98226,14764538bd41d57743df7fac6742d4bbb73d8193ec8af91c03397cb46d494fe4,2d13a12fcd847c7831c8aba6fe11cde4cbf3c11c4fdf9c4045b445d6c868de07
LAYOUT-16,athlete_portrait_08.jpg,1945362,5ff14fca3fe9c3a8e123abf5a4f03ce27ace76c69a95916e32ad75c9cde5057f,14764538bd41d57743df7fac6742d4bbb73d8193ec8af91c03397cb46d494fe4,2d13a12fcd847c7831c8aba6fe11cde4cbf3c11c4fdf9c4045b445d6c868de07
LAYOUT-16,athlete_portrait_09.jpg,3412266,21c083a29c7fc89c655b9d709177b60e53e7e337ea40834eeb1b8e56c0632244,14764538bd41d57743df7fac6742d4bbb73d8193ec8af91c03397cb46d494fe4,2d13a12fcd847c7831c8aba6fe11cde4cbf3c11c4fdf9c4045b445d6c868de07
LAYOUT-16,athlete_portrait_11.jpg,1338854,0215767f7a97f938837171654172f325b5beb58927b3d6729728720c419d6c97,14764538bd41d57743df7fac6742d4bbb73d8193ec8af91c03397cb46d494fe4,2d13a12fcd847c7831c8aba6fe11cde4cbf3c11c4fdf9c4045b445d6c868de07
LAYOUT-16,athlete_portrait_12.jpg,2046457,f196805451e50706f0db2a576cf0cb63c6ec1d6acb52bb09a5b91c2b9f20e7a6,14764538bd41d57743df7fac6742d4bbb73d8193ec8af91c03397cb46d494fe4,2d13a12fcd847c7831c8aba6fe11cde4cbf3c11c4fdf9c4045b445d6c868de07
LAYOUT-16,athlete_portrait_13.jpg,1546503,f6ad6ed75d97abe26c92aaded46c90a7f766767d2e08538ec2b7e6ea6dac2394,14764538bd41d57743df7fac6742d4bbb73d8193ec8af91c03397cb46d494fe4,2d13a12fcd847c7831c8aba6fe11cde4cbf3c11c4fdf9c4045b445d6c868de07
LAYOUT-16,athlete_portrait_14.jpg,1590163,72cf93c9473f7189d591625f1fbb830496a5762af689aac72089fb546a938ac4,14764538bd41d57743df7fac6742d4bbb73d8193ec8af91c03397cb46d494fe4,2d13a12fcd847c7831c8aba6fe11cde4cbf3c11c4fdf9c4045b445d6c868de07
LAYOUT-16,athlete_portrait_15.jpg,1598001,3522b372e13efcecc653b617ece1a3fe5b4bd784fa7e194b412c713a24d69f56,14764538bd41d57743df7fac6742d4bbb73d8193ec8af91c03397cb46d494fe4,2d13a12fcd847c7831c8aba6fe11cde4cbf3c11c4fdf9c4045b445d6c868de07
LAYOUT-16,athlete_portrait_16.jpg,1345734,119b1f5106735c8120f1dfcb63e1d3b133e95c53f8ff5205ee6eaf392600e0be,14764538bd41d57743df7fac6742d4bbb73d8193ec8af91c03397cb46d494fe4,2d13a12fcd847c7831c8aba6fe11cde4cbf3c11c4fdf9c4045b445d6c868de07
LAYOUT-16,meetcard_press.pdf,306466,dc395c131f1eea7954b646244b87c425f4f83f33c7a5ceec373fa89436fe0923,14764538bd41d57743df7fac6742d4bbb73d8193ec8af91c03397cb46d494fe4,2d13a12fcd847c7831c8aba6fe11cde4cbf3c11c4fdf9c4045b445d6c868de07
LAYOUT-16,roster_and_numbers.csv,2407,56a2a9f08b54c2ca6b47d3e0322133388ff7dc5be9ed94084d247c1fa74a0b7a,14764538bd41d57743df7fac6742d4bbb73d8193ec8af91c03397cb46d494fe4,2d13a12fcd847c7831c8aba6fe11cde4cbf3c11c4fdf9c4045b445d6c868de07
LAYOUT-16,coach_notes.txt,1937,26733169ff94d070dabdaf96cd1fa7949ab37c3ca3bbbe9878cd3d364130e731,14764538bd41d57743df7fac6742d4bbb73d8193ec8af91c03397cb46d494fe4,2d13a12fcd847c7831c8aba6fe11cde4cbf3c11c4fdf9c4045b445d6c868de07
LAYOUT-16,athlete_portrait_01.jpg,3110579,fa0f95c3aa05b46b83f3908ce3d65e79ba6bcae168f76df5a9763a850784e85b,14764538bd41d57743df7fac6742d4bbb73d8193ec8af91c03397cb46d494fe4,2d13a12fcd847c7831c8aba6fe11cde4cbf3c11c4fdf9c4045b445d6c868de07
LAYOUT-16,athlete_portrait_07.jpg,3261690,ca50cef6912aa291b3bb65d6ed53dfc901fe642d12baa0a6fc96f2dc0b79bd11,14764538bd41d57743df7fac6742d4bbb73d8193ec8af91c03397cb46d494fe4,2d13a12fcd847c7831c8aba6fe11cde4cbf3c11c4fdf9c4045b445d6c868de07
LAYOUT-16,athlete_portrait_10.jpg,3109987,b21dac9c6d13ff881de80c62c054d8d7f4052bf0d8320cf91f269ec00ab96420,14764538bd41d57743df7fac6742d4bbb73d8193ec8af91c03397cb46d494fe4,2d13a12fcd847c7831c8aba6fe11cde4cbf3c11c4fdf9c4045b445d6c868de07
LAYOUT-17,mark_draft_2400.png,471453,d8b21ac671ab6512cafa45c607c2e0b84b1671517ac021fb26aa73fcab06bb56,1473e24fa16116d0127f85869e820a3f5639e43745a5ccaa749099da34ee411e,28075318391a87307180e160aa5c0d7356f60f8d090bc601a107f1b215358783
LAYOUT-17,shopcard_photo.jpg,1909403,162ceb1afd844d0e16114814ef289c12373044197803e0d8f643d2ce84e45860,1473e24fa16116d0127f85869e820a3f5639e43745a5ccaa749099da34ee411e,28075318391a87307180e160aa5c0d7356f60f8d090bc601a107f1b215358783
LAYOUT-17,bay_frame_01.jpg,1575480,9fb6e1b33ac8e17ecef9a239b82f08152058dd3dccbade8b5c6225fb67b59833,1473e24fa16116d0127f85869e820a3f5639e43745a5ccaa749099da34ee411e,28075318391a87307180e160aa5c0d7356f60f8d090bc601a107f1b215358783
LAYOUT-17,bay_frame_03.jpg,2067323,cffe1cf83816d7da5429724fbadac92968ffe4b9e136108bb65efcf4672fded4,1473e24fa16116d0127f85869e820a3f5639e43745a5ccaa749099da34ee411e,28075318391a87307180e160aa5c0d7356f60f8d090bc601a107f1b215358783
LAYOUT-17,bay_frame_04.jpg,1721922,d201e08d8bd76035fac5959037647d8640f03196dd5a07f606c7f2d6c2a6b02f,1473e24fa16116d0127f85869e820a3f5639e43745a5ccaa749099da34ee411e,28075318391a87307180e160aa5c0d7356f60f8d090bc601a107f1b215358783
LAYOUT-17,bay_frame_05.jpg,1871339,40adb8e89c190f6b06dd22142eef362dbf204bc2b6949a467e8ff1284c61beff,1473e24fa16116d0127f85869e820a3f5639e43745a5ccaa749099da34ee411e,28075318391a87307180e160aa5c0d7356f60f8d090bc601a107f1b215358783
LAYOUT-17,bay_frame_06.jpg,1619972,b0db1587457322fd2c62a544f0453c58b86c62bc04afa7f10fc725e04d6279f0,1473e24fa16116d0127f85869e820a3f5639e43745a5ccaa749099da34ee411e,28075318391a87307180e160aa5c0d7356f60f8d090bc601a107f1b215358783
LAYOUT-17,bay_frame_07.jpg,2432927,bfd9362d2f0b871c114614bad02efa3c5a95773be138fc97bff1517a54593421,1473e24fa16116d0127f85869e820a3f5639e43745a5ccaa749099da34ee411e,28075318391a87307180e160aa5c0d7356f60f8d090bc601a107f1b215358783
LAYOUT-17,bay_frame_08.jpg,1967099,4a630edfb986fe914429e0f3291a38223b871b4c4037567dfcde0110849f8f31,1473e24fa16116d0127f85869e820a3f5639e43745a5ccaa749099da34ee411e,28075318391a87307180e160aa5c0d7356f60f8d090bc601a107f1b215358783
LAYOUT-17,rolllabel_2025_PRINT.pdf,216298,e82719f43ffb70c60ca6d54357397683fc7c3a147778f6ac6a9c69ef0676d652,1473e24fa16116d0127f85869e820a3f5639e43745a5ccaa749099da34ee411e,28075318391a87307180e160aa5c0d7356f60f8d090bc601a107f1b215358783
LAYOUT-17,skus_and_tiers.csv,3627,8f16d5e69c9aeeb6f5a075e71550c9476c95073bc77bcf4c1b33b88bea73ebdd,1473e24fa16116d0127f85869e820a3f5639e43745a5ccaa749099da34ee411e,28075318391a87307180e160aa5c0d7356f60f8d090bc601a107f1b215358783
LAYOUT-17,brand_direction.txt,1138,6d91169d671671f6f389a7fdfc5f71257fea64309bd9f20f542f1e5f54a7542f,1473e24fa16116d0127f85869e820a3f5639e43745a5ccaa749099da34ee411e,28075318391a87307180e160aa5c0d7356f60f8d090bc601a107f1b215358783
LAYOUT-17,bay_frame_09.jpg,2089412,b19f2fb35f6711f26d03e01a18f4fe6ab5c45aeb49d2359f2ab23ec51c068eb7,1473e24fa16116d0127f85869e820a3f5639e43745a5ccaa749099da34ee411e,28075318391a87307180e160aa5c0d7356f60f8d090bc601a107f1b215358783
LAYOUT-17,bay_frame_02.jpg,2549449,5e6cf854faae29f4166a8e6f0f89a609004c107cf81a4ee10a50e5e6f60ab2c1,1473e24fa16116d0127f85869e820a3f5639e43745a5ccaa749099da34ee411e,28075318391a87307180e160aa5c0d7356f60f8d090bc601a107f1b215358783
LAYOUT-17,bay_frame_10.jpg,2081206,db0655e3ded0131efc491893caf7b95708e21e6a2f6df08c1f9e7030ba668a6d,1473e24fa16116d0127f85869e820a3f5639e43745a5ccaa749099da34ee411e,28075318391a87307180e160aa5c0d7356f60f8d090bc601a107f1b215358783
LAYOUT-18,range_capture_01.jpg,1906248,7e00d382a641d111286e8d63a52395fdfcd35999d17b682c4ebfaa9f28d391ce,f84f38e9fb39a4482308babb495b2b521cbb11cc7944ec50883e14c6ba1e2113,da11def3965d9a20b9f6d85c23f1333743a31b05e96939e26c4dd2516e2f7846
LAYOUT-18,range_capture_10.jpg,2953110,e9c17c4031dc3107d567b48ad9b3fb9a5b65b0b38d1dfdf0ed3db35e6aaebe1f,f84f38e9fb39a4482308babb495b2b521cbb11cc7944ec50883e14c6ba1e2113,da11def3965d9a20b9f6d85c23f1333743a31b05e96939e26c4dd2516e2f7846
LAYOUT-18,range_capture_02.jpg,1718132,e551b98d399d09cf28807182b00d088d1e45bfe08cf0665b7c48f25d2a05b3d2,f84f38e9fb39a4482308babb495b2b521cbb11cc7944ec50883e14c6ba1e2113,da11def3965d9a20b9f6d85c23f1333743a31b05e96939e26c4dd2516e2f7846
LAYOUT-18,range_capture_04.jpg,1807459,255de01493a8bfb81db524883efa049c2c4aed74cf3138550286c6b5b5a1474f,f84f38e9fb39a4482308babb495b2b521cbb11cc7944ec50883e14c6ba1e2113,da11def3965d9a20b9f6d85c23f1333743a31b05e96939e26c4dd2516e2f7846
LAYOUT-18,range_capture_05.jpg,1784616,a0e5f867856d30b28d4494c888959dc05bb1844da3a617b4bc71019a17916a06,f84f38e9fb39a4482308babb495b2b521cbb11cc7944ec50883e14c6ba1e2113,da11def3965d9a20b9f6d85c23f1333743a31b05e96939e26c4dd2516e2f7846
LAYOUT-18,range_capture_09.jpg,2381944,3a050026adeec4dcf552dcdb205260de1480ea9579794198f10de26e17c95445,f84f38e9fb39a4482308babb495b2b521cbb11cc7944ec50883e14c6ba1e2113,da11def3965d9a20b9f6d85c23f1333743a31b05e96939e26c4dd2516e2f7846
LAYOUT-18,range_capture_12.jpg,2600059,ac6d2bbf6b0342f02319c5560d6dfc7b4e54f9bf66252b52a04c90ab3aa75921,f84f38e9fb39a4482308babb495b2b521cbb11cc7944ec50883e14c6ba1e2113,da11def3965d9a20b9f6d85c23f1333743a31b05e96939e26c4dd2516e2f7846
LAYOUT-18,range_capture_14.jpg,2310053,032c72b368693a2d30cf379c5e5cb0a72c8760b1acc7ad60083de18837606979,f84f38e9fb39a4482308babb495b2b521cbb11cc7944ec50883e14c6ba1e2113,da11def3965d9a20b9f6d85c23f1333743a31b05e96939e26c4dd2516e2f7846
LAYOUT-18,range_data.csv,3708,7ad9196e76bc595e9c0c9eaeba8def92f80d3fa798fddd09aec68db927b3b5f0,f84f38e9fb39a4482308babb495b2b521cbb11cc7944ec50883e14c6ba1e2113,da11def3965d9a20b9f6d85c23f1333743a31b05e96939e26c4dd2516e2f7846
LAYOUT-18,range_capture_11.jpg,2839673,9afcdc2bec3dc544a28b5eb5ba8cb1f3a5c9a790192a28c71496c77031b26638,f84f38e9fb39a4482308babb495b2b521cbb11cc7944ec50883e14c6ba1e2113,da11def3965d9a20b9f6d85c23f1333743a31b05e96939e26c4dd2516e2f7846
LAYOUT-18,range_capture_07.jpg,1875409,0efbc3b4f7bfb8e7f4dd5a70239fd009589e0690fdf4d297987c3bec936afa64,f84f38e9fb39a4482308babb495b2b521cbb11cc7944ec50883e14c6ba1e2113,da11def3965d9a20b9f6d85c23f1333743a31b05e96939e26c4dd2516e2f7846
LAYOUT-18,brand_notes.txt,1285,779b93f22315ff4a27240e652ddf5bf21e72bd36d033ff112a7c2dc6b98cb612,f84f38e9fb39a4482308babb495b2b521cbb11cc7944ec50883e14c6ba1e2113,da11def3965d9a20b9f6d85c23f1333743a31b05e96939e26c4dd2516e2f7846
LAYOUT-18,range_capture_03.jpg,2538061,1ed5d3444abb0cb1a4d6e7224d74b66e4e47f5561d7602651924a5d06fcc22e5,f84f38e9fb39a4482308babb495b2b521cbb11cc7944ec50883e14c6ba1e2113,da11def3965d9a20b9f6d85c23f1333743a31b05e96939e26c4dd2516e2f7846
LAYOUT-18,linesheet_2025_PRINT.pdf,313600,e1071637cdca1531f614e7dbd30f91879973ab3b9057c09c2b4b2d44865d1a70,f84f38e9fb39a4482308babb495b2b521cbb11cc7944ec50883e14c6ba1e2113,da11def3965d9a20b9f6d85c23f1333743a31b05e96939e26c4dd2516e2f7846
LAYOUT-18,counter_2024.jpg,2067822,fd157045f538ccd8720f3d9abf3e69d57e2439ad852ed3660585866bf1606ded,f84f38e9fb39a4482308babb495b2b521cbb11cc7944ec50883e14c6ba1e2113,da11def3965d9a20b9f6d85c23f1333743a31b05e96939e26c4dd2516e2f7846
LAYOUT-18,range_capture_06.jpg,2666268,b1f2359423e62eee0236417369797851ca000e860abc34601c8f34feb3f1d63f,f84f38e9fb39a4482308babb495b2b521cbb11cc7944ec50883e14c6ba1e2113,da11def3965d9a20b9f6d85c23f1333743a31b05e96939e26c4dd2516e2f7846
LAYOUT-18,kilnmore_mark_tile.jpg,1708376,d0cf99316bc9eabfd70f03f89b9fbf9c02976d1112d75d2015d9cd897536b2d0,f84f38e9fb39a4482308babb495b2b521cbb11cc7944ec50883e14c6ba1e2113,da11def3965d9a20b9f6d85c23f1333743a31b05e96939e26c4dd2516e2f7846
LAYOUT-18,range_capture_08.jpg,2088306,39cdb65fd3ca573ba00847dd27da98f6adbefac0a93d677fbb63da68a7fb9db2,f84f38e9fb39a4482308babb495b2b521cbb11cc7944ec50883e14c6ba1e2113,da11def3965d9a20b9f6d85c23f1333743a31b05e96939e26c4dd2516e2f7846
LAYOUT-18,range_capture_13.jpg,2200510,b96ff39551080cbcb525d3c9a8413ca58d42304a0b261b3e2645d3da493f9b2d,f84f38e9fb39a4482308babb495b2b521cbb11cc7944ec50883e14c6ba1e2113,da11def3965d9a20b9f6d85c23f1333743a31b05e96939e26c4dd2516e2f7846
LAYOUT-19,northwind_sitting_02.jpg,2326192,d1decc4ded3e676ee7ef3d0edc5f6571d183c1dd74e7ca62e31212aeb4e523f2,faec86bbad7acf790b879edf75c0d2282d17f429a1191ca0e5d7b03a010c5180,93dcec72300d1a2067b771a7e9d6a92732398d5034d0bcc5685ac72bfddebf6d
LAYOUT-19,northwind_sitting_01.jpg,2270507,33fe8d4b9bb05ad6b3ccab2c95e6b7d35208adbc249f7482ef46e95f4d934333,faec86bbad7acf790b879edf75c0d2282d17f429a1191ca0e5d7b03a010c5180,93dcec72300d1a2067b771a7e9d6a92732398d5034d0bcc5685ac72bfddebf6d
LAYOUT-19,northwind_sitting_03.jpg,2326301,bef09bd9ff9110d4daefd48b64ac0775ac3a0b46eab364128ebfc629b61952c5,faec86bbad7acf790b879edf75c0d2282d17f429a1191ca0e5d7b03a010c5180,93dcec72300d1a2067b771a7e9d6a92732398d5034d0bcc5685ac72bfddebf6d
LAYOUT-19,northwind_sitting_06.jpg,2870609,8ac01c3ead0dd70c18e189c04bebcffe203364b547e6513a2ba3c80d5a9788a3,faec86bbad7acf790b879edf75c0d2282d17f429a1191ca0e5d7b03a010c5180,93dcec72300d1a2067b771a7e9d6a92732398d5034d0bcc5685ac72bfddebf6d
LAYOUT-19,northwind_sitting_05.jpg,2500053,c5f07a1f3e41fbf488271e4caf965e53a54f580248c036a753db897119a1764e,faec86bbad7acf790b879edf75c0d2282d17f429a1191ca0e5d7b03a010c5180,93dcec72300d1a2067b771a7e9d6a92732398d5034d0bcc5685ac72bfddebf6d
LAYOUT-19,northwind_sitting_04.jpg,2437475,ecf80468cf05dab867ecf12c095f3281d59c642321499d333921271adfba0bb9,faec86bbad7acf790b879edf75c0d2282d17f429a1191ca0e5d7b03a010c5180,93dcec72300d1a2067b771a7e9d6a92732398d5034d0bcc5685ac72bfddebf6d
LAYOUT-19,northwind_mark_letterpress_card.jpg,2006167,25ed66f81bdd7e9b31f958c06f5e228018259654c355c00036f54af5e4f473d1,faec86bbad7acf790b879edf75c0d2282d17f429a1191ca0e5d7b03a010c5180,93dcec72300d1a2067b771a7e9d6a92732398d5034d0bcc5685ac72bfddebf6d
LAYOUT-19,northwind_mark_flat.png,2326650,a111ca62649fd2fe37588c1183d6265cd65a0309ed7a9001f5ebb89f347acd5d,faec86bbad7acf790b879edf75c0d2282d17f429a1191ca0e5d7b03a010c5180,93dcec72300d1a2067b771a7e9d6a92732398d5034d0bcc5685ac72bfddebf6d
LAYOUT-19,adviser_card_2024_press.pdf,135833,0e557ffdfe10861a05213b3d182bef9e03ecd4814c846862c71acde661fa5c9b,faec86bbad7acf790b879edf75c0d2282d17f429a1191ca0e5d7b03a010c5180,93dcec72300d1a2067b771a7e9d6a92732398d5034d0bcc5685ac72bfddebf6d
LAYOUT-19,northwind_sitting_08.jpg,219670,e03382312e2419bf3f1c2b8bef5548e3ae60021a4aed91e1d2f5dcdb6752f04e,faec86bbad7acf790b879edf75c0d2282d17f429a1191ca0e5d7b03a010c5180,93dcec72300d1a2067b771a7e9d6a92732398d5034d0bcc5685ac72bfddebf6d
LAYOUT-19,northwind_sitting_07.jpg,2540532,336fecc44af310e05997daba12ee5def0adcca131fd3f4c1b0bad376f704fd07,faec86bbad7acf790b879edf75c0d2282d17f429a1191ca0e5d7b03a010c5180,93dcec72300d1a2067b771a7e9d6a92732398d5034d0bcc5685ac72bfddebf6d
LAYOUT-19,adviser_card_2025_press.pdf,135381,6cd9207c5953f398a5df0fae25b8c44899af2a88ea5d9385d7638773dd4ec0de,faec86bbad7acf790b879edf75c0d2282d17f429a1191ca0e5d7b03a010c5180,93dcec72300d1a2067b771a7e9d6a92732398d5034d0bcc5685ac72bfddebf6d
LAYOUT-19,roster_export.csv,1476,a859b2f232b6a8ad11ae648981bda55ab7258d3756756af658abe51463ae074c,faec86bbad7acf790b879edf75c0d2282d17f429a1191ca0e5d7b03a010c5180,93dcec72300d1a2067b771a7e9d6a92732398d5034d0bcc5685ac72bfddebf6d
LAYOUT-19,credentials_and_sectors.txt,1062,031c60d3dfa98df6e378c6c92cb1baa867a9e165110d5c2ffe403e9f4cc61c19,faec86bbad7acf790b879edf75c0d2282d17f429a1191ca0e5d7b03a010c5180,93dcec72300d1a2067b771a7e9d6a92732398d5034d0bcc5685ac72bfddebf6d
LAYOUT-19,northwind_folder_foil.jpg,2247569,7b6838b1f57ab86a4236eb70830589d85d673c97d8a3ed70ed40d2b67d058841,faec86bbad7acf790b879edf75c0d2282d17f429a1191ca0e5d7b03a010c5180,93dcec72300d1a2067b771a7e9d6a92732398d5034d0bcc5685ac72bfddebf6d
LAYOUT-20,postcard_marvelli_01_front.jpg,443210,bdea6b7a62768c095e658d5f1edd6ad74f2e24dc6f367ac2655966cecf8c0f21,7f0f8da332ce973178b369070a0fc5258c4a5f6e877f1e50246b8fca1999e93b,a504946c54f1117373af91d5e3fd7ad8f8d2360c63ed048ab21a3efc53e91291
LAYOUT-20,postcard_marvelli_02_front.jpg,425835,a738247411308f9f693aa309c5c9d35fd1557cc386890e921d2f79d755eca857,7f0f8da332ce973178b369070a0fc5258c4a5f6e877f1e50246b8fca1999e93b,a504946c54f1117373af91d5e3fd7ad8f8d2360c63ed048ab21a3efc53e91291
LAYOUT-20,postcard_marvelli_03_front.jpg,392342,8afb7519615142bae9cae31818006dcc0db97a808f90d5ee7f5ec2dcbdc7dd71,7f0f8da332ce973178b369070a0fc5258c4a5f6e877f1e50246b8fca1999e93b,a504946c54f1117373af91d5e3fd7ad8f8d2360c63ed048ab21a3efc53e91291
LAYOUT-20,postcard_marvelli_04_front.jpg,380464,0e8803d6590293fc9d4b85991e6697818386ae9209da3bf5bfef2eeedd2fdbb9,7f0f8da332ce973178b369070a0fc5258c4a5f6e877f1e50246b8fca1999e93b,a504946c54f1117373af91d5e3fd7ad8f8d2360c63ed048ab21a3efc53e91291
LAYOUT-20,studio_1935_family.jpg,1758623,4e5fb7b9facb92c34106242f33527d612ff36aff5ff50e0a8599461cc281632c,7f0f8da332ce973178b369070a0fc5258c4a5f6e877f1e50246b8fca1999e93b,a504946c54f1117373af91d5e3fd7ad8f8d2360c63ed048ab21a3efc53e91291
LAYOUT-20,postcard_marvelli_02_back.jpg,460906,1ff888c72fdfb57f93d2d313fc62a5091f1d3b3c6e99f142b3a912566364c001,7f0f8da332ce973178b369070a0fc5258c4a5f6e877f1e50246b8fca1999e93b,a504946c54f1117373af91d5e3fd7ad8f8d2360c63ed048ab21a3efc53e91291
LAYOUT-20,postcard_marvelli_03_back.jpg,501966,5231a29f6834bd60cc89e884543ea18cf7deb75190b5e5dcc3f244b6c9fb2923,7f0f8da332ce973178b369070a0fc5258c4a5f6e877f1e50246b8fca1999e93b,a504946c54f1117373af91d5e3fd7ad8f8d2360c63ed048ab21a3efc53e91291
LAYOUT-20,postcard_marvelli_04_back.jpg,472506,d2cb7947ccbb57c484be03f80bf604b85363e66c8e46b319ccde929dcffcca23,7f0f8da332ce973178b369070a0fc5258c4a5f6e877f1e50246b8fca1999e93b,a504946c54f1117373af91d5e3fd7ad8f8d2360c63ed048ab21a3efc53e91291
LAYOUT-20,colour_1968_picnic.jpg,1529326,a001e067bf27b0186a18246cefc2d1452d0f3d7fad4c91b68ab2c8087a249941,7f0f8da332ce973178b369070a0fc5258c4a5f6e877f1e50246b8fca1999e93b,a504946c54f1117373af91d5e3fd7ad8f8d2360c63ed048ab21a3efc53e91291
LAYOUT-20,colour_1968_cartrip.jpg,1459722,70319ca741c14fba4f94a7138f888e8b34a0af6f2170366bf4162013da96327f,7f0f8da332ce973178b369070a0fc5258c4a5f6e877f1e50246b8fca1999e93b,a504946c54f1117373af91d5e3fd7ad8f8d2360c63ed048ab21a3efc53e91291
LAYOUT-20,print_1994_christmas.jpg,714796,4429e6a692ce8c65968029a6354364c31ba324e756f346774f60abc7b8b36548,7f0f8da332ce973178b369070a0fc5258c4a5f6e877f1e50246b8fca1999e93b,a504946c54f1117373af91d5e3fd7ad8f8d2360c63ed048ab21a3efc53e91291
LAYOUT-20,colour_1968_backyard.jpg,1550765,a09bde6fc0df2780f83657983269e4cea2dffab03f6151904a8778762d18a5e5,7f0f8da332ce973178b369070a0fc5258c4a5f6e877f1e50246b8fca1999e93b,a504946c54f1117373af91d5e3fd7ad8f8d2360c63ed048ab21a3efc53e91291
LAYOUT-20,print_1999_kitchen.jpg,570139,a219d7cecd754cc024c0e9d4666a0c4d2245a33896ffced58097d8ba8a78439e,7f0f8da332ce973178b369070a0fc5258c4a5f6e877f1e50246b8fca1999e93b,a504946c54f1117373af91d5e3fd7ad8f8d2360c63ed048ab21a3efc53e91291
LAYOUT-20,phone_2021_walter_garden.jpg,2466004,d34a17e5da35902027ece91b1f4614a988f333f381e1927cf9b12390237f5c74,7f0f8da332ce973178b369070a0fc5258c4a5f6e877f1e50246b8fca1999e93b,a504946c54f1117373af91d5e3fd7ad8f8d2360c63ed048ab21a3efc53e91291
LAYOUT-20,colour_1968_enlargement_framed.jpg,2082817,864627e827489ff42cfc1e8743bafb17eff862a0725861314171c4e24de1d2af,7f0f8da332ce973178b369070a0fc5258c4a5f6e877f1e50246b8fca1999e93b,a504946c54f1117373af91d5e3fd7ad8f8d2360c63ed048ab21a3efc53e91291
LAYOUT-20,framed_page_2019_press.pdf,341253,5a665fc8b82668d6502be1a7605d2a6e8a905cd4b7bb2a2518ca841bb17ecf1b,7f0f8da332ce973178b369070a0fc5258c4a5f6e877f1e50246b8fca1999e93b,a504946c54f1117373af91d5e3fd7ad8f8d2360c63ed048ab21a3efc53e91291
LAYOUT-20,print_1996_garden.jpg,683698,b3ea9052df5d9b94c0b85997a6a73c7b66e095ae847ead16ccbd3ba8f525c793,7f0f8da332ce973178b369070a0fc5258c4a5f6e877f1e50246b8fca1999e93b,a504946c54f1117373af91d5e3fd7ad8f8d2360c63ed048ab21a3efc53e91291
LAYOUT-20,colour_1968_lake.jpg,1385647,7725c9599c7c5e2e5201fb6a5f505b9ea33474d9eeff67357962b886214cfcd8,7f0f8da332ce973178b369070a0fc5258c4a5f6e877f1e50246b8fca1999e93b,a504946c54f1117373af91d5e3fd7ad8f8d2360c63ed048ab21a3efc53e91291
LAYOUT-20,studio_1932_wedding.jpg,1915103,84e0f40382438732d58f4ced5091f34f835fc6e4b8f9770111cd645b17195609,7f0f8da332ce973178b369070a0fc5258c4a5f6e877f1e50246b8fca1999e93b,a504946c54f1117373af91d5e3fd7ad8f8d2360c63ed048ab21a3efc53e91291
LAYOUT-20,postcard_marvelli_01_back.jpg,437341,50f3ae9bd6aa3f722ce88a1476e01f284c2cb96991e25914495d42d0eaf53d35,7f0f8da332ce973178b369070a0fc5258c4a5f6e877f1e50246b8fca1999e93b,a504946c54f1117373af91d5e3fd7ad8f8d2360c63ed048ab21a3efc53e91291
LAYOUT-20,phone_2022_walter_chair.jpg,1766737,0f1605c42e4e1305ce9727a4f44b23f76a85a44577ff8be924202f1b47a0cb80,7f0f8da332ce973178b369070a0fc5258c4a5f6e877f1e50246b8fca1999e93b,a504946c54f1117373af91d5e3fd7ad8f8d2360c63ed048ab21a3efc53e91291
LAYOUT-20,keepsake_card_2019_press.pdf,248717,88958d2a69d6851cf6d842c276c72f20ca9da09bb08c0af243716c46d481f2b6,7f0f8da332ce973178b369070a0fc5258c4a5f6e877f1e50246b8fca1999e93b,a504946c54f1117373af91d5e3fd7ad8f8d2360c63ed048ab21a3efc53e91291
LAYOUT-20,print_1998_grandkids.jpg,533899,2b5df1ab9bb3aa3aa73416fa028455eda1365353f79efc37b47553dcc74c8ce4,7f0f8da332ce973178b369070a0fc5258c4a5f6e877f1e50246b8fca1999e93b,a504946c54f1117373af91d5e3fd7ad8f8d2360c63ed048ab21a3efc53e91291
LAYOUT-20,eulogy.txt,1329,8040f63440fae08954dc6ee49ccfcc845361dbc7da40ce39327b214a3821eb79,7f0f8da332ce973178b369070a0fc5258c4a5f6e877f1e50246b8fca1999e93b,a504946c54f1117373af91d5e3fd7ad8f8d2360c63ed048ab21a3efc53e91291
LAYOUT-20,transcriptions.txt,1139,e4c48b56bfb755f8ae15b2fae965859fa041a068e1be3f723b9e9a05d7332b11,7f0f8da332ce973178b369070a0fc5258c4a5f6e877f1e50246b8fca1999e93b,a504946c54f1117373af91d5e3fd7ad8f8d2360c63ed048ab21a3efc53e91291
LAYOUT-20,studio_1930s_grandfather.jpg,1488428,718d692bbfcb57431734c9be672cbf4b62fc32da4a5d8fb61453e00394d66f32,7f0f8da332ce973178b369070a0fc5258c4a5f6e877f1e50246b8fca1999e93b,a504946c54f1117373af91d5e3fd7ad8f8d2360c63ed048ab21a3efc53e91291
LAYOUT-20,guest_list.csv,1573,f36f5e8d8070eca2cdc958f5fc4f4b6400a9f3d044ea9254878fcc9baf923542,7f0f8da332ce973178b369070a0fc5258c4a5f6e877f1e50246b8fca1999e93b,a504946c54f1117373af91d5e3fd7ad8f8d2360c63ed048ab21a3efc53e91291
LAYOUT-20,phone_2019_walter_porch.jpg,2332819,aa5ab1c089913d5ae768d39697fe8c60aef59086927b1d1d33e03edc5bb77ef4,7f0f8da332ce973178b369070a0fc5258c4a5f6e877f1e50246b8fca1999e93b,a504946c54f1117373af91d5e3fd7ad8f8d2360c63ed048ab21a3efc53e91291
LAYOUT-20,colour_1968_porch.jpg,1460039,6a9051df69172a974381bad7380bd10ca77c2112bdd79670be926c45d5a88e47,7f0f8da332ce973178b369070a0fc5258c4a5f6e877f1e50246b8fca1999e93b,a504946c54f1117373af91d5e3fd7ad8f8d2360c63ed048ab21a3efc53e91291
LAYOUT-20,studio_1936_walter_child.jpg,1014855,33156cb6e7fd741b51b79240802022f08a0884286c4561acad7c53ddff5de6ae,7f0f8da332ce973178b369070a0fc5258c4a5f6e877f1e50246b8fca1999e93b,a504946c54f1117373af91d5e3fd7ad8f8d2360c63ed048ab21a3efc53e91291
LAYOUT-20,studio_1939_portrait.jpg,888683,c8ae34326e3332068ab9c4683385479b7c07fca7d237c4cbeb388cb0fc31336d,7f0f8da332ce973178b369070a0fc5258c4a5f6e877f1e50246b8fca1999e93b,a504946c54f1117373af91d5e3fd7ad8f8d2360c63ed048ab21a3efc53e91291
LAYOUT-21,listingsheet_2025_press.pdf,338571,67f1540dfb455d1f5c1d8cc4d31fd4a4c4cad74fb01a9394818177e4b4128986,0cbdb8afc9b57f8988ba0cc162a6eee7041ab2afc2edd79df8cfdc698c6b1f5b,75b7f11843b76a494884dd9f38e6928c6b74f25db38ac00465f337a269753077
LAYOUT-21,hero_select_02.jpg,3100985,e17773bd308170931fac7b0d858f45997050eb98ae51426b3aed4af2d1b40038,0cbdb8afc9b57f8988ba0cc162a6eee7041ab2afc2edd79df8cfdc698c6b1f5b,75b7f11843b76a494884dd9f38e6928c6b74f25db38ac00465f337a269753077
LAYOUT-21,hero_select_04.jpg,4160037,5a345ec9e8c0bed3b81185ab91fe193fb002a9f75ee57573b019151ea6151355,0cbdb8afc9b57f8988ba0cc162a6eee7041ab2afc2edd79df8cfdc698c6b1f5b,75b7f11843b76a494884dd9f38e6928c6b74f25db38ac00465f337a269753077
LAYOUT-21,hero_select_01.jpg,2611773,1e64d42536a7b5f239c97817820661ec9cee695df9d08bccb7cdc159f1d9cc3a,0cbdb8afc9b57f8988ba0cc162a6eee7041ab2afc2edd79df8cfdc698c6b1f5b,75b7f11843b76a494884dd9f38e6928c6b74f25db38ac00465f337a269753077
LAYOUT-21,hero_select_11.jpg,2063849,81ac7797956beece1d9a712f60a246d98d9a65b8d3d878c19b1fc7a788c75dfe,0cbdb8afc9b57f8988ba0cc162a6eee7041ab2afc2edd79df8cfdc698c6b1f5b,75b7f11843b76a494884dd9f38e6928c6b74f25db38ac00465f337a269753077
LAYOUT-21,hero_select_10.jpg,2989104,a5472c8d8ee8372da72d6aa0b0a8b4a1bdac9571a50ef86b36dba8db6f97e9f5,0cbdb8afc9b57f8988ba0cc162a6eee7041ab2afc2edd79df8cfdc698c6b1f5b,75b7f11843b76a494884dd9f38e6928c6b74f25db38ac00465f337a269753077
LAYOUT-21,weekly_active.csv,3763,ffa0a22dff1a8dda25ac60c17ddb4e090e8c69992fe0e753facbbeea2acb65e1,0cbdb8afc9b57f8988ba0cc162a6eee7041ab2afc2edd79df8cfdc698c6b1f5b,75b7f11843b76a494884dd9f38e6928c6b74f25db38ac00465f337a269753077
LAYOUT-21,officesign_photo.jpg,1518748,f98da2043de91128c7ab60e0db1d0b43290eff476ab777ef186b5fba75d5bd3e,0cbdb8afc9b57f8988ba0cc162a6eee7041ab2afc2edd79df8cfdc698c6b1f5b,75b7f11843b76a494884dd9f38e6928c6b74f25db38ac00465f337a269753077
LAYOUT-21,hero_select_07.jpg,2366119,34e1f379362d97692fc306ae8bb470b3c0207714a546a4e84aa79136603f55e4,0cbdb8afc9b57f8988ba0cc162a6eee7041ab2afc2edd79df8cfdc698c6b1f5b,75b7f11843b76a494884dd9f38e6928c6b74f25db38ac00465f337a269753077
LAYOUT-21,hero_select_03.jpg,2424554,ced1b632f88ba7c2ef05e70998955dad329334caf5a73dd869a387827ec977ba,0cbdb8afc9b57f8988ba0cc162a6eee7041ab2afc2edd79df8cfdc698c6b1f5b,75b7f11843b76a494884dd9f38e6928c6b74f25db38ac00465f337a269753077
LAYOUT-21,principal_note.txt,2477,9653a623ffeafbb0db727374578183d526094cb87d049a37496ae7af6f3e078e,0cbdb8afc9b57f8988ba0cc162a6eee7041ab2afc2edd79df8cfdc698c6b1f5b,75b7f11843b76a494884dd9f38e6928c6b74f25db38ac00465f337a269753077
LAYOUT-21,hero_select_09.jpg,3124118,ef11e58fbbfdc8caac46a43119d44438854b7dd25b0034b11bd97eff4e09c755,0cbdb8afc9b57f8988ba0cc162a6eee7041ab2afc2edd79df8cfdc698c6b1f5b,75b7f11843b76a494884dd9f38e6928c6b74f25db38ac00465f337a269753077
LAYOUT-21,hero_select_05.jpg,2351118,abcebdc77181e15db62e0eb3fb60960284b172395e4fc016b36c658176a70d68,0cbdb8afc9b57f8988ba0cc162a6eee7041ab2afc2edd79df8cfdc698c6b1f5b,75b7f11843b76a494884dd9f38e6928c6b74f25db38ac00465f337a269753077
LAYOUT-21,hero_select_06.jpg,2288058,3daac509227e8b00ffeb13bf1fd3d0d94f2996916441beafe74e61c284d1f390,0cbdb8afc9b57f8988ba0cc162a6eee7041ab2afc2edd79df8cfdc698c6b1f5b,75b7f11843b76a494884dd9f38e6928c6b74f25db38ac00465f337a269753077
LAYOUT-21,hero_select_08.jpg,2473594,d3fdccfe303aa7f47f8e42c5406e62ec0b447f3522098b68ca5075a89f564203,0cbdb8afc9b57f8988ba0cc162a6eee7041ab2afc2edd79df8cfdc698c6b1f5b,75b7f11843b76a494884dd9f38e6928c6b74f25db38ac00465f337a269753077
LAYOUT-22,adulted_2024_press.pdf,301933,44ddce5028c07bf43808c274683bd88235261c2edd84ac3adc0d3890a823c94a,9b81f3f4da965ea78549239bc5cacdfce801f98a1eb708e3a32da6c90fbbf16c,79a97baa673a0bc4558853647bfbd7faca1fef3450f308693b887d81b30ce8e7
LAYOUT-22,exec_diploma_2019_press.pdf,121553,fbee9d100c4dc68d480e510d260f480b2d590a913284747933355915c9d24043,9b81f3f4da965ea78549239bc5cacdfce801f98a1eb708e3a32da6c90fbbf16c,79a97baa673a0bc4558853647bfbd7faca1fef3450f308693b887d81b30ce8e7
LAYOUT-22,seal_impression.jpg,895988,72ebb25ca0021bac32a49f31412b50ebae97bfe18c278f372ddd85ae668abc83,9b81f3f4da965ea78549239bc5cacdfce801f98a1eb708e3a32da6c90fbbf16c,79a97baa673a0bc4558853647bfbd7faca1fef3450f308693b887d81b30ce8e7
LAYOUT-22,campus_frames_04.jpg,2285499,9a12141d78e22fa845cd1b02f27d1f3dfa9974e543fd977d1ae8673350f86fd6,9b81f3f4da965ea78549239bc5cacdfce801f98a1eb708e3a32da6c90fbbf16c,79a97baa673a0bc4558853647bfbd7faca1fef3450f308693b887d81b30ce8e7
LAYOUT-22,campus_frames_05.jpg,3943543,a7237eacea6eaf96eb906cd77ad3c9d9d9ebcbadb7bb4da94282feaa302111c7,9b81f3f4da965ea78549239bc5cacdfce801f98a1eb708e3a32da6c90fbbf16c,79a97baa673a0bc4558853647bfbd7faca1fef3450f308693b887d81b30ce8e7
LAYOUT-22,cohort_export.csv,2320,36691e2f174393b1371ff5133f623aa60cb8ab3eeb3b963cb2a544285d85f4d3,9b81f3f4da965ea78549239bc5cacdfce801f98a1eb708e3a32da6c90fbbf16c,79a97baa673a0bc4558853647bfbd7faca1fef3450f308693b887d81b30ce8e7
LAYOUT-22,campus_frames_03.jpg,3006239,e76cd6849e213b7c2ccd630eefb0f4d822bf4d11416524a5eb06761f8f4fe31c,9b81f3f4da965ea78549239bc5cacdfce801f98a1eb708e3a32da6c90fbbf16c,79a97baa673a0bc4558853647bfbd7faca1fef3450f308693b887d81b30ce8e7
LAYOUT-22,campus_frames_06.jpg,2216453,0b1680f5d74c70fe5c06f658513ba6c4beab4ace861e768dc84260b858bae1ab,9b81f3f4da965ea78549239bc5cacdfce801f98a1eb708e3a32da6c90fbbf16c,79a97baa673a0bc4558853647bfbd7faca1fef3450f308693b887d81b30ce8e7
LAYOUT-22,campus_frames_01.jpg,1786157,4a5b1deabad9e216c8ebb0e1e891d3f27687613de3cf8fe6f12b4d5526eb6aa7,9b81f3f4da965ea78549239bc5cacdfce801f98a1eb708e3a32da6c90fbbf16c,79a97baa673a0bc4558853647bfbd7faca1fef3450f308693b887d81b30ce8e7
LAYOUT-22,registrar_note.txt,2661,d6ebb8e1c32c44eb7af85f3ef065d6a594bbe8c18f11343aa41c536d360a26ef,9b81f3f4da965ea78549239bc5cacdfce801f98a1eb708e3a32da6c90fbbf16c,79a97baa673a0bc4558853647bfbd7faca1fef3450f308693b887d81b30ce8e7
LAYOUT-22,campus_frames_02.jpg,3284220,e6e31905abb482fed30ae4e61075d3e6dd2b530e2ef73e7ed0d3e74ea0f9c6de,9b81f3f4da965ea78549239bc5cacdfce801f98a1eb708e3a32da6c90fbbf16c,79a97baa673a0bc4558853647bfbd7faca1fef3450f308693b887d81b30ce8e7
LAYOUT-23,meridian_headshot_01.jpg,2605912,a0b81160203de2a7731fdb18151a462f97c9bb9cc19536aef943c0dbca9d5c20,2920ef92d1318939edec9a74d7b211e05c73c1424e059de988e58cfc01561897,638e1db7b0c19da86fd4c6320ac74a02d071a7b98e8d949d79faffbe3084a76e
LAYOUT-23,meridian_headshot_02.jpg,2042856,de09e089aea10d58e2d688e9edb81a105856eba7ceec9cddff37d90e6c227291,2920ef92d1318939edec9a74d7b211e05c73c1424e059de988e58cfc01561897,638e1db7b0c19da86fd4c6320ac74a02d071a7b98e8d949d79faffbe3084a76e
LAYOUT-23,meridian_headshot_04.jpg,1851508,e746dee0cd7a0073b71e711a961aa1a947a617772b4e24e3debe0a67edbfff68,2920ef92d1318939edec9a74d7b211e05c73c1424e059de988e58cfc01561897,638e1db7b0c19da86fd4c6320ac74a02d071a7b98e8d949d79faffbe3084a76e
LAYOUT-23,meridian_headshot_05.jpg,2302036,ec1a9bb2e59e17d29ac99159b04147235fd4f2632ef56850b54d82b8a141186f,2920ef92d1318939edec9a74d7b211e05c73c1424e059de988e58cfc01561897,638e1db7b0c19da86fd4c6320ac74a02d071a7b98e8d949d79faffbe3084a76e
LAYOUT-23,meridian_headshot_06.jpg,1871120,5fef6cf85d6c3ec51e7fce93557bf74d8a8da0b01da6919a664604d4021221c7,2920ef92d1318939edec9a74d7b211e05c73c1424e059de988e58cfc01561897,638e1db7b0c19da86fd4c6320ac74a02d071a7b98e8d949d79faffbe3084a76e
LAYOUT-23,meridian_headshot_07.jpg,2813333,13975a26f16f24fcd2eefd17e9e028abb3a839b12513b5e6efb6f897fe29c95d,2920ef92d1318939edec9a74d7b211e05c73c1424e059de988e58cfc01561897,638e1db7b0c19da86fd4c6320ac74a02d071a7b98e8d949d79faffbe3084a76e
LAYOUT-23,meridian_headshot_14.jpg,2230135,19ae1e08586e54fc85f5f8eeec2759f22a9d4218fa288a8ba6f590698cca4169,2920ef92d1318939edec9a74d7b211e05c73c1424e059de988e58cfc01561897,638e1db7b0c19da86fd4c6320ac74a02d071a7b98e8d949d79faffbe3084a76e
LAYOUT-23,meridian_headshot_09.jpg,2455161,24e037cfefb151d76680c9cbf611ac51fe853fad2571e1d0a983d923c8cbd4ff,2920ef92d1318939edec9a74d7b211e05c73c1424e059de988e58cfc01561897,638e1db7b0c19da86fd4c6320ac74a02d071a7b98e8d949d79faffbe3084a76e
LAYOUT-23,meridian_headshot_10.jpg,165693,8de4433e05a3c81c49d1e4d84e81790dd30ee57a40f1d47ea2a5e8a0807fde21,2920ef92d1318939edec9a74d7b211e05c73c1424e059de988e58cfc01561897,638e1db7b0c19da86fd4c6320ac74a02d071a7b98e8d949d79faffbe3084a76e
LAYOUT-23,meridian_headshot_17.jpg,2205260,3c5753f0bfd1825bc19248b936fd980c5b04d3bad3a3d2ef3f513a6acfdcfe5f,2920ef92d1318939edec9a74d7b211e05c73c1424e059de988e58cfc01561897,638e1db7b0c19da86fd4c6320ac74a02d071a7b98e8d949d79faffbe3084a76e
LAYOUT-23,registration_export.csv,4438,bba81cbf89ec1307dad2cdd38f5a6780e230ac5ce0435f6a7b6cbf7299e026cd,2920ef92d1318939edec9a74d7b211e05c73c1424e059de988e58cfc01561897,638e1db7b0c19da86fd4c6320ac74a02d071a7b98e8d949d79faffbe3084a76e
LAYOUT-23,badge_2026_PRINT.pdf,185325,b599e4e93aa63eb3858588765109f8d0d3963ec605494ea7d41729642faf986e,2920ef92d1318939edec9a74d7b211e05c73c1424e059de988e58cfc01561897,638e1db7b0c19da86fd4c6320ac74a02d071a7b98e8d949d79faffbe3084a76e
LAYOUT-23,lectern_plate.jpg,1425911,b414fcf45728eb4425f8acbae02007437b23da8ed8eff41a36049d6200076e6c,2920ef92d1318939edec9a74d7b211e05c73c1424e059de988e58cfc01561897,638e1db7b0c19da86fd4c6320ac74a02d071a7b98e8d949d79faffbe3084a76e
LAYOUT-23,meridian_headshot_11.jpg,253932,7df2a0e2153c1279c496dc30e6d052b1144786e805a1b1d2b19a6711f271fb44,2920ef92d1318939edec9a74d7b211e05c73c1424e059de988e58cfc01561897,638e1db7b0c19da86fd4c6320ac74a02d071a7b98e8d949d79faffbe3084a76e
LAYOUT-23,meridian_headshot_18.jpg,140884,288cafab9994f58ec4585f8f7d089a0c5d4543797bfa9dec1ebe4eafd0fc9e18,2920ef92d1318939edec9a74d7b211e05c73c1424e059de988e58cfc01561897,638e1db7b0c19da86fd4c6320ac74a02d071a7b98e8d949d79faffbe3084a76e
LAYOUT-23,meridian_headshot_13.jpg,2454550,43280c9a9f1b03120bb77d5087c542651c4e6cd1e50ed1f4a8e558e15a602479,2920ef92d1318939edec9a74d7b211e05c73c1424e059de988e58cfc01561897,638e1db7b0c19da86fd4c6320ac74a02d071a7b98e8d949d79faffbe3084a76e
LAYOUT-23,tracks_note.txt,437,f2344185d716e5431bebf1cb817360ca1cd158bf966e850f45dca9da2d93ab07,2920ef92d1318939edec9a74d7b211e05c73c1424e059de988e58cfc01561897,638e1db7b0c19da86fd4c6320ac74a02d071a7b98e8d949d79faffbe3084a76e
LAYOUT-23,meridian_headshot_16.jpg,1519978,6bbbaa818d4056bd41c3bcff0f4bbf9816cd4e40b33e34c75cb13e077f3f6f6f,2920ef92d1318939edec9a74d7b211e05c73c1424e059de988e58cfc01561897,638e1db7b0c19da86fd4c6320ac74a02d071a7b98e8d949d79faffbe3084a76e
LAYOUT-23,meridian_headshot_15.jpg,2309851,263ae5ad5faad21db7147c2fc929ef4c405534543cfa1bd4c0ca8bacce3fec45,2920ef92d1318939edec9a74d7b211e05c73c1424e059de988e58cfc01561897,638e1db7b0c19da86fd4c6320ac74a02d071a7b98e8d949d79faffbe3084a76e
LAYOUT-23,meridian_headshot_12.jpg,235989,3d1de1a709a54ad0148ff652724f64232271ded57729f21f8e62e561008e2545,2920ef92d1318939edec9a74d7b211e05c73c1424e059de988e58cfc01561897,638e1db7b0c19da86fd4c6320ac74a02d071a7b98e8d949d79faffbe3084a76e
LAYOUT-23,meridian_headshot_08.jpg,1917619,afc622193c191e884aae5c183e00d4688fe5b51e58073456272c14e34675ae0b,2920ef92d1318939edec9a74d7b211e05c73c1424e059de988e58cfc01561897,638e1db7b0c19da86fd4c6320ac74a02d071a7b98e8d949d79faffbe3084a76e
LAYOUT-23,meridian_headshot_03.jpg,2451252,3ea3d7bb70e839eff3053c3059ba65a240e0e73e9c261742c2059d4deb1cc7af,2920ef92d1318939edec9a74d7b211e05c73c1424e059de988e58cfc01561897,638e1db7b0c19da86fd4c6320ac74a02d071a7b98e8d949d79faffbe3084a76e
LAYOUT-24,marlow_shot_01.jpg,1898558,ca5499b1c085e956c386d28a9fd4f327e828f5ab1ee4eedd882db1c306054b59,8d2ceab5319d2ea29537fb915dc916d128b05f998a115203f7a9d01f9937765c,16a142aae48f0f350d1c9381021e8120337e8bf4f16961c0ce07eca74b46a28f
LAYOUT-24,marlow_shot_03.jpg,1891887,bf93a847dea7b78aab747d72e677e51a22edb853189adcf08bd51ba423b58e69,8d2ceab5319d2ea29537fb915dc916d128b05f998a115203f7a9d01f9937765c,16a142aae48f0f350d1c9381021e8120337e8bf4f16961c0ce07eca74b46a28f
LAYOUT-24,marlow_shot_05.jpg,2366898,3a7675a1d0832ba743c25aa08236111eb258c0102803d31a6b2649b46edd63eb,8d2ceab5319d2ea29537fb915dc916d128b05f998a115203f7a9d01f9937765c,16a142aae48f0f350d1c9381021e8120337e8bf4f16961c0ce07eca74b46a28f
LAYOUT-24,marlow_shot_10.jpg,1892890,009a18615e392db52fe0ae9ccee6c6b4e6d8250d661a66c534689a7859fc009a,8d2ceab5319d2ea29537fb915dc916d128b05f998a115203f7a9d01f9937765c,16a142aae48f0f350d1c9381021e8120337e8bf4f16961c0ce07eca74b46a28f
LAYOUT-24,marlow_shot_04.jpg,1880085,6375b6e9e21f01388ae8ebe2b4dd9612e16aba278fb3faea753d42fbbc65b3c3,8d2ceab5319d2ea29537fb915dc916d128b05f998a115203f7a9d01f9937765c,16a142aae48f0f350d1c9381021e8120337e8bf4f16961c0ce07eca74b46a28f
LAYOUT-24,marlow_shot_14.jpg,1887571,6a234fd212dd98594e1fa8ef50eb119340ccd8c0092b60809ed004b292dd718e,8d2ceab5319d2ea29537fb915dc916d128b05f998a115203f7a9d01f9937765c,16a142aae48f0f350d1c9381021e8120337e8bf4f16961c0ce07eca74b46a28f
LAYOUT-24,marlow_shot_15.jpg,2048204,ce63d37f3b7be0382aa8ff078665dc33f6476a187e3e58342623c6efc7803a53,8d2ceab5319d2ea29537fb915dc916d128b05f998a115203f7a9d01f9937765c,16a142aae48f0f350d1c9381021e8120337e8bf4f16961c0ce07eca74b46a28f
LAYOUT-24,trade_price_file.csv,5019,73d4faf14d35d6a6612c4b41f3b88817cc8db9339d17dd502ee645e2f8c25b17,8d2ceab5319d2ea29537fb915dc916d128b05f998a115203f7a9d01f9937765c,16a142aae48f0f350d1c9381021e8120337e8bf4f16961c0ce07eca74b46a28f
LAYOUT-24,marlow_shot_09.jpg,2045818,6cc0caa1a41af7d53e61a6f4d1325293dfe62220c27bdca131c10efadda12aa5,8d2ceab5319d2ea29537fb915dc916d128b05f998a115203f7a9d01f9937765c,16a142aae48f0f350d1c9381021e8120337e8bf4f16961c0ce07eca74b46a28f
LAYOUT-24,marlow_shot_13.jpg,1863021,ed77e0e68088b47315a631d2a09b4651071bf984944c0f199d5517b8a8467063,8d2ceab5319d2ea29537fb915dc916d128b05f998a115203f7a9d01f9937765c,16a142aae48f0f350d1c9381021e8120337e8bf4f16961c0ce07eca74b46a28f
LAYOUT-24,marlow_shot_06.jpg,1866868,520c68f9f66e99f641d34598a655864c2cf4b0cc8faec5957e74cb74afd0bf07,8d2ceab5319d2ea29537fb915dc916d128b05f998a115203f7a9d01f9937765c,16a142aae48f0f350d1c9381021e8120337e8bf4f16961c0ce07eca74b46a28f
LAYOUT-24,pot_base_stamp.jpg,2309551,8fe2f7b9b260339920b9c8f55fc839e34fb55f92265c36d69001894cb22f9d5f,8d2ceab5319d2ea29537fb915dc916d128b05f998a115203f7a9d01f9937765c,16a142aae48f0f350d1c9381021e8120337e8bf4f16961c0ce07eca74b46a28f
LAYOUT-24,glaze_note.txt,1393,b70602593fe002786f159520f54803d530246d7b2e471408077c18107597162a,8d2ceab5319d2ea29537fb915dc916d128b05f998a115203f7a9d01f9937765c,16a142aae48f0f350d1c9381021e8120337e8bf4f16961c0ce07eca74b46a28f
LAYOUT-24,marlow_shot_12.jpg,1808432,ced0950b3372f4c1b0fce9acbb4fbed7b9863e3bbdb6a33109697890d4770afa,8d2ceab5319d2ea29537fb915dc916d128b05f998a115203f7a9d01f9937765c,16a142aae48f0f350d1c9381021e8120337e8bf4f16961c0ce07eca74b46a28f
LAYOUT-24,marlow_shot_16.jpg,1626064,60dfce2591810c4e82c9df6489d6d415ab9fb150b47e76df27c24f676d81f9e1,8d2ceab5319d2ea29537fb915dc916d128b05f998a115203f7a9d01f9937765c,16a142aae48f0f350d1c9381021e8120337e8bf4f16961c0ce07eca74b46a28f
LAYOUT-24,catalog_page_2026_PRINT.pdf,561387,f33e5dcd2914a95a5e88b06c83c925ec9d00b6c263c37922e1e7d0de5cdb4042,8d2ceab5319d2ea29537fb915dc916d128b05f998a115203f7a9d01f9937765c,16a142aae48f0f350d1c9381021e8120337e8bf4f16961c0ce07eca74b46a28f
LAYOUT-24,marlow_shot_02.jpg,2074940,408a6c443876f37d6558ac1fd0db61ec5c7f0fa1d8d1b312db9fabd653f5ac6b,8d2ceab5319d2ea29537fb915dc916d128b05f998a115203f7a9d01f9937765c,16a142aae48f0f350d1c9381021e8120337e8bf4f16961c0ce07eca74b46a28f
LAYOUT-24,marlow_shot_08.jpg,1941099,bd037f2d0a2bdfc39dadf860c1d3ea0c82edffdd3b45369bea96884eba0a2671,8d2ceab5319d2ea29537fb915dc916d128b05f998a115203f7a9d01f9937765c,16a142aae48f0f350d1c9381021e8120337e8bf4f16961c0ce07eca74b46a28f
LAYOUT-24,marlow_shot_11.jpg,1850808,621729f0105e91680c30068767ee05de42152a9729793be7117e1c9b6eb853fe,8d2ceab5319d2ea29537fb915dc916d128b05f998a115203f7a9d01f9937765c,16a142aae48f0f350d1c9381021e8120337e8bf4f16961c0ce07eca74b46a28f
LAYOUT-24,marlow_shot_07.jpg,1818421,5fea2586a0747c416587343b426a0d8406f9962b868b5f5e9151b90f915f0aad,8d2ceab5319d2ea29537fb915dc916d128b05f998a115203f7a9d01f9937765c,16a142aae48f0f350d1c9381021e8120337e8bf4f16961c0ce07eca74b46a28f
LAYOUT-25,aldervale_producers/wesley_amsden.jpg,2947099,0dd950066d7949aa6913c465f476dcd274f4b36af58a9929ae286d784119854d,a40d8c0dc603a91126b7f1433feb8045007c65a1979fafeac943877fee6676ec,d35f2f78f84ed05068412d0620a17a2f7e551ee073e5f79b5b47a24c44fa6a9e
LAYOUT-25,aldervale_renewal_card_2025.pdf,256253,4414519fc71ae033ac0221b7ef593e325dd1492f08d0a5f7d7030a21c4959f50,a40d8c0dc603a91126b7f1433feb8045007c65a1979fafeac943877fee6676ec,d35f2f78f84ed05068412d0620a17a2f7e551ee073e5f79b5b47a24c44fa6a9e
LAYOUT-25,aldervale_producers/harlan_pease.jpg,2248115,9abdd2a6e0f34866f9932a8e4c947416d5b62f114d42678740d494d54dc2b8c4,a40d8c0dc603a91126b7f1433feb8045007c65a1979fafeac943877fee6676ec,d35f2f78f84ed05068412d0620a17a2f7e551ee073e5f79b5b47a24c44fa6a9e
LAYOUT-25,aldervale_producers/roy_latimer.jpg,2267844,96aafaed11b65f4578f32336c02832630b102305c83e1e6a0d51aa2dba5b4084,a40d8c0dc603a91126b7f1433feb8045007c65a1979fafeac943877fee6676ec,d35f2f78f84ed05068412d0620a17a2f7e551ee073e5f79b5b47a24c44fa6a9e
LAYOUT-25,aldervale_producers/colette_brann.jpg,2535416,8abbed2b6bc171708d4d6116867038ca9d494255de8074464d28110b953beb9a,a40d8c0dc603a91126b7f1433feb8045007c65a1979fafeac943877fee6676ec,d35f2f78f84ed05068412d0620a17a2f7e551ee073e5f79b5b47a24c44fa6a9e
LAYOUT-25,aldervale_producers/randolph_office_1.jpg,3446073,b37de425fa558d52b59e1d055bac4978c7ae4f383ad7f41a57a88fa1c6232b6a,a40d8c0dc603a91126b7f1433feb8045007c65a1979fafeac943877fee6676ec,d35f2f78f84ed05068412d0620a17a2f7e551ee073e5f79b5b47a24c44fa6a9e
LAYOUT-25,aldervale_producers/randolph_office_2.jpg,3228929,70340bd0d41b8ac188d70be5f6f8a3774d6363a344cd090c985c6c34cdae1bc7,a40d8c0dc603a91126b7f1433feb8045007c65a1979fafeac943877fee6676ec,d35f2f78f84ed05068412d0620a17a2f7e551ee073e5f79b5b47a24c44fa6a9e
LAYOUT-25,aldervale_brand_sheet.pdf,1793,57b2c88b7480b61ac4929adbd0a156a888c958ec1edca565875e9f3cfacc2ef3,a40d8c0dc603a91126b7f1433feb8045007c65a1979fafeac943877fee6676ec,d35f2f78f84ed05068412d0620a17a2f7e551ee073e5f79b5b47a24c44fa6a9e
LAYOUT-25,aldervale_producers/ida_thibault.jpg,3152315,480fddebdf3c43140815fb7354b5fe625f0d52ed1aea2621a438115fccafacdd,a40d8c0dc603a91126b7f1433feb8045007c65a1979fafeac943877fee6676ec,d35f2f78f84ed05068412d0620a17a2f7e551ee073e5f79b5b47a24c44fa6a9e
LAYOUT-25,aldervale_producers/ada_fenwick.jpg,2361976,0d7daee4a576c079d1d1b280f31310fe269fced86a70f9b8dcc9d89aab58cf9a,a40d8c0dc603a91126b7f1433feb8045007c65a1979fafeac943877fee6676ec,d35f2f78f84ed05068412d0620a17a2f7e551ee073e5f79b5b47a24c44fa6a9e
LAYOUT-25,aldervale_producers/garrett_poole.jpg,3072523,9df5769b2383b1037d72cbfe3bf92430f33f3916598f8d70c27cca57d63caa9a,a40d8c0dc603a91126b7f1433feb8045007c65a1979fafeac943877fee6676ec,d35f2f78f84ed05068412d0620a17a2f7e551ee073e5f79b5b47a24c44fa6a9e
LAYOUT-25,aldervale_producers/merritt_dolan.jpg,2166356,ba5adf95d9d55e25b02287ff70590d84a688566f5e4876ffa7652af0ca8b4213,a40d8c0dc603a91126b7f1433feb8045007c65a1979fafeac943877fee6676ec,d35f2f78f84ed05068412d0620a17a2f7e551ee073e5f79b5b47a24c44fa6a9e
LAYOUT-25,aldervale_producer_card.jpg,1868066,a84dd17790a170ea3be777a1cc598036a8a11f4bc38712c1ca7c261deb952ce3,a40d8c0dc603a91126b7f1433feb8045007c65a1979fafeac943877fee6676ec,d35f2f78f84ed05068412d0620a17a2f7e551ee073e5f79b5b47a24c44fa6a9e
LAYOUT-25,aldervale_households.csv,9620,cdce33715ab4d825c4153295c72f4575836ec95c1df324c4ad61dbd77806826f,a40d8c0dc603a91126b7f1433feb8045007c65a1979fafeac943877fee6676ec,d35f2f78f84ed05068412d0620a17a2f7e551ee073e5f79b5b47a24c44fa6a9e
LAYOUT-25,aldervale_offer_copy.txt,1176,05d31957fc857a234c738d1b57883037be51bac3c291156833fa28a95d7276ca,a40d8c0dc603a91126b7f1433feb8045007c65a1979fafeac943877fee6676ec,d35f2f78f84ed05068412d0620a17a2f7e551ee073e5f79b5b47a24c44fa6a9e
LAYOUT-25,aldervale_producers/randolph_office_3.jpg,2834685,51ceb91bd1c8e8b016da3a20a57da1e0e931719f86b01af6565907744a221de9,a40d8c0dc603a91126b7f1433feb8045007c65a1979fafeac943877fee6676ec,d35f2f78f84ed05068412d0620a17a2f7e551ee073e5f79b5b47a24c44fa6a9e
LAYOUT-26,lanternwood_press_photo_03.jpg,1551184,4d9595a7b8e5003874183bb8b3e91e715dc886589f645bd97cf103a2a27fc837,c1002038f057c99cd9820bfe9cef7cf87d7ed1e8b3f2e431c410934221d6218c,166e4329b6658b7088c172b37e2614d366d73b1892141d30b67d7448104c061e
LAYOUT-26,lanternwood_press_photo_09.jpg,1627593,a4982363766f0413c9a2ef12a3927fc0afdacaf046d0e1b9f8f3b57f185699d5,c1002038f057c99cd9820bfe9cef7cf87d7ed1e8b3f2e431c410934221d6218c,166e4329b6658b7088c172b37e2614d366d73b1892141d30b67d7448104c061e
LAYOUT-26,lanternwood_press_photo_04.jpg,4673613,9994f77a49d0574053e45442315b6e4b78da9fd34e93d8bce8b5543f2f68a9b6,c1002038f057c99cd9820bfe9cef7cf87d7ed1e8b3f2e431c410934221d6218c,166e4329b6658b7088c172b37e2614d366d73b1892141d30b67d7448104c061e
LAYOUT-26,lanternwood_programme_2025_pages.pdf,417328,c55ecf807b40210c8aa6b8ac00ab814ab94b1ea1b1265ccf461f27a7b2d0a99b,c1002038f057c99cd9820bfe9cef7cf87d7ed1e8b3f2e431c410934221d6218c,166e4329b6658b7088c172b37e2614d366d73b1892141d30b67d7448104c061e
LAYOUT-26,lanternwood_programme_2023_page.pdf,397338,a908c101f92e68a43f02f7b0bc00528c36d89eb1a1257b52cf7ee2244a896ddb,c1002038f057c99cd9820bfe9cef7cf87d7ed1e8b3f2e431c410934221d6218c,166e4329b6658b7088c172b37e2614d366d73b1892141d30b67d7448104c061e
LAYOUT-26,lanternwood_press_photo_02.jpg,1429404,c111c013876676eaf85f8787aa5ac5ec69e415407b25ddb6686b1885171cfaa5,c1002038f057c99cd9820bfe9cef7cf87d7ed1e8b3f2e431c410934221d6218c,166e4329b6658b7088c172b37e2614d366d73b1892141d30b67d7448104c061e
LAYOUT-26,lanternwood_press_photo_11.jpg,1879576,ef7eb4edfa2e1826889ee5ad4d0206d21c794780f7edda0db04c0303e1da28e4,c1002038f057c99cd9820bfe9cef7cf87d7ed1e8b3f2e431c410934221d6218c,166e4329b6658b7088c172b37e2614d366d73b1892141d30b67d7448104c061e
LAYOUT-26,lanternwood_press_photo_05.jpg,1603443,4c56ea7722c08a2d739731016a90bdc3af799d7c0669ece4ad93f6fbc1c7d659,c1002038f057c99cd9820bfe9cef7cf87d7ed1e8b3f2e431c410934221d6218c,166e4329b6658b7088c172b37e2614d366d73b1892141d30b67d7448104c061e
LAYOUT-26,lanternwood_lineup.csv,6136,5f67b3181e9ce0febc30f710f57f54bd53f22d0f63dc381f8811273b6dae71ab,c1002038f057c99cd9820bfe9cef7cf87d7ed1e8b3f2e431c410934221d6218c,166e4329b6658b7088c172b37e2614d366d73b1892141d30b67d7448104c061e
LAYOUT-26,lanternwood_press_photo_12.jpg,1764487,201f696748e5d07c41c0eeb66b3fd400a29e53c624ffbcc28561edb820947d06,c1002038f057c99cd9820bfe9cef7cf87d7ed1e8b3f2e431c410934221d6218c,166e4329b6658b7088c172b37e2614d366d73b1892141d30b67d7448104c061e
LAYOUT-26,lanternwood_press_photo_14.jpg,1703218,481e6b6c1a5549de79902acee179e2c8fb5e83c3b733cd3105890675bcbad01a,c1002038f057c99cd9820bfe9cef7cf87d7ed1e8b3f2e431c410934221d6218c,166e4329b6658b7088c172b37e2614d366d73b1892141d30b67d7448104c061e
LAYOUT-26,lanternwood_banner_photo.jpg,2239487,be5024e3f6447e170f44b12231f3e3826d5850d551d03b379eb72b9ceb3bf58e,c1002038f057c99cd9820bfe9cef7cf87d7ed1e8b3f2e431c410934221d6218c,166e4329b6658b7088c172b37e2614d366d73b1892141d30b67d7448104c061e
LAYOUT-26,lanternwood_press_photo_08.jpg,123149,5989bc247b0e162ab9fea55cd80978d8328f58e2386039ef4fe1680d0a83cc72,c1002038f057c99cd9820bfe9cef7cf87d7ed1e8b3f2e431c410934221d6218c,166e4329b6658b7088c172b37e2614d366d73b1892141d30b67d7448104c061e
LAYOUT-26,lanternwood_committee_note.txt,1974,c5738534a7c650b6a0fe1b7176297bedfce15e2b9591fc7b285ad44cf586bac5,c1002038f057c99cd9820bfe9cef7cf87d7ed1e8b3f2e431c410934221d6218c,166e4329b6658b7088c172b37e2614d366d73b1892141d30b67d7448104c061e
LAYOUT-26,lanternwood_press_photo_13.jpg,4023562,460c59ca213d09cc3d5a14df24c41c34719e105c50c35e866e8f4d44199c2263,c1002038f057c99cd9820bfe9cef7cf87d7ed1e8b3f2e431c410934221d6218c,166e4329b6658b7088c172b37e2614d366d73b1892141d30b67d7448104c061e
LAYOUT-26,lanternwood_press_photo_06.jpg,4608748,9aaddcd46235d393d7931656f8d3e5d9d96f24fcb72bb9acac2ea1e70a0a9f50,c1002038f057c99cd9820bfe9cef7cf87d7ed1e8b3f2e431c410934221d6218c,166e4329b6658b7088c172b37e2614d366d73b1892141d30b67d7448104c061e
LAYOUT-26,lanternwood_press_photo_07.jpg,3172167,6b11b090cc307906618c7960fa795c193a0a627e2ac441dfcf83b6218c2fa5d0,c1002038f057c99cd9820bfe9cef7cf87d7ed1e8b3f2e431c410934221d6218c,166e4329b6658b7088c172b37e2614d366d73b1892141d30b67d7448104c061e
LAYOUT-26,lanternwood_press_photo_01.jpg,4524957,e5bef6b563fa748e25e65c3eda9c642101d7474848e4036a7ba7ad80c6cbeace,c1002038f057c99cd9820bfe9cef7cf87d7ed1e8b3f2e431c410934221d6218c,166e4329b6658b7088c172b37e2614d366d73b1892141d30b67d7448104c061e
LAYOUT-26,lanternwood_press_photo_10.jpg,3753562,372ffebb09de43bf28d9fdae410d96219c54d7247ea742b4ac15cf14e22cafe2,c1002038f057c99cd9820bfe9cef7cf87d7ed1e8b3f2e431c410934221d6218c,166e4329b6658b7088c172b37e2614d366d73b1892141d30b67d7448104c061e
LAYOUT-27,bench_photo_03.jpg,1625478,eaaf6d5ad11942f2f3bc3989ecda63b60683ced3e451e1ec9f56b8878dd16322,32a0bdddfc67a3f2b13b4d9110efddcaffb3fd1a00e34b733c0fc55e8b07ed7c,c6b2f5a9427042e4f98f4d64d9cd0924bfbb8f44c909999218dc36c4181b103f
LAYOUT-27,bench_photo_08.jpg,1572895,2061f24e3260338b2099b0dbb09845fc17b6858648dc19f6018f7fa6fdaa6c8c,32a0bdddfc67a3f2b13b4d9110efddcaffb3fd1a00e34b733c0fc55e8b07ed7c,c6b2f5a9427042e4f98f4d64d9cd0924bfbb8f44c909999218dc36c4181b103f
LAYOUT-27,bench_photo_09.jpg,2039036,a35baa05ef5bfe1145af7999c149a57ce7fc2a8ca27b78d83851c8e448513413,32a0bdddfc67a3f2b13b4d9110efddcaffb3fd1a00e34b733c0fc55e8b07ed7c,c6b2f5a9427042e4f98f4d64d9cd0924bfbb8f44c909999218dc36c4181b103f
LAYOUT-27,bench_photo_10.jpg,2347858,ea44516bd17f6aa4fe5da8524f18a70d7edadb32f7c654bdd652651365b9efbf,32a0bdddfc67a3f2b13b4d9110efddcaffb3fd1a00e34b733c0fc55e8b07ed7c,c6b2f5a9427042e4f98f4d64d9cd0924bfbb8f44c909999218dc36c4181b103f
LAYOUT-27,bench_photo_11.jpg,1764612,1c5c52ad0ef9723cc1d06c487b6397abb81d71de07063a6610c1417e288c260f,32a0bdddfc67a3f2b13b4d9110efddcaffb3fd1a00e34b733c0fc55e8b07ed7c,c6b2f5a9427042e4f98f4d64d9cd0924bfbb8f44c909999218dc36c4181b103f
LAYOUT-27,nameplate_03.jpg,2027020,7206e47a7329d88fa3db9bb4a84e2608c1a7d51d796c1b4f0ccf6e25d6d1fad1,32a0bdddfc67a3f2b13b4d9110efddcaffb3fd1a00e34b733c0fc55e8b07ed7c,c6b2f5a9427042e4f98f4d64d9cd0924bfbb8f44c909999218dc36c4181b103f
LAYOUT-27,bench_photo_01.jpg,2156946,6af6b8fbbcbe63673e3dd0af7201cea1bf3a3e36d83fe3724cdd5cbaccaf28b2,32a0bdddfc67a3f2b13b4d9110efddcaffb3fd1a00e34b733c0fc55e8b07ed7c,c6b2f5a9427042e4f98f4d64d9cd0924bfbb8f44c909999218dc36c4181b103f
LAYOUT-27,bench_photo_14.jpg,1746318,525bb15b088d8ff28579e69288a7183c57799a0fcde6563e1081bd6793d2770b,32a0bdddfc67a3f2b13b4d9110efddcaffb3fd1a00e34b733c0fc55e8b07ed7c,c6b2f5a9427042e4f98f4d64d9cd0924bfbb8f44c909999218dc36c4181b103f
LAYOUT-27,label_2026_PRESS.pdf,238092,7bb9e4c0cecd8dc2adaf31078592eacd2f6bd854111e470b4448629f4b7951c5,32a0bdddfc67a3f2b13b4d9110efddcaffb3fd1a00e34b733c0fc55e8b07ed7c,c6b2f5a9427042e4f98f4d64d9cd0924bfbb8f44c909999218dc36c4181b103f
LAYOUT-27,bench_photo_04.jpg,1695553,0267ceb53a1b059144fd04f1e91c688c86e9fde388ac32e99fa42876c0a36441,32a0bdddfc67a3f2b13b4d9110efddcaffb3fd1a00e34b733c0fc55e8b07ed7c,c6b2f5a9427042e4f98f4d64d9cd0924bfbb8f44c909999218dc36c4181b103f
LAYOUT-27,bench_photo_05.jpg,1926305,73c2944c245b0c482cb867426c9dcc99f839894b2bbd62238d50d10f6c66f638,32a0bdddfc67a3f2b13b4d9110efddcaffb3fd1a00e34b733c0fc55e8b07ed7c,c6b2f5a9427042e4f98f4d64d9cd0924bfbb8f44c909999218dc36c4181b103f
LAYOUT-27,nameplate_04.jpg,2487302,c532338f1bd6c33aeea52a6dbd3e841da0006a5f7fbb7ad4332e3c9dfd07e0c4,32a0bdddfc67a3f2b13b4d9110efddcaffb3fd1a00e34b733c0fc55e8b07ed7c,c6b2f5a9427042e4f98f4d64d9cd0924bfbb8f44c909999218dc36c4181b103f
LAYOUT-27,bench_photo_02.jpg,1992316,76071632b2900811b848ed094b77fa3897d5d24f38d8bca5837f7bd3cd97d5d7,32a0bdddfc67a3f2b13b4d9110efddcaffb3fd1a00e34b733c0fc55e8b07ed7c,c6b2f5a9427042e4f98f4d64d9cd0924bfbb8f44c909999218dc36c4181b103f
LAYOUT-27,sheet_2026_PRESS.pdf,341295,51115b89b2dfb2faeab549a7b58b340e7a77d9602b54e25aba49978c84353cb7,32a0bdddfc67a3f2b13b4d9110efddcaffb3fd1a00e34b733c0fc55e8b07ed7c,c6b2f5a9427042e4f98f4d64d9cd0924bfbb8f44c909999218dc36c4181b103f
LAYOUT-27,bench_photo_06.jpg,1703178,eac96b8fb8fe8bc79c9a2ceb2e047c856d2073b709452648a0b39fcc37b8e815,32a0bdddfc67a3f2b13b4d9110efddcaffb3fd1a00e34b733c0fc55e8b07ed7c,c6b2f5a9427042e4f98f4d64d9cd0924bfbb8f44c909999218dc36c4181b103f
LAYOUT-27,bench_photo_07.jpg,1731856,e484e8f39729bc5f48b0978c02096e6e902c97a0cc2ff33719f977c8b73e39a3,32a0bdddfc67a3f2b13b4d9110efddcaffb3fd1a00e34b733c0fc55e8b07ed7c,c6b2f5a9427042e4f98f4d64d9cd0924bfbb8f44c909999218dc36c4181b103f
LAYOUT-27,range_export.csv,3069,c18ced0c1f53395005b768b39ee69ee3c1aec8e1016ea76381d8538db23fa627,32a0bdddfc67a3f2b13b4d9110efddcaffb3fd1a00e34b733c0fc55e8b07ed7c,c6b2f5a9427042e4f98f4d64d9cd0924bfbb8f44c909999218dc36c4181b103f
LAYOUT-27,bench_photo_12.jpg,1559336,2d6337f9c158cae7045edd94bbc0d84a7e7568b5c97b85ea3ff1c7837bad7394,32a0bdddfc67a3f2b13b4d9110efddcaffb3fd1a00e34b733c0fc55e8b07ed7c,c6b2f5a9427042e4f98f4d64d9cd0924bfbb8f44c909999218dc36c4181b103f
LAYOUT-27,nameplate_01.jpg,2248238,4336247ed70f6eacd77e460c655dcf1f2edadd24002f90b9501ff042f75818ff,32a0bdddfc67a3f2b13b4d9110efddcaffb3fd1a00e34b733c0fc55e8b07ed7c,c6b2f5a9427042e4f98f4d64d9cd0924bfbb8f44c909999218dc36c4181b103f
LAYOUT-27,bench_photo_15.jpg,1424012,32274a9e1f0ac3a0471faa3ace23507c5e81bf3d5ed850c175d479a6fc5f049b,32a0bdddfc67a3f2b13b4d9110efddcaffb3fd1a00e34b733c0fc55e8b07ed7c,c6b2f5a9427042e4f98f4d64d9cd0924bfbb8f44c909999218dc36c4181b103f
LAYOUT-27,bench_photo_16.jpg,1533388,7e04aa0dda9584d045b8924cf738b3f5b7adc2294763c01dd094492afdc5ee47,32a0bdddfc67a3f2b13b4d9110efddcaffb3fd1a00e34b733c0fc55e8b07ed7c,c6b2f5a9427042e4f98f4d64d9cd0924bfbb8f44c909999218dc36c4181b103f
LAYOUT-27,bench_photo_13.jpg,1931225,e35f8d3223dfb121242c865d2a13c3129d0f772567a4245053edd467875f9db4,32a0bdddfc67a3f2b13b4d9110efddcaffb3fd1a00e34b733c0fc55e8b07ed7c,c6b2f5a9427042e4f98f4d64d9cd0924bfbb8f44c909999218dc36c4181b103f
LAYOUT-27,nameplate_02.jpg,2197110,d17b14769295a3ed511efa912386fe54abb37ea1055bef2060d17e44ea69e4aa,32a0bdddfc67a3f2b13b4d9110efddcaffb3fd1a00e34b733c0fc55e8b07ed7c,c6b2f5a9427042e4f98f4d64d9cd0924bfbb8f44c909999218dc36c4181b103f
LAYOUT-28,sample_packshot_03.jpg,1293413,365ea5f1ec742a8d4cef14b2e7acc9c2c49b8e3f8b6428d2d0ddd2dc39855659,2b5264ed027e9f24e0d858a3819f2491226e1de4bf6edc4fee44203769be2c07,65bc9829aa897719a5afdefea2bf4a861d9cf6e2ec920bba39f15741eb261ef7
LAYOUT-28,sample_packshot_05.jpg,1271696,d46ad3df8da1d9d989e395c3ea60ac1e2b2996657e6badde71e8efc62f4f0dd1,2b5264ed027e9f24e0d858a3819f2491226e1de4bf6edc4fee44203769be2c07,65bc9829aa897719a5afdefea2bf4a861d9cf6e2ec920bba39f15741eb261ef7
LAYOUT-28,sample_packshot_07.jpg,1092089,c4377b4c06e4a288ce63fc07bcac8ed6497839a614ba93bd751be7396de6bc3b,2b5264ed027e9f24e0d858a3819f2491226e1de4bf6edc4fee44203769be2c07,65bc9829aa897719a5afdefea2bf4a861d9cf6e2ec920bba39f15741eb261ef7
LAYOUT-28,sample_packshot_08.jpg,1413003,63f976cb31de19155e4ad20314de5a889e536bf67bfee35e0b596b232091084d,2b5264ed027e9f24e0d858a3819f2491226e1de4bf6edc4fee44203769be2c07,65bc9829aa897719a5afdefea2bf4a861d9cf6e2ec920bba39f15741eb261ef7
LAYOUT-28,sample_packshot_10.jpg,1264637,e588c6e0abd34d3ed520477424e56ad786fd7285cd40573dd9f7e009323d7352,2b5264ed027e9f24e0d858a3819f2491226e1de4bf6edc4fee44203769be2c07,65bc9829aa897719a5afdefea2bf4a861d9cf6e2ec920bba39f15741eb261ef7
LAYOUT-28,sample_packshot_04.jpg,1197347,95a87a239f840b1da0f271bf02706de5eedef217ea1ccd2cc78e5af44c0ece96,2b5264ed027e9f24e0d858a3819f2491226e1de4bf6edc4fee44203769be2c07,65bc9829aa897719a5afdefea2bf4a861d9cf6e2ec920bba39f15741eb261ef7
LAYOUT-28,drawdown_03.jpg,1640471,c33f1eb1d2e0940d83d27a8bb2b26aa11b24c03cd38714f775d60050c77a4f49,2b5264ed027e9f24e0d858a3819f2491226e1de4bf6edc4fee44203769be2c07,65bc9829aa897719a5afdefea2bf4a861d9cf6e2ec920bba39f15741eb261ef7
LAYOUT-28,sample_packshot_06.jpg,1198939,a418451f468db7f89c5e11d832e4440c7f9727e2466fc35f7732dedf9784883f,2b5264ed027e9f24e0d858a3819f2491226e1de4bf6edc4fee44203769be2c07,65bc9829aa897719a5afdefea2bf4a861d9cf6e2ec920bba39f15741eb261ef7
LAYOUT-28,sample_packshot_01.jpg,1242482,da04b3d6b5ce6c3f3ea0d19b5d99988e7d56435dc47640b57854acfdb48cf062,2b5264ed027e9f24e0d858a3819f2491226e1de4bf6edc4fee44203769be2c07,65bc9829aa897719a5afdefea2bf4a861d9cf6e2ec920bba39f15741eb261ef7
LAYOUT-28,drawdown_08.jpg,1421204,63664636149e2d15c814a08823493c01cb81077770d01cb900b43d6c3863b73a,2b5264ed027e9f24e0d858a3819f2491226e1de4bf6edc4fee44203769be2c07,65bc9829aa897719a5afdefea2bf4a861d9cf6e2ec920bba39f15741eb261ef7
LAYOUT-28,drawdown_09.jpg,1398917,a2e3bbaf235536fb1316beab40e79d0c5d6f0f22037e6b31c05a028f7d6b381c,2b5264ed027e9f24e0d858a3819f2491226e1de4bf6edc4fee44203769be2c07,65bc9829aa897719a5afdefea2bf4a861d9cf6e2ec920bba39f15741eb261ef7
LAYOUT-28,drawdown_01.jpg,1361956,59fd7e9bc7bd1b25bceafbcd5548f953f89587d84a6998bfaf487421bd24b875,2b5264ed027e9f24e0d858a3819f2491226e1de4bf6edc4fee44203769be2c07,65bc9829aa897719a5afdefea2bf4a861d9cf6e2ec920bba39f15741eb261ef7
LAYOUT-28,drawdown_13.jpg,1485162,667dc6bef1bff370bdc0b0350b294e6c4737aaea2ea375bcb78488fcc48eb837,2b5264ed027e9f24e0d858a3819f2491226e1de4bf6edc4fee44203769be2c07,65bc9829aa897719a5afdefea2bf4a861d9cf6e2ec920bba39f15741eb261ef7
LAYOUT-28,drawdown_14.jpg,1432147,fda95331a23f4a0d5b229d0664f08fd60534d064e305a26f67ebdd958bb1f96a,2b5264ed027e9f24e0d858a3819f2491226e1de4bf6edc4fee44203769be2c07,65bc9829aa897719a5afdefea2bf4a861d9cf6e2ec920bba39f15741eb261ef7
LAYOUT-28,drawdown_17.jpg,1552498,281fac460cb3ace23b111d5a3cad345bf80fc71c37f78b1126f5d6014bfa39af,2b5264ed027e9f24e0d858a3819f2491226e1de4bf6edc4fee44203769be2c07,65bc9829aa897719a5afdefea2bf4a861d9cf6e2ec920bba39f15741eb261ef7
LAYOUT-28,drawdown_07.jpg,1466638,f821d38876748f8be74a30e0d892562e74481eebd050a7e79c18a067e03e31f0,2b5264ed027e9f24e0d858a3819f2491226e1de4bf6edc4fee44203769be2c07,65bc9829aa897719a5afdefea2bf4a861d9cf6e2ec920bba39f15741eb261ef7
LAYOUT-28,drawdown_18.jpg,1467163,f22efcc9b6c5356b1d6cc64960b6dc7f8579c57bf9e052f59fc8f56dddd83988,2b5264ed027e9f24e0d858a3819f2491226e1de4bf6edc4fee44203769be2c07,65bc9829aa897719a5afdefea2bf4a861d9cf6e2ec920bba39f15741eb261ef7
LAYOUT-28,carton_foil.jpg,1654034,128a898b540c94c190c1d00ec1a3b141bf0f220a5fd4f772774c44082f02543b,2b5264ed027e9f24e0d858a3819f2491226e1de4bf6edc4fee44203769be2c07,65bc9829aa897719a5afdefea2bf4a861d9cf6e2ec920bba39f15741eb261ef7
LAYOUT-28,drawdown_12.jpg,1484586,b6fa4c2e8d70bcea6d001739f8f96d01544b9ac96ade49bc13efed61d2e8cc15,2b5264ed027e9f24e0d858a3819f2491226e1de4bf6edc4fee44203769be2c07,65bc9829aa897719a5afdefea2bf4a861d9cf6e2ec920bba39f15741eb261ef7
LAYOUT-28,drawdown_04.jpg,1460894,f5e3b9da77fe16d17838db89de4cb852c5839014f2b5ab349ada6a6a8428276f,2b5264ed027e9f24e0d858a3819f2491226e1de4bf6edc4fee44203769be2c07,65bc9829aa897719a5afdefea2bf4a861d9cf6e2ec920bba39f15741eb261ef7
LAYOUT-28,serum_label_PRESS.pdf,347977,87c2f7be013213d588756c63d7258f06425a9c631b36290dbb5226a3635e6ec2,2b5264ed027e9f24e0d858a3819f2491226e1de4bf6edc4fee44203769be2c07,65bc9829aa897719a5afdefea2bf4a861d9cf6e2ec920bba39f15741eb261ef7
LAYOUT-28,drawdown_15.jpg,1523945,0c47163c907491a6b76779c9d1857ff76d8a7aa859f07b6c7f8a11cad16f91a0,2b5264ed027e9f24e0d858a3819f2491226e1de4bf6edc4fee44203769be2c07,65bc9829aa897719a5afdefea2bf4a861d9cf6e2ec920bba39f15741eb261ef7
LAYOUT-28,drawdown_16.jpg,1524818,1d10080a49dbd9842356d2df8988053a9fed30e4cef857a6d6f2df35359ed75f,2b5264ed027e9f24e0d858a3819f2491226e1de4bf6edc4fee44203769be2c07,65bc9829aa897719a5afdefea2bf4a861d9cf6e2ec920bba39f15741eb261ef7
LAYOUT-28,drawdown_10.jpg,1365658,b3ab798c906fba2c09954c2deb3e70674b3a78a2b7d7b17b97b3780bdc1c2a59,2b5264ed027e9f24e0d858a3819f2491226e1de4bf6edc4fee44203769be2c07,65bc9829aa897719a5afdefea2bf4a861d9cf6e2ec920bba39f15741eb261ef7
LAYOUT-28,drawdown_19.jpg,1491797,375760c15a158cca292e9a82147a81d01e0646240b7dc43a2c170053542482fb,2b5264ed027e9f24e0d858a3819f2491226e1de4bf6edc4fee44203769be2c07,65bc9829aa897719a5afdefea2bf4a861d9cf6e2ec920bba39f15741eb261ef7
LAYOUT-28,drawdown_11.jpg,1506944,b5db06d32cce4effea3aa3f06b94576677e7d582e105a4c429db8b7169b9316f,2b5264ed027e9f24e0d858a3819f2491226e1de4bf6edc4fee44203769be2c07,65bc9829aa897719a5afdefea2bf4a861d9cf6e2ec920bba39f15741eb261ef7
LAYOUT-28,launch_roster.csv,4410,0b129968859a41db3969f7bffcd23ff4adc637934b0587263fb765a20bc9e946,2b5264ed027e9f24e0d858a3819f2491226e1de4bf6edc4fee44203769be2c07,65bc9829aa897719a5afdefea2bf4a861d9cf6e2ec920bba39f15741eb261ef7
LAYOUT-28,sample_packshot_02.jpg,1253778,b543f795799a010fd2aeb1c597c936514db9f9db70b499cb5a9b57ae7692a539,2b5264ed027e9f24e0d858a3819f2491226e1de4bf6edc4fee44203769be2c07,65bc9829aa897719a5afdefea2bf4a861d9cf6e2ec920bba39f15741eb261ef7
LAYOUT-28,sample_packshot_11.jpg,1411252,4719c5d36a1cbaafe594860b597f27270fdf29f3cc926d1c0819e9572581f284,2b5264ed027e9f24e0d858a3819f2491226e1de4bf6edc4fee44203769be2c07,65bc9829aa897719a5afdefea2bf4a861d9cf6e2ec920bba39f15741eb261ef7
LAYOUT-28,sample_packshot_09.jpg,1234532,84921073d3f39ba8ede1b9cedad74b28c24696df78f0ddf4f018aa5d1a6dc5ed,2b5264ed027e9f24e0d858a3819f2491226e1de4bf6edc4fee44203769be2c07,65bc9829aa897719a5afdefea2bf4a861d9cf6e2ec920bba39f15741eb261ef7
LAYOUT-28,drawdown_06.jpg,1453527,44cf4486c6f34b9e3bf6c2cbd771df78e90c79f9424c1358478fac1f15f7e27d,2b5264ed027e9f24e0d858a3819f2491226e1de4bf6edc4fee44203769be2c07,65bc9829aa897719a5afdefea2bf4a861d9cf6e2ec920bba39f15741eb261ef7
LAYOUT-28,drawdown_02.jpg,1197874,8475bc5e23cfafc09d5eb395dd16b11d55d16d1e7c860e973a37533d2a65218f,2b5264ed027e9f24e0d858a3819f2491226e1de4bf6edc4fee44203769be2c07,65bc9829aa897719a5afdefea2bf4a861d9cf6e2ec920bba39f15741eb261ef7
LAYOUT-28,drawdown_05.jpg,1472264,6082eaff0c7198f19194780b6edf4ba9904a148e05b27f0fb891454c306bb2b7,2b5264ed027e9f24e0d858a3819f2491226e1de4bf6edc4fee44203769be2c07,65bc9829aa897719a5afdefea2bf4a861d9cf6e2ec920bba39f15741eb261ef7
LAYOUT-29,rivermeadow_letter_community.pdf,696797,388073967695a710ce8221dccc1380e4c2f7340b8519c9fddef0fbc9489ef9dd,4772bdaaaeb44d0f7dc4618ccfacc9290e3f5b18b79d557cc6eeba13fd1a99be,02ddef56cbe3f4adf9e0e943dbaac01e4b34fe55bbbe2c1d40160acae5b0c4cb
LAYOUT-29,rivermeadow_letter_leadership.pdf,610861,561dba62950e85e1d02a15046cdd99a5739d9e15e05f97df6d79d7627a9b8316,4772bdaaaeb44d0f7dc4618ccfacc9290e3f5b18b79d557cc6eeba13fd1a99be,02ddef56cbe3f4adf9e0e943dbaac01e4b34fe55bbbe2c1d40160acae5b0c4cb
LAYOUT-29,rivermeadow_preserve_02.jpg,2928707,c6a95b8455011af6df25f1d6cfefd93b906fc58b2527616984729c36ce4a04ee,4772bdaaaeb44d0f7dc4618ccfacc9290e3f5b18b79d557cc6eeba13fd1a99be,02ddef56cbe3f4adf9e0e943dbaac01e4b34fe55bbbe2c1d40160acae5b0c4cb
LAYOUT-29,rivermeadow_preserve_03.jpg,3521638,eed165320d42b20a3d0a67a508da9456dbe02df47b063f8040b18e1c968fe691,4772bdaaaeb44d0f7dc4618ccfacc9290e3f5b18b79d557cc6eeba13fd1a99be,02ddef56cbe3f4adf9e0e943dbaac01e4b34fe55bbbe2c1d40160acae5b0c4cb
LAYOUT-29,rivermeadow_plaque_fennhollow.jpg,2887386,0e297430636290df4dc22315df7f42424963d5f598e9285ee62cd29e89b6a792,4772bdaaaeb44d0f7dc4618ccfacc9290e3f5b18b79d557cc6eeba13fd1a99be,02ddef56cbe3f4adf9e0e943dbaac01e4b34fe55bbbe2c1d40160acae5b0c4cb
LAYOUT-29,rivermeadow_receipt.pdf,440284,e7e7d76cd2a675000de01d592b22facc2749e4e05c58eaffcfd1c73e1736c5c4,4772bdaaaeb44d0f7dc4618ccfacc9290e3f5b18b79d557cc6eeba13fd1a99be,02ddef56cbe3f4adf9e0e943dbaac01e4b34fe55bbbe2c1d40160acae5b0c4cb
LAYOUT-29,rivermeadow_giving_2026.csv,1610,6a3d16b97c87353da8a5af68fd465397ccc0fe72ebaea20b4046b1ee5bcaa1e1,4772bdaaaeb44d0f7dc4618ccfacc9290e3f5b18b79d557cc6eeba13fd1a99be,02ddef56cbe3f4adf9e0e943dbaac01e4b34fe55bbbe2c1d40160acae5b0c4cb
LAYOUT-29,rivermeadow_preserve_05.jpg,230024,fa7c178897a0377867ff7a6c332992211a358d212bad29421e3cf49051976c27,4772bdaaaeb44d0f7dc4618ccfacc9290e3f5b18b79d557cc6eeba13fd1a99be,02ddef56cbe3f4adf9e0e943dbaac01e4b34fe55bbbe2c1d40160acae5b0c4cb
LAYOUT-29,rivermeadow_preserve_08.jpg,3517963,0d46dee6ffb2d622b42529bb0ac111044a38ec0dc4cc7b85def23215778ec2a4,4772bdaaaeb44d0f7dc4618ccfacc9290e3f5b18b79d557cc6eeba13fd1a99be,02ddef56cbe3f4adf9e0e943dbaac01e4b34fe55bbbe2c1d40160acae5b0c4cb
LAYOUT-29,rivermeadow_preserve_07.jpg,300360,e28d66ec8b047182a081ca316ec0682d679a9913181b522e35be7a994480d963,4772bdaaaeb44d0f7dc4618ccfacc9290e3f5b18b79d557cc6eeba13fd1a99be,02ddef56cbe3f4adf9e0e943dbaac01e4b34fe55bbbe2c1d40160acae5b0c4cb
LAYOUT-29,rivermeadow_copy.txt,2066,33d425ab02bd5ca9d519193f9ead5f697a95c7c39c77b199f78d22945dae6ec5,4772bdaaaeb44d0f7dc4618ccfacc9290e3f5b18b79d557cc6eeba13fd1a99be,02ddef56cbe3f4adf9e0e943dbaac01e4b34fe55bbbe2c1d40160acae5b0c4cb
LAYOUT-29,rivermeadow_preserve_04.jpg,3322019,94d92950d32dbf81a5c2a080ea6c9d7007ea54f0589e07ed9db4d330627c614e,4772bdaaaeb44d0f7dc4618ccfacc9290e3f5b18b79d557cc6eeba13fd1a99be,02ddef56cbe3f4adf9e0e943dbaac01e4b34fe55bbbe2c1d40160acae5b0c4cb
LAYOUT-29,rivermeadow_preserve_09.jpg,4389168,d886fa01589ef850af36b1d061352b4d674434db7231252143f6914e01f78630,4772bdaaaeb44d0f7dc4618ccfacc9290e3f5b18b79d557cc6eeba13fd1a99be,02ddef56cbe3f4adf9e0e943dbaac01e4b34fe55bbbe2c1d40160acae5b0c4cb
LAYOUT-29,rivermeadow_preserve_06.jpg,495585,092c1bb727b4811eb9c94a3eced77bac53f63a9622caf4b7743a343387407a79,4772bdaaaeb44d0f7dc4618ccfacc9290e3f5b18b79d557cc6eeba13fd1a99be,02ddef56cbe3f4adf9e0e943dbaac01e4b34fe55bbbe2c1d40160acae5b0c4cb
LAYOUT-29,rivermeadow_preserve_01.jpg,4519048,d34529ddeb09a85c49e6e1a920bb69aec3f4dc2144a291dbf8d422c487e829bd,4772bdaaaeb44d0f7dc4618ccfacc9290e3f5b18b79d557cc6eeba13fd1a99be,02ddef56cbe3f4adf9e0e943dbaac01e4b34fe55bbbe2c1d40160acae5b0c4cb
LAYOUT-30,emberwell_counter_card_prior.pdf,122901,26ff58f6f0ae8e661d2f685742e716aff23c4b4a8d3ae1d3dafad20bf911d181,ac3f0e844d814e0b5c277a3b6d5718a6f7f41b96415e2bdf1d0a4ad359cb6023,eb626b6a97566064c9b747c34bcebd56ff73fb3cfa406d662e2c306210cec311
LAYOUT-30,emberwell_price_availability.csv,969,49d68d8a338d93d6d0a9c36d6cf56f4df9134d4ed5a256a9acd3cf4ea0b269dd,ac3f0e844d814e0b5c277a3b6d5718a6f7f41b96415e2bdf1d0a4ad359cb6023,eb626b6a97566064c9b747c34bcebd56ff73fb3cfa406d662e2c306210cec311
LAYOUT-30,emberwell_dish_02.jpg,2291578,980c253d2c42f75ce300864925acb84f0b388750a9fa21e2e4773009935c6684,ac3f0e844d814e0b5c277a3b6d5718a6f7f41b96415e2bdf1d0a4ad359cb6023,eb626b6a97566064c9b747c34bcebd56ff73fb3cfa406d662e2c306210cec311
LAYOUT-30,emberwell_dish_01.jpg,2156635,b7d7f6648fc38b14ab42dc4067c607fd5e6e16378bd7d909d1477072682b94db,ac3f0e844d814e0b5c277a3b6d5718a6f7f41b96415e2bdf1d0a4ad359cb6023,eb626b6a97566064c9b747c34bcebd56ff73fb3cfa406d662e2c306210cec311
LAYOUT-30,emberwell_dish_03.jpg,3315331,0280842bfe39e9abffcc832d638dc0ba9b2c6271f6ff73646e78e1536e2a8c62,ac3f0e844d814e0b5c277a3b6d5718a6f7f41b96415e2bdf1d0a4ad359cb6023,eb626b6a97566064c9b747c34bcebd56ff73fb3cfa406d662e2c306210cec311
LAYOUT-30,emberwell_dish_04.jpg,3007651,09b014ab3ca0c91c5fa49bec8689d05818062f6b8a19a42d79da502ea3c0edf1,ac3f0e844d814e0b5c277a3b6d5718a6f7f41b96415e2bdf1d0a4ad359cb6023,eb626b6a97566064c9b747c34bcebd56ff73fb3cfa406d662e2c306210cec311
LAYOUT-30,emberwell_insert_spring_prior.pdf,366205,095e2378a6b7e18391f911b7961de2df4c6dec57fdd24fa7a411647dde860284,ac3f0e844d814e0b5c277a3b6d5718a6f7f41b96415e2bdf1d0a4ad359cb6023,eb626b6a97566064c9b747c34bcebd56ff73fb3cfa406d662e2c306210cec311
LAYOUT-30,emberwell_dish_05.jpg,3062268,791fc02be9dbbd8f44128655c558a555140796cb4705ae0667476a05008e8334,ac3f0e844d814e0b5c277a3b6d5718a6f7f41b96415e2bdf1d0a4ad359cb6023,eb626b6a97566064c9b747c34bcebd56ff73fb3cfa406d662e2c306210cec311
LAYOUT-30,emberwell_store_roster.txt,1036,3266820e3c9aebef99e4d4e3a6058035a024079036b87a3fe85346d5d6fb7e92,ac3f0e844d814e0b5c277a3b6d5718a6f7f41b96415e2bdf1d0a4ad359cb6023,eb626b6a97566064c9b747c34bcebd56ff73fb3cfa406d662e2c306210cec311
LAYOUT-30,emberwell_dish_06.jpg,3288739,e4a36db0b6fabccd54a51fa83c84a7eba501eba5b646a243a49dff7b9148fa46,ac3f0e844d814e0b5c277a3b6d5718a6f7f41b96415e2bdf1d0a4ad359cb6023,eb626b6a97566064c9b747c34bcebd56ff73fb3cfa406d662e2c306210cec311
LAYOUT-30,emberwell_copy.txt,1421,a1a954bb191aabaea8c4fd53c05364639cad171379b2103d152dbab29ace323f,ac3f0e844d814e0b5c277a3b6d5718a6f7f41b96415e2bdf1d0a4ad359cb6023,eb626b6a97566064c9b747c34bcebd56ff73fb3cfa406d662e2c306210cec311
LAYOUT-30,emberwell_store_directory.csv,1331,01d578b04f0f98dacd46b7ea7c593f08b6e1fc6d9bd064dde85ee4a57aba414f,ac3f0e844d814e0b5c277a3b6d5718a6f7f41b96415e2bdf1d0a4ad359cb6023,eb626b6a97566064c9b747c34bcebd56ff73fb3cfa406d662e2c306210cec311
LAYOUT-30,emberwell_pin.jpg,1279957,63d1f9035ceb77bee9b9cac79e85c85ba6a956fb9bb81008c333a0f5249d3eb4,ac3f0e844d814e0b5c277a3b6d5718a6f7f41b96415e2bdf1d0a4ad359cb6023,eb626b6a97566064c9b747c34bcebd56ff73fb3cfa406d662e2c306210cec311
LAYOUT-31,bottle_shot_01.jpg,1654673,28dc4869a51d9be01db3168bd735a4ee0434545d7f06a7428983a7524bc1edfe,a2fc3775ca9ad5a88d6608afca16657477c19c1310b2447a6e57f92b082e6930,dd29ee7ae88b0440cbe7294e922772efce209baae61ea18b3c5a49110ba0a47f
LAYOUT-31,bottle_shot_02.jpg,1484593,9ab946f928bdaa286263c2f1b8980e65dd070f9f4db7daacd94940b50dcb4dc2,a2fc3775ca9ad5a88d6608afca16657477c19c1310b2447a6e57f92b082e6930,dd29ee7ae88b0440cbe7294e922772efce209baae61ea18b3c5a49110ba0a47f
LAYOUT-31,bottle_shot_03.jpg,1449306,ea4bd12c080200a494b50b15c9b264116cdd0be3c6c48712af7ffa088e265d38,a2fc3775ca9ad5a88d6608afca16657477c19c1310b2447a6e57f92b082e6930,dd29ee7ae88b0440cbe7294e922772efce209baae61ea18b3c5a49110ba0a47f
LAYOUT-31,bottle_shot_04.jpg,1662889,f8fa053864950724a1328f60facc7279c679ce52582f7b9754915986844ff0b3,a2fc3775ca9ad5a88d6608afca16657477c19c1310b2447a6e57f92b082e6930,dd29ee7ae88b0440cbe7294e922772efce209baae61ea18b3c5a49110ba0a47f
LAYOUT-31,bottle_shot_05.jpg,1565188,79b4897d20b9847c1fad0250c0365a57de11b9b2a6dd5083a281771ce4628c0c,a2fc3775ca9ad5a88d6608afca16657477c19c1310b2447a6e57f92b082e6930,dd29ee7ae88b0440cbe7294e922772efce209baae61ea18b3c5a49110ba0a47f
LAYOUT-31,bottle_shot_07.jpg,1512024,0983b6e9f93adddd9d989917c65fc1c3a7a07414132dae99c44b4579f0b47d3f,a2fc3775ca9ad5a88d6608afca16657477c19c1310b2447a6e57f92b082e6930,dd29ee7ae88b0440cbe7294e922772efce209baae61ea18b3c5a49110ba0a47f
LAYOUT-31,bottle_shot_08.jpg,1446891,3395f2f7c2bef1879b7bbeeed3b934b67ca08882511d450dc26f53d1fc503889,a2fc3775ca9ad5a88d6608afca16657477c19c1310b2447a6e57f92b082e6930,dd29ee7ae88b0440cbe7294e922772efce209baae61ea18b3c5a49110ba0a47f
LAYOUT-31,bottle_shot_10.jpg,1372702,b107e3ad7f84ed544a1d614c2701596a3fdec8e21d89ce1e4b60a5512e8257c5,a2fc3775ca9ad5a88d6608afca16657477c19c1310b2447a6e57f92b082e6930,dd29ee7ae88b0440cbe7294e922772efce209baae61ea18b3c5a49110ba0a47f
LAYOUT-31,bottle_shot_12.jpg,1418310,20d0267eea48dd922e085cf1cc7b5d9cbc427e95eb798d530754e85dfe553d6c,a2fc3775ca9ad5a88d6608afca16657477c19c1310b2447a6e57f92b082e6930,dd29ee7ae88b0440cbe7294e922772efce209baae61ea18b3c5a49110ba0a47f
LAYOUT-31,bottle_shot_13.jpg,1397838,b848bff606f9546edddde9d440b086ddadc2cf8294416839e2495a90331fb31c,a2fc3775ca9ad5a88d6608afca16657477c19c1310b2447a6e57f92b082e6930,dd29ee7ae88b0440cbe7294e922772efce209baae61ea18b3c5a49110ba0a47f
LAYOUT-31,bottle_shot_14.jpg,1332908,fcc4fa7d691129d9bd234b935a8083c31d5d591bcc60d63f1e0b1a1b9b0e47f8,a2fc3775ca9ad5a88d6608afca16657477c19c1310b2447a6e57f92b082e6930,dd29ee7ae88b0440cbe7294e922772efce209baae61ea18b3c5a49110ba0a47f
LAYOUT-31,bottle_shot_15.jpg,1391826,40d757a572127282b849bba20fe03638a391f9b5026af45f5345a0ac847bc0b0,a2fc3775ca9ad5a88d6608afca16657477c19c1310b2447a6e57f92b082e6930,dd29ee7ae88b0440cbe7294e922772efce209baae61ea18b3c5a49110ba0a47f
LAYOUT-31,bottle_shot_16.jpg,1479493,1fa166d7694bdee610746d5bdbf4d69bcd084fe7da82a0bee3cc701ffb0e6605,a2fc3775ca9ad5a88d6608afca16657477c19c1310b2447a6e57f92b082e6930,dd29ee7ae88b0440cbe7294e922772efce209baae61ea18b3c5a49110ba0a47f
LAYOUT-31,talker_2025_PRINT.pdf,229140,fce03e3362a2d8b31ac589a65c95d49ff7a36fdadb7c0fcca0dd953c6668d222,a2fc3775ca9ad5a88d6608afca16657477c19c1310b2447a6e57f92b082e6930,dd29ee7ae88b0440cbe7294e922772efce209baae61ea18b3c5a49110ba0a47f
LAYOUT-31,autumn_list.csv,5835,e8e9e1778cc6fea53c13336960009a7cb27d16fa8e44b1eac7c194f4c36e2e75,a2fc3775ca9ad5a88d6608afca16657477c19c1310b2447a6e57f92b082e6930,dd29ee7ae88b0440cbe7294e922772efce209baae61ea18b3c5a49110ba0a47f
LAYOUT-31,mark_card.jpg,1748772,368c184e397f716c8bfb59690737cfb01a5bf7f7b4de7df89b327bc467c961d3,a2fc3775ca9ad5a88d6608afca16657477c19c1310b2447a6e57f92b082e6930,dd29ee7ae88b0440cbe7294e922772efce209baae61ea18b3c5a49110ba0a47f
LAYOUT-31,buyer_notes.txt,1683,2f8b690bc05bed25e60fc1a066f4e9480c22910bc74ac1a98fa5c643f10232b7,a2fc3775ca9ad5a88d6608afca16657477c19c1310b2447a6e57f92b082e6930,dd29ee7ae88b0440cbe7294e922772efce209baae61ea18b3c5a49110ba0a47f
LAYOUT-31,bay_photo.jpg,1848855,f504dfa493ff5882e53010107674be5dbee8a4aa49d567971c97bb96be6324cc,a2fc3775ca9ad5a88d6608afca16657477c19c1310b2447a6e57f92b082e6930,dd29ee7ae88b0440cbe7294e922772efce209baae61ea18b3c5a49110ba0a47f
LAYOUT-31,bottle_shot_09.jpg,1347554,742b494116f3b3419230252f35f00e5eabc1fde236c58c8b544e070333ba6736,a2fc3775ca9ad5a88d6608afca16657477c19c1310b2447a6e57f92b082e6930,dd29ee7ae88b0440cbe7294e922772efce209baae61ea18b3c5a49110ba0a47f
LAYOUT-31,bottle_shot_06.jpg,1311344,c8394d3b725e1baadd09c712e3249867427db07f2b49c6a2797dcc1b50b5dcb9,a2fc3775ca9ad5a88d6608afca16657477c19c1310b2447a6e57f92b082e6930,dd29ee7ae88b0440cbe7294e922772efce209baae61ea18b3c5a49110ba0a47f
LAYOUT-31,bottle_shot_11.jpg,1268133,1b352cd3542d64ec1b269d9700f2fc0e8ea246d10bc3ece73a6df57473d3539c,a2fc3775ca9ad5a88d6608afca16657477c19c1310b2447a6e57f92b082e6930,dd29ee7ae88b0440cbe7294e922772efce209baae61ea18b3c5a49110ba0a47f
LAYOUT-32,lot_photo_03.jpg,2909396,0aac2cbf87eb3bfaf46f1f094d0344fef44e886db06e31b03c8c0ac7ed84eb55,700c5084dd1c62a951e137c52762a74a509048ff76a2d93afe72b0a322b34f8b,eb760ee8cacd891fd0428d639f0abd83c50c45ed3c0ddd0432ef7f3313408d82
LAYOUT-32,lot_photo_04.jpg,3097384,b74d2877817ed3a5fb466c18d69240866008d9ccfa0c761ba03663e7fd5ae095,700c5084dd1c62a951e137c52762a74a509048ff76a2d93afe72b0a322b34f8b,eb760ee8cacd891fd0428d639f0abd83c50c45ed3c0ddd0432ef7f3313408d82
LAYOUT-32,lot_photo_05.jpg,2590261,375f7e7c33f162038aea99535832b128676e278053d158e72499f2b9ebd3f8e7,700c5084dd1c62a951e137c52762a74a509048ff76a2d93afe72b0a322b34f8b,eb760ee8cacd891fd0428d639f0abd83c50c45ed3c0ddd0432ef7f3313408d82
LAYOUT-32,lot_photo_06.jpg,3142441,55a3533789b205b1d98da828593b29ced8bc7637ca4d076fe82ef840c8c92a7b,700c5084dd1c62a951e137c52762a74a509048ff76a2d93afe72b0a322b34f8b,eb760ee8cacd891fd0428d639f0abd83c50c45ed3c0ddd0432ef7f3313408d82
LAYOUT-32,lot_photo_07.jpg,2274164,814c60b48b87398a681bf65cd5ffb075c1f3aab60342fb13f2d1efe77aac275f,700c5084dd1c62a951e137c52762a74a509048ff76a2d93afe72b0a322b34f8b,eb760ee8cacd891fd0428d639f0abd83c50c45ed3c0ddd0432ef7f3313408d82
LAYOUT-32,lot_photo_08.jpg,2478964,0d2e760a5d620a57fab67db503e50d81ab953ab56b228903a55967d5aa2f64f0,700c5084dd1c62a951e137c52762a74a509048ff76a2d93afe72b0a322b34f8b,eb760ee8cacd891fd0428d639f0abd83c50c45ed3c0ddd0432ef7f3313408d82
LAYOUT-32,lot_photo_09.jpg,2838130,5467f0a478f8026a4aed49da72c57de5a282f22b06a2db964935890c352e6590,700c5084dd1c62a951e137c52762a74a509048ff76a2d93afe72b0a322b34f8b,eb760ee8cacd891fd0428d639f0abd83c50c45ed3c0ddd0432ef7f3313408d82
LAYOUT-32,lot_photo_11.jpg,2191705,155ea4cbdbaac0c4fad5ef7e560ae5153843146877bc0567022dfe87f12ad6fe,700c5084dd1c62a951e137c52762a74a509048ff76a2d93afe72b0a322b34f8b,eb760ee8cacd891fd0428d639f0abd83c50c45ed3c0ddd0432ef7f3313408d82
LAYOUT-32,lot_photo_12.jpg,2765697,b63ff7d6620a638e0e53e9ce3af2ae7e911b1448b99110ec7de3cd7efeda54c0,700c5084dd1c62a951e137c52762a74a509048ff76a2d93afe72b0a322b34f8b,eb760ee8cacd891fd0428d639f0abd83c50c45ed3c0ddd0432ef7f3313408d82
LAYOUT-32,lot_photo_13.jpg,2792263,a49528c853bd57556809201e1c971366e3d43363a389fb06dd7900cba6daf017,700c5084dd1c62a951e137c52762a74a509048ff76a2d93afe72b0a322b34f8b,eb760ee8cacd891fd0428d639f0abd83c50c45ed3c0ddd0432ef7f3313408d82
LAYOUT-32,lot_photo_14.jpg,2893715,c9849e02364cf0f13f1c3d0472345eea1a5ed1a0964829d63b350bce291b057e,700c5084dd1c62a951e137c52762a74a509048ff76a2d93afe72b0a322b34f8b,eb760ee8cacd891fd0428d639f0abd83c50c45ed3c0ddd0432ef7f3313408d82
LAYOUT-32,lot_photo_15.jpg,2732483,636e1f6395b4515dae2f187299b549afaa4237aed970c767c6495baa0a2a57a9,700c5084dd1c62a951e137c52762a74a509048ff76a2d93afe72b0a322b34f8b,eb760ee8cacd891fd0428d639f0abd83c50c45ed3c0ddd0432ef7f3313408d82
LAYOUT-32,lot_photo_16.jpg,2653544,9b9a74e3bc82cd33800ffaeddb51592bee50cee6324a51577fd5b4c6025f7f9e,700c5084dd1c62a951e137c52762a74a509048ff76a2d93afe72b0a322b34f8b,eb760ee8cacd891fd0428d639f0abd83c50c45ed3c0ddd0432ef7f3313408d82
LAYOUT-32,lot_photo_17.jpg,2837297,86500bdd4486bb1075d8fe807191c36109bc0d66c615d6e4b2c0abba0f2f84a4,700c5084dd1c62a951e137c52762a74a509048ff76a2d93afe72b0a322b34f8b,eb760ee8cacd891fd0428d639f0abd83c50c45ed3c0ddd0432ef7f3313408d82
LAYOUT-32,lot_photo_18.jpg,2707302,a17176f4d7e60dbaf947adcd4ac388c106259ae5f8445f706fc59d55a3dc1a49,700c5084dd1c62a951e137c52762a74a509048ff76a2d93afe72b0a322b34f8b,eb760ee8cacd891fd0428d639f0abd83c50c45ed3c0ddd0432ef7f3313408d82
LAYOUT-32,forecourt_plate.jpg,1710666,02eead9b9bc576c8a9720e0203360cb008945f0412f7ce16b722ef2378c7dd4c,700c5084dd1c62a951e137c52762a74a509048ff76a2d93afe72b0a322b34f8b,eb760ee8cacd891fd0428d639f0abd83c50c45ed3c0ddd0432ef7f3313408d82
LAYOUT-32,forecourt_photo.jpg,2545540,5c87ae7feed01d38440f8469b81b919833d79430dab118ebc80bbc29b73f6185,700c5084dd1c62a951e137c52762a74a509048ff76a2d93afe72b0a322b34f8b,eb760ee8cacd891fd0428d639f0abd83c50c45ed3c0ddd0432ef7f3313408d82
LAYOUT-32,stock_feed.csv,5234,03b6a80430d417e8c2247f3b9c65dc3ef8b3c09c3118b300d8114e9cb29b9dc3,700c5084dd1c62a951e137c52762a74a509048ff76a2d93afe72b0a322b34f8b,eb760ee8cacd891fd0428d639f0abd83c50c45ed3c0ddd0432ef7f3313408d82
LAYOUT-32,finance_wording.txt,342,016d198acd62f33e46088045850286254a3734b5aeb3c181c3ac8f2771d4ef53,700c5084dd1c62a951e137c52762a74a509048ff76a2d93afe72b0a322b34f8b,eb760ee8cacd891fd0428d639f0abd83c50c45ed3c0ddd0432ef7f3313408d82
LAYOUT-32,windowcard_2025_PRINT.pdf,328302,57177dd45693a9322786357df385aafbb5cb6536db493fc0d6ed039b3b4237f1,700c5084dd1c62a951e137c52762a74a509048ff76a2d93afe72b0a322b34f8b,eb760ee8cacd891fd0428d639f0abd83c50c45ed3c0ddd0432ef7f3313408d82
LAYOUT-32,lot_photo_02.jpg,2289037,7c5a07e88b15a545c25bf10f8979acdc0d9ca40bb86e364cb55867bf232e01ca,700c5084dd1c62a951e137c52762a74a509048ff76a2d93afe72b0a322b34f8b,eb760ee8cacd891fd0428d639f0abd83c50c45ed3c0ddd0432ef7f3313408d82
LAYOUT-32,lot_photo_01.jpg,2435606,b7bd10af719a720c150a4af5f3721e81af46678d5ff37519ba7ffd52b4d737a4,700c5084dd1c62a951e137c52762a74a509048ff76a2d93afe72b0a322b34f8b,eb760ee8cacd891fd0428d639f0abd83c50c45ed3c0ddd0432ef7f3313408d82
LAYOUT-32,lot_photo_10.jpg,3034026,2d764f656d1ee05fcbdeea95170a6046069ce8d3af528d987aceadca7f636f87,700c5084dd1c62a951e137c52762a74a509048ff76a2d93afe72b0a322b34f8b,eb760ee8cacd891fd0428d639f0abd83c50c45ed3c0ddd0432ef7f3313408d82
LAYOUT-33,cup26_portrait_01.jpg,4916553,899ccca7d079da10c9267dbd5189b09713f3a2f2839849b8ae484a0a0bb128fc,4588a1e005440d4ea5bb4f20f5fbdaf509a105f3d36ca0fad41227ecfec213f5,0f3dc32054381fd6c7208cc17c79b2f512caa65cfea88be812321e3421f73363
LAYOUT-33,cup26_portrait_07.jpg,3334278,ac0b3f8609de3e34f1410e0b8768c3fe4d07c56946ca65c7184113f4b0864d32,4588a1e005440d4ea5bb4f20f5fbdaf509a105f3d36ca0fad41227ecfec213f5,0f3dc32054381fd6c7208cc17c79b2f512caa65cfea88be812321e3421f73363
LAYOUT-33,cup26_portrait_02.jpg,3266150,a65a517bb29d67c2b18984a33da5365e2931a466c92b085f8a478480d3ef8ee5,4588a1e005440d4ea5bb4f20f5fbdaf509a105f3d36ca0fad41227ecfec213f5,0f3dc32054381fd6c7208cc17c79b2f512caa65cfea88be812321e3421f73363
LAYOUT-33,cup26_portrait_05.jpg,5083828,06a0aa6d9dfcad17a35409b90bbc1e7ddea350770304dd2fa779443c1e013169,4588a1e005440d4ea5bb4f20f5fbdaf509a105f3d36ca0fad41227ecfec213f5,0f3dc32054381fd6c7208cc17c79b2f512caa65cfea88be812321e3421f73363
LAYOUT-33,cup26_portrait_15.jpg,319201,db02654e8d74f9b825509e6a6c01ea3caeffcf309a8e32595778695c079b316a,4588a1e005440d4ea5bb4f20f5fbdaf509a105f3d36ca0fad41227ecfec213f5,0f3dc32054381fd6c7208cc17c79b2f512caa65cfea88be812321e3421f73363
LAYOUT-33,cup26_portrait_08.jpg,5393813,cdca690ad677d0a20b7ff95717a3c526342422d4a6bfb0afed4cb40b5452e05b,4588a1e005440d4ea5bb4f20f5fbdaf509a105f3d36ca0fad41227ecfec213f5,0f3dc32054381fd6c7208cc17c79b2f512caa65cfea88be812321e3421f73363
LAYOUT-33,cup26_portrait_09.jpg,3097177,e3b3f028247762fb755ac95ccbf0e266196bc6171bf3fa2296930e53ccccd388,4588a1e005440d4ea5bb4f20f5fbdaf509a105f3d36ca0fad41227ecfec213f5,0f3dc32054381fd6c7208cc17c79b2f512caa65cfea88be812321e3421f73363
LAYOUT-33,cup26_portrait_10.jpg,5893920,5328706a42b19d9f522b08fa4416932b3ed260268087a268e81677e996a3cd8d,4588a1e005440d4ea5bb4f20f5fbdaf509a105f3d36ca0fad41227ecfec213f5,0f3dc32054381fd6c7208cc17c79b2f512caa65cfea88be812321e3421f73363
LAYOUT-33,cup26_teamset_2025_PRINTER.pdf,225198,bf89e7cf6db5e8390f95704848c7da27fef3b17bc65ef79276bf166aea046eb3,4588a1e005440d4ea5bb4f20f5fbdaf509a105f3d36ca0fad41227ecfec213f5,0f3dc32054381fd6c7208cc17c79b2f512caa65cfea88be812321e3421f73363
LAYOUT-33,cup26_portrait_12.jpg,3048485,1c090d6f7a47c422b0256f3d130768410e5239f4dbaca1d5f58705d9dc304e82,4588a1e005440d4ea5bb4f20f5fbdaf509a105f3d36ca0fad41227ecfec213f5,0f3dc32054381fd6c7208cc17c79b2f512caa65cfea88be812321e3421f73363
LAYOUT-33,cup26_portrait_14.jpg,2877495,b390b9b773badac8b1bddcfc502a8e6190ca174374441e2657d571d6ef38ff4e,4588a1e005440d4ea5bb4f20f5fbdaf509a105f3d36ca0fad41227ecfec213f5,0f3dc32054381fd6c7208cc17c79b2f512caa65cfea88be812321e3421f73363
LAYOUT-33,cup26_sponsorboard.jpg,1769369,dae45ef5f9d7335d1febfd1760d9384f09c3841c9dd71a01033e36559e1309e9,4588a1e005440d4ea5bb4f20f5fbdaf509a105f3d36ca0fad41227ecfec213f5,0f3dc32054381fd6c7208cc17c79b2f512caa65cfea88be812321e3421f73363
LAYOUT-33,cup26_squad.csv,1207,af80e159fa779fb6ead9714956fada1f660616242abe08684cc10262093915b2,4588a1e005440d4ea5bb4f20f5fbdaf509a105f3d36ca0fad41227ecfec213f5,0f3dc32054381fd6c7208cc17c79b2f512caa65cfea88be812321e3421f73363
LAYOUT-33,cup26_portrait_06.jpg,3102022,742a20d8494275fb3ed29c1b5de0d313c08ab1e00e831c85f76162db4c4130ca,4588a1e005440d4ea5bb4f20f5fbdaf509a105f3d36ca0fad41227ecfec213f5,0f3dc32054381fd6c7208cc17c79b2f512caa65cfea88be812321e3421f73363
LAYOUT-33,cup26_portrait_16.jpg,228363,f92de73d879627669a86b2a9b4381368d21ed1b0d4b524f5b1560e16d733c67a,4588a1e005440d4ea5bb4f20f5fbdaf509a105f3d36ca0fad41227ecfec213f5,0f3dc32054381fd6c7208cc17c79b2f512caa65cfea88be812321e3421f73363
LAYOUT-33,cup26_portrait_17.jpg,467005,5e4178780a0149f48a5bb97dab6826ab153e4cc956bfe0fea06c89bb2fe8d787,4588a1e005440d4ea5bb4f20f5fbdaf509a105f3d36ca0fad41227ecfec213f5,0f3dc32054381fd6c7208cc17c79b2f512caa65cfea88be812321e3421f73363
LAYOUT-33,cup26_portrait_03.jpg,3002189,db135e3d21159681cf262a3dc03241a7529a86f7d950b7abef8dce4044aed062,4588a1e005440d4ea5bb4f20f5fbdaf509a105f3d36ca0fad41227ecfec213f5,0f3dc32054381fd6c7208cc17c79b2f512caa65cfea88be812321e3421f73363
LAYOUT-33,cup26_portrait_18.jpg,286413,525038504a06adee5787377f0f2a671f8b6885e4034786ab62964f9a7eb4b929,4588a1e005440d4ea5bb4f20f5fbdaf509a105f3d36ca0fad41227ecfec213f5,0f3dc32054381fd6c7208cc17c79b2f512caa65cfea88be812321e3421f73363
LAYOUT-33,cup26_portrait_11.jpg,4223806,a6dec3bf59efb2a0ce4ad5ed08b5e2c6a91d8fc1dab3707f1574578f9eb4312d,4588a1e005440d4ea5bb4f20f5fbdaf509a105f3d36ca0fad41227ecfec213f5,0f3dc32054381fd6c7208cc17c79b2f512caa65cfea88be812321e3421f73363
LAYOUT-33,cup26_portrait_13.jpg,2967340,1a795b0e6dbf2316ea4e136d0a924b24a21077225861b639fb8c302ee5ee923f,4588a1e005440d4ea5bb4f20f5fbdaf509a105f3d36ca0fad41227ecfec213f5,0f3dc32054381fd6c7208cc17c79b2f512caa65cfea88be812321e3421f73363
LAYOUT-33,cup26_printer_spec.txt,1898,ee6abb789a565f5c4d7cf77221c02d12f2d1bd389c7098d4d901f6b120a29e0c,4588a1e005440d4ea5bb4f20f5fbdaf509a105f3d36ca0fad41227ecfec213f5,0f3dc32054381fd6c7208cc17c79b2f512caa65cfea88be812321e3421f73363
LAYOUT-33,cup26_portrait_04.jpg,3628611,717603d184bc07f9bbdb7aa404efe8e52165eeb4757daffd4058a467b26f8f52,4588a1e005440d4ea5bb4f20f5fbdaf509a105f3d36ca0fad41227ecfec213f5,0f3dc32054381fd6c7208cc17c79b2f512caa65cfea88be812321e3421f73363
LAYOUT-34,ferncroft_variety_03.jpg,732418,413425c959013e53c3ad2e1d57ee15007afb4c4a014fcf476c83327d0dd64c38,ee9fdaa6fe11d1c5b35151e8ffb5d527e66592cdb5c594ff2d19c901ab82456c,baa43e36e13e0d496ce892fb651a40274eeb0234eeb8929e86b2ce513f220ca6
LAYOUT-34,ferncroft_variety_04.jpg,2678612,0078633ee99135bb4b3f799f5de6653422d72bb840cb828a1b7199a551abfc11,ee9fdaa6fe11d1c5b35151e8ffb5d527e66592cdb5c594ff2d19c901ab82456c,baa43e36e13e0d496ce892fb651a40274eeb0234eeb8929e86b2ce513f220ca6
LAYOUT-34,ferncroft_variety_05.jpg,2544670,49a6d0de4a1e6a9222a02f0fd972ae9eaea59d558a4acc215524cc12ec4486e6,ee9fdaa6fe11d1c5b35151e8ffb5d527e66592cdb5c594ff2d19c901ab82456c,baa43e36e13e0d496ce892fb651a40274eeb0234eeb8929e86b2ce513f220ca6
LAYOUT-34,ferncroft_benchtag_2025_PRINTER.pdf,47477,c841dda01a2b392a8e805c6b1366e44df2a2660faa63b419a90eb84a259f75cf,ee9fdaa6fe11d1c5b35151e8ffb5d527e66592cdb5c594ff2d19c901ab82456c,baa43e36e13e0d496ce892fb651a40274eeb0234eeb8929e86b2ce513f220ca6
LAYOUT-34,ferncroft_variety_15.jpg,653060,1460232f6dbc55fcc912aa1ef0c9803723157584df3a1836e725e24055f5bd1c,ee9fdaa6fe11d1c5b35151e8ffb5d527e66592cdb5c594ff2d19c901ab82456c,baa43e36e13e0d496ce892fb651a40274eeb0234eeb8929e86b2ce513f220ca6
LAYOUT-34,ferncroft_variety_16.jpg,816364,1d5da9d94471dfba95c5f383a1c68578094d1ac98527dd43a2993795af48af6d,ee9fdaa6fe11d1c5b35151e8ffb5d527e66592cdb5c594ff2d19c901ab82456c,baa43e36e13e0d496ce892fb651a40274eeb0234eeb8929e86b2ce513f220ca6
LAYOUT-34,ferncroft_variety_08.jpg,539700,586af08818ad554585005d30823b9d2f6ed62da90ab458a5961c6e35654cb236,ee9fdaa6fe11d1c5b35151e8ffb5d527e66592cdb5c594ff2d19c901ab82456c,baa43e36e13e0d496ce892fb651a40274eeb0234eeb8929e86b2ce513f220ca6
LAYOUT-34,ferncroft_slate_sign.jpg,2373755,611a36a0b084ad127f3ed8b3a0c630060334da3c87db2cdc81238ba0ebb8b09e,ee9fdaa6fe11d1c5b35151e8ffb5d527e66592cdb5c594ff2d19c901ab82456c,baa43e36e13e0d496ce892fb651a40274eeb0234eeb8929e86b2ce513f220ca6
LAYOUT-34,ferncroft_variety_02.jpg,2354910,307ec1f94d4334755824f5901e7555305e6973986226b68e1a17c924216e3caf,ee9fdaa6fe11d1c5b35151e8ffb5d527e66592cdb5c594ff2d19c901ab82456c,baa43e36e13e0d496ce892fb651a40274eeb0234eeb8929e86b2ce513f220ca6
LAYOUT-34,ferncroft_season_list.csv,2629,693d4bde6b0682f320b52d7f55c55fa723efff45d2b20f37412e23a912aee0d5,ee9fdaa6fe11d1c5b35151e8ffb5d527e66592cdb5c594ff2d19c901ab82456c,baa43e36e13e0d496ce892fb651a40274eeb0234eeb8929e86b2ce513f220ca6
LAYOUT-34,ferncroft_variety_18.jpg,3107817,5e02cac3c48e8862176be9c39c94a8a3ee4f908a7f271fef9ab021c25e49c5be,ee9fdaa6fe11d1c5b35151e8ffb5d527e66592cdb5c594ff2d19c901ab82456c,baa43e36e13e0d496ce892fb651a40274eeb0234eeb8929e86b2ce513f220ca6
LAYOUT-34,ferncroft_variety_10.jpg,2538647,8e0df8cec2ab89a1fc6417ffca4258d96b069510ecc4153281de9eaa1c795640,ee9fdaa6fe11d1c5b35151e8ffb5d527e66592cdb5c594ff2d19c901ab82456c,baa43e36e13e0d496ce892fb651a40274eeb0234eeb8929e86b2ce513f220ca6
LAYOUT-34,ferncroft_variety_01.jpg,2745685,2ffac6b87635fcc5ff982e81f1e00aaabfcc7775a90373661ecde04425310bf5,ee9fdaa6fe11d1c5b35151e8ffb5d527e66592cdb5c594ff2d19c901ab82456c,baa43e36e13e0d496ce892fb651a40274eeb0234eeb8929e86b2ce513f220ca6
LAYOUT-34,ferncroft_variety_11.jpg,3113540,4db32c2ed21b6ae44a33b5ee84bcb0bda181b77f6b2a4b12c5719807bdb18062,ee9fdaa6fe11d1c5b35151e8ffb5d527e66592cdb5c594ff2d19c901ab82456c,baa43e36e13e0d496ce892fb651a40274eeb0234eeb8929e86b2ce513f220ca6
LAYOUT-34,ferncroft_variety_12.jpg,2418500,334a43aa00fab0cc1eac1002bb8c60899e1d3542c0560c10ae394bc5a3f8da81,ee9fdaa6fe11d1c5b35151e8ffb5d527e66592cdb5c594ff2d19c901ab82456c,baa43e36e13e0d496ce892fb651a40274eeb0234eeb8929e86b2ce513f220ca6
LAYOUT-34,ferncroft_variety_17.jpg,3085186,a65a15ea5a6f822d79a228f4684fec1e74dc36481f714cec9dd0f3e6d8a64d15,ee9fdaa6fe11d1c5b35151e8ffb5d527e66592cdb5c594ff2d19c901ab82456c,baa43e36e13e0d496ce892fb651a40274eeb0234eeb8929e86b2ce513f220ca6
LAYOUT-34,ferncroft_hangtag_2025_PRINTER.pdf,441058,183fa382d445374ffd4a6223da81d547e62a0ff305073ad6df9b2bd94c614217,ee9fdaa6fe11d1c5b35151e8ffb5d527e66592cdb5c594ff2d19c901ab82456c,baa43e36e13e0d496ce892fb651a40274eeb0234eeb8929e86b2ce513f220ca6
LAYOUT-34,ferncroft_variety_13.jpg,2345766,28af1fa9639445dfad2b5d233a29e4f378e47275243dae1cf095867302ddb883,ee9fdaa6fe11d1c5b35151e8ffb5d527e66592cdb5c594ff2d19c901ab82456c,baa43e36e13e0d496ce892fb651a40274eeb0234eeb8929e86b2ce513f220ca6
LAYOUT-34,ferncroft_variety_14.jpg,2699336,826b76585df2af19f5a3775ad2fdbc11f424cbfcfd8b2e51d53e6f710f1a2ac3,ee9fdaa6fe11d1c5b35151e8ffb5d527e66592cdb5c594ff2d19c901ab82456c,baa43e36e13e0d496ce892fb651a40274eeb0234eeb8929e86b2ce513f220ca6
LAYOUT-34,ferncroft_variety_06.jpg,2154736,f235226e7c44bd2bf90ebb300f00ea188f0ac01a22ec718504383ce0b32aed3c,ee9fdaa6fe11d1c5b35151e8ffb5d527e66592cdb5c594ff2d19c901ab82456c,baa43e36e13e0d496ce892fb651a40274eeb0234eeb8929e86b2ce513f220ca6
LAYOUT-34,ferncroft_variety_07.jpg,3016863,0dce697b106876fe4f571d74b6fce9c2dd69d93937a8c28497206b3b6a6a4692,ee9fdaa6fe11d1c5b35151e8ffb5d527e66592cdb5c594ff2d19c901ab82456c,baa43e36e13e0d496ce892fb651a40274eeb0234eeb8929e86b2ce513f220ca6
LAYOUT-34,ferncroft_variety_09.jpg,536350,45e69a64871a6e5463b93044dd31ab3b184fe4878d04ecf41e9ca0ac172bb20e,ee9fdaa6fe11d1c5b35151e8ffb5d527e66592cdb5c594ff2d19c901ab82456c,baa43e36e13e0d496ce892fb651a40274eeb0234eeb8929e86b2ce513f220ca6
LAYOUT-35,2013-042.jpg,3085939,f35f34a7421b9802d0eed9169760fc880604b8cefbebb15e9d117b04e18c10cf,74722d4544d66915342e10f22d29b5306e4b7d811a27556d2283aabf0351bb14,3c59a5968acf60a84347223c4e4a1ccb83ebb8e3ca3cc93b8b9fcb10b14bcdfa
LAYOUT-35,2016-085.jpg,3148821,c7a11975de90d44ce54adabe3b91a807cce982bd145a4fb6c8a9b7c3917c360f,74722d4544d66915342e10f22d29b5306e4b7d811a27556d2283aabf0351bb14,3c59a5968acf60a84347223c4e4a1ccb83ebb8e3ca3cc93b8b9fcb10b14bcdfa
LAYOUT-35,2014-077.jpg,3772298,fd7564d0198d3660b0232fdfe3253397bf6269a1024586fa8810bd47655104bc,74722d4544d66915342e10f22d29b5306e4b7d811a27556d2283aabf0351bb14,3c59a5968acf60a84347223c4e4a1ccb83ebb8e3ca3cc93b8b9fcb10b14bcdfa
LAYOUT-35,2016-086.jpg,2931659,319501b9eda6a02ddd4e60ae68de44dd571e763d734ac14e55b8776942f8a7eb,74722d4544d66915342e10f22d29b5306e4b7d811a27556d2283aabf0351bb14,3c59a5968acf60a84347223c4e4a1ccb83ebb8e3ca3cc93b8b9fcb10b14bcdfa
LAYOUT-35,2013-041.jpg,3354513,cc8fcabaad9648a5fc560aded528bc125ff3190d25b05da814acebca0c12205a,74722d4544d66915342e10f22d29b5306e4b7d811a27556d2283aabf0351bb14,3c59a5968acf60a84347223c4e4a1ccb83ebb8e3ca3cc93b8b9fcb10b14bcdfa
LAYOUT-35,2012-198.jpg,2647931,ba24dc09bbafc46c90eaebfc453c8adad33f429d24cdd88d26e24637eb495b8b,74722d4544d66915342e10f22d29b5306e4b7d811a27556d2283aabf0351bb14,3c59a5968acf60a84347223c4e4a1ccb83ebb8e3ca3cc93b8b9fcb10b14bcdfa
LAYOUT-35,2015-213.jpg,3638169,844134015a7f12a49d70e543f987d37737cfd25d69a1326bfe3196f5770749dd,74722d4544d66915342e10f22d29b5306e4b7d811a27556d2283aabf0351bb14,3c59a5968acf60a84347223c4e4a1ccb83ebb8e3ca3cc93b8b9fcb10b14bcdfa
LAYOUT-35,2013-101.jpg,3244432,eacfd435e432d21989079e1ad2f9276e8f86b7ab89aa409dba884af165cbb7f3,74722d4544d66915342e10f22d29b5306e4b7d811a27556d2283aabf0351bb14,3c59a5968acf60a84347223c4e4a1ccb83ebb8e3ca3cc93b8b9fcb10b14bcdfa
LAYOUT-35,2022-044.jpg,2638084,7c0e8a39804dac2568256ed7c0f96a4117a8a76e13312ec20b463e44227e48c1,74722d4544d66915342e10f22d29b5306e4b7d811a27556d2283aabf0351bb14,3c59a5968acf60a84347223c4e4a1ccb83ebb8e3ca3cc93b8b9fcb10b14bcdfa
LAYOUT-35,1994-112-detail.jpg,3185500,08d542290a6573382dd3e263c8ce2664e6a1648c903d974235ba2d47e4ce53e3,74722d4544d66915342e10f22d29b5306e4b7d811a27556d2283aabf0351bb14,3c59a5968acf60a84347223c4e4a1ccb83ebb8e3ca3cc93b8b9fcb10b14bcdfa
LAYOUT-35,2016-084.jpg,3026367,51870ac3d4c78093e37cf510d4660599a9b2743f37a3d9053106876e98194188,74722d4544d66915342e10f22d29b5306e4b7d811a27556d2283aabf0351bb14,3c59a5968acf60a84347223c4e4a1ccb83ebb8e3ca3cc93b8b9fcb10b14bcdfa
LAYOUT-35,2022-120.jpg,2473520,91497f8872796e9f1c488aa39ed4c627348d90cde883028859c006694b26b952,74722d4544d66915342e10f22d29b5306e4b7d811a27556d2283aabf0351bb14,3c59a5968acf60a84347223c4e4a1ccb83ebb8e3ca3cc93b8b9fcb10b14bcdfa
LAYOUT-35,2021-007.jpg,3334180,b1f19c3bafe8a9b47a249022dd5cc1412660c0d8ab92d08b909192b3fded03cf,74722d4544d66915342e10f22d29b5306e4b7d811a27556d2283aabf0351bb14,3c59a5968acf60a84347223c4e4a1ccb83ebb8e3ca3cc93b8b9fcb10b14bcdfa
LAYOUT-35,2021-008.jpg,3321091,9cdd78e69179a80c52f418a394d599b418694a0ec983c011b91172dc17101cf9,74722d4544d66915342e10f22d29b5306e4b7d811a27556d2283aabf0351bb14,3c59a5968acf60a84347223c4e4a1ccb83ebb8e3ca3cc93b8b9fcb10b14bcdfa
LAYOUT-35,2021-008-2.jpg,3087957,dcbdd7f84b02bb92ed786819bd9cfc5d8837f3e74e966310307cff709c7d7e50,74722d4544d66915342e10f22d29b5306e4b7d811a27556d2283aabf0351bb14,3c59a5968acf60a84347223c4e4a1ccb83ebb8e3ca3cc93b8b9fcb10b14bcdfa
LAYOUT-35,2019-018.jpg,2012018,7565ebe79b2d6bf8d502366472b2cfb37e67fa12608dcd90bdd3be913e0d554c,74722d4544d66915342e10f22d29b5306e4b7d811a27556d2283aabf0351bb14,3c59a5968acf60a84347223c4e4a1ccb83ebb8e3ca3cc93b8b9fcb10b14bcdfa
LAYOUT-35,2021-260.jpg,2685213,bf59fa90cecdb1f81048db966c6a988c6bff77c338530bd790dd84356b2b9d44,74722d4544d66915342e10f22d29b5306e4b7d811a27556d2283aabf0351bb14,3c59a5968acf60a84347223c4e4a1ccb83ebb8e3ca3cc93b8b9fcb10b14bcdfa
LAYOUT-35,2020-062.jpg,2864216,ce9997109380eaa1dee017bb79b671c444e35d1f783989c6d5234392b269c707,74722d4544d66915342e10f22d29b5306e4b7d811a27556d2283aabf0351bb14,3c59a5968acf60a84347223c4e4a1ccb83ebb8e3ca3cc93b8b9fcb10b14bcdfa
LAYOUT-35,2016-302.jpg,2269305,4c852c4246cb92fa31f37a2688541c11d3c596aeac696a39e8929c2ed1a40f0a,74722d4544d66915342e10f22d29b5306e4b7d811a27556d2283aabf0351bb14,3c59a5968acf60a84347223c4e4a1ccb83ebb8e3ca3cc93b8b9fcb10b14bcdfa
LAYOUT-35,2021-030.jpg,2831651,a209636b6933e090ddb6b4d9465817734c04eff730b8653d133fdb4154b6931d,74722d4544d66915342e10f22d29b5306e4b7d811a27556d2283aabf0351bb14,3c59a5968acf60a84347223c4e4a1ccb83ebb8e3ca3cc93b8b9fcb10b14bcdfa
LAYOUT-35,2019-017.jpg,1886896,78f77c53a33335fc4cd8f31850b82d6900fde6b7a036a80aac6abe7d2e3ca223,74722d4544d66915342e10f22d29b5306e4b7d811a27556d2283aabf0351bb14,3c59a5968acf60a84347223c4e4a1ccb83ebb8e3ca3cc93b8b9fcb10b14bcdfa
LAYOUT-35,2022-045.jpg,2556400,c5687744821b9f4b6f64963381862a2d1386594a4ccaa1b3e1e3516d97261528,74722d4544d66915342e10f22d29b5306e4b7d811a27556d2283aabf0351bb14,3c59a5968acf60a84347223c4e4a1ccb83ebb8e3ca3cc93b8b9fcb10b14bcdfa
LAYOUT-35,2018-150.jpg,3712279,7ac2a46753fe7c59c31d0000bf5ff355d866d9c9fd07256520063f6e21050ba8,74722d4544d66915342e10f22d29b5306e4b7d811a27556d2283aabf0351bb14,3c59a5968acf60a84347223c4e4a1ccb83ebb8e3ca3cc93b8b9fcb10b14bcdfa
LAYOUT-35,2015-088-2.jpg,2454000,5bf427601e1e2e4eed09e4c039d21ca2cee6da30cef58405a9b9afcbebab09d2,74722d4544d66915342e10f22d29b5306e4b7d811a27556d2283aabf0351bb14,3c59a5968acf60a84347223c4e4a1ccb83ebb8e3ca3cc93b8b9fcb10b14bcdfa
LAYOUT-35,2018-220.jpg,2864738,1b3e54881319d941cc6884437c81bf04d67dff4358d117579599b4bbf964d0b2,74722d4544d66915342e10f22d29b5306e4b7d811a27556d2283aabf0351bb14,3c59a5968acf60a84347223c4e4a1ccb83ebb8e3ca3cc93b8b9fcb10b14bcdfa
LAYOUT-35,2018-101.jpg,2894487,0a1c19a4f52ac6488d7e11c79fbf76318d8dff4879ad210a716138f2500e94b1,74722d4544d66915342e10f22d29b5306e4b7d811a27556d2283aabf0351bb14,3c59a5968acf60a84347223c4e4a1ccb83ebb8e3ca3cc93b8b9fcb10b14bcdfa
LAYOUT-35,2017-009.jpg,2673396,7e7366ed4be9a1c2f12e4d90aa3c31c3b50ceef9b27a7f6b1725bfc55ccf6772,74722d4544d66915342e10f22d29b5306e4b7d811a27556d2283aabf0351bb14,3c59a5968acf60a84347223c4e4a1ccb83ebb8e3ca3cc93b8b9fcb10b14bcdfa
LAYOUT-35,2016-301.jpg,2494439,fac8dc7dc5a82a4d89133938c866f5ae36596de69a1ebbf101a899b86e75914c,74722d4544d66915342e10f22d29b5306e4b7d811a27556d2283aabf0351bb14,3c59a5968acf60a84347223c4e4a1ccb83ebb8e3ca3cc93b8b9fcb10b14bcdfa
LAYOUT-35,2023-056.jpg,1844481,ac21fe63d3abff28e4dd462d98ad58c612104bdf7024b6ffcfcb2683866e5d3b,74722d4544d66915342e10f22d29b5306e4b7d811a27556d2283aabf0351bb14,3c59a5968acf60a84347223c4e4a1ccb83ebb8e3ca3cc93b8b9fcb10b14bcdfa
LAYOUT-35,1994-112.jpg,3359400,5afede660540ceaff3a1d18c094130d41efd094e56c302bf5afb0abb2bbfd94c,74722d4544d66915342e10f22d29b5306e4b7d811a27556d2283aabf0351bb14,3c59a5968acf60a84347223c4e4a1ccb83ebb8e3ca3cc93b8b9fcb10b14bcdfa
LAYOUT-35,mv_spring_labels_press.pdf,269183,33159f45a2e9164708646eec06b475dcf07b1e91dbce7e7245c8a6a32e1eaa6f,74722d4544d66915342e10f22d29b5306e4b7d811a27556d2283aabf0351bb14,3c59a5968acf60a84347223c4e4a1ccb83ebb8e3ca3cc93b8b9fcb10b14bcdfa
LAYOUT-35,2020-155.jpg,3880611,a3ef63d570f64bc9825abb462fa256130e38f940dd35251968da586b39c31355,74722d4544d66915342e10f22d29b5306e4b7d811a27556d2283aabf0351bb14,3c59a5968acf60a84347223c4e4a1ccb83ebb8e3ca3cc93b8b9fcb10b14bcdfa
LAYOUT-35,2022-230.jpg,3556074,18dc4e6ceca4de2669e14f2e6ac5078caf6bc92d2dd2b1b4a504c825bb23e28d,74722d4544d66915342e10f22d29b5306e4b7d811a27556d2283aabf0351bb14,3c59a5968acf60a84347223c4e4a1ccb83ebb8e3ca3cc93b8b9fcb10b14bcdfa
LAYOUT-35,mv_desk_note.txt,1826,8b3c79041ddb9dba5724940340bf91cbc3dda5e4ca97cabff5c75e1bbf2251e6,74722d4544d66915342e10f22d29b5306e4b7d811a27556d2283aabf0351bb14,3c59a5968acf60a84347223c4e4a1ccb83ebb8e3ca3cc93b8b9fcb10b14bcdfa
LAYOUT-35,2023-011-2.jpg,3202403,a0a20a78d6b9c8b746a78252f7e7298f12f83a9404fcb9aeebee2a07e938f207,74722d4544d66915342e10f22d29b5306e4b7d811a27556d2283aabf0351bb14,3c59a5968acf60a84347223c4e4a1ccb83ebb8e3ca3cc93b8b9fcb10b14bcdfa
LAYOUT-35,mv_brass_plate.jpg,1892142,ae2a668727e1b20657076efc800e050cfa4a23dd9d8d0d818740c76fc241a221,74722d4544d66915342e10f22d29b5306e4b7d811a27556d2283aabf0351bb14,3c59a5968acf60a84347223c4e4a1ccb83ebb8e3ca3cc93b8b9fcb10b14bcdfa
LAYOUT-35,2015-088.jpg,2739342,36be0b800aef6aef257fd3e37666818542f4beb88966dca5a469901caf2930c5,74722d4544d66915342e10f22d29b5306e4b7d811a27556d2283aabf0351bb14,3c59a5968acf60a84347223c4e4a1ccb83ebb8e3ca3cc93b8b9fcb10b14bcdfa
LAYOUT-35,mv_hang_order.txt,2019,8f72ce05669cfb8da9ea339c95fed58e6f587d84f69a62d594bad21976e23204,74722d4544d66915342e10f22d29b5306e4b7d811a27556d2283aabf0351bb14,3c59a5968acf60a84347223c4e4a1ccb83ebb8e3ca3cc93b8b9fcb10b14bcdfa
LAYOUT-35,2023-012.jpg,3242411,7158806f2a81a1d8c4d2af3f592d3d78143d65c4c444499ad3a798cce07ae1b7,74722d4544d66915342e10f22d29b5306e4b7d811a27556d2283aabf0351bb14,3c59a5968acf60a84347223c4e4a1ccb83ebb8e3ca3cc93b8b9fcb10b14bcdfa
LAYOUT-35,2019-090.jpg,2144667,7ca64093dd41bb2440604be1a296955f4b300825cf8ee971e0bd3d6524863923,74722d4544d66915342e10f22d29b5306e4b7d811a27556d2283aabf0351bb14,3c59a5968acf60a84347223c4e4a1ccb83ebb8e3ca3cc93b8b9fcb10b14bcdfa
LAYOUT-35,2020-061.jpg,2670484,83e9c0573f6ecab4ccd1de9679b223460521b1292209ac96be910d3de8aa834c,74722d4544d66915342e10f22d29b5306e4b7d811a27556d2283aabf0351bb14,3c59a5968acf60a84347223c4e4a1ccb83ebb8e3ca3cc93b8b9fcb10b14bcdfa
LAYOUT-35,2023-055.jpg,1914561,e313922d23f8987dad05e4af386fddefa5df4271f0c7f702a15a997987657d5d,74722d4544d66915342e10f22d29b5306e4b7d811a27556d2283aabf0351bb14,3c59a5968acf60a84347223c4e4a1ccb83ebb8e3ca3cc93b8b9fcb10b14bcdfa
LAYOUT-35,2018-221.jpg,3386169,b5f0817ea2db02824fdf1112a7a1597aec5e8d06f0af953070c66386c1fc2e54,74722d4544d66915342e10f22d29b5306e4b7d811a27556d2283aabf0351bb14,3c59a5968acf60a84347223c4e4a1ccb83ebb8e3ca3cc93b8b9fcb10b14bcdfa
LAYOUT-35,2020-141.jpg,2817096,38ecd071dca91092244c9a2cc2a01b9b586b36abc49fc2e5e13c05b7bb12e456,74722d4544d66915342e10f22d29b5306e4b7d811a27556d2283aabf0351bb14,3c59a5968acf60a84347223c4e4a1ccb83ebb8e3ca3cc93b8b9fcb10b14bcdfa
LAYOUT-35,2020-140.jpg,2971672,4e5066acd9848a09c85ec50337faee09d1d8191d44803c9e6fcb14717c40af55,74722d4544d66915342e10f22d29b5306e4b7d811a27556d2283aabf0351bb14,3c59a5968acf60a84347223c4e4a1ccb83ebb8e3ca3cc93b8b9fcb10b14bcdfa
LAYOUT-35,mv_autumn_works.csv,4747,65f6e4e2d91937dc0428b62436d95fe6ab99c96a1c693c7b49a1f9adf5938b43,74722d4544d66915342e10f22d29b5306e4b7d811a27556d2283aabf0351bb14,3c59a5968acf60a84347223c4e4a1ccb83ebb8e3ca3cc93b8b9fcb10b14bcdfa
LAYOUT-35,2023-013.jpg,2709261,bc98f8eab19f8a63b41c1a6da57d7ade261be1fe6bd6200c15c9649b7fe3d235,74722d4544d66915342e10f22d29b5306e4b7d811a27556d2283aabf0351bb14,3c59a5968acf60a84347223c4e4a1ccb83ebb8e3ca3cc93b8b9fcb10b14bcdfa
LAYOUT-35,2023-011.jpg,3888479,b8d4c2eda0479f8e86f9c494d83967368f22f3fb59b0781ad392eb5f86244531,74722d4544d66915342e10f22d29b5306e4b7d811a27556d2283aabf0351bb14,3c59a5968acf60a84347223c4e4a1ccb83ebb8e3ca3cc93b8b9fcb10b14bcdfa
LAYOUT-35,2017-211.jpg,2754014,ea37853f1bc5410e68f32447091eb755c91c3b54144776ed481b30e0cdc16f8b,74722d4544d66915342e10f22d29b5306e4b7d811a27556d2283aabf0351bb14,3c59a5968acf60a84347223c4e4a1ccb83ebb8e3ca3cc93b8b9fcb10b14bcdfa
MOTION-01,emberoak_broll_09.mov,12895196,973f5b0fb651cbe97c98a6abf18f1de7080d88082bcde7874bda6898e4be17d7,78f24b02ca23146396067e6d48a9607202a62f5d61f705fe2278a41830878152,38f73435eaf6f633ed2b4e37f5e6d7c46aba61034d19290e969cdfdb364798e6
MOTION-01,emberoak_pass_call.mov,9463402,5f936557054f01a168313c4393517d3694a9cf607e353c1f2e8b7a9afe3fe1a9,78f24b02ca23146396067e6d48a9607202a62f5d61f705fe2278a41830878152,38f73435eaf6f633ed2b4e37f5e6d7c46aba61034d19290e969cdfdb364798e6
MOTION-01,emberoak_broll_02.mov,12152349,b72a63139cb23c72ddb67ea5461ba4307cc4774581e91a740d9f8dd4b75ccd13,78f24b02ca23146396067e6d48a9607202a62f5d61f705fe2278a41830878152,38f73435eaf6f633ed2b4e37f5e6d7c46aba61034d19290e969cdfdb364798e6
MOTION-01,emberoak_broll_04.mov,15857522,cc32f064ef340e0adf9250542344c5a06f54742b45495191cc5ec3c0fc191cfa,78f24b02ca23146396067e6d48a9607202a62f5d61f705fe2278a41830878152,38f73435eaf6f633ed2b4e37f5e6d7c46aba61034d19290e969cdfdb364798e6
MOTION-01,emberoak_broll_05.mov,11119873,c51901509d887e0900fe972915660584d6f0827565d97aa785b5ed0e4546fbda,78f24b02ca23146396067e6d48a9607202a62f5d61f705fe2278a41830878152,38f73435eaf6f633ed2b4e37f5e6d7c46aba61034d19290e969cdfdb364798e6
MOTION-01,emberoak_broll_08.mov,12104695,aa0ecad39d000ddcece6f4346a82936b166e80fbb8f2e1f9313556854de14ecf,78f24b02ca23146396067e6d48a9607202a62f5d61f705fe2278a41830878152,38f73435eaf6f633ed2b4e37f5e6d7c46aba61034d19290e969cdfdb364798e6
MOTION-01,emberoak_broll_01.mov,7240462,8eaa5060069c48cbce47972e257af6cb449f4490373bd7d74c1a0ff47c1722e3,78f24b02ca23146396067e6d48a9607202a62f5d61f705fe2278a41830878152,38f73435eaf6f633ed2b4e37f5e6d7c46aba61034d19290e969cdfdb364798e6
MOTION-01,emberoak_hero_pass.jpg,3045287,863b9a6de171ca6474100d5d11f90b2e7435f1edffee61e6269593595cfee331,78f24b02ca23146396067e6d48a9607202a62f5d61f705fe2278a41830878152,38f73435eaf6f633ed2b4e37f5e6d7c46aba61034d19290e969cdfdb364798e6
MOTION-01,emberoak_broll_03.mov,13749994,1d68b9788c7168c23b0b5f367603151d4a34ee306ac3fa0be36a8791ba9e2f74,78f24b02ca23146396067e6d48a9607202a62f5d61f705fe2278a41830878152,38f73435eaf6f633ed2b4e37f5e6d7c46aba61034d19290e969cdfdb364798e6
MOTION-01,emberoak_mark.png,819757,26c84730bd0341a264285cf9cb7462cca69da0f1cfc83b475f8871c25d164a01,78f24b02ca23146396067e6d48a9607202a62f5d61f705fe2278a41830878152,38f73435eaf6f633ed2b4e37f5e6d7c46aba61034d19290e969cdfdb364798e6
MOTION-01,emberoak_hero_safety.jpg,3268553,553a6b98d63bdbce6dabd0a8638dee4fc9461a9466a2e0163ac62bba33fece26,78f24b02ca23146396067e6d48a9607202a62f5d61f705fe2278a41830878152,38f73435eaf6f633ed2b4e37f5e6d7c46aba61034d19290e969cdfdb364798e6
MOTION-01,emberoak_menu_callouts.txt,857,71e619cfc6286502a283f1854d17a7bc2ece1559ad2b95b463c1d514a942876b,78f24b02ca23146396067e6d48a9607202a62f5d61f705fe2278a41830878152,38f73435eaf6f633ed2b4e37f5e6d7c46aba61034d19290e969cdfdb364798e6
MOTION-01,emberoak_broll_06.mov,8235774,ae8e72c63bd3ad8a2f25d2169c094dbd6275a0ad13519440fae678019dc96220,78f24b02ca23146396067e6d48a9607202a62f5d61f705fe2278a41830878152,38f73435eaf6f633ed2b4e37f5e6d7c46aba61034d19290e969cdfdb364798e6
MOTION-01,emberoak_broll_07.mov,10355006,7318941fc11629640be90964c49a8ffedb8b1ec828b8871a73f8b48af359a804,78f24b02ca23146396067e6d48a9607202a62f5d61f705fe2278a41830878152,38f73435eaf6f633ed2b4e37f5e6d7c46aba61034d19290e969cdfdb364798e6
MOTION-02,ironwood_service_take.mp4,7892700,23de1878d34f35332e950c26551585b8068df1eda9e73e8ac3def080aae14952,8f1eafb4971dbc2f26cef43faeb65021df69334e93bfc4bb66ed459d46950a68,825c734ed902622b8f81c87bc25c8fe7ca261f0e9d386e279d9b2d248eb6ba1b
MOTION-02,ironwood_bowls_01.jpg,3303303,8fcc21c99fe8b89151923082b4e2955fbbe27d05fc39e44d08d8360a954b5df4,8f1eafb4971dbc2f26cef43faeb65021df69334e93bfc4bb66ed459d46950a68,825c734ed902622b8f81c87bc25c8fe7ca261f0e9d386e279d9b2d248eb6ba1b
MOTION-02,ironwood_bowls_03.jpg,3770061,db29ff26e3f5d3f5c332b9dedf7f474f75dfcd39ac96c9844b1dd5ffa03455a1,8f1eafb4971dbc2f26cef43faeb65021df69334e93bfc4bb66ed459d46950a68,825c734ed902622b8f81c87bc25c8fe7ca261f0e9d386e279d9b2d248eb6ba1b
MOTION-02,ironwood_bowls_05.jpg,3754638,35755d4f09ab2d30a5c9ee36dcedee9cd280b7ab7f0b302833858907572e540f,8f1eafb4971dbc2f26cef43faeb65021df69334e93bfc4bb66ed459d46950a68,825c734ed902622b8f81c87bc25c8fe7ca261f0e9d386e279d9b2d248eb6ba1b
MOTION-02,ironwood_bowls_07.jpg,3566362,a990c2d98dd99307977357fd6475dfdd410893efd0f3a61e7c101c223801d0b5,8f1eafb4971dbc2f26cef43faeb65021df69334e93bfc4bb66ed459d46950a68,825c734ed902622b8f81c87bc25c8fe7ca261f0e9d386e279d9b2d248eb6ba1b
MOTION-02,ironwood_linesheet_2027.pdf,266533,8b0905571991b7097604d5ccfc2a784415591e1bce8b10a6c7d6772b534a8cc7,8f1eafb4971dbc2f26cef43faeb65021df69334e93bfc4bb66ed459d46950a68,825c734ed902622b8f81c87bc25c8fe7ca261f0e9d386e279d9b2d248eb6ba1b
MOTION-02,ironwood_bowls_04.jpg,3669176,25c3a84aab363626bab7222845133413764364e9ca3e2c0cb813cda9ac112619,8f1eafb4971dbc2f26cef43faeb65021df69334e93bfc4bb66ed459d46950a68,825c734ed902622b8f81c87bc25c8fe7ca261f0e9d386e279d9b2d248eb6ba1b
MOTION-02,ironwood_bowls_06.jpg,3684687,b0cb5ce82c258e7fc179419214afe38511e704bc0b7a59b74438be89ed2c392d,8f1eafb4971dbc2f26cef43faeb65021df69334e93bfc4bb66ed459d46950a68,825c734ed902622b8f81c87bc25c8fe7ca261f0e9d386e279d9b2d248eb6ba1b
MOTION-02,ironwood_wordmark.png,554445,9d2dd898f932f74519859c75d0691930ef0a1a384e1b39d23aaf9e4cbe385ad4,8f1eafb4971dbc2f26cef43faeb65021df69334e93bfc4bb66ed459d46950a68,825c734ed902622b8f81c87bc25c8fe7ca261f0e9d386e279d9b2d248eb6ba1b
MOTION-02,ironwood_skus.csv,2224,384ab82dcf322f320acef83d3f25045133b8640ce813b6cebf8ea92eed4f9c35,8f1eafb4971dbc2f26cef43faeb65021df69334e93bfc4bb66ed459d46950a68,825c734ed902622b8f81c87bc25c8fe7ca261f0e9d386e279d9b2d248eb6ba1b
MOTION-02,ironwood_bowls_08.jpg,3698006,165047280f78bc607095343ff8b01731ad8c362e1020f448bbe877b8fc55e1f5,8f1eafb4971dbc2f26cef43faeb65021df69334e93bfc4bb66ed459d46950a68,825c734ed902622b8f81c87bc25c8fe7ca261f0e9d386e279d9b2d248eb6ba1b
MOTION-02,ironwood_bowls_02.jpg,3366952,b61123b9bc4897ecbd50768739bb5e6845f9144c1a92609d48ebf4aa9ec673bc,8f1eafb4971dbc2f26cef43faeb65021df69334e93bfc4bb66ed459d46950a68,825c734ed902622b8f81c87bc25c8fe7ca261f0e9d386e279d9b2d248eb6ba1b
MOTION-02,ironwood_notes.txt,1426,9a7b2bdbb45486c4deef273a125d4e089e98710e2fcf94d91ab8cc0988ceb33e,8f1eafb4971dbc2f26cef43faeb65021df69334e93bfc4bb66ed459d46950a68,825c734ed902622b8f81c87bc25c8fe7ca261f0e9d386e279d9b2d248eb6ba1b
MOTION-03,halden_creator_clip_01.mp4,11088324,c7f54b504e9188d39acaba855bd4b4cfa3b0539f42527fece02fac863183b3a5,b3397e887ed613983549949346aa653ca8a79c706147319d978357580ca26b59,b75d30498ce485871b973076132a1916591026af713a127ff78b2e796f08ea98
MOTION-03,halden_creator_clip_02.mp4,8013686,b0f56ea7295ad2be0fec12b4bfd99800405f964f4901f61566f872ca2cb593ff,b3397e887ed613983549949346aa653ca8a79c706147319d978357580ca26b59,b75d30498ce485871b973076132a1916591026af713a127ff78b2e796f08ea98
MOTION-03,halden_creator_clip_03.mp4,6386746,c4f5eef8359ff3c5b6cbe484295298ca7077c8bf4abc4e0abfef7ddc55fc94f6,b3397e887ed613983549949346aa653ca8a79c706147319d978357580ca26b59,b75d30498ce485871b973076132a1916591026af713a127ff78b2e796f08ea98
MOTION-03,halden_creator_clip_04.mp4,9316825,fc5d2f649b36cad99e050cd6e000bf0b6a36eb9cf479891fa5ea1097b46b9ceb,b3397e887ed613983549949346aa653ca8a79c706147319d978357580ca26b59,b75d30498ce485871b973076132a1916591026af713a127ff78b2e796f08ea98
MOTION-03,halden_creator_clip_05.mp4,1905246,9f4d27bdb7c83c0f449befc1fa58df8bca59c7f28730692cb4b3eba06ab26601,b3397e887ed613983549949346aa653ca8a79c706147319d978357580ca26b59,b75d30498ce485871b973076132a1916591026af713a127ff78b2e796f08ea98
MOTION-03,halden_founder_broll_01.mp4,8200456,7515d63c73df805809e8ccc2e4ebeaa7da008a5b6ac8c5dc34f815fed018ce8c,b3397e887ed613983549949346aa653ca8a79c706147319d978357580ca26b59,b75d30498ce485871b973076132a1916591026af713a127ff78b2e796f08ea98
MOTION-03,halden_founder_broll_02.mp4,7797708,5b7681c25806c69a07adda873406be3b9038cc0f0d8a46ab61da90d6d808d6f9,b3397e887ed613983549949346aa653ca8a79c706147319d978357580ca26b59,b75d30498ce485871b973076132a1916591026af713a127ff78b2e796f08ea98
MOTION-03,halden_founder_broll_03.mp4,6737017,4c173a774cc319f42cd5d9306301032032e60600a072c82397c39304f6fdd13f,b3397e887ed613983549949346aa653ca8a79c706147319d978357580ca26b59,b75d30498ce485871b973076132a1916591026af713a127ff78b2e796f08ea98
MOTION-03,halden_founder_broll_04.mp4,7829474,a23aa9b0d6d1ed0482e15173855c853e4e81680d3f13484bd0143d0c5017f8f8,b3397e887ed613983549949346aa653ca8a79c706147319d978357580ca26b59,b75d30498ce485871b973076132a1916591026af713a127ff78b2e796f08ea98
MOTION-03,halden_creator_still_01.jpg,1365148,9ca69345cf434625754dce09de54ae67ae59f51abccf5ab9a8782cb2adc41ad9,b3397e887ed613983549949346aa653ca8a79c706147319d978357580ca26b59,b75d30498ce485871b973076132a1916591026af713a127ff78b2e796f08ea98
MOTION-03,halden_creator_still_05.jpg,1719653,71d620242255e6be40719794af546da01c039e66be802a6aab0fbceebb1662bd,b3397e887ed613983549949346aa653ca8a79c706147319d978357580ca26b59,b75d30498ce485871b973076132a1916591026af713a127ff78b2e796f08ea98
MOTION-03,halden_wordmark.png,408919,8e78e555239a80b23fa7ed39349dc885ae6fb87c153c1c88bc1039e7223940a6,b3397e887ed613983549949346aa653ca8a79c706147319d978357580ca26b59,b75d30498ce485871b973076132a1916591026af713a127ff78b2e796f08ea98
MOTION-03,halden_hooks.txt,1899,ac75b847b6e1c31e46318dac6acdca06392b48b81bb80d3d93a544fa6b2e081b,b3397e887ed613983549949346aa653ca8a79c706147319d978357580ca26b59,b75d30498ce485871b973076132a1916591026af713a127ff78b2e796f08ea98
MOTION-03,halden_creator_still_03.jpg,1545761,5216eee7285715f382a1d8672a8e73d68d9d3c5448ab9be1a98baf2f3bc875a6,b3397e887ed613983549949346aa653ca8a79c706147319d978357580ca26b59,b75d30498ce485871b973076132a1916591026af713a127ff78b2e796f08ea98
MOTION-03,halden_tone_reference.png,1662241,ff212ae3c5c3f8ef11a858d0fae34baafeb99ae881bc0d2bca94e996f21bb987,b3397e887ed613983549949346aa653ca8a79c706147319d978357580ca26b59,b75d30498ce485871b973076132a1916591026af713a127ff78b2e796f08ea98
MOTION-03,halden_creator_still_02.jpg,1288337,1afcb0fd71808f275cb21a4a674495e0738521f1c2bf3020b5c0e86041a016cf,b3397e887ed613983549949346aa653ca8a79c706147319d978357580ca26b59,b75d30498ce485871b973076132a1916591026af713a127ff78b2e796f08ea98
MOTION-03,halden_creator_still_06.jpg,1355551,dc52a8763d9c77568f88661a4545f115beccd4c43a5ec23395e7af33d79880dd,b3397e887ed613983549949346aa653ca8a79c706147319d978357580ca26b59,b75d30498ce485871b973076132a1916591026af713a127ff78b2e796f08ea98
MOTION-03,halden_creator_still_04.jpg,1955105,b6fffe6ae7093653969ad3fc212f27d504a423646099dd06f025c87f496a3427,b3397e887ed613983549949346aa653ca8a79c706147319d978357580ca26b59,b75d30498ce485871b973076132a1916591026af713a127ff78b2e796f08ea98
MOTION-03,halden_thumb_hero.jpg,393764,bbbe3558d35fff9c35ec03abaf308542be8dd3f3128ec95b97cbfd46d6a9fabd,b3397e887ed613983549949346aa653ca8a79c706147319d978357580ca26b59,b75d30498ce485871b973076132a1916591026af713a127ff78b2e796f08ea98
MOTION-04,sablefinch_walkthrough_01.mp4,18940626,acb7cb32506273b67f5d8c14c37ad719c837bf7c6ab3a1c55f6b6a9766de365a,3c93042b8bbd8fd45ca9f3dee8d0f0c2e53378a57f3a343ef8a860b5aebae780,287bac15059e4352c8d65832936a99342578d61a0d95c5e64585bf8fc31708c9
MOTION-04,sablefinch_walkthrough_03.mp4,9791507,7fe14b71180997d19a1ee088a7dc36fa712b100862213ecdffdca373bf89a223,3c93042b8bbd8fd45ca9f3dee8d0f0c2e53378a57f3a343ef8a860b5aebae780,287bac15059e4352c8d65832936a99342578d61a0d95c5e64585bf8fc31708c9
MOTION-04,sablefinch_walkthrough_04.mp4,13550219,066e482f1335d28b1aeec61d5733b567f090b7ecda5739e6b4d7ea78e41bc022,3c93042b8bbd8fd45ca9f3dee8d0f0c2e53378a57f3a343ef8a860b5aebae780,287bac15059e4352c8d65832936a99342578d61a0d95c5e64585bf8fc31708c9
MOTION-04,sablefinch_walkthrough_02.mp4,11399321,26c5f21e7c111f256154adac5d61e80d762614bdf399c456455e4f7d113a64b9,3c93042b8bbd8fd45ca9f3dee8d0f0c2e53378a57f3a343ef8a860b5aebae780,287bac15059e4352c8d65832936a99342578d61a0d95c5e64585bf8fc31708c9
MOTION-04,sablefinch_walkthrough_07.mp4,10441847,1f6d0c8aa760b70182ce43de836cf14d81246316915c062a04dfa3faeac5e991,3c93042b8bbd8fd45ca9f3dee8d0f0c2e53378a57f3a343ef8a860b5aebae780,287bac15059e4352c8d65832936a99342578d61a0d95c5e64585bf8fc31708c9
MOTION-04,sablefinch_walkthrough_06.mp4,15524340,58f25f79221970d6d6b1709ef2c219f28b8107d1cf7c32e6136235b8d23ab582,3c93042b8bbd8fd45ca9f3dee8d0f0c2e53378a57f3a343ef8a860b5aebae780,287bac15059e4352c8d65832936a99342578d61a0d95c5e64585bf8fc31708c9
MOTION-04,sablefinch_walkthrough_05.mp4,8241119,0ed452d7d584fce57c5b8b77300e580a81a39afad1551080659042ea1eb9fd07,3c93042b8bbd8fd45ca9f3dee8d0f0c2e53378a57f3a343ef8a860b5aebae780,287bac15059e4352c8d65832936a99342578d61a0d95c5e64585bf8fc31708c9
MOTION-04,sablefinch_exterior_03.jpg,3952141,90ff59a20a94d7d3216ffbec3abcd5c91fac22ab6c94dea8d8b093ff30ae9d8f,3c93042b8bbd8fd45ca9f3dee8d0f0c2e53378a57f3a343ef8a860b5aebae780,287bac15059e4352c8d65832936a99342578d61a0d95c5e64585bf8fc31708c9
MOTION-04,sablefinch_exterior_04.jpg,3692643,13db5ba1b30cad52313b6fca6e7800ada8a8771a85d813283b01bfcd52d2c732,3c93042b8bbd8fd45ca9f3dee8d0f0c2e53378a57f3a343ef8a860b5aebae780,287bac15059e4352c8d65832936a99342578d61a0d95c5e64585bf8fc31708c9
MOTION-04,sablefinch_exterior_02.jpg,3678871,1ce870397dfb99f881bf84346e1e79d35d809c3dccd78709c170b90e95d74f6c,3c93042b8bbd8fd45ca9f3dee8d0f0c2e53378a57f3a343ef8a860b5aebae780,287bac15059e4352c8d65832936a99342578d61a0d95c5e64585bf8fc31708c9
MOTION-04,sablefinch_exterior_05.jpg,4483920,b7b49bbb3646c584b24e91f8c81a91d52cb1cf9ab13baa9aff31c0b91c2956f2,3c93042b8bbd8fd45ca9f3dee8d0f0c2e53378a57f3a343ef8a860b5aebae780,287bac15059e4352c8d65832936a99342578d61a0d95c5e64585bf8fc31708c9
MOTION-04,sablefinch_exterior_06.jpg,2609688,fa5442533e725b16533a27636c7d721091b5935c39608d4d42f45e79e77fd542,3c93042b8bbd8fd45ca9f3dee8d0f0c2e53378a57f3a343ef8a860b5aebae780,287bac15059e4352c8d65832936a99342578d61a0d95c5e64585bf8fc31708c9
MOTION-04,sablefinch_exterior_01.jpg,3806790,38662195f54363833b9521776e78c2d0ddf61bb905b0d42c6783201bcd517902,3c93042b8bbd8fd45ca9f3dee8d0f0c2e53378a57f3a343ef8a860b5aebae780,287bac15059e4352c8d65832936a99342578d61a0d95c5e64585bf8fc31708c9
MOTION-04,sablefinch_exterior_08.jpg,2928510,32db1ca344519c6d83136e7345ee86dcb4e5607092027bacd4c23a4f6ea24ea4,3c93042b8bbd8fd45ca9f3dee8d0f0c2e53378a57f3a343ef8a860b5aebae780,287bac15059e4352c8d65832936a99342578d61a0d95c5e64585bf8fc31708c9
MOTION-04,sablefinch_exterior_07.jpg,3654330,1db964f27b7d18af873ec795814cf8c88013fc87ad0031ab466e4a379c62829f,3c93042b8bbd8fd45ca9f3dee8d0f0c2e53378a57f3a343ef8a860b5aebae780,287bac15059e4352c8d65832936a99342578d61a0d95c5e64585bf8fc31708c9
MOTION-04,sablefinch_look_reference.jpg,380835,55dfb4303d244d0095f0881c1b7eea3468a16c9e0d782a0ba6b6124b641059d4,3c93042b8bbd8fd45ca9f3dee8d0f0c2e53378a57f3a343ef8a860b5aebae780,287bac15059e4352c8d65832936a99342578d61a0d95c5e64585bf8fc31708c9
MOTION-04,sablefinch_open_house_card.pdf,257670,bffc6884ebeec1fc52f6258b3d1a159870f2bfbc3d64ba36451e6ca14ef2692e,3c93042b8bbd8fd45ca9f3dee8d0f0c2e53378a57f3a343ef8a860b5aebae780,287bac15059e4352c8d65832936a99342578d61a0d95c5e64585bf8fc31708c9
MOTION-04,sablefinch_agent_vo.wav,277016,a1b97a09adebe36ef050e0eaec2084e1c475aaeba48721cc2c157bcdc4acbb06,3c93042b8bbd8fd45ca9f3dee8d0f0c2e53378a57f3a343ef8a860b5aebae780,287bac15059e4352c8d65832936a99342578d61a0d95c5e64585bf8fc31708c9
MOTION-04,sablefinch_exterior_11.jpg,4001943,85eda68bce104efb27fe80d3a569b62fb385152cff0f07cec55820463943fb0d,3c93042b8bbd8fd45ca9f3dee8d0f0c2e53378a57f3a343ef8a860b5aebae780,287bac15059e4352c8d65832936a99342578d61a0d95c5e64585bf8fc31708c9
MOTION-04,sablefinch_exterior_10.jpg,4213714,d3347dc4e325262c0c15fcc015eb4014e5c2fb691b1c84d75edfa3da2e7c2ce9,3c93042b8bbd8fd45ca9f3dee8d0f0c2e53378a57f3a343ef8a860b5aebae780,287bac15059e4352c8d65832936a99342578d61a0d95c5e64585bf8fc31708c9
MOTION-04,sablefinch_facts_and_disclosure.txt,1297,bd91ef93d64b30d1af7b11859eaab467acd54b8aabf6eeb71d42d4bf462cd5e3,3c93042b8bbd8fd45ca9f3dee8d0f0c2e53378a57f3a343ef8a860b5aebae780,287bac15059e4352c8d65832936a99342578d61a0d95c5e64585bf8fc31708c9
MOTION-04,sablefinch_listings.csv,1651,528a2ef5144017295a6f625adb287afc53eb17f42ff68d19f5bc4b93630b7da8,3c93042b8bbd8fd45ca9f3dee8d0f0c2e53378a57f3a343ef8a860b5aebae780,287bac15059e4352c8d65832936a99342578d61a0d95c5e64585bf8fc31708c9
MOTION-04,sablefinch_exterior_09.jpg,2723090,06254b584eb90e2dc970e5a3dc76463f332d5e490a7acf2fa85a6f3ce8ce4c11,3c93042b8bbd8fd45ca9f3dee8d0f0c2e53378a57f3a343ef8a860b5aebae780,287bac15059e4352c8d65832936a99342578d61a0d95c5e64585bf8fc31708c9
MOTION-04,sablefinch_mark_scan.png,172334,e8607bcd3b89b53d24f564975e2aafe22492141e200e123a8bd5c6c2a3db30e5,3c93042b8bbd8fd45ca9f3dee8d0f0c2e53378a57f3a343ef8a860b5aebae780,287bac15059e4352c8d65832936a99342578d61a0d95c5e64585bf8fc31708c9
MOTION-05,sterlingrow_residence_still_02.jpg,4088904,08606b34e820cd45d47afc2f9c651763f182dd6e7f94fceffb1fab91b836cc36,90ab201d455e3d977363c8bf4352c9ad96bd054cf1a0c000f5c05cc38d24ac41,06a882f026fa0abf666ea9eef03a06fb34b4614d5e9b39def590300c0a3aae1a
MOTION-05,sterlingrow_broker_read.wav,383912,9865af280981919b69e89841b572fbfc2a2d6743a7077d2958140a33db7ea7eb,90ab201d455e3d977363c8bf4352c9ad96bd054cf1a0c000f5c05cc38d24ac41,06a882f026fa0abf666ea9eef03a06fb34b4614d5e9b39def590300c0a3aae1a
MOTION-05,sterlingrow_spec_sheet.pdf,314359,2839ae3d9d6c6b0444f28cf55fe6eed18ddbd3de8f2908e0516c33f1f3949a61,90ab201d455e3d977363c8bf4352c9ad96bd054cf1a0c000f5c05cc38d24ac41,06a882f026fa0abf666ea9eef03a06fb34b4614d5e9b39def590300c0a3aae1a
MOTION-05,sterlingrow_residence_still_01.jpg,3576641,ec0c3a766f62ee30d498f329bbfbc4b119a597febb761afb05c6d3d178b5ed1d,90ab201d455e3d977363c8bf4352c9ad96bd054cf1a0c000f5c05cc38d24ac41,06a882f026fa0abf666ea9eef03a06fb34b4614d5e9b39def590300c0a3aae1a
MOTION-05,sterlingrow_residence_still_03.jpg,3950703,3b1eff5247a6cf992fda970987a4e4c516896d012657375d51a88c66e641cf76,90ab201d455e3d977363c8bf4352c9ad96bd054cf1a0c000f5c05cc38d24ac41,06a882f026fa0abf666ea9eef03a06fb34b4614d5e9b39def590300c0a3aae1a
MOTION-05,sterlingrow_residence_still_04.jpg,3805842,b2cfcdaae9311f4ce35824c4e439bc10b9bd45c9e7c995449376458fcc3344e4,90ab201d455e3d977363c8bf4352c9ad96bd054cf1a0c000f5c05cc38d24ac41,06a882f026fa0abf666ea9eef03a06fb34b4614d5e9b39def590300c0a3aae1a
MOTION-05,sterlingrow_lobby_plaque.jpg,2285627,e5286d6556da77cd3f77c4a986a2b5869b3c0103c2279fcf1ffd1bca9537100a,90ab201d455e3d977363c8bf4352c9ad96bd054cf1a0c000f5c05cc38d24ac41,06a882f026fa0abf666ea9eef03a06fb34b4614d5e9b39def590300c0a3aae1a
MOTION-05,sterlingrow_residence_still_07.jpg,335506,3e0375be32420de4df4c576ce29b99fc76cbed08c8c505c9aaadbc78cd6676be,90ab201d455e3d977363c8bf4352c9ad96bd054cf1a0c000f5c05cc38d24ac41,06a882f026fa0abf666ea9eef03a06fb34b4614d5e9b39def590300c0a3aae1a
MOTION-05,sterlingrow_walkthrough_01.mp4,15136327,71600fdf7032778e086b7a0b1721624b49e11403c600f2637f1f757c428902fe,90ab201d455e3d977363c8bf4352c9ad96bd054cf1a0c000f5c05cc38d24ac41,06a882f026fa0abf666ea9eef03a06fb34b4614d5e9b39def590300c0a3aae1a
MOTION-05,sterlingrow_walkthrough_02.mp4,10442877,994213b08ab789cef978ed4aa990c686e59d3ea56b3cceb2e784c8688ee7c9bd,90ab201d455e3d977363c8bf4352c9ad96bd054cf1a0c000f5c05cc38d24ac41,06a882f026fa0abf666ea9eef03a06fb34b4614d5e9b39def590300c0a3aae1a
MOTION-05,sterlingrow_walkthrough_03.mp4,9639652,b9e92ee037ccc9ecc715a8140dc829e93bff45bee6a52cc66d395e52a57cc6e2,90ab201d455e3d977363c8bf4352c9ad96bd054cf1a0c000f5c05cc38d24ac41,06a882f026fa0abf666ea9eef03a06fb34b4614d5e9b39def590300c0a3aae1a
MOTION-05,sterlingrow_residence_still_05.jpg,3015408,5c7f481d3d2f2e999ef024cbb70eb63d068f10cf9bf1acf376532cb241e8d679,90ab201d455e3d977363c8bf4352c9ad96bd054cf1a0c000f5c05cc38d24ac41,06a882f026fa0abf666ea9eef03a06fb34b4614d5e9b39def590300c0a3aae1a
MOTION-05,sterlingrow_residence_still_06.jpg,387124,e7b315403037f3f09a44e4881f7e3a1cfe8ef6ed5cf782acefe7b772bfcc32f3,90ab201d455e3d977363c8bf4352c9ad96bd054cf1a0c000f5c05cc38d24ac41,06a882f026fa0abf666ea9eef03a06fb34b4614d5e9b39def590300c0a3aae1a
MOTION-05,sterlingrow_residence_still_08.jpg,317837,d1626b4413e8451e3ba4890ba1e9cb46ef9cba45d747f59aa7440a087b725d18,90ab201d455e3d977363c8bf4352c9ad96bd054cf1a0c000f5c05cc38d24ac41,06a882f026fa0abf666ea9eef03a06fb34b4614d5e9b39def590300c0a3aae1a
MOTION-05,sterlingrow_units.csv,1248,5b7158ec1790bd1772b0e06418fd2572fa4d0094e089c25e9f6b4bb118c2e352,90ab201d455e3d977363c8bf4352c9ad96bd054cf1a0c000f5c05cc38d24ac41,06a882f026fa0abf666ea9eef03a06fb34b4614d5e9b39def590300c0a3aae1a
MOTION-05,sterlingrow_brand_note.txt,2944,790060eb225152684f4445690e19c0472d768ebf8c136c13bcd5f4b34ef22313,90ab201d455e3d977363c8bf4352c9ad96bd054cf1a0c000f5c05cc38d24ac41,06a882f026fa0abf666ea9eef03a06fb34b4614d5e9b39def590300c0a3aae1a
MOTION-06,meridian_screencast_04.mp4,5852595,353be0f9d09bf6586b3ad57e8c94ecf675ece3f002d3588177f903326ce8798b,f03bd39fb0e067ce6e75cf2a15367d35e2f18c72b5a050a12ee98fe373bb8e2b,7db9b1e1cc2abf5ec13f89b3fb4760b2953f8934fff238a038c00918cc4817a1
MOTION-06,meridian_screencast_05.mp4,9742053,0bd1c8f206a00dced47e06920848601d8e15c22f6894233a5e3590e626775ea5,f03bd39fb0e067ce6e75cf2a15367d35e2f18c72b5a050a12ee98fe373bb8e2b,7db9b1e1cc2abf5ec13f89b3fb4760b2953f8934fff238a038c00918cc4817a1
MOTION-06,meridian_certificate_print.jpg,1713917,ca8df3cd4d5ce153b9231a1462efae50772f7f8b97aec84dca71331822d27bae,f03bd39fb0e067ce6e75cf2a15367d35e2f18c72b5a050a12ee98fe373bb8e2b,7db9b1e1cc2abf5ec13f89b3fb4760b2953f8934fff238a038c00918cc4817a1
MOTION-06,meridian_lesson4_outline.txt,1679,3a778dcd088059c6d34af1c305dbc86ea7b701c50dd4011a4206698d4abdf88c,f03bd39fb0e067ce6e75cf2a15367d35e2f18c72b5a050a12ee98fe373bb8e2b,7db9b1e1cc2abf5ec13f89b3fb4760b2953f8934fff238a038c00918cc4817a1
MOTION-06,meridian_screencast_01.mp4,9096406,0fec17c7126ab7e910531264a444ef8a82361406fc5c896582d68410c1d3e406,f03bd39fb0e067ce6e75cf2a15367d35e2f18c72b5a050a12ee98fe373bb8e2b,7db9b1e1cc2abf5ec13f89b3fb4760b2953f8934fff238a038c00918cc4817a1
MOTION-06,meridian_lesson4_lecture.mp4,5816727,822afe5f5f058ef44ee33f313ede2c37d1dae506d4e915e37e9a6a509d5e31dd,f03bd39fb0e067ce6e75cf2a15367d35e2f18c72b5a050a12ee98fe373bb8e2b,7db9b1e1cc2abf5ec13f89b3fb4760b2953f8934fff238a038c00918cc4817a1
MOTION-06,meridian_screencast_02.mp4,8047364,a7f2b551c7a466cfdb50dd7afc1157ad5ba9aaf0c723ce8685a9fc4605235b72,f03bd39fb0e067ce6e75cf2a15367d35e2f18c72b5a050a12ee98fe373bb8e2b,7db9b1e1cc2abf5ec13f89b3fb4760b2953f8934fff238a038c00918cc4817a1
MOTION-06,meridian_screencast_03.mp4,11871120,9c5342e75539302f4425ee04eac920c6fd717e04c36e3f3e06cb50d2aa2d5115,f03bd39fb0e067ce6e75cf2a15367d35e2f18c72b5a050a12ee98fe373bb8e2b,7db9b1e1cc2abf5ec13f89b3fb4760b2953f8934fff238a038c00918cc4817a1
MOTION-06,meridian_captions.csv,2066,3481ca600b9384a6171de0009b40ab4d2dd6a0fd3b49b99f0e7512187969b9e1,f03bd39fb0e067ce6e75cf2a15367d35e2f18c72b5a050a12ee98fe373bb8e2b,7db9b1e1cc2abf5ec13f89b3fb4760b2953f8934fff238a038c00918cc4817a1
MOTION-07,norvant_founder_take.mp4,5473145,d8d70ba9c80b654c989691fbe30a2b1e8cbeff690d6e473ba8edd1920aec895d,0251dc26f5d16839ae327fe1cf521502452a181b4e10a42c5ef43e415bff2632,688a449979caedb8aa3d46588591aefa07072453e6987a3ac2fce58418cfdb47
MOTION-07,norvant_launch_card_2025.pdf,327344,4a948fa87e3563cece8f9077308fd107498604deae89ac44d9c7a3ec0f3eb184,0251dc26f5d16839ae327fe1cf521502452a181b4e10a42c5ef43e415bff2632,688a449979caedb8aa3d46588591aefa07072453e6987a3ac2fce58418cfdb47
MOTION-07,norvant_events.csv,2224,7293365dcc39314210e69c273c8fd0ef763d62bdc0275023fb8941e43abfa505,0251dc26f5d16839ae327fe1cf521502452a181b4e10a42c5ef43e415bff2632,688a449979caedb8aa3d46588591aefa07072453e6987a3ac2fce58418cfdb47
MOTION-07,norvant_launch_copy.txt,2664,035e4dc7e9485377bfedd124922824935a3cf5f5d16ba09b083b1a1f74e1f874,0251dc26f5d16839ae327fe1cf521502452a181b4e10a42c5ef43e415bff2632,688a449979caedb8aa3d46588591aefa07072453e6987a3ac2fce58418cfdb47
MOTION-07,norvant_venue_boston.jpg,1594282,ddec00b8690e939e438f06509de7f9f95dbafe0d839bf5d336b4b8ccb873fb2c,0251dc26f5d16839ae327fe1cf521502452a181b4e10a42c5ef43e415bff2632,688a449979caedb8aa3d46588591aefa07072453e6987a3ac2fce58418cfdb47
MOTION-07,norvant_venue_dallas.jpg,1720094,05c2f869f76cc29a1fc3d05c80c65208d64590c040be8c6f2501faf7fd61a2ab,0251dc26f5d16839ae327fe1cf521502452a181b4e10a42c5ef43e415bff2632,688a449979caedb8aa3d46588591aefa07072453e6987a3ac2fce58418cfdb47
MOTION-07,norvant_venue_columbus.jpg,1534072,388fe9e00604474de91007df20d69fbefef5da712c27cc80d14a6540735d01fc,0251dc26f5d16839ae327fe1cf521502452a181b4e10a42c5ef43e415bff2632,688a449979caedb8aa3d46588591aefa07072453e6987a3ac2fce58418cfdb47
MOTION-07,norvant_venue_chicago.jpg,1668732,e0d3fa11d83cf72112b7e6d44d948f508084c3ff04c20b74f71544340604ea77,0251dc26f5d16839ae327fe1cf521502452a181b4e10a42c5ef43e415bff2632,688a449979caedb8aa3d46588591aefa07072453e6987a3ac2fce58418cfdb47
MOTION-07,norvant_venue_atlanta.jpg,1927921,4b35a543efc5429a24396f5994093bf459cc3fcb770aec246b1bc5690f0ccc54,0251dc26f5d16839ae327fe1cf521502452a181b4e10a42c5ef43e415bff2632,688a449979caedb8aa3d46588591aefa07072453e6987a3ac2fce58418cfdb47
MOTION-07,norvant_venue_denver.jpg,1551117,1dc4e249ee3e22dd09b68399639a7963c7310ab75b731a66b533741a8a77b652,0251dc26f5d16839ae327fe1cf521502452a181b4e10a42c5ef43e415bff2632,688a449979caedb8aa3d46588591aefa07072453e6987a3ac2fce58418cfdb47
MOTION-07,norvant_venue_newyork.jpg,2122354,9c71b142239782fd9d3b5ef0044e69d2e4bdc97bd799360b3e230224a80c35e8,0251dc26f5d16839ae327fe1cf521502452a181b4e10a42c5ef43e415bff2632,688a449979caedb8aa3d46588591aefa07072453e6987a3ac2fce58418cfdb47
MOTION-07,norvant_venue_austin.jpg,1877499,f80ee8c4a3840174fb3ed477743803b0cbfe3e17f793be257a0f9cf41051e522,0251dc26f5d16839ae327fe1cf521502452a181b4e10a42c5ef43e415bff2632,688a449979caedb8aa3d46588591aefa07072453e6987a3ac2fce58418cfdb47
MOTION-07,norvant_venue_denver_02.jpg,1648127,db12ee984b0a373be459a2907fde1b5816e214eda5fed75678abe8c87d1f1c36,0251dc26f5d16839ae327fe1cf521502452a181b4e10a42c5ef43e415bff2632,688a449979caedb8aa3d46588591aefa07072453e6987a3ac2fce58418cfdb47
MOTION-07,norvant_venue_sanfrancisco.jpg,1757921,51294c9d3bc7590903f7c86bb35d38227779adc4ed99bc069bb0d79ccf15f72e,0251dc26f5d16839ae327fe1cf521502452a181b4e10a42c5ef43e415bff2632,688a449979caedb8aa3d46588591aefa07072453e6987a3ac2fce58418cfdb47
MOTION-07,norvant_venue_seattle.jpg,1964912,5206305f8a5825118f7e5248222517a6d1434b61053d4bd061aebd00c3c892c5,0251dc26f5d16839ae327fe1cf521502452a181b4e10a42c5ef43e415bff2632,688a449979caedb8aa3d46588591aefa07072453e6987a3ac2fce58418cfdb47
MOTION-07,norvant_reception_sign.jpg,2037247,3c7e1aff6e3d184be0df1645e52606933f459589c03ae7a1a8327ba34dbc046c,0251dc26f5d16839ae327fe1cf521502452a181b4e10a42c5ef43e415bff2632,688a449979caedb8aa3d46588591aefa07072453e6987a3ac2fce58418cfdb47
MOTION-07,norvant_venue_minneapolis.jpg,1988296,b4e939fa6a8e535f5fb12c75160767c1c248bc8fe2af9cd5281e989c29b27f2e,0251dc26f5d16839ae327fe1cf521502452a181b4e10a42c5ef43e415bff2632,688a449979caedb8aa3d46588591aefa07072453e6987a3ac2fce58418cfdb47
MOTION-08,sentinelmesh_demo_raw_screen_03.mp4,9282800,4cae74d334758f16e3e155698d12e3029f8f082d225a2a76de865bc447cd1b8a,6c30dcf62678db7b206dbf39dfc06e4a95ff80460b7685dda01c8fb97967f3ab,d05d694d5fd9c50a60f74d7f74b55b3d741bf68c1da70b6d06078a4fe4a22d1b
MOTION-08,sentinelmesh_demo_raw_office_02.mp4,9387197,e7473157f80b1986ea14c5e75df3a6bc3e27edba867cc730621bfc10cfad8105,6c30dcf62678db7b206dbf39dfc06e4a95ff80460b7685dda01c8fb97967f3ab,d05d694d5fd9c50a60f74d7f74b55b3d741bf68c1da70b6d06078a4fe4a22d1b
MOTION-08,sentinelmesh_demo_raw_screen_02.mp4,8542185,183bb0c8a83154e1f100113fa11d1d5d50e9809519331b55da69f0ea95067eb0,6c30dcf62678db7b206dbf39dfc06e4a95ff80460b7685dda01c8fb97967f3ab,d05d694d5fd9c50a60f74d7f74b55b3d741bf68c1da70b6d06078a4fe4a22d1b
MOTION-08,sentinelmesh_vo.wav,360104,082ae058022122fdfb87f4105216836c2ba9d1df367d394eccc2e14ab9b0ae16,6c30dcf62678db7b206dbf39dfc06e4a95ff80460b7685dda01c8fb97967f3ab,d05d694d5fd9c50a60f74d7f74b55b3d741bf68c1da70b6d06078a4fe4a22d1b
MOTION-08,sentinelmesh_still_05_overshoulder.jpg,1639830,9006463ec129fe85069462cba39d773501e3d41e7835ba6dce9fcc65be46388a,6c30dcf62678db7b206dbf39dfc06e4a95ff80460b7685dda01c8fb97967f3ab,d05d694d5fd9c50a60f74d7f74b55b3d741bf68c1da70b6d06078a4fe4a22d1b
MOTION-08,sentinelmesh_still_02_lobby_wall.jpg,3424562,39d7b4a72b447d184ff82ad7b314efb2a89f2fd35df914833342bf0106625878,6c30dcf62678db7b206dbf39dfc06e4a95ff80460b7685dda01c8fb97967f3ab,d05d694d5fd9c50a60f74d7f74b55b3d741bf68c1da70b6d06078a4fe4a22d1b
MOTION-08,sentinelmesh_mark_export.png,587273,94dc8c909033c4ab1131d28ef6508fb5a8e4f2a7d70faa67fb5ccb71785afd3d,6c30dcf62678db7b206dbf39dfc06e4a95ff80460b7685dda01c8fb97967f3ab,d05d694d5fd9c50a60f74d7f74b55b3d741bf68c1da70b6d06078a4fe4a22d1b
MOTION-08,sentinelmesh_still_04_laptop_rightthird.jpg,2275142,3cb41c55174743eb5d543b6011e1f13dbd20a10f2bbd974553190931c78570bd,6c30dcf62678db7b206dbf39dfc06e4a95ff80460b7685dda01c8fb97967f3ab,d05d694d5fd9c50a60f74d7f74b55b3d741bf68c1da70b6d06078a4fe4a22d1b
MOTION-08,sentinelmesh_still_01_ops_desk.jpg,2834573,fb1e6e275eeb9c23f8ef060bfb5b57e8645c8e87c71e03df47941762c1fc30b8,6c30dcf62678db7b206dbf39dfc06e4a95ff80460b7685dda01c8fb97967f3ab,d05d694d5fd9c50a60f74d7f74b55b3d741bf68c1da70b6d06078a4fe4a22d1b
MOTION-08,sentinelmesh_messaging.csv,1574,20ef5e2dcac1375e098e33fcbe57eff190240c4d7c6a0492866fd71c478f5b87,6c30dcf62678db7b206dbf39dfc06e4a95ff80460b7685dda01c8fb97967f3ab,d05d694d5fd9c50a60f74d7f74b55b3d741bf68c1da70b6d06078a4fe4a22d1b
MOTION-08,sentinelmesh_still_03_laptop_centered.jpg,1629522,699ffeecffcfdd2e8c9b7e9e2d8bab9104e99b64da8336667f2fb9c169c8c387,6c30dcf62678db7b206dbf39dfc06e4a95ff80460b7685dda01c8fb97967f3ab,d05d694d5fd9c50a60f74d7f74b55b3d741bf68c1da70b6d06078a4fe4a22d1b
MOTION-08,sentinelmesh_demo_raw_screen_01.mp4,9252017,a2df5c810ca8d2321b7c12dfa8c20fa33d7764ba9fa2f4b92173a76fda5a2d33,6c30dcf62678db7b206dbf39dfc06e4a95ff80460b7685dda01c8fb97967f3ab,d05d694d5fd9c50a60f74d7f74b55b3d741bf68c1da70b6d06078a4fe4a22d1b
MOTION-08,sentinelmesh_tradeshow_banner.jpg,2022430,d8fbe0a36627cb7662a3246d6348c67acb7210eb3939ee2b15d76d3454421f4a,6c30dcf62678db7b206dbf39dfc06e4a95ff80460b7685dda01c8fb97967f3ab,d05d694d5fd9c50a60f74d7f74b55b3d741bf68c1da70b6d06078a4fe4a22d1b
MOTION-08,sentinelmesh_demo_raw_office_01.mp4,9294325,0fc2cf8dead23f905a3135aa54d40611f6c0d6877db9c9e4d7048eea2780083e,6c30dcf62678db7b206dbf39dfc06e4a95ff80460b7685dda01c8fb97967f3ab,d05d694d5fd9c50a60f74d7f74b55b3d741bf68c1da70b6d06078a4fe4a22d1b
MOTION-09,voltcast_e42_select_03.jpg,297789,f9bb39c2d2b5f3bc759387cadd28bc32271ee1439ce9b26aab2a3af19d459e55,4c32857c64c4a005986c1e54a345364c1c92067f9d628e950ece7d43b75463bd,7e8efcaca06013d61a5af896856bab6e46d8ff6fa0e8d3e0aca9ce9ba83dccf6
MOTION-09,voltcast_e42_select_01.jpg,264911,d27f01ee6638e1e571e2a0d4fad8b558334d7c63f54c5fb3252dea5430ef5328,4c32857c64c4a005986c1e54a345364c1c92067f9d628e950ece7d43b75463bd,7e8efcaca06013d61a5af896856bab6e46d8ff6fa0e8d3e0aca9ce9ba83dccf6
MOTION-09,voltcast_e42_select_06.jpg,316074,9ed68354696a30135614a4f64649aae2162f4f648292eb483774bf09ae637187,4c32857c64c4a005986c1e54a345364c1c92067f9d628e950ece7d43b75463bd,7e8efcaca06013d61a5af896856bab6e46d8ff6fa0e8d3e0aca9ce9ba83dccf6
MOTION-09,voltcast_e42_select_04.jpg,311489,be1eb24b66bfd428b23afbfd87fdeeda623e9342605f899e09270b1cfff0590f,4c32857c64c4a005986c1e54a345364c1c92067f9d628e950ece7d43b75463bd,7e8efcaca06013d61a5af896856bab6e46d8ff6fa0e8d3e0aca9ce9ba83dccf6
MOTION-09,voltcast_e42_master.mp4,6883979,55c81ad806ca3ae2f7efc0108caff0ebcda770823ff4539dd55391e163556e99,4c32857c64c4a005986c1e54a345364c1c92067f9d628e950ece7d43b75463bd,7e8efcaca06013d61a5af896856bab6e46d8ff6fa0e8d3e0aca9ce9ba83dccf6
MOTION-09,voltcast_e42_select_08.jpg,408345,638c66630997dabb206e888cde06b77686304432623454624c546cecea400aff,4c32857c64c4a005986c1e54a345364c1c92067f9d628e950ece7d43b75463bd,7e8efcaca06013d61a5af896856bab6e46d8ff6fa0e8d3e0aca9ce9ba83dccf6
MOTION-09,voltcast_e42_select_09.jpg,355148,686b821928d23eccc0f16c365967ab06729e76590806d972a2540dc026c0b66d,4c32857c64c4a005986c1e54a345364c1c92067f9d628e950ece7d43b75463bd,7e8efcaca06013d61a5af896856bab6e46d8ff6fa0e8d3e0aca9ce9ba83dccf6
MOTION-09,voltcast_bug.png,1183475,7ef99bdd1824aa4beef1fcd702642e680d75013ce8488629a393535d52d13202,4c32857c64c4a005986c1e54a345364c1c92067f9d628e950ece7d43b75463bd,7e8efcaca06013d61a5af896856bab6e46d8ff6fa0e8d3e0aca9ce9ba83dccf6
MOTION-09,voltcast_e42_select_11.jpg,286238,b577efaa9ff00ca710b4ffd9691079c1acfad1c7fcec3eb7127faa4b61bda3ce,4c32857c64c4a005986c1e54a345364c1c92067f9d628e950ece7d43b75463bd,7e8efcaca06013d61a5af896856bab6e46d8ff6fa0e8d3e0aca9ce9ba83dccf6
MOTION-09,voltcast_e42_select_02.jpg,254688,c51b9c29c08c8080af3836965a401d7b8652e63df6d77ec547b0408aea217403,4c32857c64c4a005986c1e54a345364c1c92067f9d628e950ece7d43b75463bd,7e8efcaca06013d61a5af896856bab6e46d8ff6fa0e8d3e0aca9ce9ba83dccf6
MOTION-09,voltcast_e42_select_10.jpg,189369,d0a4ea5cc8cbff92a62db48463b6590268fe49a4611ca3aaef9d663d102b2e36,4c32857c64c4a005986c1e54a345364c1c92067f9d628e950ece7d43b75463bd,7e8efcaca06013d61a5af896856bab6e46d8ff6fa0e8d3e0aca9ce9ba83dccf6
MOTION-09,voltcast_sponsor_readout.txt,1339,5562b24e2a74143478fff0272c738d6aa6c44e2e8a51c0b4efa5cff72422ccc6,4c32857c64c4a005986c1e54a345364c1c92067f9d628e950ece7d43b75463bd,7e8efcaca06013d61a5af896856bab6e46d8ff6fa0e8d3e0aca9ce9ba83dccf6
MOTION-09,voltcast_channel_notes.md,1104,b989eb94ad115a3c9d40fbaa9866d3c70fbedb1b2d35bd1f42a7b1e14fa69064,4c32857c64c4a005986c1e54a345364c1c92067f9d628e950ece7d43b75463bd,7e8efcaca06013d61a5af896856bab6e46d8ff6fa0e8d3e0aca9ce9ba83dccf6
MOTION-09,voltcast_e42_select_05.jpg,305163,d3dbffebae7e4d99eb81826027f564f3f8d791166dc53af400936ae0c6a90a80,4c32857c64c4a005986c1e54a345364c1c92067f9d628e950ece7d43b75463bd,7e8efcaca06013d61a5af896856bab6e46d8ff6fa0e8d3e0aca9ce9ba83dccf6
MOTION-09,voltcast_e42_select_07.jpg,392431,527cb7a60234c46e9d834e7d6ffe4aa5dec2d67140264583253e9856d6bb45cd,4c32857c64c4a005986c1e54a345364c1c92067f9d628e950ece7d43b75463bd,7e8efcaca06013d61a5af896856bab6e46d8ff6fa0e8d3e0aca9ce9ba83dccf6
MOTION-09,voltcast_e42_select_12.jpg,332342,ebda45be79bd43b6e7ea66e511209266a01abd660c8a965e52666519ec52c39e,4c32857c64c4a005986c1e54a345364c1c92067f9d628e950ece7d43b75463bd,7e8efcaca06013d61a5af896856bab6e46d8ff6fa0e8d3e0aca9ce9ba83dccf6
MOTION-10,daydrift_ep08.mp4,10852342,85453121a28fdea4dd5352d8df89c238021cc2f3cfe2426e7b55f962e53b2825,9a5db68d16304806ad68f3e7cccd1882bb04f63adcd865ebf7ea04dc5c89eedd,d1f1c4bd35b239361b24f8a157b30c8005dbb80d45c36220be62880019108380
MOTION-10,daydrift_mic_flag.jpg,1935170,1428d085eefb1f93f2ff3d9adfea16a29db5f92ee3a24f5f442d9200244f073a,9a5db68d16304806ad68f3e7cccd1882bb04f63adcd865ebf7ea04dc5c89eedd,d1f1c4bd35b239361b24f8a157b30c8005dbb80d45c36220be62880019108380
MOTION-10,daydrift_card_2025.pdf,158229,f8db33d65b3bfa97f9e080dd50b68c676c3424890c3895e0ce023b90b2a0b1dc,9a5db68d16304806ad68f3e7cccd1882bb04f63adcd865ebf7ea04dc5c89eedd,d1f1c4bd35b239361b24f8a157b30c8005dbb80d45c36220be62880019108380
MOTION-10,daydrift_ep05.mp4,9222645,1fdff1cf2fb5ba2dabb525f6b05947d47cf3e37f965fd2a7c811ba9fc9fd7ec3,9a5db68d16304806ad68f3e7cccd1882bb04f63adcd865ebf7ea04dc5c89eedd,d1f1c4bd35b239361b24f8a157b30c8005dbb80d45c36220be62880019108380
MOTION-10,daydrift_ep02.mp4,9353970,9521dd63a82719adeb57787befea054f84bac54dc3b5b9ea6e0374d426637be2,9a5db68d16304806ad68f3e7cccd1882bb04f63adcd865ebf7ea04dc5c89eedd,d1f1c4bd35b239361b24f8a157b30c8005dbb80d45c36220be62880019108380
MOTION-10,daydrift_shownotes.txt,1668,6680f662c25510457fefddf4d92dfdcf642979c8603126c88588bc8ff8d384f4,9a5db68d16304806ad68f3e7cccd1882bb04f63adcd865ebf7ea04dc5c89eedd,d1f1c4bd35b239361b24f8a157b30c8005dbb80d45c36220be62880019108380
MOTION-10,daydrift_season4.csv,2042,a05fad7cb5263f814e33b89050e5d3638b1a4aa18c0e2df22174465bebdb8a9b,9a5db68d16304806ad68f3e7cccd1882bb04f63adcd865ebf7ea04dc5c89eedd,d1f1c4bd35b239361b24f8a157b30c8005dbb80d45c36220be62880019108380
MOTION-11,staticfox_captures/staticfox_capture_01.mp4,11916064,33a43426bcfef8ef3727fc262b05c8d7e565f5b9fc4791f8432f4d16a14ac196,4a60939624ff4818d60d3ea6c3c15a5cdabcd030ed5c2e98c983346d8b50444b,3b8424d12dad00ad6bb02bb1197bac03286c1c2bd2a33ea86f326f58cbd77d63
MOTION-11,staticfox_captures/staticfox_capture_02.mp4,10318968,9b6dde66745bf625c7a8a838304774f671b3bbd0d6299f0c1b420a85a407ef8d,4a60939624ff4818d60d3ea6c3c15a5cdabcd030ed5c2e98c983346d8b50444b,3b8424d12dad00ad6bb02bb1197bac03286c1c2bd2a33ea86f326f58cbd77d63
MOTION-11,staticfox_captures/staticfox_capture_03.mp4,9943701,5fdbe7918257f4a79d53556f42293362bafe41797870c2e997abf90e38421c03,4a60939624ff4818d60d3ea6c3c15a5cdabcd030ed5c2e98c983346d8b50444b,3b8424d12dad00ad6bb02bb1197bac03286c1c2bd2a33ea86f326f58cbd77d63
MOTION-11,staticfox_captures/staticfox_capture_04.mp4,12369852,2f658c5c7d9dc74d4d34e604d27844b5208c562268ca83881d6a6f32c45aa064,4a60939624ff4818d60d3ea6c3c15a5cdabcd030ed5c2e98c983346d8b50444b,3b8424d12dad00ad6bb02bb1197bac03286c1c2bd2a33ea86f326f58cbd77d63
MOTION-11,staticfox_captures/staticfox_capture_05.mp4,11261682,ce7a1d4035fa37f89751a01a8543ab95f207ddf0b96236b20e1e7b12451dd07f,4a60939624ff4818d60d3ea6c3c15a5cdabcd030ed5c2e98c983346d8b50444b,3b8424d12dad00ad6bb02bb1197bac03286c1c2bd2a33ea86f326f58cbd77d63
MOTION-11,staticfox_captures/staticfox_capture_06.mp4,13802308,f21b6281328cff4633da4bcacd7bcd03542fbe87667a1b6f7931ae2fe508c161,4a60939624ff4818d60d3ea6c3c15a5cdabcd030ed5c2e98c983346d8b50444b,3b8424d12dad00ad6bb02bb1197bac03286c1c2bd2a33ea86f326f58cbd77d63
MOTION-11,staticfox_scrap_render.png,2287326,1926c8e80b107d149d2d0adf9cf97ceaa2afe47c39075d5abe6364b52004ffb2,4a60939624ff4818d60d3ea6c3c15a5cdabcd030ed5c2e98c983346d8b50444b,3b8424d12dad00ad6bb02bb1197bac03286c1c2bd2a33ea86f326f58cbd77d63
MOTION-11,staticfox_patch.jpg,2032258,3098aa1134d9327f527d51fd8d826e07e7c70df3afa7896f2b5d4a19dbf3671e,4a60939624ff4818d60d3ea6c3c15a5cdabcd030ed5c2e98c983346d8b50444b,3b8424d12dad00ad6bb02bb1197bac03286c1c2bd2a33ea86f326f58cbd77d63
MOTION-11,staticfox_titles.txt,911,784815cd8c5b0c0472bf784276134a5c3e26e02d4432283459add83ff16df425,4a60939624ff4818d60d3ea6c3c15a5cdabcd030ed5c2e98c983346d8b50444b,3b8424d12dad00ad6bb02bb1197bac03286c1c2bd2a33ea86f326f58cbd77d63
MOTION-11,staticfox_refs.png,2693532,571c40a54811aa8c79f3bd22dcc00fb6f17f0947ece497913b2a7cc9b6a6f612,4a60939624ff4818d60d3ea6c3c15a5cdabcd030ed5c2e98c983346d8b50444b,3b8424d12dad00ad6bb02bb1197bac03286c1c2bd2a33ea86f326f58cbd77d63
MOTION-12,nightform_low_beam_take.mov,10010239,dfa27e1eccc8fb1202b34a6e09b220cf07f634f1b41ee2928339a8dce2c423b4,11c478a4e74ce6a85f4787b874161f3013be53a07ab0aac7a1b25d97c8746f98,052bdbb13efcfb08e84110620057ee0c2c108df9f84d2c98c338ff0d60f92135
MOTION-12,nightform_card_2024.pdf,57163,9f697aff3d04c09ad087373c05b2cb33280b6a1c6a9a811979f5bf5036b5666a,11c478a4e74ce6a85f4787b874161f3013be53a07ab0aac7a1b25d97c8746f98,052bdbb13efcfb08e84110620057ee0c2c108df9f84d2c98c338ff0d60f92135
MOTION-12,nightform_captions.txt,859,5c2c2c08ea9f4cfde22e90f34a57f871bb263b4ecc6bb461130e4b8ef9b05d48,11c478a4e74ce6a85f4787b874161f3013be53a07ab0aac7a1b25d97c8746f98,052bdbb13efcfb08e84110620057ee0c2c108df9f84d2c98c338ff0d60f92135
MOTION-12,nightform_shotlist.md,981,335ff722d478e62431c43557aee4632b0089df05f74cb9ae60d04094c6eb55ae,11c478a4e74ce6a85f4787b874161f3013be53a07ab0aac7a1b25d97c8746f98,052bdbb13efcfb08e84110620057ee0c2c108df9f84d2c98c338ff0d60f92135
MOTION-12,nightform_formats.csv,330,db460ee9e0fb280306c95885d1f16fc0b074d4970a9260ad5ae186ebfc9202c7,11c478a4e74ce6a85f4787b874161f3013be53a07ab0aac7a1b25d97c8746f98,052bdbb13efcfb08e84110620057ee0c2c108df9f84d2c98c338ff0d60f92135
MOTION-12,nightform_wordmark.png,126458,4a22ff62c3929f37a0f3df394ac9c09b70a761ae0f480e968997fca07eb45e64,11c478a4e74ce6a85f4787b874161f3013be53a07ab0aac7a1b25d97c8746f98,052bdbb13efcfb08e84110620057ee0c2c108df9f84d2c98c338ff0d60f92135
MOTION-13,emberline_keyframe_01.jpg,1597857,52fe82b3bdac6991235c5a75c1c4d6542d5cde7a99369cb97e102ae07a6c9b8a,5ac6d76e92970c1d70458603dcd2a85de95f507c8ba0e6748e02c1da5aeb8dbb,d63b0d9ee3eb4c89764e79c5b1f8ccb0592f524d2631cadbc9377d7764f34fc5
MOTION-13,emberline_keyframe_02.jpg,1639611,8809887abb215b2305c149456d0f2e9265cd83787a6db3fdbde11373c121b960,5ac6d76e92970c1d70458603dcd2a85de95f507c8ba0e6748e02c1da5aeb8dbb,d63b0d9ee3eb4c89764e79c5b1f8ccb0592f524d2631cadbc9377d7764f34fc5
MOTION-13,emberline_keyframe_03.jpg,1488468,5d219e86b02ed2dd29b3b5c64cb437f8855b33d9b13cf0e64171d7b55816ef0f,5ac6d76e92970c1d70458603dcd2a85de95f507c8ba0e6748e02c1da5aeb8dbb,d63b0d9ee3eb4c89764e79c5b1f8ccb0592f524d2631cadbc9377d7764f34fc5
MOTION-13,emberline_keyframe_04.jpg,1264073,a38303ec56ef7309350343573d3cd60ef53fd7fa264d608851e65a6a8a259f07,5ac6d76e92970c1d70458603dcd2a85de95f507c8ba0e6748e02c1da5aeb8dbb,d63b0d9ee3eb4c89764e79c5b1f8ccb0592f524d2631cadbc9377d7764f34fc5
MOTION-13,emberline_keyframe_06.jpg,1490989,9db4e6b08de4708bbfaa435b50558813222878d2ab6fb4033afe7038eb58f24b,5ac6d76e92970c1d70458603dcd2a85de95f507c8ba0e6748e02c1da5aeb8dbb,d63b0d9ee3eb4c89764e79c5b1f8ccb0592f524d2631cadbc9377d7764f34fc5
MOTION-13,emberline_keyframe_08.jpg,1576635,ef500f3b4ec946caa5b8de67fd4994a127f8481cd4a323430668e44e99c701f0,5ac6d76e92970c1d70458603dcd2a85de95f507c8ba0e6748e02c1da5aeb8dbb,d63b0d9ee3eb4c89764e79c5b1f8ccb0592f524d2631cadbc9377d7764f34fc5
MOTION-13,emberline_dish_hero.jpg,5807761,a25cc8b9fba0a220d11b3962f7015c88b9066f8785ea119d98647b86dd94bd42,5ac6d76e92970c1d70458603dcd2a85de95f507c8ba0e6748e02c1da5aeb8dbb,d63b0d9ee3eb4c89764e79c5b1f8ccb0592f524d2631cadbc9377d7764f34fc5
MOTION-13,emberline_keyframe_05.jpg,1582482,b49d4e72b9abf366c14693a723bf12de7766c9e6168a3f2ffb03f1b3d44415c9,5ac6d76e92970c1d70458603dcd2a85de95f507c8ba0e6748e02c1da5aeb8dbb,d63b0d9ee3eb4c89764e79c5b1f8ccb0592f524d2631cadbc9377d7764f34fc5
MOTION-13,emberline_keyframe_07.jpg,1596109,cda50c4ae91232fe0321647797fd0654774c1a8f213837a6b255311287c58468,5ac6d76e92970c1d70458603dcd2a85de95f507c8ba0e6748e02c1da5aeb8dbb,d63b0d9ee3eb4c89764e79c5b1f8ccb0592f524d2631cadbc9377d7764f34fc5
MOTION-13,emberline_day_take.mp4,11514120,48b07d2581aaf2fd3d2718d43e04064fd3fba0439d88f68c1c4f85c305857e44,5ac6d76e92970c1d70458603dcd2a85de95f507c8ba0e6748e02c1da5aeb8dbb,d63b0d9ee3eb4c89764e79c5b1f8ccb0592f524d2631cadbc9377d7764f34fc5
MOTION-13,emberline_card_template.pdf,278494,1432554cea70401b43cf6e400b005cf1a1ece6be9ef66bbbf50b7f9f7cbe6f19,5ac6d76e92970c1d70458603dcd2a85de95f507c8ba0e6748e02c1da5aeb8dbb,d63b0d9ee3eb4c89764e79c5b1f8ccb0592f524d2631cadbc9377d7764f34fc5
MOTION-13,emberline_house_type.md,1024,d81be79c3990d80663d4f7c3a71fa85ec0dc13a83c505ee9d8fb7db0ae3d8ead,5ac6d76e92970c1d70458603dcd2a85de95f507c8ba0e6748e02c1da5aeb8dbb,d63b0d9ee3eb4c89764e79c5b1f8ccb0592f524d2631cadbc9377d7764f34fc5
MOTION-13,emberline_rundown.md,1243,66de049828b27edf3e8b20bfd4903020155a9b1c64951cb04fc065fb1756f83a,5ac6d76e92970c1d70458603dcd2a85de95f507c8ba0e6748e02c1da5aeb8dbb,d63b0d9ee3eb4c89764e79c5b1f8ccb0592f524d2631cadbc9377d7764f34fc5
MOTION-13,emberline_cards.csv,1008,8427b8bb84208c2d8c61362917db67207074143dc8d43ad34462f88ef928b287,5ac6d76e92970c1d70458603dcd2a85de95f507c8ba0e6748e02c1da5aeb8dbb,d63b0d9ee3eb4c89764e79c5b1f8ccb0592f524d2631cadbc9377d7764f34fc5
MOTION-13,emberline_bug_grab.png,590343,0429c49d5ba15027adca707ab9b23d91b196553f10677786fa07f5a4a1811ce3,5ac6d76e92970c1d70458603dcd2a85de95f507c8ba0e6748e02c1da5aeb8dbb,d63b0d9ee3eb4c89764e79c5b1f8ccb0592f524d2631cadbc9377d7764f34fc5
MOTION-14,halden_ep_06.mp4,6851813,20c60df3910a7c91bf3d84cb1010c1c12cd24ca1b01bc200562842c657a6c2b2,30d31db98b3023ebeb9f786213478826b32b3e5504dc7013afe49f1dcf01564e,b78c8996483cc465619e30205a939dd8bc3aa57c36fca760c912ebd2bf20aabe
MOTION-14,halden_ep_05.mp4,9225073,294d03d8d39dba25af535101c959a63da1d14e4770c93b24eb0732878970e3fc,30d31db98b3023ebeb9f786213478826b32b3e5504dc7013afe49f1dcf01564e,b78c8996483cc465619e30205a939dd8bc3aa57c36fca760c912ebd2bf20aabe
MOTION-14,halden_ep_07.mp4,9106537,5b6cdf55cc743e6f0e8e3835a5567af07af1f0730d7dd20d8bca33910a5e8a3a,30d31db98b3023ebeb9f786213478826b32b3e5504dc7013afe49f1dcf01564e,b78c8996483cc465619e30205a939dd8bc3aa57c36fca760c912ebd2bf20aabe
MOTION-14,halden_ep_02.mp4,9829808,df8ee00eea30411f2bd141023b93b00cb28e998dd2c3af85170feab64c0f09de,30d31db98b3023ebeb9f786213478826b32b3e5504dc7013afe49f1dcf01564e,b78c8996483cc465619e30205a939dd8bc3aa57c36fca760c912ebd2bf20aabe
MOTION-14,halden_ep_04.mp4,10066313,bf73344b3648b3f2eda60850d3f66aaf5468a6c79bffa8df2ecf9cf8b934bce4,30d31db98b3023ebeb9f786213478826b32b3e5504dc7013afe49f1dcf01564e,b78c8996483cc465619e30205a939dd8bc3aa57c36fca760c912ebd2bf20aabe
MOTION-14,halden_ep_08.mp4,9721675,e8698db8f1a06fd73dc196f8340e100b7ba916e9afe02011b5df5028eade65f1,30d31db98b3023ebeb9f786213478826b32b3e5504dc7013afe49f1dcf01564e,b78c8996483cc465619e30205a939dd8bc3aa57c36fca760c912ebd2bf20aabe
MOTION-14,halden_ep_03.mp4,11288787,93f63f1389954cebf545cab1f9767255dfb37c645b52fd8afcf888b0cca776df,30d31db98b3023ebeb9f786213478826b32b3e5504dc7013afe49f1dcf01564e,b78c8996483cc465619e30205a939dd8bc3aa57c36fca760c912ebd2bf20aabe
MOTION-14,halden_ep_01.mp4,10103738,151761551a4569485f706dbed6d7fbe67139ff29852bd386d366246e1e505795,30d31db98b3023ebeb9f786213478826b32b3e5504dc7013afe49f1dcf01564e,b78c8996483cc465619e30205a939dd8bc3aa57c36fca760c912ebd2bf20aabe
MOTION-14,halden_still_01.jpg,1340084,ae1bb0f09dd2c5ad9c5af9d7320cbd8e15ed148ed8d6f5d8819a9bf7729de16b,30d31db98b3023ebeb9f786213478826b32b3e5504dc7013afe49f1dcf01564e,b78c8996483cc465619e30205a939dd8bc3aa57c36fca760c912ebd2bf20aabe
MOTION-14,halden_still_03.jpg,1632288,544c44f79abf48420f57dc4b8a9376f7a054cada267a3b0e78fd78840295ab17,30d31db98b3023ebeb9f786213478826b32b3e5504dc7013afe49f1dcf01564e,b78c8996483cc465619e30205a939dd8bc3aa57c36fca760c912ebd2bf20aabe
MOTION-14,halden_still_05.jpg,1611300,7fd031cb0705b967ce95f9f529aaa04d25c9c6e3be5b790a26f215394fbbf4ed,30d31db98b3023ebeb9f786213478826b32b3e5504dc7013afe49f1dcf01564e,b78c8996483cc465619e30205a939dd8bc3aa57c36fca760c912ebd2bf20aabe
MOTION-14,halden_still_02.jpg,1480750,2ef1d70ae54240ba316cec7788ebd86e786b2c455dc57957025d0e53d6e096f8,30d31db98b3023ebeb9f786213478826b32b3e5504dc7013afe49f1dcf01564e,b78c8996483cc465619e30205a939dd8bc3aa57c36fca760c912ebd2bf20aabe
MOTION-14,halden_still_04.jpg,183871,09ac716886ee701326a224ae474a5e66929e0d6968158654d35d968cd594a5e5,30d31db98b3023ebeb9f786213478826b32b3e5504dc7013afe49f1dcf01564e,b78c8996483cc465619e30205a939dd8bc3aa57c36fca760c912ebd2bf20aabe
MOTION-14,halden_still_06.jpg,456060,13e71a58f26c00c0809439ed0958fd30d201798c188c79d67c5ffea56d375e8d,30d31db98b3023ebeb9f786213478826b32b3e5504dc7013afe49f1dcf01564e,b78c8996483cc465619e30205a939dd8bc3aa57c36fca760c912ebd2bf20aabe
MOTION-14,halden_still_08.jpg,1104214,c4ef44805667bdc3a5eae5daf4339bf42c43f48a7925ad73c6611f7217fd7270,30d31db98b3023ebeb9f786213478826b32b3e5504dc7013afe49f1dcf01564e,b78c8996483cc465619e30205a939dd8bc3aa57c36fca760c912ebd2bf20aabe
MOTION-14,halden_recap_vo.wav,265880,0c6112bd0a1a1ad1224c8d0095ddc74ab3b691f36842dd91d400662c74f1de5a,30d31db98b3023ebeb9f786213478826b32b3e5504dc7013afe49f1dcf01564e,b78c8996483cc465619e30205a939dd8bc3aa57c36fca760c912ebd2bf20aabe
MOTION-14,halden_episode_copy.txt,1538,8388252731ded753b261b8f6918394c07d0203ba01c87dba3d7db5636c0e9244,30d31db98b3023ebeb9f786213478826b32b3e5504dc7013afe49f1dcf01564e,b78c8996483cc465619e30205a939dd8bc3aa57c36fca760c912ebd2bf20aabe
MOTION-14,halden_patron_card_2025.pdf,234162,62e4ca663ecb0620b0eba66b4460a77950d18810e97db1607bc5cf6fec392ef3,30d31db98b3023ebeb9f786213478826b32b3e5504dc7013afe49f1dcf01564e,b78c8996483cc465619e30205a939dd8bc3aa57c36fca760c912ebd2bf20aabe
MOTION-14,halden_desk_board.jpg,1687238,11a20b969059bc3b97da5897bd4e50385bc6cabb554ebaca5652174995da2181,30d31db98b3023ebeb9f786213478826b32b3e5504dc7013afe49f1dcf01564e,b78c8996483cc465619e30205a939dd8bc3aa57c36fca760c912ebd2bf20aabe
MOTION-14,halden_still_07.jpg,187800,f3da04e9d5195090090cb28e954abf11ff8eb4cd2273be30918ad4e797a04318,30d31db98b3023ebeb9f786213478826b32b3e5504dc7013afe49f1dcf01564e,b78c8996483cc465619e30205a939dd8bc3aa57c36fca760c912ebd2bf20aabe
MOTION-15,deadlift_take1.mp4,8067053,5c7d05829cd4e0c2a11239b415b0ff329172c1725c33fc758e199cd3060da65d,3bd0b8af14d30dc5a59dbc7d13f3a194f8c9c92d2b586e95dd22bea02c38b25e,f16f0bddfe12d7567a49b76781cd26194ed6a9302fe07252f2838bc0c6a352f1
MOTION-15,deadlift_take2.mp4,9763516,8e8072002c1b9bfad0e34a3d4cbc5e157ba1398018bec6648a31ac60e437c0fe,3bd0b8af14d30dc5a59dbc7d13f3a194f8c9c92d2b586e95dd22bea02c38b25e,f16f0bddfe12d7567a49b76781cd26194ed6a9302fe07252f2838bc0c6a352f1
MOTION-15,deadlift_take3.mp4,10513845,393da82bfce9d585d0ca1c601dd4c52442b08ae4bb2bcf8911266c91827ce077,3bd0b8af14d30dc5a59dbc7d13f3a194f8c9c92d2b586e95dd22bea02c38b25e,f16f0bddfe12d7567a49b76781cd26194ed6a9302fe07252f2838bc0c6a352f1
MOTION-15,backsquat_take1.mp4,8955037,1e1e82fcfac45989d2a8ec1064c18e68d604fc723e210500b9639e786e2040b2,3bd0b8af14d30dc5a59dbc7d13f3a194f8c9c92d2b586e95dd22bea02c38b25e,f16f0bddfe12d7567a49b76781cd26194ed6a9302fe07252f2838bc0c6a352f1
MOTION-15,backsquat_take2.mp4,7828601,f7c10d7fab79d516f81dfea173643a73b23a21d3aefd0b4007817212ee8c049f,3bd0b8af14d30dc5a59dbc7d13f3a194f8c9c92d2b586e95dd22bea02c38b25e,f16f0bddfe12d7567a49b76781cd26194ed6a9302fe07252f2838bc0c6a352f1
MOTION-15,ohp_take1.mp4,7286196,e38d392436976e1642e6f49b5727fe2c85521c92d4714fa95fe2f05f11375d2c,3bd0b8af14d30dc5a59dbc7d13f3a194f8c9c92d2b586e95dd22bea02c38b25e,f16f0bddfe12d7567a49b76781cd26194ed6a9302fe07252f2838bc0c6a352f1
MOTION-15,ohp_take2.mp4,8036552,a60b23018276e13dfab00e9b1cbdc67ffe78b1166cc1c0d857a71fd60a5f6374,3bd0b8af14d30dc5a59dbc7d13f3a194f8c9c92d2b586e95dd22bea02c38b25e,f16f0bddfe12d7567a49b76781cd26194ed6a9302fe07252f2838bc0c6a352f1
MOTION-15,ohp_take3.mp4,9300774,42d06f4fbf186efa3dfac476829936fc1108a47dc682dd2fcc433bb5f92effea,3bd0b8af14d30dc5a59dbc7d13f3a194f8c9c92d2b586e95dd22bea02c38b25e,f16f0bddfe12d7567a49b76781cd26194ed6a9302fe07252f2838bc0c6a352f1
MOTION-15,bench_take1.mp4,7486963,4695e0e5fd927c65f59326f9e8a30f258a4ce68269334cfd1fc6292602c9039a,3bd0b8af14d30dc5a59dbc7d13f3a194f8c9c92d2b586e95dd22bea02c38b25e,f16f0bddfe12d7567a49b76781cd26194ed6a9302fe07252f2838bc0c6a352f1
MOTION-15,bench_take2.mp4,7984491,4cf0613f4f815edee653ace959242299e879cadd99698692d3983f928fae874a,3bd0b8af14d30dc5a59dbc7d13f3a194f8c9c92d2b586e95dd22bea02c38b25e,f16f0bddfe12d7567a49b76781cd26194ed6a9302fe07252f2838bc0c6a352f1
MOTION-15,row_take2.mp4,7139144,c929826678b9db610bb556f3804c3be8bf29bf9126b936a2bbc0d693ce456fdd,3bd0b8af14d30dc5a59dbc7d13f3a194f8c9c92d2b586e95dd22bea02c38b25e,f16f0bddfe12d7567a49b76781cd26194ed6a9302fe07252f2838bc0c6a352f1
MOTION-15,row_take1.mp4,7080873,883c208f1e99b2805a874b2e4da093c1f62d4e7c6c636f9997b23ff729c3f300,3bd0b8af14d30dc5a59dbc7d13f3a194f8c9c92d2b586e95dd22bea02c38b25e,f16f0bddfe12d7567a49b76781cd26194ed6a9302fe07252f2838bc0c6a352f1
MOTION-15,frontsquat_take1.mp4,9028890,689454562dcca56dce1773a8939a22ac551fc9d0c528fc04fae912a7c99aaf48,3bd0b8af14d30dc5a59dbc7d13f3a194f8c9c92d2b586e95dd22bea02c38b25e,f16f0bddfe12d7567a49b76781cd26194ed6a9302fe07252f2838bc0c6a352f1
MOTION-15,frontsquat_take2_phone.mp4,9163386,6acf9fbc332eaad44974f76ad04e1849eea2df0a166abf75ccb9ec426b15042b,3bd0b8af14d30dc5a59dbc7d13f3a194f8c9c92d2b586e95dd22bea02c38b25e,f16f0bddfe12d7567a49b76781cd26194ed6a9302fe07252f2838bc0c6a352f1
MOTION-15,ohp_poster.jpg,2585369,4207a76dc38515c127518e4c21079860bfd9b31ee9649bb39c8791da9142f378,3bd0b8af14d30dc5a59dbc7d13f3a194f8c9c92d2b586e95dd22bea02c38b25e,f16f0bddfe12d7567a49b76781cd26194ed6a9302fe07252f2838bc0c6a352f1
MOTION-15,bench_poster.jpg,2997392,dcc30b9d4a4c30324f49dacc0a508bcd6c755ccbbb474adebaed5d5111483487,3bd0b8af14d30dc5a59dbc7d13f3a194f8c9c92d2b586e95dd22bea02c38b25e,f16f0bddfe12d7567a49b76781cd26194ed6a9302fe07252f2838bc0c6a352f1
MOTION-15,row_poster.jpg,2976373,fd28b4458e5e72139e0eff502cdf422afdc51819f7fcad2da62ea3f58ae5b329,3bd0b8af14d30dc5a59dbc7d13f3a194f8c9c92d2b586e95dd22bea02c38b25e,f16f0bddfe12d7567a49b76781cd26194ed6a9302fe07252f2838bc0c6a352f1
MOTION-15,frontsquat_poster.jpg,2867579,d495014cb42f5546f6647f166650c0d6c4304678c4ee04a4140528bbc38f2cf8,3bd0b8af14d30dc5a59dbc7d13f3a194f8c9c92d2b586e95dd22bea02c38b25e,f16f0bddfe12d7567a49b76781cd26194ed6a9302fe07252f2838bc0c6a352f1
MOTION-15,deadlift_poster_alt.jpg,2915313,e1cc17c7a6947554b57b6299e447877f7b1856d530f9f76924f70f28636c6c2a,3bd0b8af14d30dc5a59dbc7d13f3a194f8c9c92d2b586e95dd22bea02c38b25e,f16f0bddfe12d7567a49b76781cd26194ed6a9302fe07252f2838bc0c6a352f1
MOTION-15,bench_poster_alt.jpg,3113760,5d87891acb913e0f4b35c708382735e24adea793d191dc21ac974d8e55b94b90,3bd0b8af14d30dc5a59dbc7d13f3a194f8c9c92d2b586e95dd22bea02c38b25e,f16f0bddfe12d7567a49b76781cd26194ed6a9302fe07252f2838bc0c6a352f1
MOTION-15,frontsquat_poster_alt.jpg,2907362,0a69039d55314fda6a8132a70cdaaf58090f04f7a8d55b1666cab1bd259441a8,3bd0b8af14d30dc5a59dbc7d13f3a194f8c9c92d2b586e95dd22bea02c38b25e,f16f0bddfe12d7567a49b76781cd26194ed6a9302fe07252f2838bc0c6a352f1
MOTION-15,anvil_oak_cues.wav,1003640,66980461907c26e30b4708cae17f33b52059c07e2e811a7fece41709e66b4f7c,3bd0b8af14d30dc5a59dbc7d13f3a194f8c9c92d2b586e95dd22bea02c38b25e,f16f0bddfe12d7567a49b76781cd26194ed6a9302fe07252f2838bc0c6a352f1
MOTION-15,anvil_oak_exercise_card_2025.pdf,286371,562c9023eabdf154f204b91c0b8d05588f162e33030a1c46c61ffe8a27a29079,3bd0b8af14d30dc5a59dbc7d13f3a194f8c9c92d2b586e95dd22bea02c38b25e,f16f0bddfe12d7567a49b76781cd26194ed6a9302fe07252f2838bc0c6a352f1
MOTION-15,anvil_oak_patch.jpg,840758,0d8d3ca4983aca23e670c48f444d2909ede7ee38f7fc8d8cda31f75454b56282,3bd0b8af14d30dc5a59dbc7d13f3a194f8c9c92d2b586e95dd22bea02c38b25e,f16f0bddfe12d7567a49b76781cd26194ed6a9302fe07252f2838bc0c6a352f1
MOTION-15,anvil_oak_library.csv,2150,5759d798d43bfdcec5b04e6f02d48858a06694268027f5868679b797565d62d8,3bd0b8af14d30dc5a59dbc7d13f3a194f8c9c92d2b586e95dd22bea02c38b25e,f16f0bddfe12d7567a49b76781cd26194ed6a9302fe07252f2838bc0c6a352f1
MOTION-15,backsquat_poster.jpg,2964644,225fd0bc9d093286f0892022c09bb62721d2a7ee2b12cf7c618c701ca179a3fc,3bd0b8af14d30dc5a59dbc7d13f3a194f8c9c92d2b586e95dd22bea02c38b25e,f16f0bddfe12d7567a49b76781cd26194ed6a9302fe07252f2838bc0c6a352f1
MOTION-15,deadlift_poster.jpg,2969613,f795247a7c54a75d69f5712b1a6267210acc505c682e705c648daf33b3bac5c2,3bd0b8af14d30dc5a59dbc7d13f3a194f8c9c92d2b586e95dd22bea02c38b25e,f16f0bddfe12d7567a49b76781cd26194ed6a9302fe07252f2838bc0c6a352f1
MOTION-16,balance_take_01.mp4,9149497,1bc98c6ad04a15147c9b3ab76403674bd764ce5e3fe22f6089620fcd8b8c32d3,c89834b4ee2d8ac074bd86a686aec2c7a53f1d5a85555ef2c4498662dad55707,d800b295f4e488187b4cae0af0196d9412273dc5eaa185c85dd2105d76d3c482
MOTION-16,balance_take_02.mp4,8592772,f1814d7ad555a7eda9d9d56439bb714b4b46e6089a7d7b083b55992c08088601,c89834b4ee2d8ac074bd86a686aec2c7a53f1d5a85555ef2c4498662dad55707,d800b295f4e488187b4cae0af0196d9412273dc5eaa185c85dd2105d76d3c482
MOTION-16,balance_take_03.mp4,7806639,71ad297653c4532bfc0501c0f094400b3ca96652e197b873a9da6f31a9174d41,c89834b4ee2d8ac074bd86a686aec2c7a53f1d5a85555ef2c4498662dad55707,d800b295f4e488187b4cae0af0196d9412273dc5eaa185c85dd2105d76d3c482
MOTION-16,balance_master_01.mp4,6626441,9abf1267c0731e8b830c7ad0e4918ace60dc91ce31b961837366c8476e452db3,c89834b4ee2d8ac074bd86a686aec2c7a53f1d5a85555ef2c4498662dad55707,d800b295f4e488187b4cae0af0196d9412273dc5eaa185c85dd2105d76d3c482
MOTION-16,balance_master_02.mp4,9360853,114ca2acbfb39ac29d31cbbb6e1e234c6a83be6740a3de820f9bfdcc033427a0,c89834b4ee2d8ac074bd86a686aec2c7a53f1d5a85555ef2c4498662dad55707,d800b295f4e488187b4cae0af0196d9412273dc5eaa185c85dd2105d76d3c482
MOTION-16,balance_master_03.mp4,9587260,877b357bf5e3bda3e945c1e3fdc41c84166e08f51d30d781075ce8bea0aa4cdd,c89834b4ee2d8ac074bd86a686aec2c7a53f1d5a85555ef2c4498662dad55707,d800b295f4e488187b4cae0af0196d9412273dc5eaa185c85dd2105d76d3c482
MOTION-16,balance_card_2025.pdf,212046,39b3eb181a2e0cf04152b0efafd1b74d2ad8f118bb5bc6ee601239d390009e8b,c89834b4ee2d8ac074bd86a686aec2c7a53f1d5a85555ef2c4498662dad55707,d800b295f4e488187b4cae0af0196d9412273dc5eaa185c85dd2105d76d3c482
MOTION-16,balance_episodes.csv,683,7f1723e2d4013c0e06c4d9798267dc5ba9354fcbe4b56778aa1a5c8c1e053f79,c89834b4ee2d8ac074bd86a686aec2c7a53f1d5a85555ef2c4498662dad55707,d800b295f4e488187b4cae0af0196d9412273dc5eaa185c85dd2105d76d3c482
MOTION-16,balance_captions.txt,1871,7e213ab58d467091345992525c570d8eae4cf48fbf7a33eb54453ca782460af8,c89834b4ee2d8ac074bd86a686aec2c7a53f1d5a85555ef2c4498662dad55707,d800b295f4e488187b4cae0af0196d9412273dc5eaa185c85dd2105d76d3c482
MOTION-16,balance_still_03.jpg,2749319,fccc4309628eaac84a8875b67299c538d6f574fa0d70e545aa4830432c45ade5,c89834b4ee2d8ac074bd86a686aec2c7a53f1d5a85555ef2c4498662dad55707,d800b295f4e488187b4cae0af0196d9412273dc5eaa185c85dd2105d76d3c482
MOTION-16,balance_still_01.jpg,2517440,63daf30cd6f0a5ebf2cba0fce551379f08b9acd128ef2979177c7bef3a3cda23,c89834b4ee2d8ac074bd86a686aec2c7a53f1d5a85555ef2c4498662dad55707,d800b295f4e488187b4cae0af0196d9412273dc5eaa185c85dd2105d76d3c482
MOTION-16,balance_still_04.jpg,2375180,4298cbabf9fcc912b2e19a2ffe6813ef66e2a0bc88a0f473703b2f9e7868cc4f,c89834b4ee2d8ac074bd86a686aec2c7a53f1d5a85555ef2c4498662dad55707,d800b295f4e488187b4cae0af0196d9412273dc5eaa185c85dd2105d76d3c482
MOTION-16,balance_still_05.jpg,2227999,e2e36b65b0e8d524c612b49a35e604b4f5c4aa895896578845ce8fa935ecbdf0,c89834b4ee2d8ac074bd86a686aec2c7a53f1d5a85555ef2c4498662dad55707,d800b295f4e488187b4cae0af0196d9412273dc5eaa185c85dd2105d76d3c482
MOTION-16,balance_still_06.jpg,2254539,d52a8b0313d73e6ec43c8f02166293bc873ae675340e54b1b73714d7b3984cb5,c89834b4ee2d8ac074bd86a686aec2c7a53f1d5a85555ef2c4498662dad55707,d800b295f4e488187b4cae0af0196d9412273dc5eaa185c85dd2105d76d3c482
MOTION-16,balance_still_02.jpg,2575419,8881d31ee7e3cc71455463795f0f0bd428275d938037d83d291932edc0396d4e,c89834b4ee2d8ac074bd86a686aec2c7a53f1d5a85555ef2c4498662dad55707,d800b295f4e488187b4cae0af0196d9412273dc5eaa185c85dd2105d76d3c482
MOTION-16,balance_still_08.jpg,2457892,6ea9ab5ab6e6062979ac3cdb0531f4e239641961c0c0ee7387d0167871e430d6,c89834b4ee2d8ac074bd86a686aec2c7a53f1d5a85555ef2c4498662dad55707,d800b295f4e488187b4cae0af0196d9412273dc5eaa185c85dd2105d76d3c482
MOTION-16,balance_still_07.jpg,2205229,e35144cbef9da0b12ca1c0223a90bdce29385cd8c67a28280be26c7ac37dc33a,c89834b4ee2d8ac074bd86a686aec2c7a53f1d5a85555ef2c4498662dad55707,d800b295f4e488187b4cae0af0196d9412273dc5eaa185c85dd2105d76d3c482
MOTION-16,balance_still_09.jpg,238423,d678ce40ecc1cfa182616a8956335ca324aad7e98842ca346d39ccc885625700,c89834b4ee2d8ac074bd86a686aec2c7a53f1d5a85555ef2c4498662dad55707,d800b295f4e488187b4cae0af0196d9412273dc5eaa185c85dd2105d76d3c482
MOTION-17,pulsevault_clip_02.mp4,7750755,315321aff9cbf86106dbc984359d822244eff68c105a069f7f53ef04e4a1066c,e770ecd8fd24f2bd2ab2b43f892e0a6de0cc8ced09945d35cf2df9fecfb89438,09bc6064140bec3caf3a8d14d85092c6f0df92249a512550a92eacbb94662bbf
MOTION-17,pulsevault_clip_01.mp4,12103148,4fda8e7a318fd8fad557d926d6a0553594428f04f92c362440973e2b8f50b6b5,e770ecd8fd24f2bd2ab2b43f892e0a6de0cc8ced09945d35cf2df9fecfb89438,09bc6064140bec3caf3a8d14d85092c6f0df92249a512550a92eacbb94662bbf
MOTION-17,pulsevault_clip_03.mp4,10161702,bed2d263278f16336d97ae41e50796f6af49324986a6697d0b311325843e2f56,e770ecd8fd24f2bd2ab2b43f892e0a6de0cc8ced09945d35cf2df9fecfb89438,09bc6064140bec3caf3a8d14d85092c6f0df92249a512550a92eacbb94662bbf
MOTION-17,pulsevault_clip_04.mp4,12312229,27967c2c9a665bc116e0ad10aecb1a133bdfe8f1969590320f0c0b30e48dfb15,e770ecd8fd24f2bd2ab2b43f892e0a6de0cc8ced09945d35cf2df9fecfb89438,09bc6064140bec3caf3a8d14d85092c6f0df92249a512550a92eacbb94662bbf
MOTION-17,pulsevault_clip_05.mp4,7536625,1c1fe90e8e90e5c56ee6421f8ca843b5c0aea71c5050841edf928ebf7ffeef69,e770ecd8fd24f2bd2ab2b43f892e0a6de0cc8ced09945d35cf2df9fecfb89438,09bc6064140bec3caf3a8d14d85092c6f0df92249a512550a92eacbb94662bbf
MOTION-17,pulsevault_clip_06.mp4,7092563,5b9ee75634e042fda33eb5dff3f306830b648f63a07d3b799794ff6628a25700,e770ecd8fd24f2bd2ab2b43f892e0a6de0cc8ced09945d35cf2df9fecfb89438,09bc6064140bec3caf3a8d14d85092c6f0df92249a512550a92eacbb94662bbf
MOTION-17,pulsevault_clip_07.mp4,9935485,bb977d23a28b1b1e4b776322a9c63cb6641b9d934bae07adc1dbc8b3e724a275,e770ecd8fd24f2bd2ab2b43f892e0a6de0cc8ced09945d35cf2df9fecfb89438,09bc6064140bec3caf3a8d14d85092c6f0df92249a512550a92eacbb94662bbf
MOTION-17,pulsevault_clip_08.mp4,9383588,dc57067fb1a69abf99be813b6f2aabe101f816a1ff9b9b044d1016680cdf24a9,e770ecd8fd24f2bd2ab2b43f892e0a6de0cc8ced09945d35cf2df9fecfb89438,09bc6064140bec3caf3a8d14d85092c6f0df92249a512550a92eacbb94662bbf
MOTION-17,pulsevault_clip_10.mp4,10604759,db2a0eb6aefa589c12fd9153231b32bae5c213cbc6b216d41f0a3f46049537bc,e770ecd8fd24f2bd2ab2b43f892e0a6de0cc8ced09945d35cf2df9fecfb89438,09bc6064140bec3caf3a8d14d85092c6f0df92249a512550a92eacbb94662bbf
MOTION-17,pulsevault_clip_11.mp4,8935437,0bdb6e90a4ca006f4129b291c85390574dfe916610c9df5f70452432c32f554f,e770ecd8fd24f2bd2ab2b43f892e0a6de0cc8ced09945d35cf2df9fecfb89438,09bc6064140bec3caf3a8d14d85092c6f0df92249a512550a92eacbb94662bbf
MOTION-17,pulsevault_clip_09.mp4,7010104,d3c14b899b2725a40d2df57726afde6dece31ac02f34ac790432013b757b5457,e770ecd8fd24f2bd2ab2b43f892e0a6de0cc8ced09945d35cf2df9fecfb89438,09bc6064140bec3caf3a8d14d85092c6f0df92249a512550a92eacbb94662bbf
MOTION-17,pulsevault_floor_still_01.jpg,5717020,7d197b189ef8ebbbcf3f47b28dacd51b4231afbcdc9f841d05731d57df8f04b3,e770ecd8fd24f2bd2ab2b43f892e0a6de0cc8ced09945d35cf2df9fecfb89438,09bc6064140bec3caf3a8d14d85092c6f0df92249a512550a92eacbb94662bbf
MOTION-17,pulsevault_floor_still_02.jpg,3600574,cd7050252176611ec961b6e89128c44279eaad799c3ae0b6c6359d2774f909de,e770ecd8fd24f2bd2ab2b43f892e0a6de0cc8ced09945d35cf2df9fecfb89438,09bc6064140bec3caf3a8d14d85092c6f0df92249a512550a92eacbb94662bbf
MOTION-17,pulsevault_floor_still_03.jpg,4200066,f968bff80051365475ea2e26570fdeaed9558cd966958a6dd3062cb97ab2bdff,e770ecd8fd24f2bd2ab2b43f892e0a6de0cc8ced09945d35cf2df9fecfb89438,09bc6064140bec3caf3a8d14d85092c6f0df92249a512550a92eacbb94662bbf
MOTION-17,pulsevault_floor_still_04.jpg,4165064,51fff5103613f8f9d5fd4a1a0cfe6fb01c6638eaaa50ed4b9602253d8efd4e7c,e770ecd8fd24f2bd2ab2b43f892e0a6de0cc8ced09945d35cf2df9fecfb89438,09bc6064140bec3caf3a8d14d85092c6f0df92249a512550a92eacbb94662bbf
MOTION-17,pulsevault_floor_still_06.jpg,4134853,9200d095bc905cc92dd152cc207795e30c0d219682e428e021126ee92743abc9,e770ecd8fd24f2bd2ab2b43f892e0a6de0cc8ced09945d35cf2df9fecfb89438,09bc6064140bec3caf3a8d14d85092c6f0df92249a512550a92eacbb94662bbf
MOTION-17,pulsevault_floor_still_05.jpg,5321621,f6c5b99684f1fa9e5a79560951e4f669c996f62f9af6ad7821490efa739ad72d,e770ecd8fd24f2bd2ab2b43f892e0a6de0cc8ced09945d35cf2df9fecfb89438,09bc6064140bec3caf3a8d14d85092c6f0df92249a512550a92eacbb94662bbf
MOTION-17,pulsevault_floor_still_07.jpg,4463375,ae0b9f037b6ae6cc976fa40f1c4a8977559922782c13cc1c0be3eb4499f31d3a,e770ecd8fd24f2bd2ab2b43f892e0a6de0cc8ced09945d35cf2df9fecfb89438,09bc6064140bec3caf3a8d14d85092c6f0df92249a512550a92eacbb94662bbf
MOTION-17,pulsevault_next_date.txt,832,c4817648780c7df9361e0345a04a1cff75f099f25e757382316c00b096a39b73,e770ecd8fd24f2bd2ab2b43f892e0a6de0cc8ced09945d35cf2df9fecfb89438,09bc6064140bec3caf3a8d14d85092c6f0df92249a512550a92eacbb94662bbf
MOTION-17,pulsevault_last_flyer.png,1907205,f2a8ac6713e42cd1419374de24b57833c2978d0b1266fae04f58327ab4828678,e770ecd8fd24f2bd2ab2b43f892e0a6de0cc8ced09945d35cf2df9fecfb89438,09bc6064140bec3caf3a8d14d85092c6f0df92249a512550a92eacbb94662bbf
MOTION-17,pulsevault_wall_mark.jpg,2260491,08a11fadecc3ebcd3f4fb3797823ead82971fe3ea7808e8e825f836b3d096203,e770ecd8fd24f2bd2ab2b43f892e0a6de0cc8ced09945d35cf2df9fecfb89438,09bc6064140bec3caf3a8d14d85092c6f0df92249a512550a92eacbb94662bbf
MOTION-17,pulsevault_lineup_card_press.pdf,1498203,78fbc5797a5874dc1cd57336a80d47629a6da55b10a6333fbeabd4507202fec9,e770ecd8fd24f2bd2ab2b43f892e0a6de0cc8ced09945d35cf2df9fecfb89438,09bc6064140bec3caf3a8d14d85092c6f0df92249a512550a92eacbb94662bbf
MOTION-17,pulsevault_lineup.csv,228,99ffa282a9cb513b9dec3c3216f4ad84e8c94e552ed19e7e7ddb1eabd858a1b1,e770ecd8fd24f2bd2ab2b43f892e0a6de0cc8ced09945d35cf2df9fecfb89438,09bc6064140bec3caf3a8d14d85092c6f0df92249a512550a92eacbb94662bbf
MOTION-18,velvet_hour_set_take.mp4,8919174,811537183bf05f78c8d7508abeab509d5985aec8d931d7194a01866c024c514a,8adfe8d3e6134c30f6aa8020d6a35127e31e4458e8213a1cc264cbf9edd424e1,14e5b2e07b05976bb6ba49648f44d7692c1572a9da481adb7d0356092ae7c606
MOTION-18,velvet_hour_still_01.jpg,3756908,f205444c88056862c9dd869b208ce85ae7d0608fd11c3cb32982c80310b00f12,8adfe8d3e6134c30f6aa8020d6a35127e31e4458e8213a1cc264cbf9edd424e1,14e5b2e07b05976bb6ba49648f44d7692c1572a9da481adb7d0356092ae7c606
MOTION-18,velvet_hour_still_02.jpg,3905018,fe71f5164d778c4b5e8b60b5d71f606a7be18cacb3408a42667c91b2350c21af,8adfe8d3e6134c30f6aa8020d6a35127e31e4458e8213a1cc264cbf9edd424e1,14e5b2e07b05976bb6ba49648f44d7692c1572a9da481adb7d0356092ae7c606
MOTION-18,velvet_hour_still_03.jpg,3453435,bb011bc33918a81be98785b60d39e9fb163a05547166ac5468a815947074a2ee,8adfe8d3e6134c30f6aa8020d6a35127e31e4458e8213a1cc264cbf9edd424e1,14e5b2e07b05976bb6ba49648f44d7692c1572a9da481adb7d0356092ae7c606
MOTION-18,velvet_hour_still_04.jpg,3841919,cac57fe40474f1d2a566f4d22a3442e5e9a979a3c8322d3ceaea6678c442bc87,8adfe8d3e6134c30f6aa8020d6a35127e31e4458e8213a1cc264cbf9edd424e1,14e5b2e07b05976bb6ba49648f44d7692c1572a9da481adb7d0356092ae7c606
MOTION-18,velvet_hour_still_05.jpg,3828528,e22c05866a7a7423e3a03a2997d5491349babf8ced290bf35c09e4e2bb6964a9,8adfe8d3e6134c30f6aa8020d6a35127e31e4458e8213a1cc264cbf9edd424e1,14e5b2e07b05976bb6ba49648f44d7692c1572a9da481adb7d0356092ae7c606
MOTION-18,velvet_hour_still_06.jpg,3195194,14cd1191eb63abe251df27cc1e78cce4e2791b19522f16582c7491d701a11b6f,8adfe8d3e6134c30f6aa8020d6a35127e31e4458e8213a1cc264cbf9edd424e1,14e5b2e07b05976bb6ba49648f44d7692c1572a9da481adb7d0356092ae7c606
MOTION-18,velvet_hour_still_07.jpg,4198946,ddbed833290986f3af7d4d597a2954cc688da76bc9f15942b2fb8e0a701b6e21,8adfe8d3e6134c30f6aa8020d6a35127e31e4458e8213a1cc264cbf9edd424e1,14e5b2e07b05976bb6ba49648f44d7692c1572a9da481adb7d0356092ae7c606
MOTION-18,velvet_hour_still_08.jpg,3723698,42e7e213b5cd525428eab21eef873e35663e758aafccb17f6708b9bb5a88f4c9,8adfe8d3e6134c30f6aa8020d6a35127e31e4458e8213a1cc264cbf9edd424e1,14e5b2e07b05976bb6ba49648f44d7692c1572a9da481adb7d0356092ae7c606
MOTION-18,velvet_hour_still_09.jpg,3672986,eef09e9c99e6b1b26854bebf1fac0432539cdaafb9d15376663a9f7aa0daed08,8adfe8d3e6134c30f6aa8020d6a35127e31e4458e8213a1cc264cbf9edd424e1,14e5b2e07b05976bb6ba49648f44d7692c1572a9da481adb7d0356092ae7c606
MOTION-18,velvet_hour_still_10.jpg,3682526,a9a3cbecc1ad0d32c0d10306e7d550a679df0d24e65587c236a3308e6b02563e,8adfe8d3e6134c30f6aa8020d6a35127e31e4458e8213a1cc264cbf9edd424e1,14e5b2e07b05976bb6ba49648f44d7692c1572a9da481adb7d0356092ae7c606
MOTION-18,velvet_hour_still_11.jpg,4247287,310ef8800636fbab0cd34bb6b93b643deac86006c4ed6e68796f16af4ca62edf,8adfe8d3e6134c30f6aa8020d6a35127e31e4458e8213a1cc264cbf9edd424e1,14e5b2e07b05976bb6ba49648f44d7692c1572a9da481adb7d0356092ae7c606
MOTION-18,next_month_act_01.jpg,3177988,eada5c69c404b60637258b9dafcf0d07673d898556954e74b385b85911d598da,8adfe8d3e6134c30f6aa8020d6a35127e31e4458e8213a1cc264cbf9edd424e1,14e5b2e07b05976bb6ba49648f44d7692c1572a9da481adb7d0356092ae7c606
MOTION-18,next_month_act_02.jpg,3587755,a39d2eb3504c5846402d471b5a108cdbf5b2242aaa995a74590010998ea3249b,8adfe8d3e6134c30f6aa8020d6a35127e31e4458e8213a1cc264cbf9edd424e1,14e5b2e07b05976bb6ba49648f44d7692c1572a9da481adb7d0356092ae7c606
MOTION-18,next_month_act_04.jpg,2312814,13dd69f1ada1e881f1a58fc1048061e12b299d1ddc0e02bfe0e43d053cad6eb2,8adfe8d3e6134c30f6aa8020d6a35127e31e4458e8213a1cc264cbf9edd424e1,14e5b2e07b05976bb6ba49648f44d7692c1572a9da481adb7d0356092ae7c606
MOTION-18,velvet_hour_lampbox.jpg,2264488,98178e172a90476177f9e130ef84b2f4003f2268ac3a2f0c5a99c7dd0048fba7,8adfe8d3e6134c30f6aa8020d6a35127e31e4458e8213a1cc264cbf9edd424e1,14e5b2e07b05976bb6ba49648f44d7692c1572a9da481adb7d0356092ae7c606
MOTION-18,velvet_hour_listing_card_printer.pdf,251486,2a2aea830a961b6d9db88f366a4c9f98dafc94cdf632e8254b98390d78a68e32,8adfe8d3e6134c30f6aa8020d6a35127e31e4458e8213a1cc264cbf9edd424e1,14e5b2e07b05976bb6ba49648f44d7692c1572a9da481adb7d0356092ae7c606
MOTION-18,velvet_hour_lineup.csv,576,0e1407ad771bbc9b514c8e955cdcad62fb66cff80e53f99a72bc3526c810a3f4,8adfe8d3e6134c30f6aa8020d6a35127e31e4458e8213a1cc264cbf9edd424e1,14e5b2e07b05976bb6ba49648f44d7692c1572a9da481adb7d0356092ae7c606
MOTION-18,next_month_act_03.jpg,151165,fe34f67382d02634cc18c26065d8e4dd7dfcbf3af4d85d502e37f0ade88abb22,8adfe8d3e6134c30f6aa8020d6a35127e31e4458e8213a1cc264cbf9edd424e1,14e5b2e07b05976bb6ba49648f44d7692c1572a9da481adb7d0356092ae7c606
MOTION-19,milepost_scenario_take_01.mp4,13079608,8c83eab125190339d7e8de0f51f5158f749d5aa785a77fa9cd79782061b62cba,a8a25c9c9f826f99616d5973d5f53959f10c6608d8354a4aa4ec2946bd34c368,281e615b01dd82e6d325f7041731b8e2f42b0a4ac2bbeff8c2d2cc9cf9687e74
MOTION-19,milepost_scenario_take_02.mp4,14534846,183b63e9d1d1b211ed214dd0586370ef94a59b2206686ee3b169733b42e674f5,a8a25c9c9f826f99616d5973d5f53959f10c6608d8354a4aa4ec2946bd34c368,281e615b01dd82e6d325f7041731b8e2f42b0a4ac2bbeff8c2d2cc9cf9687e74
MOTION-19,milepost_scenario_take_03.mp4,11503285,a36dda9bd04c9a97264a91a6ca79c442fd2d28ca2e57a12ea9e0bb1667859a34,a8a25c9c9f826f99616d5973d5f53959f10c6608d8354a4aa4ec2946bd34c368,281e615b01dd82e6d325f7041731b8e2f42b0a4ac2bbeff8c2d2cc9cf9687e74
MOTION-19,milepost_scenario_take_04.mp4,18944490,5935158314fc5725abba7a8ca1273761cc61cacef713abe3f884f40b2e475ec8,a8a25c9c9f826f99616d5973d5f53959f10c6608d8354a4aa4ec2946bd34c368,281e615b01dd82e6d325f7041731b8e2f42b0a4ac2bbeff8c2d2cc9cf9687e74
MOTION-19,milepost_scenario_take_05.mp4,13369643,572a8bb6dd5289090d9cb0e3c8d991608927f69bdd5c0bb9c2f19ead0f0dbe93,a8a25c9c9f826f99616d5973d5f53959f10c6608d8354a4aa4ec2946bd34c368,281e615b01dd82e6d325f7041731b8e2f42b0a4ac2bbeff8c2d2cc9cf9687e74
MOTION-19,milepost_scenario_take_06.mp4,11078988,ff24ca4043746e3678e696eeae9b97c284c1df976464baa42f867d8a2d23f1e9,a8a25c9c9f826f99616d5973d5f53959f10c6608d8354a4aa4ec2946bd34c368,281e615b01dd82e6d325f7041731b8e2f42b0a4ac2bbeff8c2d2cc9cf9687e74
MOTION-19,milepost_scenario_take_07.mp4,16085390,d205bae926bc5aa638b39766bc86bd149e351f80982371d61b24b268f89ea72f,a8a25c9c9f826f99616d5973d5f53959f10c6608d8354a4aa4ec2946bd34c368,281e615b01dd82e6d325f7041731b8e2f42b0a4ac2bbeff8c2d2cc9cf9687e74
MOTION-19,milepost_scenario_take_08.mp4,17642801,ac57e1e0bf571846113aa9ff68d792a26c0ed5e3e48d60d49b5fd54a5a638864,a8a25c9c9f826f99616d5973d5f53959f10c6608d8354a4aa4ec2946bd34c368,281e615b01dd82e6d325f7041731b8e2f42b0a4ac2bbeff8c2d2cc9cf9687e74
MOTION-19,milepost_road_still_01.jpg,4307815,f86135ec1a112137264f95e83bd82076c90f50a142c8a0fbf05789f61f70d4b1,a8a25c9c9f826f99616d5973d5f53959f10c6608d8354a4aa4ec2946bd34c368,281e615b01dd82e6d325f7041731b8e2f42b0a4ac2bbeff8c2d2cc9cf9687e74
MOTION-19,milepost_road_still_02.jpg,4437204,6441f1c9dfa2bf31db046d6fe6b481660ce2d4b909afeca2bbca4c6b83dbcc7d,a8a25c9c9f826f99616d5973d5f53959f10c6608d8354a4aa4ec2946bd34c368,281e615b01dd82e6d325f7041731b8e2f42b0a4ac2bbeff8c2d2cc9cf9687e74
MOTION-19,milepost_road_still_03.jpg,2629868,bcec6915ad6f85a0562ad2419c7c6fbf2c93f0e142ee4c8f25d415a3866ed57c,a8a25c9c9f826f99616d5973d5f53959f10c6608d8354a4aa4ec2946bd34c368,281e615b01dd82e6d325f7041731b8e2f42b0a4ac2bbeff8c2d2cc9cf9687e74
MOTION-19,milepost_road_still_04.jpg,2729003,6c7d414a11c5a6fc157a5ba40d0952684efe1ba0b083b2cfbd3adf0b39872296,a8a25c9c9f826f99616d5973d5f53959f10c6608d8354a4aa4ec2946bd34c368,281e615b01dd82e6d325f7041731b8e2f42b0a4ac2bbeff8c2d2cc9cf9687e74
MOTION-19,milepost_road_still_06.jpg,3945311,ab87f4bc6ee05e56a6665582d6da16c6d85f0b7b559e6d0d6958e0fa8224900c,a8a25c9c9f826f99616d5973d5f53959f10c6608d8354a4aa4ec2946bd34c368,281e615b01dd82e6d325f7041731b8e2f42b0a4ac2bbeff8c2d2cc9cf9687e74
MOTION-19,milepost_glyph_sheet.jpg,1829085,0df297e1cacbd2c0eb4c71a9b618755c5d699e8ad1a547248f5e103d207e8945,a8a25c9c9f826f99616d5973d5f53959f10c6608d8354a4aa4ec2946bd34c368,281e615b01dd82e6d325f7041731b8e2f42b0a4ac2bbeff8c2d2cc9cf9687e74
MOTION-19,milepost_county_sign.jpg,1441262,7bbf5beb3ddba78d18aa313a3910796f2e19efeddac0911e3549c6d4968127db,a8a25c9c9f826f99616d5973d5f53959f10c6608d8354a4aa4ec2946bd34c368,281e615b01dd82e6d325f7041731b8e2f42b0a4ac2bbeff8c2d2cc9cf9687e74
MOTION-19,milepost_guide_2019.pdf,350490,73042aef6b82ca8a9b201fd1da44d3172cf3781117b4410abf15a68367f26d30,a8a25c9c9f826f99616d5973d5f53959f10c6608d8354a4aa4ec2946bd34c368,281e615b01dd82e6d325f7041731b8e2f42b0a4ac2bbeff8c2d2cc9cf9687e74
MOTION-19,milepost_copy_2026.csv,3684,1660f596af4a979b3a972bad1824b4bf66f7e4618373cbe921f5ad06f8227b33,a8a25c9c9f826f99616d5973d5f53959f10c6608d8354a4aa4ec2946bd34c368,281e615b01dd82e6d325f7041731b8e2f42b0a4ac2bbeff8c2d2cc9cf9687e74
MOTION-19,milepost_road_still_05.jpg,4459723,c5c3f04c50355fa22a3acc0fd7fb68bd4450f3a59ac090be9f4424df7caf114a,a8a25c9c9f826f99616d5973d5f53959f10c6608d8354a4aa4ec2946bd34c368,281e615b01dd82e6d325f7041731b8e2f42b0a4ac2bbeff8c2d2cc9cf9687e74
MOTION-20,cobbleway_take_4k.mov,6914327,39d0f90cf2adfe46590438aba76eb2ffd34af83c955cdcaa09f16b7b35b967cb,6654208b4edc28dabc8c4dd37b99ef79218681a0b611b44ecb5429b87a81af81,e2eb83c7a6705eef3c86d41dffb4fd97201894e3e6b336df0896d47f6eddfbcd
MOTION-20,lunara_take_4k.mov,8172350,c680a39913e428248cc67cb5e8958496f18700ce52f37eb7c25b2adab4b0a669,6654208b4edc28dabc8c4dd37b99ef79218681a0b611b44ecb5429b87a81af81,e2eb83c7a6705eef3c86d41dffb4fd97201894e3e6b336df0896d47f6eddfbcd
MOTION-20,cobbleway_grab_05.jpg,786125,2214be48a2f1d4f1ce10e5b2943a23d8bd5110ecfa09a7a02310e6dd10208bed,6654208b4edc28dabc8c4dd37b99ef79218681a0b611b44ecb5429b87a81af81,e2eb83c7a6705eef3c86d41dffb4fd97201894e3e6b336df0896d47f6eddfbcd
MOTION-20,cobbleway_grab_03.jpg,798100,0d6d2d893af3500a76a0904b6617c8790e0a67a1c8b2892cc6dc291611447d50,6654208b4edc28dabc8c4dd37b99ef79218681a0b611b44ecb5429b87a81af81,e2eb83c7a6705eef3c86d41dffb4fd97201894e3e6b336df0896d47f6eddfbcd
MOTION-20,cobbleway_grab_08.jpg,805092,9fa2aa27c1ef911d4df7ed134a344d1d2a4fd20dd85a0bc3d0cab2b59ed3a4e0,6654208b4edc28dabc8c4dd37b99ef79218681a0b611b44ecb5429b87a81af81,e2eb83c7a6705eef3c86d41dffb4fd97201894e3e6b336df0896d47f6eddfbcd
MOTION-20,cobbleway_grab_01.jpg,793830,ae8327217f0b617823c789ef40c1e26132f260fe14de93e46e9880173290180c,6654208b4edc28dabc8c4dd37b99ef79218681a0b611b44ecb5429b87a81af81,e2eb83c7a6705eef3c86d41dffb4fd97201894e3e6b336df0896d47f6eddfbcd
MOTION-20,cobbleway_grab_02.jpg,811122,7b59a530bb0a3412d7bdb790c0c9f5fb646f82edbb230f1451d5865c7b69f562,6654208b4edc28dabc8c4dd37b99ef79218681a0b611b44ecb5429b87a81af81,e2eb83c7a6705eef3c86d41dffb4fd97201894e3e6b336df0896d47f6eddfbcd
MOTION-20,cobbleway_grab_04.jpg,772361,e063bc21be4b9f4995f7e2f60510fe5321eabf93365323f34c212fbc18c58112,6654208b4edc28dabc8c4dd37b99ef79218681a0b611b44ecb5429b87a81af81,e2eb83c7a6705eef3c86d41dffb4fd97201894e3e6b336df0896d47f6eddfbcd
MOTION-20,cobbleway_grab_12.jpg,811769,ad88bab5e6e8edaec67cd9b41fcec1bea909dad71fa14a1ddd602a9871322936,6654208b4edc28dabc8c4dd37b99ef79218681a0b611b44ecb5429b87a81af81,e2eb83c7a6705eef3c86d41dffb4fd97201894e3e6b336df0896d47f6eddfbcd
MOTION-20,cobbleway_grab_06.jpg,865112,c29e3472d182a35d13107a6e7093cb4adc1489f32fcd4616659e0df0b8fc619f,6654208b4edc28dabc8c4dd37b99ef79218681a0b611b44ecb5429b87a81af81,e2eb83c7a6705eef3c86d41dffb4fd97201894e3e6b336df0896d47f6eddfbcd
MOTION-20,cobbleway_grab_13.jpg,834064,64eb675696bcbfc944327d736e3280ff46bea3be7176e19e205efd130e854c8b,6654208b4edc28dabc8c4dd37b99ef79218681a0b611b44ecb5429b87a81af81,e2eb83c7a6705eef3c86d41dffb4fd97201894e3e6b336df0896d47f6eddfbcd
MOTION-20,cobbleway_grab_11.jpg,795818,c57fa34fa16c4481b12bc6b82fc90072c1b219f0535966d39c3f659ef8004651,6654208b4edc28dabc8c4dd37b99ef79218681a0b611b44ecb5429b87a81af81,e2eb83c7a6705eef3c86d41dffb4fd97201894e3e6b336df0896d47f6eddfbcd
MOTION-20,cobbleway_grab_10.jpg,823676,b2050095eb7cbfc5fcaed751b66ed9ef489fc9eb57bf401f1eb3acf4815a272c,6654208b4edc28dabc8c4dd37b99ef79218681a0b611b44ecb5429b87a81af81,e2eb83c7a6705eef3c86d41dffb4fd97201894e3e6b336df0896d47f6eddfbcd
MOTION-20,cobbleway_grab_09.jpg,797077,76ad848b615435de966ed25ad0dbf93adbdd449c9229ceec7a289d6ec05301b9,6654208b4edc28dabc8c4dd37b99ef79218681a0b611b44ecb5429b87a81af81,e2eb83c7a6705eef3c86d41dffb4fd97201894e3e6b336df0896d47f6eddfbcd
MOTION-20,cobbleway_grab_16.jpg,808389,ed97074aa0698b10e65eacb0c05558918450dbfbfb7a9fe0b86911524f6b0a7e,6654208b4edc28dabc8c4dd37b99ef79218681a0b611b44ecb5429b87a81af81,e2eb83c7a6705eef3c86d41dffb4fd97201894e3e6b336df0896d47f6eddfbcd
MOTION-20,cobbleway_grab_19.jpg,704349,777002a3837011f64b38265a373d47740bcd52299ad496ea571d470b29116eca,6654208b4edc28dabc8c4dd37b99ef79218681a0b611b44ecb5429b87a81af81,e2eb83c7a6705eef3c86d41dffb4fd97201894e3e6b336df0896d47f6eddfbcd
MOTION-20,cobbleway_grab_15.jpg,788373,419d52376e7151481cc4ed6b801a25ffbac34ed67ecee3ac7da39f366206575e,6654208b4edc28dabc8c4dd37b99ef79218681a0b611b44ecb5429b87a81af81,e2eb83c7a6705eef3c86d41dffb4fd97201894e3e6b336df0896d47f6eddfbcd
MOTION-20,cobbleway_grab_17.jpg,706915,d3844c51c271de647f70ed556ae9b09f0a8d5d8e5ce85963893a2c1ea476ec4a,6654208b4edc28dabc8c4dd37b99ef79218681a0b611b44ecb5429b87a81af81,e2eb83c7a6705eef3c86d41dffb4fd97201894e3e6b336df0896d47f6eddfbcd
MOTION-20,cobbleway_grab_07.jpg,771519,0420e6e3e49eb41e140f51bc5586e6c78065bf93ae49672e4886972924769dad,6654208b4edc28dabc8c4dd37b99ef79218681a0b611b44ecb5429b87a81af81,e2eb83c7a6705eef3c86d41dffb4fd97201894e3e6b336df0896d47f6eddfbcd
MOTION-20,cobbleway_grab_18.jpg,686044,5ced2cc2ae4c7ba8e994e9edbac9b13b191fa5f34dcd104c32f667c9729a6de0,6654208b4edc28dabc8c4dd37b99ef79218681a0b611b44ecb5429b87a81af81,e2eb83c7a6705eef3c86d41dffb4fd97201894e3e6b336df0896d47f6eddfbcd
MOTION-20,cobbleway_grab_14.jpg,810578,333f571fc34a45172bc55833c31fedc9f908f940d160d23dbe8b84ef49a043ac,6654208b4edc28dabc8c4dd37b99ef79218681a0b611b44ecb5429b87a81af81,e2eb83c7a6705eef3c86d41dffb4fd97201894e3e6b336df0896d47f6eddfbcd
MOTION-20,cobbleway_grab_20.jpg,681546,80cb23c8d0f1236c17b4416bc310988955d14fd769a496b04240c0115fe39a77,6654208b4edc28dabc8c4dd37b99ef79218681a0b611b44ecb5429b87a81af81,e2eb83c7a6705eef3c86d41dffb4fd97201894e3e6b336df0896d47f6eddfbcd
MOTION-20,cobbleway_grab_24.jpg,750016,1627d105c7d375547ded66bea92052894d2417da3aa23835303069913b5ce8b0,6654208b4edc28dabc8c4dd37b99ef79218681a0b611b44ecb5429b87a81af81,e2eb83c7a6705eef3c86d41dffb4fd97201894e3e6b336df0896d47f6eddfbcd
MOTION-20,cobbleway_grab_22.jpg,737864,7e36f55ac26fc93a4030ef51f4be1144dd6b4809fc8384c07be4b6e7be7597df,6654208b4edc28dabc8c4dd37b99ef79218681a0b611b44ecb5429b87a81af81,e2eb83c7a6705eef3c86d41dffb4fd97201894e3e6b336df0896d47f6eddfbcd
MOTION-20,cobbleway_grab_21.jpg,757212,556b88a109e0e8b71d0fde329a68c8d550da5020779252aa6d1fa1d20f88505f,6654208b4edc28dabc8c4dd37b99ef79218681a0b611b44ecb5429b87a81af81,e2eb83c7a6705eef3c86d41dffb4fd97201894e3e6b336df0896d47f6eddfbcd
MOTION-20,cobbleway_grab_23.jpg,768908,b102c16a727bd175f0cfdf73cf7a5a4e6ceb75166fade55fbc092d1574e298f0,6654208b4edc28dabc8c4dd37b99ef79218681a0b611b44ecb5429b87a81af81,e2eb83c7a6705eef3c86d41dffb4fd97201894e3e6b336df0896d47f6eddfbcd
MOTION-20,lunara_grab_02.jpg,1049585,4f16bfb92a9d7aeef8bc2565bb2e30c6e40450044e77ca7e373fac91908d668e,6654208b4edc28dabc8c4dd37b99ef79218681a0b611b44ecb5429b87a81af81,e2eb83c7a6705eef3c86d41dffb4fd97201894e3e6b336df0896d47f6eddfbcd
MOTION-20,lunara_grab_04.jpg,1066200,8393c599a4d9fbaee52579dae43f549a2f416165a9f2a460597dc185ea2404eb,6654208b4edc28dabc8c4dd37b99ef79218681a0b611b44ecb5429b87a81af81,e2eb83c7a6705eef3c86d41dffb4fd97201894e3e6b336df0896d47f6eddfbcd
MOTION-20,lunara_grab_01.jpg,1078634,762017efe6c82f370e5ed7f5300d5736b10d288ae0f896b26336089c6e719187,6654208b4edc28dabc8c4dd37b99ef79218681a0b611b44ecb5429b87a81af81,e2eb83c7a6705eef3c86d41dffb4fd97201894e3e6b336df0896d47f6eddfbcd
MOTION-20,lunara_grab_06.jpg,1311403,eb9efdf5a16ea7bc2c5933e20ec157093bd691073bb66e9216504c095e8028cf,6654208b4edc28dabc8c4dd37b99ef79218681a0b611b44ecb5429b87a81af81,e2eb83c7a6705eef3c86d41dffb4fd97201894e3e6b336df0896d47f6eddfbcd
MOTION-20,lunara_grab_09.jpg,835583,d81b1aacc5bf6d8c60d795e943de39fce4d57623d0156d65789919199bae5f9a,6654208b4edc28dabc8c4dd37b99ef79218681a0b611b44ecb5429b87a81af81,e2eb83c7a6705eef3c86d41dffb4fd97201894e3e6b336df0896d47f6eddfbcd
MOTION-20,lunara_grab_03.jpg,910312,6f1d99eae4dce778956aa21473d8eca2fb30fa613e5614b4c3d5d88c6f08efdc,6654208b4edc28dabc8c4dd37b99ef79218681a0b611b44ecb5429b87a81af81,e2eb83c7a6705eef3c86d41dffb4fd97201894e3e6b336df0896d47f6eddfbcd
MOTION-20,lunara_grab_07.jpg,1022979,25c66df9a66ab0b1bf9605ca2912d481a68bdea6111a4d1742c97ad0f9ab1f24,6654208b4edc28dabc8c4dd37b99ef79218681a0b611b44ecb5429b87a81af81,e2eb83c7a6705eef3c86d41dffb4fd97201894e3e6b336df0896d47f6eddfbcd
MOTION-20,foldgrain_service_copy.txt,2202,a94dc2f37923afad11de2c17d9b48e7a22c65ee7a26d58095b7985c1ca304573,6654208b4edc28dabc8c4dd37b99ef79218681a0b611b44ecb5429b87a81af81,e2eb83c7a6705eef3c86d41dffb4fd97201894e3e6b336df0896d47f6eddfbcd
MOTION-20,lunara_grab_10.jpg,1049208,c8799125005928d7417e9c1474bb2182e6558379ba74a5dfb8ef7d3e629d42d1,6654208b4edc28dabc8c4dd37b99ef79218681a0b611b44ecb5429b87a81af81,e2eb83c7a6705eef3c86d41dffb4fd97201894e3e6b336df0896d47f6eddfbcd
MOTION-20,lunara_grab_14.jpg,1042141,b462e9444626c4d3970892ee2280cb07f9d5071c34eb872e78fdc0e1e3d1779e,6654208b4edc28dabc8c4dd37b99ef79218681a0b611b44ecb5429b87a81af81,e2eb83c7a6705eef3c86d41dffb4fd97201894e3e6b336df0896d47f6eddfbcd
MOTION-20,lunara_grab_11.jpg,846295,ff35345ab2161fbae2b6c69505f47ef70de72434c6545f0c0415660aee2d7f44,6654208b4edc28dabc8c4dd37b99ef79218681a0b611b44ecb5429b87a81af81,e2eb83c7a6705eef3c86d41dffb4fd97201894e3e6b336df0896d47f6eddfbcd
MOTION-20,lunara_grab_16.jpg,1259147,44edc1cca07b7cbbf856293dd2de2b7ee450fe1d061a2d4efd3dede24386f0f0,6654208b4edc28dabc8c4dd37b99ef79218681a0b611b44ecb5429b87a81af81,e2eb83c7a6705eef3c86d41dffb4fd97201894e3e6b336df0896d47f6eddfbcd
MOTION-20,lunara_grab_18.jpg,1243422,3748ac2c9c4446ccc466d90f0ab2f77c0041efe0bd98ba1b872c65869799d56c,6654208b4edc28dabc8c4dd37b99ef79218681a0b611b44ecb5429b87a81af81,e2eb83c7a6705eef3c86d41dffb4fd97201894e3e6b336df0896d47f6eddfbcd
MOTION-20,lunara_grab_15.jpg,815830,df334d1a56c06b80f185b89c34f9523af32a1ba859df4f727106c35277c38ebf,6654208b4edc28dabc8c4dd37b99ef79218681a0b611b44ecb5429b87a81af81,e2eb83c7a6705eef3c86d41dffb4fd97201894e3e6b336df0896d47f6eddfbcd
MOTION-20,lunara_grab_08.jpg,935152,d54c958e1c97f4c52a8948d033c1e2bd0a3df2da5521d7557b6b82fe11119d2f,6654208b4edc28dabc8c4dd37b99ef79218681a0b611b44ecb5429b87a81af81,e2eb83c7a6705eef3c86d41dffb4fd97201894e3e6b336df0896d47f6eddfbcd
MOTION-20,lunara_grab_20.jpg,939947,3955340c8247b2b66cc0017498aa3cb28b3084e8e39cd44529a7e7e8615f2fa8,6654208b4edc28dabc8c4dd37b99ef79218681a0b611b44ecb5429b87a81af81,e2eb83c7a6705eef3c86d41dffb4fd97201894e3e6b336df0896d47f6eddfbcd
MOTION-20,lunara_grab_12.jpg,965615,ca02c208c8b3f1c35fbb914b2079326841de228ad6507d506d5c85564655a050,6654208b4edc28dabc8c4dd37b99ef79218681a0b611b44ecb5429b87a81af81,e2eb83c7a6705eef3c86d41dffb4fd97201894e3e6b336df0896d47f6eddfbcd
MOTION-20,lunara_grab_13.jpg,1102271,5140b2eb1b8e763d3f01d6e7dd4a2c88404b954963b8a55e93ac3e3246600bfd,6654208b4edc28dabc8c4dd37b99ef79218681a0b611b44ecb5429b87a81af81,e2eb83c7a6705eef3c86d41dffb4fd97201894e3e6b336df0896d47f6eddfbcd
MOTION-20,lunara_grab_17.jpg,1010910,a78a295ff804219825830aedaa16c0ebd8e79c90f9daa211064d7c5da9e0066e,6654208b4edc28dabc8c4dd37b99ef79218681a0b611b44ecb5429b87a81af81,e2eb83c7a6705eef3c86d41dffb4fd97201894e3e6b336df0896d47f6eddfbcd
MOTION-20,lunara_grab_19.jpg,1063620,da8d2e370ebbf2df115e43be49c241ddec6effb5a9c4d24a877ba7afb63fce81,6654208b4edc28dabc8c4dd37b99ef79218681a0b611b44ecb5429b87a81af81,e2eb83c7a6705eef3c86d41dffb4fd97201894e3e6b336df0896d47f6eddfbcd
MOTION-20,lunara_grab_21.jpg,807166,d56d2f17831ea06f4d9a1d835f6aa0ca7ad45d3ccf9a47dcc86582de0f847101,6654208b4edc28dabc8c4dd37b99ef79218681a0b611b44ecb5429b87a81af81,e2eb83c7a6705eef3c86d41dffb4fd97201894e3e6b336df0896d47f6eddfbcd
MOTION-20,lunara_grab_23.jpg,938989,b1eca8c77feb588d3ad26ff7bfb9242eb99ffc025b7f608a3e893380e2920344,6654208b4edc28dabc8c4dd37b99ef79218681a0b611b44ecb5429b87a81af81,e2eb83c7a6705eef3c86d41dffb4fd97201894e3e6b336df0896d47f6eddfbcd
MOTION-20,lunara_grab_22.jpg,1170573,e2d04dd21fa930c43f0a42de2b6fb366eab70438e378541a939dd0efb523092b,6654208b4edc28dabc8c4dd37b99ef79218681a0b611b44ecb5429b87a81af81,e2eb83c7a6705eef3c86d41dffb4fd97201894e3e6b336df0896d47f6eddfbcd
MOTION-20,lunara_grab_24.jpg,1146550,364353c8907b75bf45a0757d78fda7b42b6076f3a4a54ecb56bb8bc054da9122,6654208b4edc28dabc8c4dd37b99ef79218681a0b611b44ecb5429b87a81af81,e2eb83c7a6705eef3c86d41dffb4fd97201894e3e6b336df0896d47f6eddfbcd
MOTION-20,lunara_grab_05.jpg,1244122,f6c32c2e050e9597362ef0d8b455092cc46e75025aa9a23500a53389e1f7f8e0,6654208b4edc28dabc8c4dd37b99ef79218681a0b611b44ecb5429b87a81af81,e2eb83c7a6705eef3c86d41dffb4fd97201894e3e6b336df0896d47f6eddfbcd
MOTION-20,lunara_grab_25.jpg,1146086,f94c8f1bfb1551a557c792f889c702d52c73d3f6cb23e8ee2d38783d06e7444f,6654208b4edc28dabc8c4dd37b99ef79218681a0b611b44ecb5429b87a81af81,e2eb83c7a6705eef3c86d41dffb4fd97201894e3e6b336df0896d47f6eddfbcd
MOTION-20,lunara_grab_26.jpg,954734,676f2608b056a4a3794731a06db1cc97ec9aa9b19314557a10b1b12445c6596b,6654208b4edc28dabc8c4dd37b99ef79218681a0b611b44ecb5429b87a81af81,e2eb83c7a6705eef3c86d41dffb4fd97201894e3e6b336df0896d47f6eddfbcd
MOTION-20,lunara_grab_27.jpg,838317,4f9acee0495a0d825d2433c9ee103f6a4142bf24fb101e64bbddce2f1fa88010,6654208b4edc28dabc8c4dd37b99ef79218681a0b611b44ecb5429b87a81af81,e2eb83c7a6705eef3c86d41dffb4fd97201894e3e6b336df0896d47f6eddfbcd
MOTION-20,cobbleway_carton_face.jpg,2120660,f9d4db8e564e134b3eaaf2a29a7a4b2cc7c9b91509a091ddb31f00b987ad3471,6654208b4edc28dabc8c4dd37b99ef79218681a0b611b44ecb5429b87a81af81,e2eb83c7a6705eef3c86d41dffb4fd97201894e3e6b336df0896d47f6eddfbcd
MOTION-20,lunara_bail_stamp.jpg,1694508,807489e853a96cc6627f3464f82052d3a76cfcbc329a0dfd0232c5da55a1dd4b,6654208b4edc28dabc8c4dd37b99ef79218681a0b611b44ecb5429b87a81af81,e2eb83c7a6705eef3c86d41dffb4fd97201894e3e6b336df0896d47f6eddfbcd
PHOTO-01,aurelian_actives_macro_02.jpg,1127206,a306357e2fbfee2ac4ae22bdd27e920709aa96b1bdd21fb7b82252cac26f5638,4624f3a6deeea54a24cece7afe2acac30133b2b0a0ef966d18615247ba957aba,03cac17ecc9385018e84dcba6c7ff6819341e2e246ddffa65a61224b101bf24b
PHOTO-01,aurelian_launch_shoot_01.jpg,3401507,f69762e52e0955aae40690745c9afa97939fa4b3d2219f6706045f77bc775a5d,4624f3a6deeea54a24cece7afe2acac30133b2b0a0ef966d18615247ba957aba,03cac17ecc9385018e84dcba6c7ff6819341e2e246ddffa65a61224b101bf24b
PHOTO-01,aurelian_actives_macro_01.jpg,1247549,4b55ff4578572b6275ee6b54a66ccbf1b276f09d1bffb0d3dde3f63f8b3b91d1,4624f3a6deeea54a24cece7afe2acac30133b2b0a0ef966d18615247ba957aba,03cac17ecc9385018e84dcba6c7ff6819341e2e246ddffa65a61224b101bf24b
PHOTO-01,aurelian_speccard_press.pdf,75509,ffd8a8f3e1c7f9cdb9e64119398d8bc6cfe499a1073f82dc5617abe177fd90f9,4624f3a6deeea54a24cece7afe2acac30133b2b0a0ef966d18615247ba957aba,03cac17ecc9385018e84dcba6c7ff6819341e2e246ddffa65a61224b101bf24b
PHOTO-01,aurelian_launch_shoot_08.jpg,3323192,9c8cfea73f9a2d5734f51b5e8375d816d37f9f49c95c097d191cbc8aa364d01c,4624f3a6deeea54a24cece7afe2acac30133b2b0a0ef966d18615247ba957aba,03cac17ecc9385018e84dcba6c7ff6819341e2e246ddffa65a61224b101bf24b
PHOTO-01,aurelian_copy.txt,1479,503f7874e030113a10946d01a2fb14f10234431b719e8fa47c02938a21f73e9b,4624f3a6deeea54a24cece7afe2acac30133b2b0a0ef966d18615247ba957aba,03cac17ecc9385018e84dcba6c7ff6819341e2e246ddffa65a61224b101bf24b
PHOTO-01,aurelian_launch_shoot_04.jpg,3167746,2ff7bd5452daccc238cee5efe37c9d2679e2505388901109b1aa1a5607e814d3,4624f3a6deeea54a24cece7afe2acac30133b2b0a0ef966d18615247ba957aba,03cac17ecc9385018e84dcba6c7ff6819341e2e246ddffa65a61224b101bf24b
PHOTO-01,aurelian_actives_macro_07.jpg,1394672,1709eb1efd9694a7e61e02ab0ec37a312d1356d5c1812f9d9a3d8fa8392e0695,4624f3a6deeea54a24cece7afe2acac30133b2b0a0ef966d18615247ba957aba,03cac17ecc9385018e84dcba6c7ff6819341e2e246ddffa65a61224b101bf24b
PHOTO-01,aurelian_launch_shoot_07.jpg,3004673,7a0411ab7d15800310681c1cc3f1fb80b2e98efb3eac39035859868c99c74160,4624f3a6deeea54a24cece7afe2acac30133b2b0a0ef966d18615247ba957aba,03cac17ecc9385018e84dcba6c7ff6819341e2e246ddffa65a61224b101bf24b
PHOTO-01,aurelian_actives_macro_06.jpg,1187628,105ea69b9b18ce0e868df8bb1d176c3470d622f50be29c0247b6237e2eb7a903,4624f3a6deeea54a24cece7afe2acac30133b2b0a0ef966d18615247ba957aba,03cac17ecc9385018e84dcba6c7ff6819341e2e246ddffa65a61224b101bf24b
PHOTO-01,aurelian_actives_macro_05.jpg,1219638,baa3bcbee1e40c22b4ecd1edffe6af1fa267109a7e589b07cf715614e6c1ab97,4624f3a6deeea54a24cece7afe2acac30133b2b0a0ef966d18615247ba957aba,03cac17ecc9385018e84dcba6c7ff6819341e2e246ddffa65a61224b101bf24b
PHOTO-01,aurelian_actives_macro_04.jpg,1231909,70d4e5844e9b9a1892f67fbf5043336c86e17629d75e91f25411903fdb66a93d,4624f3a6deeea54a24cece7afe2acac30133b2b0a0ef966d18615247ba957aba,03cac17ecc9385018e84dcba6c7ff6819341e2e246ddffa65a61224b101bf24b
PHOTO-01,aurelian_launch_shoot_03.jpg,3056942,d11d6eb9e461f96d5e207e0ec66e2c57b3358e1701074b5ee6f42358592d08d5,4624f3a6deeea54a24cece7afe2acac30133b2b0a0ef966d18615247ba957aba,03cac17ecc9385018e84dcba6c7ff6819341e2e246ddffa65a61224b101bf24b
PHOTO-01,aurelian_launch_shoot_06.jpg,3341725,dfcf785ae99bc3a7812f4c91ecadf699c1b4b5539b7df26cd9b97b619e51ec9a,4624f3a6deeea54a24cece7afe2acac30133b2b0a0ef966d18615247ba957aba,03cac17ecc9385018e84dcba6c7ff6819341e2e246ddffa65a61224b101bf24b
PHOTO-01,aurelian_reference_page.png,1465714,25c4ae4332e74bb6beff2d34ea7429128c665347e3cecd3f8790482ede13abc1,4624f3a6deeea54a24cece7afe2acac30133b2b0a0ef966d18615247ba957aba,03cac17ecc9385018e84dcba6c7ff6819341e2e246ddffa65a61224b101bf24b
PHOTO-01,aurelian_speccards.csv,1406,b52a0aa098792b521f46556944528cc98c662439542b96874889ffa07b59deb2,4624f3a6deeea54a24cece7afe2acac30133b2b0a0ef966d18615247ba957aba,03cac17ecc9385018e84dcba6c7ff6819341e2e246ddffa65a61224b101bf24b
PHOTO-01,aurelian_launch_shoot_02.jpg,3281794,d50936291a657b56897e0bed01489b9db5bec366cf8c2454327565153328d0f3,4624f3a6deeea54a24cece7afe2acac30133b2b0a0ef966d18615247ba957aba,03cac17ecc9385018e84dcba6c7ff6819341e2e246ddffa65a61224b101bf24b
PHOTO-01,aurelian_actives_macro_08.jpg,1572867,1a1b90744e792eacaffb80f1fb489a13d53fe59b1636ca47a3781d30f9165195,4624f3a6deeea54a24cece7afe2acac30133b2b0a0ef966d18615247ba957aba,03cac17ecc9385018e84dcba6c7ff6819341e2e246ddffa65a61224b101bf24b
PHOTO-01,aurelian_carton_front.jpg,1593424,7532520825c52b9faf6c830157776fbcd1d673e80ff8270db4e8526a79ddbb06,4624f3a6deeea54a24cece7afe2acac30133b2b0a0ef966d18615247ba957aba,03cac17ecc9385018e84dcba6c7ff6819341e2e246ddffa65a61224b101bf24b
PHOTO-01,aurelian_launch_shoot_05.jpg,3196448,0d6124b803e65cd0b658755ba7565edfade9df36d21ff58c34d35f96ca46a763,4624f3a6deeea54a24cece7afe2acac30133b2b0a0ef966d18615247ba957aba,03cac17ecc9385018e84dcba6c7ff6819341e2e246ddffa65a61224b101bf24b
PHOTO-01,aurelian_actives_macro_03.jpg,1286568,9ffd70a8c6cd17d6d275632ebe2c14ce5fd19621f316a2be4c805dc6405a1a2e,4624f3a6deeea54a24cece7afe2acac30133b2b0a0ef966d18615247ba957aba,03cac17ecc9385018e84dcba6c7ff6819341e2e246ddffa65a61224b101bf24b
PHOTO-02,service_shot_01.jpg,3836812,eaac9a4d305d933d01ea75647450c2dd55087dd2573ce706d4118ffe848dfc6c,01cdae0b2a7d5de042cf8d294d8a4681100d684b066cc80d36ddf2fb2e6570ea,a64712923e2a7e3aa97e854b84065a2e70751a5aae0b7a49cb74f8eb6f89a179
PHOTO-02,service_shot_02.jpg,4094505,962dae7bee60d1c7b0adb6ef37dce58f79f32a13eb9fb89e2a49691dcf79dd39,01cdae0b2a7d5de042cf8d294d8a4681100d684b066cc80d36ddf2fb2e6570ea,a64712923e2a7e3aa97e854b84065a2e70751a5aae0b7a49cb74f8eb6f89a179
PHOTO-02,service_shot_03.jpg,3808395,99a8ea03418d0bb873c3ba3041116fd4abac8314ea30db18c14e52c2014f70de,01cdae0b2a7d5de042cf8d294d8a4681100d684b066cc80d36ddf2fb2e6570ea,a64712923e2a7e3aa97e854b84065a2e70751a5aae0b7a49cb74f8eb6f89a179
PHOTO-02,service_shot_04.jpg,3143545,c98db082879e1bfbb6ade1a65b75fbc085d3d4f41e70e89939181863c359c17b,01cdae0b2a7d5de042cf8d294d8a4681100d684b066cc80d36ddf2fb2e6570ea,a64712923e2a7e3aa97e854b84065a2e70751a5aae0b7a49cb74f8eb6f89a179
PHOTO-02,service_shot_05.jpg,3705546,1da593f151adc5bdf5b62095a30ec38f1a5a85da77512c1e50cfddc5731226aa,01cdae0b2a7d5de042cf8d294d8a4681100d684b066cc80d36ddf2fb2e6570ea,a64712923e2a7e3aa97e854b84065a2e70751a5aae0b7a49cb74f8eb6f89a179
PHOTO-02,service_shot_06.jpg,3496161,d8825e5e2ab7f65c6e4ce6cb8be21c6e2d1123a9893e4022670a5ed1d802209f,01cdae0b2a7d5de042cf8d294d8a4681100d684b066cc80d36ddf2fb2e6570ea,a64712923e2a7e3aa97e854b84065a2e70751a5aae0b7a49cb74f8eb6f89a179
PHOTO-02,service_shot_07.jpg,3194000,1dfb09609cc8a265abb89d18728c2d5ac2794a843354562ecdafd86d8e0e8cc0,01cdae0b2a7d5de042cf8d294d8a4681100d684b066cc80d36ddf2fb2e6570ea,a64712923e2a7e3aa97e854b84065a2e70751a5aae0b7a49cb74f8eb6f89a179
PHOTO-02,service_shot_08.jpg,2944404,00b73be96b824fd602ec96479c3ae426abaaa8b5d3ec6ed090cbc9a313c3ccb2,01cdae0b2a7d5de042cf8d294d8a4681100d684b066cc80d36ddf2fb2e6570ea,a64712923e2a7e3aa97e854b84065a2e70751a5aae0b7a49cb74f8eb6f89a179
PHOTO-02,service_shot_09.jpg,3034216,806b4e4fcfb85f31875ea4644b787a44080a2eee433def85f04806897c639e4f,01cdae0b2a7d5de042cf8d294d8a4681100d684b066cc80d36ddf2fb2e6570ea,a64712923e2a7e3aa97e854b84065a2e70751a5aae0b7a49cb74f8eb6f89a179
PHOTO-02,service_shot_10.jpg,3108195,cc4d04c6031d2d95bbc60420d1cdda750fb4904d5132807d70a08ec4b458f451,01cdae0b2a7d5de042cf8d294d8a4681100d684b066cc80d36ddf2fb2e6570ea,a64712923e2a7e3aa97e854b84065a2e70751a5aae0b7a49cb74f8eb6f89a179
PHOTO-02,dishcard_2025_print.pdf,317471,555044f58faf5f9e08e2ec32524605547cb1be81279363c8fadd46081768f889,01cdae0b2a7d5de042cf8d294d8a4681100d684b066cc80d36ddf2fb2e6570ea,a64712923e2a7e3aa97e854b84065a2e70751a5aae0b7a49cb74f8eb6f89a179
PHOTO-02,dishes.csv,1526,626c57a32f02da9f88dd9b7d81993bd2f64bcbd0fd416c67517047907864a097,01cdae0b2a7d5de042cf8d294d8a4681100d684b066cc80d36ddf2fb2e6570ea,a64712923e2a7e3aa97e854b84065a2e70751a5aae0b7a49cb74f8eb6f89a179
PHOTO-02,house_words.txt,914,fa8957e6a0f448bf27d99f2bff334a3f5eacae35f94fa92a7fc8c3a7f566f75f,01cdae0b2a7d5de042cf8d294d8a4681100d684b066cc80d36ddf2fb2e6570ea,a64712923e2a7e3aa97e854b84065a2e70751a5aae0b7a49cb74f8eb6f89a179
PHOTO-02,spring_menu_draft.txt,886,c58e617848806191f9faad39ce1be632d6f0a3fffc3b388a4531971aa7138cdf,01cdae0b2a7d5de042cf8d294d8a4681100d684b066cc80d36ddf2fb2e6570ea,a64712923e2a7e3aa97e854b84065a2e70751a5aae0b7a49cb74f8eb6f89a179
PHOTO-03,room_01.jpg,3489804,b84236e2561e778e5d6bf70fb0af0a88958c98c85deaa71fa1db712f1660a70b,d0c2513230acbc60abcf04baf2ae20e92d7422d0d5c201bf2623d631e3d8e1d1,e8da1bc88030000f5a4024bf19403ac3357a5b6bd79595a21e692cccc63780f8
PHOTO-03,room_02.jpg,3116203,7e95435b99a82ca74122f3accfacbec6e56d2090c8017a04ebae5ce054ddc140,d0c2513230acbc60abcf04baf2ae20e92d7422d0d5c201bf2623d631e3d8e1d1,e8da1bc88030000f5a4024bf19403ac3357a5b6bd79595a21e692cccc63780f8
PHOTO-03,room_03.jpg,2874173,65a213c125b9eaeed56bab8571daeaf94ad9f6b8926c07de1f266cb7fdac8148,d0c2513230acbc60abcf04baf2ae20e92d7422d0d5c201bf2623d631e3d8e1d1,e8da1bc88030000f5a4024bf19403ac3357a5b6bd79595a21e692cccc63780f8
PHOTO-03,room_04.jpg,2880661,ba7268e1818aa92952be7c38a83f8cdef422fdc227d559823b80f15bc5e2407f,d0c2513230acbc60abcf04baf2ae20e92d7422d0d5c201bf2623d631e3d8e1d1,e8da1bc88030000f5a4024bf19403ac3357a5b6bd79595a21e692cccc63780f8
PHOTO-03,room_05.jpg,3413586,c41a0b887adc435f75a310775c4e6103a49253be67503575b2fffbc99e0621e2,d0c2513230acbc60abcf04baf2ae20e92d7422d0d5c201bf2623d631e3d8e1d1,e8da1bc88030000f5a4024bf19403ac3357a5b6bd79595a21e692cccc63780f8
PHOTO-03,room_06.jpg,2921418,6c3559c3fd5258187dd34b4db30f8ca8e76a8a7e5c65d886913255f5ec4399bc,d0c2513230acbc60abcf04baf2ae20e92d7422d0d5c201bf2623d631e3d8e1d1,e8da1bc88030000f5a4024bf19403ac3357a5b6bd79595a21e692cccc63780f8
PHOTO-03,room_07.jpg,2884319,a625efd85249bf7c0897ea0dd07c125b5a4690fd3baf640ea6be9b0f418b7bab,d0c2513230acbc60abcf04baf2ae20e92d7422d0d5c201bf2623d631e3d8e1d1,e8da1bc88030000f5a4024bf19403ac3357a5b6bd79595a21e692cccc63780f8
PHOTO-03,room_08.jpg,2725863,bb63ba0e234d52f83a62cc178d6e3c6460b14df153670fc64a4e5e9493fcc846,d0c2513230acbc60abcf04baf2ae20e92d7422d0d5c201bf2623d631e3d8e1d1,e8da1bc88030000f5a4024bf19403ac3357a5b6bd79595a21e692cccc63780f8
PHOTO-03,room_09.jpg,3292471,b73c6f0950e25e34d395ea010efc3e5810a28fffc4aecb7ce1a207ea4b91c38d,d0c2513230acbc60abcf04baf2ae20e92d7422d0d5c201bf2623d631e3d8e1d1,e8da1bc88030000f5a4024bf19403ac3357a5b6bd79595a21e692cccc63780f8
PHOTO-03,room_10.jpg,3316503,21172813c0ea9f9833f8844747c85d00f086be22de19d2d5269ad1fc65928601,d0c2513230acbc60abcf04baf2ae20e92d7422d0d5c201bf2623d631e3d8e1d1,e8da1bc88030000f5a4024bf19403ac3357a5b6bd79595a21e692cccc63780f8
PHOTO-03,room_11.jpg,3872789,cb2bad4d7b2d86aa5f495cc5cc9a2198fd4165458b07a5327e331464089ffdd3,d0c2513230acbc60abcf04baf2ae20e92d7422d0d5c201bf2623d631e3d8e1d1,e8da1bc88030000f5a4024bf19403ac3357a5b6bd79595a21e692cccc63780f8
PHOTO-03,room_12.jpg,3907978,a696f6488ce972505eca5462d5cb7ce9c09bff12545a7497a7343def0f309f20,d0c2513230acbc60abcf04baf2ae20e92d7422d0d5c201bf2623d631e3d8e1d1,e8da1bc88030000f5a4024bf19403ac3357a5b6bd79595a21e692cccc63780f8
PHOTO-03,windowcard_2025_print.pdf,275822,1a4df151fe207945b70a14a1109cc1002358d95b95e2bcc516e910ca7a2c298c,d0c2513230acbc60abcf04baf2ae20e92d7422d0d5c201bf2623d631e3d8e1d1,e8da1bc88030000f5a4024bf19403ac3357a5b6bd79595a21e692cccc63780f8
PHOTO-03,active_listings.csv,852,9a6f88ec2f583455f35f8372c02023f363e56313923176af92d569676bdd022f,d0c2513230acbc60abcf04baf2ae20e92d7422d0d5c201bf2623d631e3d8e1d1,e8da1bc88030000f5a4024bf19403ac3357a5b6bd79595a21e692cccc63780f8
PHOTO-03,photographer_notes.txt,812,312ab4ec6952c49fd802297a2784694f9de1446c256e8aacb903a014a8b52a3d,d0c2513230acbc60abcf04baf2ae20e92d7422d0d5c201bf2623d631e3d8e1d1,e8da1bc88030000f5a4024bf19403ac3357a5b6bd79595a21e692cccc63780f8
PHOTO-03,office_style_note.txt,1114,91c0917c3a9fbef87ee1eaea96b767694213054a4b7d19c5ebe4416930fb0b0b,d0c2513230acbc60abcf04baf2ae20e92d7422d0d5c201bf2623d631e3d8e1d1,e8da1bc88030000f5a4024bf19403ac3357a5b6bd79595a21e692cccc63780f8
PHOTO-04,verranza_terrace.jpg,5400965,1922f92d7b0dbc7f6bf0c553cf0615ad085199029c6687765238487b56f06c9c,6253e72b61f61a1b6664d4e8d9041f7fdc368ba2ad19ce5b7cd947e89501a322,071c4e21b7565abf05a5a31d210f375ddaaea39a7d97e1f8891b9c40a796df47
PHOTO-04,verranza_pool.jpg,4903644,17615ea3cc43713a4e52786c9f79687a7d49c14044db70140d4fc71a20260941,6253e72b61f61a1b6664d4e8d9041f7fdc368ba2ad19ce5b7cd947e89501a322,071c4e21b7565abf05a5a31d210f375ddaaea39a7d97e1f8891b9c40a796df47
PHOTO-04,verranza_bedroom.jpg,3500816,cd2877f0bc0bb9b3588e4a6bacab63417bf4391d09e748a48d231c3568694ae7,6253e72b61f61a1b6664d4e8d9041f7fdc368ba2ad19ce5b7cd947e89501a322,071c4e21b7565abf05a5a31d210f375ddaaea39a7d97e1f8891b9c40a796df47
PHOTO-04,verranza_living.jpg,3844318,383fe405cd10a3c55e8d4f37f959167a0b2e0dd16bb9c4feacec5f7dd7a05274,6253e72b61f61a1b6664d4e8d9041f7fdc368ba2ad19ce5b7cd947e89501a322,071c4e21b7565abf05a5a31d210f375ddaaea39a7d97e1f8891b9c40a796df47
PHOTO-04,oliveto_terrace.jpg,4353356,0d2ad12bac83c1818ef540b783a69c11c1f8e4fa4c2a25d44785f49f931c2227,6253e72b61f61a1b6664d4e8d9041f7fdc368ba2ad19ce5b7cd947e89501a322,071c4e21b7565abf05a5a31d210f375ddaaea39a7d97e1f8891b9c40a796df47
PHOTO-04,oliveto_pool.jpg,4709386,5a50630857ee96a138533f2fbacfe1c9dbec5b0e384d04d937c564ba4c7ddcd9,6253e72b61f61a1b6664d4e8d9041f7fdc368ba2ad19ce5b7cd947e89501a322,071c4e21b7565abf05a5a31d210f375ddaaea39a7d97e1f8891b9c40a796df47
PHOTO-04,oliveto_bedroom.jpg,3203515,c3966227142f1231f9a6d606a55ec174b85403637a8fcc19fbddcd269139ce75,6253e72b61f61a1b6664d4e8d9041f7fdc368ba2ad19ce5b7cd947e89501a322,071c4e21b7565abf05a5a31d210f375ddaaea39a7d97e1f8891b9c40a796df47
PHOTO-04,oliveto_living.jpg,3486299,64b6735fc1c47c9a9f60434f8520d671a30f6cd5f0495424e9c8051274efce98,6253e72b61f61a1b6664d4e8d9041f7fdc368ba2ad19ce5b7cd947e89501a322,071c4e21b7565abf05a5a31d210f375ddaaea39a7d97e1f8891b9c40a796df47
PHOTO-04,scogliera_terrace.jpg,3876519,ee9493dae1b49f6bcbdd38b98829dff408e46fd428181c316d52fde369b7f6be,6253e72b61f61a1b6664d4e8d9041f7fdc368ba2ad19ce5b7cd947e89501a322,071c4e21b7565abf05a5a31d210f375ddaaea39a7d97e1f8891b9c40a796df47
PHOTO-04,scogliera_pool.jpg,3619554,2cfbbed53817853d4fcf9c2d950892981f197ada2e83579d98a5db55d83de160,6253e72b61f61a1b6664d4e8d9041f7fdc368ba2ad19ce5b7cd947e89501a322,071c4e21b7565abf05a5a31d210f375ddaaea39a7d97e1f8891b9c40a796df47
PHOTO-04,scogliera_bedroom.jpg,3278668,7f8db8074cb16b1fd7fff2ce104c6a9dcb93b52c8680023ae979c0bc7555ecf1,6253e72b61f61a1b6664d4e8d9041f7fdc368ba2ad19ce5b7cd947e89501a322,071c4e21b7565abf05a5a31d210f375ddaaea39a7d97e1f8891b9c40a796df47
PHOTO-04,scogliera_living.jpg,3442507,af559e03b70f96040e5a74bb6a72ad03a66857e9921827b70f0ad3b60d32564d,6253e72b61f61a1b6664d4e8d9041f7fdc368ba2ad19ce5b7cd947e89501a322,071c4e21b7565abf05a5a31d210f375ddaaea39a7d97e1f8891b9c40a796df47
PHOTO-04,gate_plate.jpg,3283997,7886eaba397e14190659d1e3774feb167de124e60b4ec3ea130c30c0001f301d,6253e72b61f61a1b6664d4e8d9041f7fdc368ba2ad19ce5b7cd947e89501a322,071c4e21b7565abf05a5a31d210f375ddaaea39a7d97e1f8891b9c40a796df47
PHOTO-04,agentcard_2025_print.pdf,799863,01b6942cad111968cc74bb1496fcbdf4ebc3b88968907f2f238f20cc170e9279,6253e72b61f61a1b6664d4e8d9041f7fdc368ba2ad19ce5b7cd947e89501a322,071c4e21b7565abf05a5a31d210f375ddaaea39a7d97e1f8891b9c40a796df47
PHOTO-04,rates_2027.csv,436,a478415d14b9db21df2d183b6d8c17de91952f63b107d0efcf2fb3a0857dbe11,6253e72b61f61a1b6664d4e8d9041f7fdc368ba2ad19ce5b7cd947e89501a322,071c4e21b7565abf05a5a31d210f375ddaaea39a7d97e1f8891b9c40a796df47
PHOTO-04,owner_note.txt,1449,4ee112019565ddbb683388baa8bb639b438110b3bc616a074df2dbe9e9c80294,6253e72b61f61a1b6664d4e8d9041f7fdc368ba2ad19ce5b7cd947e89501a322,071c4e21b7565abf05a5a31d210f375ddaaea39a7d97e1f8891b9c40a796df47
PHOTO-05,halcyon_show_apartment.jpg,3521457,6cc1d07e8a72b364cd8196a7feab3b6d1564b9670243de2f70511e36daac8f7a,d71ef69ca1297ea8e242ca84f8eef79c163b4a173a469250a32ea7a718f47cef,1a5c2b5ad96d5b839fd98cdaebf681fd3338e891d7c4fdfdb5fdace8aceb3bde
PHOTO-05,halcyon_lounge.jpg,3308155,04700f4e1a3945d3f934da49daf0fc20ba32c93e176be6dc34ab31679ba70a7e,d71ef69ca1297ea8e242ca84f8eef79c163b4a173a469250a32ea7a718f47cef,1a5c2b5ad96d5b839fd98cdaebf681fd3338e891d7c4fdfdb5fdace8aceb3bde
PHOTO-05,halcyon_roof_terrace.jpg,2823365,0bf0300785c10ae940c4aaa736c486043cc8ccd4cd4fdd94b47df8fd78850545,d71ef69ca1297ea8e242ca84f8eef79c163b4a173a469250a32ea7a718f47cef,1a5c2b5ad96d5b839fd98cdaebf681fd3338e891d7c4fdfdb5fdace8aceb3bde
PHOTO-05,halcyon_canal.jpg,3456320,d6b3a8d47e4ae2419ac64d6f30874ec9a8b50e2c675ded395ea48083a953a94a,d71ef69ca1297ea8e242ca84f8eef79c163b4a173a469250a32ea7a718f47cef,1a5c2b5ad96d5b839fd98cdaebf681fd3338e891d7c4fdfdb5fdace8aceb3bde
PHOTO-05,halcyon_elevation_a.jpg,4335549,2b046a5163a0bf8adba5786e8dbddb0e611d47fc9e14196679cb6014bb1d4cec,d71ef69ca1297ea8e242ca84f8eef79c163b4a173a469250a32ea7a718f47cef,1a5c2b5ad96d5b839fd98cdaebf681fd3338e891d7c4fdfdb5fdace8aceb3bde
PHOTO-05,halcyon_elevation_b.jpg,3631427,baeb88ea45267927e25458c3ca1701401c6162ca1bbaf8c0fa7331a7cb2b8019,d71ef69ca1297ea8e242ca84f8eef79c163b4a173a469250a32ea7a718f47cef,1a5c2b5ad96d5b839fd98cdaebf681fd3338e891d7c4fdfdb5fdace8aceb3bde
PHOTO-05,hoarding_panel_monogram.jpg,2689370,634009f6ce7c3d33aea6ef931588c7598b95621f3b57e758f32e1dd66f36928b,d71ef69ca1297ea8e242ca84f8eef79c163b4a173a469250a32ea7a718f47cef,1a5c2b5ad96d5b839fd98cdaebf681fd3338e891d7c4fdfdb5fdace8aceb3bde
PHOTO-05,kestrel_payment_card_2025_PRINT.pdf,370293,d66e6540e03f2b824d598f6ecc015e79c4c011dc32032bd68bee76e962df468b,d71ef69ca1297ea8e242ca84f8eef79c163b4a173a469250a32ea7a718f47cef,1a5c2b5ad96d5b839fd98cdaebf681fd3338e891d7c4fdfdb5fdace8aceb3bde
PHOTO-05,halcyon_units_2027.csv,695,35f93a7fd2590d85a36671ba355f7c72d31b64cddca07ab3d1279b31ce9f7756,d71ef69ca1297ea8e242ca84f8eef79c163b4a173a469250a32ea7a718f47cef,1a5c2b5ad96d5b839fd98cdaebf681fd3338e891d7c4fdfdb5fdace8aceb3bde
PHOTO-05,kv_brand_notes.txt,1221,30b2a2c95558332d542a7e1b237ccdf0a01703f691e6af58c13a8363b8155466,d71ef69ca1297ea8e242ca84f8eef79c163b4a173a469250a32ea7a718f47cef,1a5c2b5ad96d5b839fd98cdaebf681fd3338e891d7c4fdfdb5fdace8aceb3bde
PHOTO-06,hollis_scan_01.jpg,1436128,698d355417ca19f79f628bcfb76272a69b9b0708457548c1a83bb2d763e86e2d,ef16d676da6f74c8c8fb63e82fc1e07471e655c8289f780b8fb53f4bc5a9f4d8,51e104f76a12c47cad535b55da0312ef5c5a50d62bf16e0558de884be3be6f54
PHOTO-06,hollis_scan_02.jpg,1452351,d2432097d4dd8f23ec6d1312012d2e4f14a3693dcb773fdee14f5ef8deec4a98,ef16d676da6f74c8c8fb63e82fc1e07471e655c8289f780b8fb53f4bc5a9f4d8,51e104f76a12c47cad535b55da0312ef5c5a50d62bf16e0558de884be3be6f54
PHOTO-06,hollis_scan_03.jpg,1758531,2aec4826cfa62aad567cda937513d8450f92930832db4cae18ecfd030992c5bd,ef16d676da6f74c8c8fb63e82fc1e07471e655c8289f780b8fb53f4bc5a9f4d8,51e104f76a12c47cad535b55da0312ef5c5a50d62bf16e0558de884be3be6f54
PHOTO-06,hollis_scan_04.jpg,1932393,051a04652d730f2f473610cd2cbb08a9fdc9999a64d6e38873748032fa2a05e5,ef16d676da6f74c8c8fb63e82fc1e07471e655c8289f780b8fb53f4bc5a9f4d8,51e104f76a12c47cad535b55da0312ef5c5a50d62bf16e0558de884be3be6f54
PHOTO-06,hollis_scan_05.jpg,1945941,17bcdacf7a2aeb1b12f718c48944f0e1ee7a628ed03ae44433c44acbab07511b,ef16d676da6f74c8c8fb63e82fc1e07471e655c8289f780b8fb53f4bc5a9f4d8,51e104f76a12c47cad535b55da0312ef5c5a50d62bf16e0558de884be3be6f54
PHOTO-06,hollis_scan_06.jpg,1597204,95e16d5236ba5728e34cacaf4f0b902534228acfb92acf97155599bd41cc73ad,ef16d676da6f74c8c8fb63e82fc1e07471e655c8289f780b8fb53f4bc5a9f4d8,51e104f76a12c47cad535b55da0312ef5c5a50d62bf16e0558de884be3be6f54
PHOTO-06,hollis_scan_07.jpg,1392788,f6b4c1bd330287bff67e290a109022947fac7901600618f6258206f8fed60bb1,ef16d676da6f74c8c8fb63e82fc1e07471e655c8289f780b8fb53f4bc5a9f4d8,51e104f76a12c47cad535b55da0312ef5c5a50d62bf16e0558de884be3be6f54
PHOTO-06,hollis_scan_08.jpg,1452182,6508319268ce32620f41e4e800df86281152e56744ce9f0f01d1882bf80defc4,ef16d676da6f74c8c8fb63e82fc1e07471e655c8289f780b8fb53f4bc5a9f4d8,51e104f76a12c47cad535b55da0312ef5c5a50d62bf16e0558de884be3be6f54
PHOTO-06,hollis_scan_09.jpg,1559689,98bb9516f2f42cae2f197d07a5084c33c06491593c5b4e2d5249fe3315e39252,ef16d676da6f74c8c8fb63e82fc1e07471e655c8289f780b8fb53f4bc5a9f4d8,51e104f76a12c47cad535b55da0312ef5c5a50d62bf16e0558de884be3be6f54
PHOTO-06,mountcard_2019_print.pdf,281519,37adb848020d28ea83325e329170a54bc557a32cf4217c6536e314e93d6f5b69,ef16d676da6f74c8c8fb63e82fc1e07471e655c8289f780b8fb53f4bc5a9f4d8,51e104f76a12c47cad535b55da0312ef5c5a50d62bf16e0558de884be3be6f54
PHOTO-06,photo_catalogue.csv,991,7640dbc38fcba29aaea813a212f0fa5c0fade4b14a37ce98bc9759c6bfaacd70,ef16d676da6f74c8c8fb63e82fc1e07471e655c8289f780b8fb53f4bc5a9f4d8,51e104f76a12c47cad535b55da0312ef5c5a50d62bf16e0558de884be3be6f54
PHOTO-06,family_notes.txt,1477,11a2f2378aac355ffb5ae64b6a73102242c7d2f254a97580d5a27cab67bd46ab,ef16d676da6f74c8c8fb63e82fc1e07471e655c8289f780b8fb53f4bc5a9f4d8,51e104f76a12c47cad535b55da0312ef5c5a50d62bf16e0558de884be3be6f54
PHOTO-07,ridge_road_before.jpg,2862272,e264d958e6e0c7a6e83cd7be4e944c758eba0d5ef9c7e17a52a6e5c5fad03b00,739c2cf98940d52f79a9ebb1d22e7f55bc0b4ede15792d8c42bccfca3fa111ac,71f13894d83ae4a622a889bf2827449d0f479cc3f140628f230c62d0f6664acc
PHOTO-07,ridge_road_after.jpg,4206131,a9097e5ac202559596f7f51c41e2d2de8cb77ec5ae83df0795c7ea121ff3c9c4,739c2cf98940d52f79a9ebb1d22e7f55bc0b4ede15792d8c42bccfca3fa111ac,71f13894d83ae4a622a889bf2827449d0f479cc3f140628f230c62d0f6664acc
PHOTO-07,ridge_road_after_detail.jpg,4873878,4353556d5930588de27339559e70dedce48c2ddb2123d5f9e2b9630a2a044e22,739c2cf98940d52f79a9ebb1d22e7f55bc0b4ede15792d8c42bccfca3fa111ac,71f13894d83ae4a622a889bf2827449d0f479cc3f140628f230c62d0f6664acc
PHOTO-07,marbledale_before.jpg,3147587,15beae2b987b8325e4e485565a74ccc3890ab47457652e57d543040dea7f7eda,739c2cf98940d52f79a9ebb1d22e7f55bc0b4ede15792d8c42bccfca3fa111ac,71f13894d83ae4a622a889bf2827449d0f479cc3f140628f230c62d0f6664acc
PHOTO-07,marbledale_after.jpg,4987908,b9f88eb17d26ccf03881d5c7e0554b627827f71f1b6464f5d7000c4a4752ce8f,739c2cf98940d52f79a9ebb1d22e7f55bc0b4ede15792d8c42bccfca3fa111ac,71f13894d83ae4a622a889bf2827449d0f479cc3f140628f230c62d0f6664acc
PHOTO-07,marbledale_after_02.jpg,4728407,45ab3d74ae1215769642f6fb0d1bbb2c81cbea465fd9bf36aacaeb8a0d39ce73,739c2cf98940d52f79a9ebb1d22e7f55bc0b4ede15792d8c42bccfca3fa111ac,71f13894d83ae4a622a889bf2827449d0f479cc3f140628f230c62d0f6664acc
PHOTO-07,cornwallbridge_before.jpg,331295,20a90fdf0be12c3bfe4fcecb5ea7bf6195e599bbe979ee61efedad73c1f08544,739c2cf98940d52f79a9ebb1d22e7f55bc0b4ede15792d8c42bccfca3fa111ac,71f13894d83ae4a622a889bf2827449d0f479cc3f140628f230c62d0f6664acc
PHOTO-07,cornwallbridge_after.jpg,5449163,49cad6429b049f28a9e77e1acab853d0b7d6a4e399cda434d6e1948521dcd0b4,739c2cf98940d52f79a9ebb1d22e7f55bc0b4ede15792d8c42bccfca3fa111ac,71f13894d83ae4a622a889bf2827449d0f479cc3f140628f230c62d0f6664acc
PHOTO-07,ellsworth_before.jpg,1764413,db12bab4ecadf000c2c969f00af4aa57de4d406dcb4554d0c976efd96d4973fb,739c2cf98940d52f79a9ebb1d22e7f55bc0b4ede15792d8c42bccfca3fa111ac,71f13894d83ae4a622a889bf2827449d0f479cc3f140628f230c62d0f6664acc
PHOTO-07,ellsworth_after.jpg,3707827,86010a6c0f6f31561798dfa708d2abc1ad867b199c6092d6d74a86706eb4495b,739c2cf98940d52f79a9ebb1d22e7f55bc0b4ede15792d8c42bccfca3fa111ac,71f13894d83ae4a622a889bf2827449d0f479cc3f140628f230c62d0f6664acc
PHOTO-07,ellsworth_after_02.jpg,3584907,242cc72d6aac8bc58048335efefb99e12fc478f14073048fd88ccce75ef3d197,739c2cf98940d52f79a9ebb1d22e7f55bc0b4ede15792d8c42bccfca3fa111ac,71f13894d83ae4a622a889bf2827449d0f479cc3f140628f230c62d0f6664acc
PHOTO-07,chapin_before.jpg,355751,6b9e837b759df2957b5b14f466fd23ae154c73a129e5d40aa0123bd512b6bdbb,739c2cf98940d52f79a9ebb1d22e7f55bc0b4ede15792d8c42bccfca3fa111ac,71f13894d83ae4a622a889bf2827449d0f479cc3f140628f230c62d0f6664acc
PHOTO-07,chapin_after.jpg,7073518,f9ce1cea7885f306a1e2007ffc41a3fcc7aa08150dfe73fbc08bb4ac0fba7d7d,739c2cf98940d52f79a9ebb1d22e7f55bc0b4ede15792d8c42bccfca3fa111ac,71f13894d83ae4a622a889bf2827449d0f479cc3f140628f230c62d0f6664acc
PHOTO-07,chapin_after_detail.jpg,7516031,ecce7130340956612f79101a207ab7ceb6da4314faab9e1b0f18ca581eb82af5,739c2cf98940d52f79a9ebb1d22e7f55bc0b4ede15792d8c42bccfca3fa111ac,71f13894d83ae4a622a889bf2827449d0f479cc3f140628f230c62d0f6664acc
PHOTO-07,mark_flat.png,661768,4741e464bda6d621c412313be33bf219b97b55648fb4b72414d3f9f1038a0e8a,739c2cf98940d52f79a9ebb1d22e7f55bc0b4ede15792d8c42bccfca3fa111ac,71f13894d83ae4a622a889bf2827449d0f479cc3f140628f230c62d0f6664acc
PHOTO-07,truck_door.jpg,2183009,150c5b3230ff522c18021ee1b7b7c9364924e4f789f1ae4e015c65eca687bfc4,739c2cf98940d52f79a9ebb1d22e7f55bc0b4ede15792d8c42bccfca3fa111ac,71f13894d83ae4a622a889bf2827449d0f479cc3f140628f230c62d0f6664acc
PHOTO-07,projectcard_2025_print.pdf,392930,25328e60419eebac56011244bd848b87fe1aba6033c329531e21b8a2ebec527e,739c2cf98940d52f79a9ebb1d22e7f55bc0b4ede15792d8c42bccfca3fa111ac,71f13894d83ae4a622a889bf2827449d0f479cc3f140628f230c62d0f6664acc
PHOTO-07,projects.csv,1172,f22c99cfd2db9e08d9d59db17623e83aaac7baf7c612db0ec13af0a182933569,739c2cf98940d52f79a9ebb1d22e7f55bc0b4ede15792d8c42bccfca3fa111ac,71f13894d83ae4a622a889bf2827449d0f479cc3f140628f230c62d0f6664acc
PHOTO-07,brand_notes.txt,1739,0c750b7b938407b14ddf65ee16fe783e24e5d195c83115ef590f05bfaded2118,739c2cf98940d52f79a9ebb1d22e7f55bc0b4ede15792d8c42bccfca3fa111ac,71f13894d83ae4a622a889bf2827449d0f479cc3f140628f230c62d0f6664acc
PHOTO-08,M3082_norsted_alta_front34.jpg,2541244,8d262194aaf4b7d474d5aa8360448474f1afe5ab1a87e4ff9f6eae552a59c4d7,3e79c9bf02c2a47c750cb03dd31eddefd490ae3995816a5bb42ac873c324a6a3,63c4c0d0e4ef07ef70bfd44db329f8d627ecde1b8be051f734b87d940f111eac
PHOTO-08,M3082_norsted_alta_side.jpg,2288260,971ad112e6f142c32d74d272264638dc09bc08661b23ea3503b9bf594c399e9b,3e79c9bf02c2a47c750cb03dd31eddefd490ae3995816a5bb42ac873c324a6a3,63c4c0d0e4ef07ef70bfd44db329f8d627ecde1b8be051f734b87d940f111eac
PHOTO-08,M3082_norsted_alta_rear34.jpg,2472997,046870ee5873c08b4299fe1dbb5962555096ffb8c3f44baa929c17d6f03c48ee,3e79c9bf02c2a47c750cb03dd31eddefd490ae3995816a5bb42ac873c324a6a3,63c4c0d0e4ef07ef70bfd44db329f8d627ecde1b8be051f734b87d940f111eac
PHOTO-08,M3091_ardmoor_ridge_front34.jpg,3468851,9f9dc1128df6efb809ed9043dccb540cabf1ed5965d7f601a26220eec9b764c2,3e79c9bf02c2a47c750cb03dd31eddefd490ae3995816a5bb42ac873c324a6a3,63c4c0d0e4ef07ef70bfd44db329f8d627ecde1b8be051f734b87d940f111eac
PHOTO-08,M3091_ardmoor_ridge_side.jpg,3228015,4fc89945f007c6acab3e7637465e1710335c84a5ef0938ab8dce3bda3009bf5b,3e79c9bf02c2a47c750cb03dd31eddefd490ae3995816a5bb42ac873c324a6a3,63c4c0d0e4ef07ef70bfd44db329f8d627ecde1b8be051f734b87d940f111eac
PHOTO-08,M3091_ardmoor_ridge_rear34.jpg,3163758,f48a37156d0f7bde41a4320be6e7a718821942faeea1c09462ec65ff3e048be1,3e79c9bf02c2a47c750cb03dd31eddefd490ae3995816a5bb42ac873c324a6a3,63c4c0d0e4ef07ef70bfd44db329f8d627ecde1b8be051f734b87d940f111eac
PHOTO-08,M2417_calder_vireo_front34.jpg,4094652,db79d09c9c5178ea29c6ca5d764bbbdae7489c854803af2129b968fe5516eacc,3e79c9bf02c2a47c750cb03dd31eddefd490ae3995816a5bb42ac873c324a6a3,63c4c0d0e4ef07ef70bfd44db329f8d627ecde1b8be051f734b87d940f111eac
PHOTO-08,M2417_calder_vireo_side.jpg,3664530,9a28f8f1128970dc9ff6d07947130eb390d841a62598d5b7aee2f952eba49bf1,3e79c9bf02c2a47c750cb03dd31eddefd490ae3995816a5bb42ac873c324a6a3,63c4c0d0e4ef07ef70bfd44db329f8d627ecde1b8be051f734b87d940f111eac
PHOTO-08,M2417_calder_vireo_rear34.jpg,3371531,3ea21856109ef89b919ad44832cf7bfa4d13fea7135d9bd000e6fe8a583a232d,3e79c9bf02c2a47c750cb03dd31eddefd490ae3995816a5bb42ac873c324a6a3,63c4c0d0e4ef07ef70bfd44db329f8d627ecde1b8be051f734b87d940f111eac
PHOTO-08,M3105_brookmere_sable_front34.jpg,2688367,8cfcc57aeb9893f47a6a2706be56c050b40ab13bdea0c88b7b56f655b58a0c10,3e79c9bf02c2a47c750cb03dd31eddefd490ae3995816a5bb42ac873c324a6a3,63c4c0d0e4ef07ef70bfd44db329f8d627ecde1b8be051f734b87d940f111eac
PHOTO-08,M3105_brookmere_sable_side.jpg,3444107,c237e00f2de6cecad9a74b4ff1c14ed96bb391d2f2602743adf54442e8acf15c,3e79c9bf02c2a47c750cb03dd31eddefd490ae3995816a5bb42ac873c324a6a3,63c4c0d0e4ef07ef70bfd44db329f8d627ecde1b8be051f734b87d940f111eac
PHOTO-08,M3105_brookmere_sable_rear34.jpg,3419513,17374d87b3f4d0f1e24fc2c4a7c09605eb3975c64c68fd435e750b4d7142201b,3e79c9bf02c2a47c750cb03dd31eddefd490ae3995816a5bb42ac873c324a6a3,63c4c0d0e4ef07ef70bfd44db329f8d627ecde1b8be051f734b87d940f111eac
PHOTO-08,M2471_calder_kestrel_front34.jpg,2394829,63569cfadfdc651ca0db8f0e256a9a8dfc334af7173194c5c3891e34ba1397fb,3e79c9bf02c2a47c750cb03dd31eddefd490ae3995816a5bb42ac873c324a6a3,63c4c0d0e4ef07ef70bfd44db329f8d627ecde1b8be051f734b87d940f111eac
PHOTO-08,M2471_calder_kestrel_side.jpg,2646144,c96aa207c2a6b8b010b54ae5fe7a33139cdb0bcd51531a86c224ac87aabbd79c,3e79c9bf02c2a47c750cb03dd31eddefd490ae3995816a5bb42ac873c324a6a3,63c4c0d0e4ef07ef70bfd44db329f8d627ecde1b8be051f734b87d940f111eac
PHOTO-08,M2471_calder_kestrel_rear34.jpg,2730364,debac8f85ec318d351c25f53e5f32b978b21f6d2b70fd547ddbeefcddd47cb4d,3e79c9bf02c2a47c750cb03dd31eddefd490ae3995816a5bb42ac873c324a6a3,63c4c0d0e4ef07ef70bfd44db329f8d627ecde1b8be051f734b87d940f111eac
PHOTO-08,M3119_norsted_fjord_front34.jpg,2573691,1177e7f33e8c1a920f628a432675cba35128f9dd6112a4ff6d895039c00ef8e4,3e79c9bf02c2a47c750cb03dd31eddefd490ae3995816a5bb42ac873c324a6a3,63c4c0d0e4ef07ef70bfd44db329f8d627ecde1b8be051f734b87d940f111eac
PHOTO-08,M3119_norsted_fjord_side.jpg,2691005,1df0abd186ec066dea6cc5b24391518ad46973795f4237604dc2d43d243d3371,3e79c9bf02c2a47c750cb03dd31eddefd490ae3995816a5bb42ac873c324a6a3,63c4c0d0e4ef07ef70bfd44db329f8d627ecde1b8be051f734b87d940f111eac
PHOTO-08,M3119_norsted_fjord_rear34.jpg,2624674,41c9cb87bc60956183af1df8fbdd4b8a55010b44d81e3816bfadf9b900e5ab04,3e79c9bf02c2a47c750cb03dd31eddefd490ae3995816a5bb42ac873c324a6a3,63c4c0d0e4ef07ef70bfd44db329f8d627ecde1b8be051f734b87d940f111eac
PHOTO-08,meridian_window_card_autumn.pdf,396379,99d3122b452dd7b5cb9a3775622c23ee8b0e5167bf8f3c5778d2585c715e07f5,3e79c9bf02c2a47c750cb03dd31eddefd490ae3995816a5bb42ac873c324a6a3,63c4c0d0e4ef07ef70bfd44db329f8d627ecde1b8be051f734b87d940f111eac
PHOTO-08,meridian_intake_week.csv,679,bf61b97b720c4984244a8bbb4c4e08a96e4529b3e6fc498b76b5b8dc91cc1b05,3e79c9bf02c2a47c750cb03dd31eddefd490ae3995816a5bb42ac873c324a6a3,63c4c0d0e4ef07ef70bfd44db329f8d627ecde1b8be051f734b87d940f111eac
PHOTO-08,meridian_roundel.png,197245,3b8b1d90b0d75d9c72fcb8c0138e56edf639900b35f26e516041498835c0c231,3e79c9bf02c2a47c750cb03dd31eddefd490ae3995816a5bb42ac873c324a6a3,63c4c0d0e4ef07ef70bfd44db329f8d627ecde1b8be051f734b87d940f111eac
PHOTO-08,meridian_marketplace_rules.txt,1601,05ac69a9611ea4a533368fa5b8d95d6bc225a370711d76ad05b192862a7983b8,3e79c9bf02c2a47c750cb03dd31eddefd490ae3995816a5bb42ac873c324a6a3,63c4c0d0e4ef07ef70bfd44db329f8d627ecde1b8be051f734b87d940f111eac
PHOTO-09,ostra_service_one_03.jpg,2368065,00520202cee81e5a4fd93aa5546dc91842776bb13fb38b2f7f007b3127f12f96,bf036b31e6a8e7936f46a395a391e8cafa5fe86932903b860f2c03a0e7d8ff20,526f31493752b609be8eb5cc63431a7774e780add34edb1d66407986e66ac09f
PHOTO-09,ostra_service_one_01.jpg,2364075,04f104b18137c947d6247da61708b590040c3bf47f6111509e686fad394bc627,bf036b31e6a8e7936f46a395a391e8cafa5fe86932903b860f2c03a0e7d8ff20,526f31493752b609be8eb5cc63431a7774e780add34edb1d66407986e66ac09f
PHOTO-09,ostra_service_one_04.jpg,2290387,cff7c54cbd81b78487618d93a4d18fe133448131a8c9f6acfa3d1fa3ada51d1b,bf036b31e6a8e7936f46a395a391e8cafa5fe86932903b860f2c03a0e7d8ff20,526f31493752b609be8eb5cc63431a7774e780add34edb1d66407986e66ac09f
PHOTO-09,ostra_service_one_07.jpg,2502799,cd63ae71c5570d8dd42d1a33e78f60b7c74f577b20d8f380b543f3c8bc669985,bf036b31e6a8e7936f46a395a391e8cafa5fe86932903b860f2c03a0e7d8ff20,526f31493752b609be8eb5cc63431a7774e780add34edb1d66407986e66ac09f
PHOTO-09,ostra_service_one_02.jpg,2509167,a0a9c0489617ee2e727687aaa5535c06f7fb663a010e12d15a8781eb610ce471,bf036b31e6a8e7936f46a395a391e8cafa5fe86932903b860f2c03a0e7d8ff20,526f31493752b609be8eb5cc63431a7774e780add34edb1d66407986e66ac09f
PHOTO-09,ostra_service_two_05.jpg,2086184,d38f0e9d4ebf2745fd993cf1bfc0db139d0419929aef5821b2104a28ebc96afa,bf036b31e6a8e7936f46a395a391e8cafa5fe86932903b860f2c03a0e7d8ff20,526f31493752b609be8eb5cc63431a7774e780add34edb1d66407986e66ac09f
PHOTO-09,ostra_service_two_01.jpg,2335765,df3742087290a0c8c61fe54b165de8e0b1f62aa47e5c1395e3910d90f1981ff0,bf036b31e6a8e7936f46a395a391e8cafa5fe86932903b860f2c03a0e7d8ff20,526f31493752b609be8eb5cc63431a7774e780add34edb1d66407986e66ac09f
PHOTO-09,ostra_service_two_04.jpg,2478526,db66c7f8202143a63a97f8018f1a5827dd07cc29a04aebfdec92730392bda0f4,bf036b31e6a8e7936f46a395a391e8cafa5fe86932903b860f2c03a0e7d8ff20,526f31493752b609be8eb5cc63431a7774e780add34edb1d66407986e66ac09f
PHOTO-09,ostra_house_mark_plate.jpg,1934453,99cd383c84a5e9c49753c90c7cc76106e3fd20f64bcdd07c8980792d442576d1,bf036b31e6a8e7936f46a395a391e8cafa5fe86932903b860f2c03a0e7d8ff20,526f31493752b609be8eb5cc63431a7774e780add34edb1d66407986e66ac09f
PHOTO-09,ostra_service_two_06.jpg,2181752,0aff7beb8075f37dbf7135d68d9d1c50825f67b8f784e38c76f01a10bcce18e8,bf036b31e6a8e7936f46a395a391e8cafa5fe86932903b860f2c03a0e7d8ff20,526f31493752b609be8eb5cc63431a7774e780add34edb1d66407986e66ac09f
PHOTO-09,ostra_service_one_06.jpg,2335421,f85102c4477128f9b2d04e5d3e6020becc42aaa05bf3212b94e133194369b3d1,bf036b31e6a8e7936f46a395a391e8cafa5fe86932903b860f2c03a0e7d8ff20,526f31493752b609be8eb5cc63431a7774e780add34edb1d66407986e66ac09f
PHOTO-09,ostra_menu_card_autumn.pdf,212505,2ff5d779ccaa1881610b5b8595cf93234be6d37d55c0581fc5f612a9814a148f,bf036b31e6a8e7936f46a395a391e8cafa5fe86932903b860f2c03a0e7d8ff20,526f31493752b609be8eb5cc63431a7774e780add34edb1d66407986e66ac09f
PHOTO-09,ostra_room_note.txt,1711,8c5ac6444ed44eb879e2b87afb9dc6bc6e11e1ff30faa3a7b824344636c22f94,bf036b31e6a8e7936f46a395a391e8cafa5fe86932903b860f2c03a0e7d8ff20,526f31493752b609be8eb5cc63431a7774e780add34edb1d66407986e66ac09f
PHOTO-09,ostra_service_two_03.jpg,2334385,691f5e4d5343deb090315969c3098ad224c87cc161eafce9ba61e8e96e5db6fa,bf036b31e6a8e7936f46a395a391e8cafa5fe86932903b860f2c03a0e7d8ff20,526f31493752b609be8eb5cc63431a7774e780add34edb1d66407986e66ac09f
PHOTO-09,ostra_service_one_05.jpg,2180598,de51bc19bda1ae926a88baca315144a60cdd281766db453675b22d9e2bf5781f,bf036b31e6a8e7936f46a395a391e8cafa5fe86932903b860f2c03a0e7d8ff20,526f31493752b609be8eb5cc63431a7774e780add34edb1d66407986e66ac09f
PHOTO-09,ostra_service_two_02.jpg,2255827,8dcc643e9a712a180425ec918102ea3b6047cd02ff1e530773bf77638728ee32,bf036b31e6a8e7936f46a395a391e8cafa5fe86932903b860f2c03a0e7d8ff20,526f31493752b609be8eb5cc63431a7774e780add34edb1d66407986e66ac09f
PHOTO-09,ostra_covers.csv,2626,effb99585ea0a2181dfc7f60e06bbbf2992525a08a489e0c98ce01a6083530ad,bf036b31e6a8e7936f46a395a391e8cafa5fe86932903b860f2c03a0e7d8ff20,526f31493752b609be8eb5cc63431a7774e780add34edb1d66407986e66ac09f
PHOTO-09,ostra_reference_darksite.png,2293530,b2999ec0aefae5e49bc5180362f81a168dab353f53191a70fb2b1fc5f4c43123,bf036b31e6a8e7936f46a395a391e8cafa5fe86932903b860f2c03a0e7d8ff20,526f31493752b609be8eb5cc63431a7774e780add34edb1d66407986e66ac09f
PHOTO-10,northgrove_style_01_loopback_crew.jpg,2241109,212861c19f7fb484bc40e113470060016e63f30df12f202ab1331211699a447c,6c97ccb2258e315cd0e8ebd915596090440d97b0bff71b769653c3b05ded1132,89c003871462cac2edea78e7bbfb2ccd8c7e70aa8894b163004c50ca847fd456
PHOTO-10,northgrove_style_02_heavy_tee.jpg,2182778,6cb7863cd2bee1cb6bec779fbc8b960b81dc26af9ae571b6166353e533a0d003,6c97ccb2258e315cd0e8ebd915596090440d97b0bff71b769653c3b05ded1132,89c003871462cac2edea78e7bbfb2ccd8c7e70aa8894b163004c50ca847fd456
PHOTO-10,northgrove_style_03_raglan.jpg,2199425,0a3f3276d5a8fad661f037460d61c07f84312a7b1c2d6c28aedd0d96feaa10d1,6c97ccb2258e315cd0e8ebd915596090440d97b0bff71b769653c3b05ded1132,89c003871462cac2edea78e7bbfb2ccd8c7e70aa8894b163004c50ca847fd456
PHOTO-10,northgrove_style_04_henley.jpg,2494297,dcd8032e622fd31289c135e46b43a9d47fe5e45c5ac4f5d0f77b72d8e272437d,6c97ccb2258e315cd0e8ebd915596090440d97b0bff71b769653c3b05ded1132,89c003871462cac2edea78e7bbfb2ccd8c7e70aa8894b163004c50ca847fd456
PHOTO-10,northgrove_style_05_zip_hoodie.jpg,2498695,a0fcca132984eb3b872d07be522aa8f90cf04a544426fb478663553d5e69b30a,6c97ccb2258e315cd0e8ebd915596090440d97b0bff71b769653c3b05ded1132,89c003871462cac2edea78e7bbfb2ccd8c7e70aa8894b163004c50ca847fd456
PHOTO-10,northgrove_style_06_supporters_crew.jpg,2527856,3f253337c8c7d3e4ccfc792daecf416d2578ccc8551f5add19e44f5aa7c8ba85,6c97ccb2258e315cd0e8ebd915596090440d97b0bff71b769653c3b05ded1132,89c003871462cac2edea78e7bbfb2ccd8c7e70aa8894b163004c50ca847fd456
PHOTO-10,northgrove_colourcard.pdf,272074,0805cf6a50c9866b79eec623930a6dff461ecfbca783a5ed90541e8babd98519,6c97ccb2258e315cd0e8ebd915596090440d97b0bff71b769653c3b05ded1132,89c003871462cac2edea78e7bbfb2ccd8c7e70aa8894b163004c50ca847fd456
PHOTO-10,northgrove_mark.png,706488,12d94b1711dd76c265dfd40758c993eec51a42ef3e8ee15256ae7cd8822fe704,6c97ccb2258e315cd0e8ebd915596090440d97b0bff71b769653c3b05ded1132,89c003871462cac2edea78e7bbfb2ccd8c7e70aa8894b163004c50ca847fd456
PHOTO-10,northgrove_colourways.csv,825,8e527d6a08658b3476c2f6b1c68fc7a651a454e0215f22aebe394399e2bc645b,6c97ccb2258e315cd0e8ebd915596090440d97b0bff71b769653c3b05ded1132,89c003871462cac2edea78e7bbfb2ccd8c7e70aa8894b163004c50ca847fd456
PHOTO-10,northgrove_placements.txt,1233,06ba156da29c3c7b67dc684cfb4017b7d50f3f806ec213450845719a44f8f26e,6c97ccb2258e315cd0e8ebd915596090440d97b0bff71b769653c3b05ded1132,89c003871462cac2edea78e7bbfb2ccd8c7e70aa8894b163004c50ca847fd456
PHOTO-10,northgrove_copy.txt,1029,22f9de98883603f6ecd4ed1e2b344848ae66a22d54b2712288140148dbd99fbf,6c97ccb2258e315cd0e8ebd915596090440d97b0bff71b769653c3b05ded1132,89c003871462cac2edea78e7bbfb2ccd8c7e70aa8894b163004c50ca847fd456
PHOTO-11,lumora_bottle_sweep_05.jpg,1015832,331c4e4b1d38f5dce8dc9ca86b5fa72e7da0b2af0237cf7d6a4f2d61359edbf1,ea258c2b65b3fdd39416d5dcc0286f7d458b7fdf868623a92bb8e53739846e9b,692b2092d5dcb4b0149ef56ed39eb292e6a615a89c6a0a5c735c4ccdede1175f
PHOTO-11,lumora_onlip_03.jpg,1986564,adf6320d8fc7454da9b209d5f510f14df654b137de91891b07d29e5928f3c855,ea258c2b65b3fdd39416d5dcc0286f7d458b7fdf868623a92bb8e53739846e9b,692b2092d5dcb4b0149ef56ed39eb292e6a615a89c6a0a5c735c4ccdede1175f
PHOTO-11,lumora_bottle_marble_01.jpg,1237799,2025a38d120b5635060b876697cdc6594ac80a9ed69fcc787e85a04779c06ef6,ea258c2b65b3fdd39416d5dcc0286f7d458b7fdf868623a92bb8e53739846e9b,692b2092d5dcb4b0149ef56ed39eb292e6a615a89c6a0a5c735c4ccdede1175f
PHOTO-11,lumora_onlip_02.jpg,1928080,a5fe0e706369923c88be8efb6791b232934120c394b309fe7b93576a9bed58fd,ea258c2b65b3fdd39416d5dcc0286f7d458b7fdf868623a92bb8e53739846e9b,692b2092d5dcb4b0149ef56ed39eb292e6a615a89c6a0a5c735c4ccdede1175f
PHOTO-11,lumora_onlip_01.jpg,1953410,6282705f7cc85a297f47ed2abcc92145fb3f5084f8b67f5a99bddb479d6264d7,ea258c2b65b3fdd39416d5dcc0286f7d458b7fdf868623a92bb8e53739846e9b,692b2092d5dcb4b0149ef56ed39eb292e6a615a89c6a0a5c735c4ccdede1175f
PHOTO-11,lumora_bottle_sweep_04.jpg,1275515,aa2e042ae0fd22b35abfc87fa8f196334165fc7ae3e0c42bad3e59414622a378,ea258c2b65b3fdd39416d5dcc0286f7d458b7fdf868623a92bb8e53739846e9b,692b2092d5dcb4b0149ef56ed39eb292e6a615a89c6a0a5c735c4ccdede1175f
PHOTO-11,lumora_placements.txt,1336,d4b72b7fbb23ec4de8ddd32bbb6c492b6f4de459ed86ab968d246fc9440dc505,ea258c2b65b3fdd39416d5dcc0286f7d458b7fdf868623a92bb8e53739846e9b,692b2092d5dcb4b0149ef56ed39eb292e6a615a89c6a0a5c735c4ccdede1175f
PHOTO-11,lumora_bottle_hand_01.jpg,1540705,1d37c09f5a043ffb16bcddb73ef05c5b4b083a31c3b72251fd6a87d48fd3162e,ea258c2b65b3fdd39416d5dcc0286f7d458b7fdf868623a92bb8e53739846e9b,692b2092d5dcb4b0149ef56ed39eb292e6a615a89c6a0a5c735c4ccdede1175f
PHOTO-11,lumora_bottle_hand_03.jpg,1278849,6097cc8bae15386ba26ab406e0a1ca84fdcb3a46f04c96e25acbd04e988496d3,ea258c2b65b3fdd39416d5dcc0286f7d458b7fdf868623a92bb8e53739846e9b,692b2092d5dcb4b0149ef56ed39eb292e6a615a89c6a0a5c735c4ccdede1175f
PHOTO-11,lumora_carton_flat.jpg,1908072,4cd512e84b960b0e4a742444779ea625ee34a2ab2d310a920a4192f6b3d98fff,ea258c2b65b3fdd39416d5dcc0286f7d458b7fdf868623a92bb8e53739846e9b,692b2092d5dcb4b0149ef56ed39eb292e6a615a89c6a0a5c735c4ccdede1175f
PHOTO-11,lumora_onlip_04.jpg,1930024,9deef11964b753183e435c7f7d352cd2c25c9c1a1c1fd293f64553e643e51c68,ea258c2b65b3fdd39416d5dcc0286f7d458b7fdf868623a92bb8e53739846e9b,692b2092d5dcb4b0149ef56ed39eb292e6a615a89c6a0a5c735c4ccdede1175f
PHOTO-11,lumora_shadecard_template.pdf,110771,2a5e6d770bf97164eee3108f518691c93fae8219bb84a41f0188ae0389306dc3,ea258c2b65b3fdd39416d5dcc0286f7d458b7fdf868623a92bb8e53739846e9b,692b2092d5dcb4b0149ef56ed39eb292e6a615a89c6a0a5c735c4ccdede1175f
PHOTO-11,lumora_shade_list.txt,1219,372fee5787b0d1421f347aaff6b634f3e8023457bc58c849fda88f4d5ca0597b,ea258c2b65b3fdd39416d5dcc0286f7d458b7fdf868623a92bb8e53739846e9b,692b2092d5dcb4b0149ef56ed39eb292e6a615a89c6a0a5c735c4ccdede1175f
PHOTO-11,lumora_bottle_sweep_03.jpg,1127046,9daa48068c81dac209835f2fd5f05eee6fe2010a20f335b839bb3408ed8abd2e,ea258c2b65b3fdd39416d5dcc0286f7d458b7fdf868623a92bb8e53739846e9b,692b2092d5dcb4b0149ef56ed39eb292e6a615a89c6a0a5c735c4ccdede1175f
PHOTO-11,lumora_bottle_marble_03.jpg,1726041,c295f5f3b19aee2cf9bd67b52402781589b9c59596028d67a57fba1c56b10d8f,ea258c2b65b3fdd39416d5dcc0286f7d458b7fdf868623a92bb8e53739846e9b,692b2092d5dcb4b0149ef56ed39eb292e6a615a89c6a0a5c735c4ccdede1175f
PHOTO-11,lumora_bottle_sweep_02.jpg,1148795,a57c46d48e3e8fffcdad32f3c42e03e50464867ef3e52fe513ded78fb76af91f,ea258c2b65b3fdd39416d5dcc0286f7d458b7fdf868623a92bb8e53739846e9b,692b2092d5dcb4b0149ef56ed39eb292e6a615a89c6a0a5c735c4ccdede1175f
PHOTO-11,lumora_bottle_marble_02.jpg,1445086,3e433c1f15ac7de7c023f5a47932f6eae101aff4d6f813c091eef88cc3f36b10,ea258c2b65b3fdd39416d5dcc0286f7d458b7fdf868623a92bb8e53739846e9b,692b2092d5dcb4b0149ef56ed39eb292e6a615a89c6a0a5c735c4ccdede1175f
PHOTO-11,lumora_bottle_hand_02.jpg,1463679,622e8c92dfe530c62c106f0a78304a8777c6c68ec0e3582286469fcdc6d4dd27,ea258c2b65b3fdd39416d5dcc0286f7d458b7fdf868623a92bb8e53739846e9b,692b2092d5dcb4b0149ef56ed39eb292e6a615a89c6a0a5c735c4ccdede1175f
PHOTO-11,lumora_bottle_sweep_01.jpg,1178723,0b82e23ab8d1906a2ec741e0b56b3bb105165595d492717b4694cd3993962e79,ea258c2b65b3fdd39416d5dcc0286f7d458b7fdf868623a92bb8e53739846e9b,692b2092d5dcb4b0149ef56ed39eb292e6a615a89c6a0a5c735c4ccdede1175f
PHOTO-11,lumora_shadecard_merge.csv,587,400dea7ea32016bb91b7b0854dd0858b6204832dcd2de3ce4f3835b54aae0660,ea258c2b65b3fdd39416d5dcc0286f7d458b7fdf868623a92bb8e53739846e9b,692b2092d5dcb4b0149ef56ed39eb292e6a615a89c6a0a5c735c4ccdede1175f
PHOTO-12,kilnmore_range_captures_01.jpg,1970000,b95a64be89c2cb3cf4de58fad9365c3d094230830aaf5b82eb74ec48a67fbc26,b50766f86b409e9c8b06f680d82b3206927a88c6f9604e5686c7c6da619b42a7,e5aed2911996a77d7999733a185dda18d7e12ae988382a105d4d208837f3201f
PHOTO-12,kilnmore_range_captures_02.jpg,1885889,8b8bf121b56fe4cae12ca99508f3faf043643e2cfbdbf7c197ae557aa982759c,b50766f86b409e9c8b06f680d82b3206927a88c6f9604e5686c7c6da619b42a7,e5aed2911996a77d7999733a185dda18d7e12ae988382a105d4d208837f3201f
PHOTO-12,kilnmore_range_captures_03.jpg,1833312,7a7531f5fd753a2c394e30a5b71be5d2838641146ca531be3bd962832f8d25a7,b50766f86b409e9c8b06f680d82b3206927a88c6f9604e5686c7c6da619b42a7,e5aed2911996a77d7999733a185dda18d7e12ae988382a105d4d208837f3201f
PHOTO-12,kilnmore_range_captures_04.jpg,1597863,859fa4ea26326ade9eda34e18bef7e94d35ed167888210d2ece654b7d9249838,b50766f86b409e9c8b06f680d82b3206927a88c6f9604e5686c7c6da619b42a7,e5aed2911996a77d7999733a185dda18d7e12ae988382a105d4d208837f3201f
PHOTO-12,kilnmore_range_captures_05.jpg,1901873,a22df21a9902ef41b54bff68edafc681caa7bb5b2937a380c372dc118b699990,b50766f86b409e9c8b06f680d82b3206927a88c6f9604e5686c7c6da619b42a7,e5aed2911996a77d7999733a185dda18d7e12ae988382a105d4d208837f3201f
PHOTO-12,kilnmore_range_captures_06.jpg,1645356,4a23e368fce3a4533ea59fe7e896c72fe8a993d009737eba5ee56fb45a439f50,b50766f86b409e9c8b06f680d82b3206927a88c6f9604e5686c7c6da619b42a7,e5aed2911996a77d7999733a185dda18d7e12ae988382a105d4d208837f3201f
PHOTO-12,kilnmore_range_captures_07.jpg,2042799,ec79c255608ba94169ceedf618ee2f0a9d585cae580157051d48c37ceb707140,b50766f86b409e9c8b06f680d82b3206927a88c6f9604e5686c7c6da619b42a7,e5aed2911996a77d7999733a185dda18d7e12ae988382a105d4d208837f3201f
PHOTO-12,kilnmore_range_captures_08.jpg,2104468,7898afacb015aef902502aeacd279dbb990bfb0528c0d5d77046c2e107f523af,b50766f86b409e9c8b06f680d82b3206927a88c6f9604e5686c7c6da619b42a7,e5aed2911996a77d7999733a185dda18d7e12ae988382a105d4d208837f3201f
PHOTO-12,kilnmore_range_captures_09.jpg,2130288,06a2202247980b683237c02fb21bf5462872601265bc337f2f2b9d60729ea140,b50766f86b409e9c8b06f680d82b3206927a88c6f9604e5686c7c6da619b42a7,e5aed2911996a77d7999733a185dda18d7e12ae988382a105d4d208837f3201f
PHOTO-12,kilnmore_range_captures_10.jpg,2139910,8e5acdb93660f04f069a31b3a240cacb733fc2a61ad8d52b43577f7fd5be6bf2,b50766f86b409e9c8b06f680d82b3206927a88c6f9604e5686c7c6da619b42a7,e5aed2911996a77d7999733a185dda18d7e12ae988382a105d4d208837f3201f
PHOTO-12,kilnmore_range_captures_11.jpg,2228772,94ab51128d396007e76d0d7be3ff237039f29b3a4a1cd0baeec1b101560dcd44,b50766f86b409e9c8b06f680d82b3206927a88c6f9604e5686c7c6da619b42a7,e5aed2911996a77d7999733a185dda18d7e12ae988382a105d4d208837f3201f
PHOTO-12,kilnmore_range_captures_12.jpg,2197003,e51ee9e3bc53c1595b9b02556b150e7f82064a64baed35d7a5695eee4f999678,b50766f86b409e9c8b06f680d82b3206927a88c6f9604e5686c7c6da619b42a7,e5aed2911996a77d7999733a185dda18d7e12ae988382a105d4d208837f3201f
PHOTO-12,kilnmore_range_captures_13.jpg,1948658,58c01fa4f60458bbec81dfdd8483cd3ff0d68b84512ae528d600ef883ece1155,b50766f86b409e9c8b06f680d82b3206927a88c6f9604e5686c7c6da619b42a7,e5aed2911996a77d7999733a185dda18d7e12ae988382a105d4d208837f3201f
PHOTO-12,kilnmore_range_captures_14.jpg,2238496,9ecbb09ae1c74334f90ea6104a869b32568a5fc4b707b59d6153759b9c9f647d,b50766f86b409e9c8b06f680d82b3206927a88c6f9604e5686c7c6da619b42a7,e5aed2911996a77d7999733a185dda18d7e12ae988382a105d4d208837f3201f
PHOTO-12,kilnmore_glaze_macros_01.jpg,2475993,e55318ef01ff0b4b3f49e188144b78d1da22e497ee4a230571ca90ce595a9736,b50766f86b409e9c8b06f680d82b3206927a88c6f9604e5686c7c6da619b42a7,e5aed2911996a77d7999733a185dda18d7e12ae988382a105d4d208837f3201f
PHOTO-12,kilnmore_glaze_macros_02.jpg,1338774,8d60b2767ae2b89ae9e1ed178757bed338469e40fa0f272dc6c7e8b8bb1571d6,b50766f86b409e9c8b06f680d82b3206927a88c6f9604e5686c7c6da619b42a7,e5aed2911996a77d7999733a185dda18d7e12ae988382a105d4d208837f3201f
PHOTO-12,kilnmore_glaze_macros_03.jpg,2170206,3805d1212f6c07fd5bd84d6cde198d3af92a4e00822b9e4dfde2a0284ea393c5,b50766f86b409e9c8b06f680d82b3206927a88c6f9604e5686c7c6da619b42a7,e5aed2911996a77d7999733a185dda18d7e12ae988382a105d4d208837f3201f
PHOTO-12,kilnmore_glaze_macros_04.jpg,2040662,8e2f8c43a1b3374ecde23d7bc867a8c7dc831bc9a0ddb57a40069ad7e7a9475b,b50766f86b409e9c8b06f680d82b3206927a88c6f9604e5686c7c6da619b42a7,e5aed2911996a77d7999733a185dda18d7e12ae988382a105d4d208837f3201f
PHOTO-12,kilnmore_glaze_macros_05.jpg,2476618,e1fcff9e74841e506c4d95339d41670ade27fb3b54e89bdad88b7be25189b12b,b50766f86b409e9c8b06f680d82b3206927a88c6f9604e5686c7c6da619b42a7,e5aed2911996a77d7999733a185dda18d7e12ae988382a105d4d208837f3201f
PHOTO-12,kilnmore_glaze_macros_06.jpg,1828268,f1d9e35c04665a512d928c81f656e67da1e185108ec3e28b327ddc16176e5522,b50766f86b409e9c8b06f680d82b3206927a88c6f9604e5686c7c6da619b42a7,e5aed2911996a77d7999733a185dda18d7e12ae988382a105d4d208837f3201f
PHOTO-12,kilnmore_glaze_macros_07.jpg,2121489,7ea60c698cc7351c5ccb0c936e6a96396dc24064638124b5c687ed390c591f5b,b50766f86b409e9c8b06f680d82b3206927a88c6f9604e5686c7c6da619b42a7,e5aed2911996a77d7999733a185dda18d7e12ae988382a105d4d208837f3201f
PHOTO-12,kilnmore_glaze_macros_08.jpg,1799039,ea920783eb9f4f504f74363203bd8b831eaf053d8af897697e6df776d2311419,b50766f86b409e9c8b06f680d82b3206927a88c6f9604e5686c7c6da619b42a7,e5aed2911996a77d7999733a185dda18d7e12ae988382a105d4d208837f3201f
PHOTO-12,kilnmore_tissue_wrap.jpg,1869656,c85b006270752ca0a8af7a5843095fd974d31421ba8418ef9331291c89f17a51,b50766f86b409e9c8b06f680d82b3206927a88c6f9604e5686c7c6da619b42a7,e5aed2911996a77d7999733a185dda18d7e12ae988382a105d4d208837f3201f
PHOTO-12,kilnmore_shelf_card.pdf,335329,8217f841c6a43fbba7431690d8b0b66d7f90b41e957c0f13721433f8fc41ebf6,b50766f86b409e9c8b06f680d82b3206927a88c6f9604e5686c7c6da619b42a7,e5aed2911996a77d7999733a185dda18d7e12ae988382a105d4d208837f3201f
PHOTO-12,kilnmore_range.csv,2379,0742e0dc991c4f7506e9051353e897c5c08e63e2cf8212e04f35de9d71042fe2,b50766f86b409e9c8b06f680d82b3206927a88c6f9604e5686c7c6da619b42a7,e5aed2911996a77d7999733a185dda18d7e12ae988382a105d4d208837f3201f
PHOTO-12,kilnmore_notes.txt,1178,99112fe7e45c7daedbe15e8195159f470aee46942a3a559165b360093a54aeb9,b50766f86b409e9c8b06f680d82b3206927a88c6f9604e5686c7c6da619b42a7,e5aed2911996a77d7999733a185dda18d7e12ae988382a105d4d208837f3201f
PHOTO-13,bench_capsule_01.jpg,1737264,7d25bfed43971682ac4790bade6439a45067427987df66d75d78beaec9be418a,8dbc3417ccbb7d82f91cea0e5d1d3b02d1f81aa195f083eea3211848cb648db1,a15a1b270c648c0c01c1bc87715f0d251e1d4d086ac88946cb600826db559ee0
PHOTO-13,bench_capsule_02.jpg,2222569,f8c5ae1b267b57674ee79876aa3176a2f20c815044e798da71374d4be345771d,8dbc3417ccbb7d82f91cea0e5d1d3b02d1f81aa195f083eea3211848cb648db1,a15a1b270c648c0c01c1bc87715f0d251e1d4d086ac88946cb600826db559ee0
PHOTO-13,bench_capsule_03.jpg,1797110,eaf66aba6e439eed525003c782bdaa24e6b62f6bf6bf4c61ca8d6ebcc619bc8a,8dbc3417ccbb7d82f91cea0e5d1d3b02d1f81aa195f083eea3211848cb648db1,a15a1b270c648c0c01c1bc87715f0d251e1d4d086ac88946cb600826db559ee0
PHOTO-13,bench_capsule_04.jpg,2424852,fa8b9a06c90525b83cef8302e0af0443b8e8c752b210b39b01c36e0692f1c871,8dbc3417ccbb7d82f91cea0e5d1d3b02d1f81aa195f083eea3211848cb648db1,a15a1b270c648c0c01c1bc87715f0d251e1d4d086ac88946cb600826db559ee0
PHOTO-13,bench_capsule_05.jpg,1957829,db2197f573c595c5b1d0cd2c0e6bc5241d5d40c775893323cefa9e2ebc36eaad,8dbc3417ccbb7d82f91cea0e5d1d3b02d1f81aa195f083eea3211848cb648db1,a15a1b270c648c0c01c1bc87715f0d251e1d4d086ac88946cb600826db559ee0
PHOTO-13,bench_capsule_06.jpg,1650552,060bb0f987f6574276eb7ad736ed7f60b6264cd9a1f14ddd842298c206de6021,8dbc3417ccbb7d82f91cea0e5d1d3b02d1f81aa195f083eea3211848cb648db1,a15a1b270c648c0c01c1bc87715f0d251e1d4d086ac88946cb600826db559ee0
PHOTO-13,bench_capsule_07.jpg,1773472,be41c9ea14d31b59541cba2c2ef70db862b66b9ca42f36d2424c03cf6395d106,8dbc3417ccbb7d82f91cea0e5d1d3b02d1f81aa195f083eea3211848cb648db1,a15a1b270c648c0c01c1bc87715f0d251e1d4d086ac88946cb600826db559ee0
PHOTO-13,bench_capsule_08.jpg,1753208,504e57ab60fc4525fccda4f0b585bd319aecc8c81754eae22978d0f4792f2f56,8dbc3417ccbb7d82f91cea0e5d1d3b02d1f81aa195f083eea3211848cb648db1,a15a1b270c648c0c01c1bc87715f0d251e1d4d086ac88946cb600826db559ee0
PHOTO-13,bench_capsule_09.jpg,1693297,0e9aa7a712c2021bf633c634df15e37b37d1194bf87a73bfca3304f574a79055,8dbc3417ccbb7d82f91cea0e5d1d3b02d1f81aa195f083eea3211848cb648db1,a15a1b270c648c0c01c1bc87715f0d251e1d4d086ac88946cb600826db559ee0
PHOTO-13,bench_capsule_10.jpg,2077862,105d8b4e8e71e5a9bb2b052861fd76d3fbb7845705c5cf7679078f369ea25206,8dbc3417ccbb7d82f91cea0e5d1d3b02d1f81aa195f083eea3211848cb648db1,a15a1b270c648c0c01c1bc87715f0d251e1d4d086ac88946cb600826db559ee0
PHOTO-13,bench_block_mark.jpg,1497689,5865ead86bd6e8c01782368f14ae38ff50c4a9b34629e74f752b40a323bf17f0,8dbc3417ccbb7d82f91cea0e5d1d3b02d1f81aa195f083eea3211848cb648db1,a15a1b270c648c0c01c1bc87715f0d251e1d4d086ac88946cb600826db559ee0
PHOTO-13,provenance_card_2026_PRINT.pdf,212630,2ae266875df672d3bd2fdac0c3cc709cfbcbeee9ab829ceecece2e3e9c9d7ee8,8dbc3417ccbb7d82f91cea0e5d1d3b02d1f81aa195f083eea3211848cb648db1,a15a1b270c648c0c01c1bc87715f0d251e1d4d086ac88946cb600826db559ee0
PHOTO-13,capsule_inventory.csv,1942,c8b58cf765922a6619720afab9951ca04b3438bfafa7c61fac8ce4d5cea91ea5,8dbc3417ccbb7d82f91cea0e5d1d3b02d1f81aa195f083eea3211848cb648db1,a15a1b270c648c0c01c1bc87715f0d251e1d4d086ac88946cb600826db559ee0
PHOTO-13,house_notes.txt,662,d153359f5880394ccb8b43282d6fa9f7b9deba9aba32350b1551c6fb44ce5d82,8dbc3417ccbb7d82f91cea0e5d1d3b02d1f81aa195f083eea3211848cb648db1,a15a1b270c648c0c01c1bc87715f0d251e1d4d086ac88946cb600826db559ee0
PHOTO-13,boxed_card_in_hand.jpg,1812591,cc0eecc4b543118f35dbc803cf65c848795c2c61ae25f598bf74a7794c580dfb,8dbc3417ccbb7d82f91cea0e5d1d3b02d1f81aa195f083eea3211848cb648db1,a15a1b270c648c0c01c1bc87715f0d251e1d4d086ac88946cb600826db559ee0
PHOTO-14,bench_sessions_01.jpg,2406771,68af213150e97798d4e3e5f27b04977b76274aca45b08b4e7f6fd49edeb68066,6883ee37d86ad766affc2c60f4aa85f96a36569983fc8314a65c4de9d6e16db3,15027951aa8611daff61c99a631fe83952a4ad0e58faf91fdd6cd1d023323ac2
PHOTO-14,bench_sessions_02.jpg,2323706,e44fbebf098c9586931555cd52fbe2939bd4c4261c901cf994ff01c681f7c0c4,6883ee37d86ad766affc2c60f4aa85f96a36569983fc8314a65c4de9d6e16db3,15027951aa8611daff61c99a631fe83952a4ad0e58faf91fdd6cd1d023323ac2
PHOTO-14,bench_sessions_03.jpg,2186709,d8214573f85c3692b323bf68154924741255ef4ffc81c49542aa6f7a31e4fd53,6883ee37d86ad766affc2c60f4aa85f96a36569983fc8314a65c4de9d6e16db3,15027951aa8611daff61c99a631fe83952a4ad0e58faf91fdd6cd1d023323ac2
PHOTO-14,bench_sessions_04.jpg,2363277,7974c1a9ea6337d888a0d3e08fe200f039b807d2b8fb866a4882f223f75f5769,6883ee37d86ad766affc2c60f4aa85f96a36569983fc8314a65c4de9d6e16db3,15027951aa8611daff61c99a631fe83952a4ad0e58faf91fdd6cd1d023323ac2
PHOTO-14,bench_sessions_05.jpg,2088559,0d51981a940464876c6e5d697618c627198ea3590c918baf8ac77a53520ea801,6883ee37d86ad766affc2c60f4aa85f96a36569983fc8314a65c4de9d6e16db3,15027951aa8611daff61c99a631fe83952a4ad0e58faf91fdd6cd1d023323ac2
PHOTO-14,bench_sessions_06.jpg,2175089,41525067dd25369b6f08831613c6ffb346e1f7ac23ec8cf26240b4400be526e5,6883ee37d86ad766affc2c60f4aa85f96a36569983fc8314a65c4de9d6e16db3,15027951aa8611daff61c99a631fe83952a4ad0e58faf91fdd6cd1d023323ac2
PHOTO-14,bench_sessions_07.jpg,2677939,1f03a66017c8a22879551b1e163f5f0372717c544718ec3a94202cbcbf58990a,6883ee37d86ad766affc2c60f4aa85f96a36569983fc8314a65c4de9d6e16db3,15027951aa8611daff61c99a631fe83952a4ad0e58faf91fdd6cd1d023323ac2
PHOTO-14,bench_sessions_08.jpg,2317494,d128f92289bedc850541deabd390b39239475df3b8591b53100f47f30c4ace69,6883ee37d86ad766affc2c60f4aa85f96a36569983fc8314a65c4de9d6e16db3,15027951aa8611daff61c99a631fe83952a4ad0e58faf91fdd6cd1d023323ac2
PHOTO-14,bench_sessions_09.jpg,2397616,338807fb6a4e9e066cac6bd81ca7702e860787db6ca605cbdbb3bae01be5724f,6883ee37d86ad766affc2c60f4aa85f96a36569983fc8314a65c4de9d6e16db3,15027951aa8611daff61c99a631fe83952a4ad0e58faf91fdd6cd1d023323ac2
PHOTO-14,bench_sessions_10.jpg,2599638,b8c223751ff01ff6ede96a37377054bff2e66ad768bec616a0d157e59a0942ae,6883ee37d86ad766affc2c60f4aa85f96a36569983fc8314a65c4de9d6e16db3,15027951aa8611daff61c99a631fe83952a4ad0e58faf91fdd6cd1d023323ac2
PHOTO-14,bench_sessions_11.jpg,2457415,e8c0679bc4099c7b4a24be5154781e32869802c36b6a5f4112126636d0151f1b,6883ee37d86ad766affc2c60f4aa85f96a36569983fc8314a65c4de9d6e16db3,15027951aa8611daff61c99a631fe83952a4ad0e58faf91fdd6cd1d023323ac2
PHOTO-14,bench_sessions_12.jpg,2339083,0695010c3720b8b9412a81c597335a5af6b176bb809df38c414ce6c64a724329,6883ee37d86ad766affc2c60f4aa85f96a36569983fc8314a65c4de9d6e16db3,15027951aa8611daff61c99a631fe83952a4ad0e58faf91fdd6cd1d023323ac2
PHOTO-14,datasheet_2025_PRINT.pdf,417758,5b3df7b28c9cbc0b4a0a0cfe82cbe105815704a9ead82e5f476343dd8ff357ac,6883ee37d86ad766affc2c60f4aa85f96a36569983fc8314a65c4de9d6e16db3,15027951aa8611daff61c99a631fe83952a4ad0e58faf91fdd6cd1d023323ac2
PHOTO-14,parts_export.csv,3566,a21a36747ef66559fc712a68f707d741793cf9e5e536da7ce34d56e84724df36,6883ee37d86ad766affc2c60f4aa85f96a36569983fc8314a65c4de9d6e16db3,15027951aa8611daff61c99a631fe83952a4ad0e58faf91fdd6cd1d023323ac2
PHOTO-14,finishes_note.txt,675,6762a0d612b9f3b262979d1aa2b9cfa897ef91987d4ba09b53d44eea3ace5fad,6883ee37d86ad766affc2c60f4aa85f96a36569983fc8314a65c4de9d6e16db3,15027951aa8611daff61c99a631fe83952a4ad0e58faf91fdd6cd1d023323ac2
PHOTO-14,counter_2024.jpg,1979928,c340bd5020e30615941918cda11830bbbca1053adf07521c33acd868526faa4a,6883ee37d86ad766affc2c60f4aa85f96a36569983fc8314a65c4de9d6e16db3,15027951aa8611daff61c99a631fe83952a4ad0e58faf91fdd6cd1d023323ac2
PHOTO-15,summit_bench_packshots_01.jpg,2934946,aefa25806bc2018ba33b7d7e96b675819919888feffc3ada055b68fa823b2899,3ee30abde5c67faf5604ae842b1d5b1d3245012d1e6193da8b63faa584bc3274,3506452058b0a2a7e3ffe25d71c5e0df82596373d557ad336bc82648616cd3e7
PHOTO-15,summit_bench_packshots_02.jpg,2686349,e39c41bce1ba0e4bc30248028fe8ae3e42b91569aeffc7d57a02770cd50cbefe,3ee30abde5c67faf5604ae842b1d5b1d3245012d1e6193da8b63faa584bc3274,3506452058b0a2a7e3ffe25d71c5e0df82596373d557ad336bc82648616cd3e7
PHOTO-15,summit_bench_packshots_03.jpg,2004619,a6bf2dd389db552915958124375314b4471d59f002568829144b5e3b615699a2,3ee30abde5c67faf5604ae842b1d5b1d3245012d1e6193da8b63faa584bc3274,3506452058b0a2a7e3ffe25d71c5e0df82596373d557ad336bc82648616cd3e7
PHOTO-15,summit_bench_packshots_04.jpg,1863851,b17456475d2139ce1de8c0d75d99c0ef2ac384c3cf5abea6f21abe62d1217f9d,3ee30abde5c67faf5604ae842b1d5b1d3245012d1e6193da8b63faa584bc3274,3506452058b0a2a7e3ffe25d71c5e0df82596373d557ad336bc82648616cd3e7
PHOTO-15,summit_bench_packshots_05.jpg,2769598,851b76a3c203e8222a3e6d6e5f086faa9ca6e4902dad7f4e0afbae7b99b58a20,3ee30abde5c67faf5604ae842b1d5b1d3245012d1e6193da8b63faa584bc3274,3506452058b0a2a7e3ffe25d71c5e0df82596373d557ad336bc82648616cd3e7
PHOTO-15,summit_bench_packshots_06.jpg,2172801,2b8d0f9bb5a1653666182627b739126bdd480b71d06b4eb42b7ad330a6a61956,3ee30abde5c67faf5604ae842b1d5b1d3245012d1e6193da8b63faa584bc3274,3506452058b0a2a7e3ffe25d71c5e0df82596373d557ad336bc82648616cd3e7
PHOTO-15,summit_bench_packshots_07.jpg,1845112,7919739e9b953bcd7af97fbab6815193bd370e468b39f614b0c14697ca6cb5d2,3ee30abde5c67faf5604ae842b1d5b1d3245012d1e6193da8b63faa584bc3274,3506452058b0a2a7e3ffe25d71c5e0df82596373d557ad336bc82648616cd3e7
PHOTO-15,summit_bench_packshots_08.jpg,2075793,fb952a82999ffb567a9b120fe5ac53e9e54d00072cb1632ad8a44eb7c0963c01,3ee30abde5c67faf5604ae842b1d5b1d3245012d1e6193da8b63faa584bc3274,3506452058b0a2a7e3ffe25d71c5e0df82596373d557ad336bc82648616cd3e7
PHOTO-15,summit_bench_packshots_09.jpg,1895077,d21f5cc0ccc328d57db6a7e8defb0f67f35f03a017214434d91e63a4e10e079d,3ee30abde5c67faf5604ae842b1d5b1d3245012d1e6193da8b63faa584bc3274,3506452058b0a2a7e3ffe25d71c5e0df82596373d557ad336bc82648616cd3e7
PHOTO-15,summit_field_frames_01.jpg,3481916,22af94ec5affb33bc65a8f5e100eb47c786b4899aa4ff3c29b4e1d855d3c0b48,3ee30abde5c67faf5604ae842b1d5b1d3245012d1e6193da8b63faa584bc3274,3506452058b0a2a7e3ffe25d71c5e0df82596373d557ad336bc82648616cd3e7
PHOTO-15,summit_field_frames_02.jpg,2896006,a9532b7bd0511366b9dd8da0c02844a4abee656dfe7fe1b92974bfac050ef777,3ee30abde5c67faf5604ae842b1d5b1d3245012d1e6193da8b63faa584bc3274,3506452058b0a2a7e3ffe25d71c5e0df82596373d557ad336bc82648616cd3e7
PHOTO-15,summit_field_frames_03.jpg,1935905,5409485d4278b9769f04eac2e63a01d760d91aa7ba0104743a10da17eca16a5f,3ee30abde5c67faf5604ae842b1d5b1d3245012d1e6193da8b63faa584bc3274,3506452058b0a2a7e3ffe25d71c5e0df82596373d557ad336bc82648616cd3e7
PHOTO-15,summit_field_frames_04.jpg,3285404,3eab9c5334ba5dd9d92a13d0b80c25e2710556d5ae69b7eb5ca266b1963ddd2f,3ee30abde5c67faf5604ae842b1d5b1d3245012d1e6193da8b63faa584bc3274,3506452058b0a2a7e3ffe25d71c5e0df82596373d557ad336bc82648616cd3e7
PHOTO-15,summit_field_frames_05.jpg,3155136,586ea2fe64baad59379c6ee8a514d7bad415de69c7a2ed88ce4fdd2d50a3ecbb,3ee30abde5c67faf5604ae842b1d5b1d3245012d1e6193da8b63faa584bc3274,3506452058b0a2a7e3ffe25d71c5e0df82596373d557ad336bc82648616cd3e7
PHOTO-15,summit_field_frames_06.jpg,3310411,8cf572a462398f722d4b02c906590a70cd2eed4a6719f2286c9e64f5aaf542e3,3ee30abde5c67faf5604ae842b1d5b1d3245012d1e6193da8b63faa584bc3274,3506452058b0a2a7e3ffe25d71c5e0df82596373d557ad336bc82648616cd3e7
PHOTO-15,summit_field_frames_07.jpg,3252588,57809a5f63a72ecec1d7ee8767fa8777b027929d42e4e99776dfdeb115742d5b,3ee30abde5c67faf5604ae842b1d5b1d3245012d1e6193da8b63faa584bc3274,3506452058b0a2a7e3ffe25d71c5e0df82596373d557ad336bc82648616cd3e7
PHOTO-15,summit_field_frames_08.jpg,1874784,407c822d41bac5360ef423929f61fda9e379ec87651807dd86949c3f8280b272,3ee30abde5c67faf5604ae842b1d5b1d3245012d1e6193da8b63faa584bc3274,3506452058b0a2a7e3ffe25d71c5e0df82596373d557ad336bc82648616cd3e7
PHOTO-15,summit_field_frames_09.jpg,3491819,2fb58b49e6673b32d7e7642acdee80edc4528074172ca9f428b2d57f86e593df,3ee30abde5c67faf5604ae842b1d5b1d3245012d1e6193da8b63faa584bc3274,3506452058b0a2a7e3ffe25d71c5e0df82596373d557ad336bc82648616cd3e7
PHOTO-15,summit_field_frames_10.jpg,3254514,7bc781dfd0690b42a9751230bc112c8c75ed9e5c2d7422d2c9a21372cdb6b0f2,3ee30abde5c67faf5604ae842b1d5b1d3245012d1e6193da8b63faa584bc3274,3506452058b0a2a7e3ffe25d71c5e0df82596373d557ad336bc82648616cd3e7
PHOTO-15,summit_field_frames_11.jpg,2534678,3c90cbc6c663b97beb485c2d45c3783c3b513f8d28f283f86774ae95594154a7,3ee30abde5c67faf5604ae842b1d5b1d3245012d1e6193da8b63faa584bc3274,3506452058b0a2a7e3ffe25d71c5e0df82596373d557ad336bc82648616cd3e7
PHOTO-15,summit_ridge_blue_spool.jpg,3034673,02f92adcf534cc3fd9279acb60cece5fd8c6f280f4cae467d828b2a51cb10829,3ee30abde5c67faf5604ae842b1d5b1d3245012d1e6193da8b63faa584bc3274,3506452058b0a2a7e3ffe25d71c5e0df82596373d557ad336bc82648616cd3e7
PHOTO-15,summit_mark_export.png,360681,427153c777dccb04e8fcb9114b805f35a1424d081e9f0b0d9f1782c7e65aec61,3ee30abde5c67faf5604ae842b1d5b1d3245012d1e6193da8b63faa584bc3274,3506452058b0a2a7e3ffe25d71c5e0df82596373d557ad336bc82648616cd3e7
PHOTO-15,summit_label_photo.jpg,2697877,3375b6a9540e00cf5fc6621e946b0059ab1f0d812b81735bd92e0a635ab3ca4a,3ee30abde5c67faf5604ae842b1d5b1d3245012d1e6193da8b63faa584bc3274,3506452058b0a2a7e3ffe25d71c5e0df82596373d557ad336bc82648616cd3e7
PHOTO-15,summit_range.csv,1044,3f4970623e789610376dd63b7d126ae7f9f3f2b8b10d129218f385d99071e59e,3ee30abde5c67faf5604ae842b1d5b1d3245012d1e6193da8b63faa584bc3274,3506452058b0a2a7e3ffe25d71c5e0df82596373d557ad336bc82648616cd3e7
PHOTO-16,slabvault_consignment_2026F_08.jpg,1957316,9d4edda1ce3cf765d4f5e6daff8f940c0ee7f1b8800778688c69df6ad507e7dc,68ef5964dd8866b459747ece3b1d86394ff4594b2efa453b6681af2defb89b35,cba965a15f2eeed3b69f2d43872daea2b8d6c1f70496cc32ee8e33f50cbaab79
PHOTO-16,slabvault_consignment_2026F_09.jpg,1910845,6b3b8114dd80a7257aeb1bf3317d507a8c9ef3bace7043002050936783edd8e9,68ef5964dd8866b459747ece3b1d86394ff4594b2efa453b6681af2defb89b35,cba965a15f2eeed3b69f2d43872daea2b8d6c1f70496cc32ee8e33f50cbaab79
PHOTO-16,slabvault_consignment_2026F_06.jpg,1919484,1753e152519de0f22641840a8deab74535d895e0779726b7c1c44764049420fb,68ef5964dd8866b459747ece3b1d86394ff4594b2efa453b6681af2defb89b35,cba965a15f2eeed3b69f2d43872daea2b8d6c1f70496cc32ee8e33f50cbaab79
PHOTO-16,slabvault_lot_card.pdf,331148,5dfbe7bd01c73b4b051c6caab1d1163cca9a536008d4419df8135a3ef89e4318,68ef5964dd8866b459747ece3b1d86394ff4594b2efa453b6681af2defb89b35,cba965a15f2eeed3b69f2d43872daea2b8d6c1f70496cc32ee8e33f50cbaab79
PHOTO-16,slabvault_consignment_2026F_05.jpg,2540794,ea18b97e2add1a54c2b30f6ffa34caa1878967955e6a37b37b4fd01447452cdd,68ef5964dd8866b459747ece3b1d86394ff4594b2efa453b6681af2defb89b35,cba965a15f2eeed3b69f2d43872daea2b8d6c1f70496cc32ee8e33f50cbaab79
PHOTO-16,slabvault_consignment_2026F_12.jpg,2034392,161c34c4f1d434669d4162f838c923aed8f6646eb6699d500e57a3313a80adf5,68ef5964dd8866b459747ece3b1d86394ff4594b2efa453b6681af2defb89b35,cba965a15f2eeed3b69f2d43872daea2b8d6c1f70496cc32ee8e33f50cbaab79
PHOTO-16,slabvault_consignment_2026F_07.jpg,2712682,f89d74e4eb06fd59d9b8c0e6adf7fe6b0f36b96e97a18f1183b6a2ca312064b8,68ef5964dd8866b459747ece3b1d86394ff4594b2efa453b6681af2defb89b35,cba965a15f2eeed3b69f2d43872daea2b8d6c1f70496cc32ee8e33f50cbaab79
PHOTO-16,slabvault_consignment_2026F_04.jpg,1583663,f0de8a893e542915c0932cdd6357f526e74cae980ccaec982bf4a07fe8daab1a,68ef5964dd8866b459747ece3b1d86394ff4594b2efa453b6681af2defb89b35,cba965a15f2eeed3b69f2d43872daea2b8d6c1f70496cc32ee8e33f50cbaab79
PHOTO-16,slabvault_consignment_2026F_03.jpg,2237914,46263cece1b0b57360b1bb1985fba627048a40244465eaa74bb31adeeac825e0,68ef5964dd8866b459747ece3b1d86394ff4594b2efa453b6681af2defb89b35,cba965a15f2eeed3b69f2d43872daea2b8d6c1f70496cc32ee8e33f50cbaab79
PHOTO-16,slabvault_consignment_2026F_02.jpg,2540552,54ff58e0ff2651057d0bea4691e61583f20423ea1991dba2be670df2e95f13d3,68ef5964dd8866b459747ece3b1d86394ff4594b2efa453b6681af2defb89b35,cba965a15f2eeed3b69f2d43872daea2b8d6c1f70496cc32ee8e33f50cbaab79
PHOTO-16,slabvault_consignment_2026F_13.jpg,3804088,418c790ea0165e27bb3623a47ba1472dec8d6a38e2d0d7e18256858981d9d9c5,68ef5964dd8866b459747ece3b1d86394ff4594b2efa453b6681af2defb89b35,cba965a15f2eeed3b69f2d43872daea2b8d6c1f70496cc32ee8e33f50cbaab79
PHOTO-16,slabvault_house_note.txt,923,005391bb74c469c4ce18e8a0a3ef5bae40676f763e5c1e722865b80ecbd574c9,68ef5964dd8866b459747ece3b1d86394ff4594b2efa453b6681af2defb89b35,cba965a15f2eeed3b69f2d43872daea2b8d6c1f70496cc32ee8e33f50cbaab79
PHOTO-16,slabvault_results_reference.png,2174881,f596cf6a5919e87a6e57201136fd10c8cf5c5c5e7614653f6fa2bd3abfc2111b,68ef5964dd8866b459747ece3b1d86394ff4594b2efa453b6681af2defb89b35,cba965a15f2eeed3b69f2d43872daea2b8d6c1f70496cc32ee8e33f50cbaab79
PHOTO-16,slabvault_consignment_2026F_11.jpg,1838119,e019a1442139fda9d43afde0c87e2fe9eed1daa9b161d8a60dc5c425cf9b2be3,68ef5964dd8866b459747ece3b1d86394ff4594b2efa453b6681af2defb89b35,cba965a15f2eeed3b69f2d43872daea2b8d6c1f70496cc32ee8e33f50cbaab79
PHOTO-16,slabvault_consignment_2026F_10.jpg,2107134,d2f44d97fe1034b0a783ea41c3a72f8170130faa311b7bbde07ba4aaf3460817,68ef5964dd8866b459747ece3b1d86394ff4594b2efa453b6681af2defb89b35,cba965a15f2eeed3b69f2d43872daea2b8d6c1f70496cc32ee8e33f50cbaab79
PHOTO-16,slabvault_lots.csv,2661,adf0a64e097e9f5f012862b85fff5367629800ddbeae1a534b73daf1a5d63722,68ef5964dd8866b459747ece3b1d86394ff4594b2efa453b6681af2defb89b35,cba965a15f2eeed3b69f2d43872daea2b8d6c1f70496cc32ee8e33f50cbaab79
PHOTO-16,slabvault_consignment_2026F_01.jpg,2155524,b00ed65150e96044c098a416a118b171bfbe995f0fda21175eb2dfdcad9487dc,68ef5964dd8866b459747ece3b1d86394ff4594b2efa453b6681af2defb89b35,cba965a15f2eeed3b69f2d43872daea2b8d6c1f70496cc32ee8e33f50cbaab79
PHOTO-16,slabvault_consignment_2026F_14.jpg,2230597,e44c3701da63b1dcde4f6eb9c27c5a68a57f3d2fa3e86f17e32b9e659a78acfc,68ef5964dd8866b459747ece3b1d86394ff4594b2efa453b6681af2defb89b35,cba965a15f2eeed3b69f2d43872daea2b8d6c1f70496cc32ee8e33f50cbaab79
PHOTO-17,cup26_portrait_solano.jpg,2115020,8d311b0cef071f13f94c70002c3c3350d7bb102c704f58eb5ba8056d38001d58,937f2e85c2bc103172149fa47c3d5e9ffe2859bb3822b7cf00ace4e0b91b7c98,612211565262863760a37b4ea3fdca9d475a37e225ca4c03233f5b3d969e52d9
PHOTO-17,cup26_portrait_ferraz.jpg,2092745,658ddd80e8fbcd50c45b64e3b9fdfdf0340be34491f860c9a28ecde8faa6be5e,937f2e85c2bc103172149fa47c3d5e9ffe2859bb3822b7cf00ace4e0b91b7c98,612211565262863760a37b4ea3fdca9d475a37e225ca4c03233f5b3d969e52d9
PHOTO-17,cup26_portrait_rocher.jpg,2068325,cfead67f42b33e65f861935748493d8ee90437e9a97d221aec210cc5d50503ea,937f2e85c2bc103172149fa47c3d5e9ffe2859bb3822b7cf00ace4e0b91b7c98,612211565262863760a37b4ea3fdca9d475a37e225ca4c03233f5b3d969e52d9
PHOTO-17,cup26_portrait_petrov.jpg,1656081,d879e095205d88fff2bac9beda215f342afac84c3392102c8fe65fc430b48283,937f2e85c2bc103172149fa47c3d5e9ffe2859bb3822b7cf00ace4e0b91b7c98,612211565262863760a37b4ea3fdca9d475a37e225ca4c03233f5b3d969e52d9
PHOTO-17,cup26_portrait_duarte.jpg,1511966,c89c9e8bf63631fe5c8f6ac5e05051811b7bab640dfb1567bb39e4dd05bd6b4a,937f2e85c2bc103172149fa47c3d5e9ffe2859bb3822b7cf00ace4e0b91b7c98,612211565262863760a37b4ea3fdca9d475a37e225ca4c03233f5b3d969e52d9
PHOTO-17,cup26_portrait_ivanic.jpg,2082078,6d41ab4240eec034d116332da583507a69234f75915dd0e153bce5d65ff34c17,937f2e85c2bc103172149fa47c3d5e9ffe2859bb3822b7cf00ace4e0b91b7c98,612211565262863760a37b4ea3fdca9d475a37e225ca4c03233f5b3d969e52d9
PHOTO-17,cup26_portrait_reid.jpg,2104375,d45a3c42372c360a8a66f6880ae9654f54df45456b1d012ac20bfa69d46dd512,937f2e85c2bc103172149fa47c3d5e9ffe2859bb3822b7cf00ace4e0b91b7c98,612211565262863760a37b4ea3fdca9d475a37e225ca4c03233f5b3d969e52d9
PHOTO-17,cup26_portrait_holm.jpg,2006939,66b4b065c294ec3a2e3b3646da74c350af0a1a131675a242e01451aa282dfea4,937f2e85c2bc103172149fa47c3d5e9ffe2859bb3822b7cf00ace4e0b91b7c98,612211565262863760a37b4ea3fdca9d475a37e225ca4c03233f5b3d969e52d9
PHOTO-17,cup26_card_2025_PRINTER.pdf,232392,47aba1450e2026451eb55714be042656c704310dbba3a9195b24abef851cf68a,937f2e85c2bc103172149fa47c3d5e9ffe2859bb3822b7cf00ace4e0b91b7c98,612211565262863760a37b4ea3fdca9d475a37e225ca4c03233f5b3d969e52d9
PHOTO-17,cup26_players.csv,919,b73a946425e44cbd3efde855bb4fa0692450eccbb5abbec35320e5d7fdc0cc70,937f2e85c2bc103172149fa47c3d5e9ffe2859bb3822b7cf00ace4e0b91b7c98,612211565262863760a37b4ea3fdca9d475a37e225ca4c03233f5b3d969e52d9
PHOTO-17,cup26_sleeve_patch.jpg,3413258,df2a8e9e3ea0862de1c697f6193120e5fdad21aea46b2055389cc957255e412b,937f2e85c2bc103172149fa47c3d5e9ffe2859bb3822b7cf00ace4e0b91b7c98,612211565262863760a37b4ea3fdca9d475a37e225ca4c03233f5b3d969e52d9
PHOTO-17,cup26_stadium_wide.jpg,792905,c909d524085553fb2fa623fe4ca18ff16f351874c4f589ea2d4ea6e9e863ce0a,937f2e85c2bc103172149fa47c3d5e9ffe2859bb3822b7cf00ace4e0b91b7c98,612211565262863760a37b4ea3fdca9d475a37e225ca4c03233f5b3d969e52d9
PHOTO-17,cup26_licensing_notes.txt,1031,89c1a6dcfe039714a3b1dd0dbef35b0a4207ab3d93bfd4e4d03e616e25d40e11,937f2e85c2bc103172149fa47c3d5e9ffe2859bb3822b7cf00ace4e0b91b7c98,612211565262863760a37b4ea3fdca9d475a37e225ca4c03233f5b3d969e52d9
PHOTO-18,hartley_select_01.jpg,2749431,7735c3b9f7cbabbf676ae98b1e9d550d3014e2a7ee6c90ca6d53ff1efe6122ab,9778e635b7a7b193d16fa5790a839b3f8ed6af3b2b9c1c534954f3c065832a2a,d73ab64c60ff471aafe7a7f3388ae5c034d1652e2a654b9c208ad15e232a09ea
PHOTO-18,hartley_select_02.jpg,3731071,a84f080abec1b0a5ff241ced7a1d02ea84258a00494e288e7aec7e14533db6ec,9778e635b7a7b193d16fa5790a839b3f8ed6af3b2b9c1c534954f3c065832a2a,d73ab64c60ff471aafe7a7f3388ae5c034d1652e2a654b9c208ad15e232a09ea
PHOTO-18,hartley_select_03.jpg,2810049,b1adb331481fdcd3382cbe333e554cc72c5480349aaccb8a9c70ccdda8be39da,9778e635b7a7b193d16fa5790a839b3f8ed6af3b2b9c1c534954f3c065832a2a,d73ab64c60ff471aafe7a7f3388ae5c034d1652e2a654b9c208ad15e232a09ea
PHOTO-18,hartley_select_04.jpg,2600399,7ed1333956725822534d91581e9d497fa0ecdc87ca3d83ecbb4e88d70dd0ba63,9778e635b7a7b193d16fa5790a839b3f8ed6af3b2b9c1c534954f3c065832a2a,d73ab64c60ff471aafe7a7f3388ae5c034d1652e2a654b9c208ad15e232a09ea
PHOTO-18,hartley_select_05.jpg,2581338,bddf45312c681834aadb1dd319d53ab28b2065af999c86b90d1b1c5ad2b5b15a,9778e635b7a7b193d16fa5790a839b3f8ed6af3b2b9c1c534954f3c065832a2a,d73ab64c60ff471aafe7a7f3388ae5c034d1652e2a654b9c208ad15e232a09ea
PHOTO-18,hartley_select_06.jpg,4378118,0e72bd2f78100b4c1a417ad4da45f6112d86e341b216120a4879acc6945e7098,9778e635b7a7b193d16fa5790a839b3f8ed6af3b2b9c1c534954f3c065832a2a,d73ab64c60ff471aafe7a7f3388ae5c034d1652e2a654b9c208ad15e232a09ea
PHOTO-18,hartley_select_07.jpg,2874126,ead94e68b8b5d655a8c802f6697735ed43c7b1715121c6414e934a6dc8c1b7a4,9778e635b7a7b193d16fa5790a839b3f8ed6af3b2b9c1c534954f3c065832a2a,d73ab64c60ff471aafe7a7f3388ae5c034d1652e2a654b9c208ad15e232a09ea
PHOTO-18,hartley_select_08.jpg,3292533,d36f03aa618dd1ae63e484f49777031a8414ee7d84fb9f377e4cf5ca681415fd,9778e635b7a7b193d16fa5790a839b3f8ed6af3b2b9c1c534954f3c065832a2a,d73ab64c60ff471aafe7a7f3388ae5c034d1652e2a654b9c208ad15e232a09ea
PHOTO-18,hartley_select_09.jpg,3516935,c9a830b3f38e2f5fcc159f12323af859748402fadb72395e6f7dcdad79b25f59,9778e635b7a7b193d16fa5790a839b3f8ed6af3b2b9c1c534954f3c065832a2a,d73ab64c60ff471aafe7a7f3388ae5c034d1652e2a654b9c208ad15e232a09ea
PHOTO-18,hartley_select_10.jpg,4382446,28d6646c9630e1e01626d8a89b99e9f424cf29f61a344210c09191dd6d6d8437,9778e635b7a7b193d16fa5790a839b3f8ed6af3b2b9c1c534954f3c065832a2a,d73ab64c60ff471aafe7a7f3388ae5c034d1652e2a654b9c208ad15e232a09ea
PHOTO-18,hartley_select_11.jpg,3159106,3bca97a9430f14d25155bd46e2520c2158e1984ce70f6a579d6ca64e70459219,9778e635b7a7b193d16fa5790a839b3f8ed6af3b2b9c1c534954f3c065832a2a,d73ab64c60ff471aafe7a7f3388ae5c034d1652e2a654b9c208ad15e232a09ea
PHOTO-18,hartley_select_12.jpg,3036684,c46a905ef9154287c9ccea28a173bac3083e50d0195d40d395fbd52f2125b02f,9778e635b7a7b193d16fa5790a839b3f8ed6af3b2b9c1c534954f3c065832a2a,d73ab64c60ff471aafe7a7f3388ae5c034d1652e2a654b9c208ad15e232a09ea
PHOTO-18,hartley_select_13.jpg,3090577,f2e6ae1730152586df75f42b6efa968deae1289c14d6e3814e6efa767089a1bf,9778e635b7a7b193d16fa5790a839b3f8ed6af3b2b9c1c534954f3c065832a2a,d73ab64c60ff471aafe7a7f3388ae5c034d1652e2a654b9c208ad15e232a09ea
PHOTO-18,hartley_select_14.jpg,2589503,ff983dc21f284dda7da27e473844813d477060210233a0dea55e5efbbeefe4c1,9778e635b7a7b193d16fa5790a839b3f8ed6af3b2b9c1c534954f3c065832a2a,d73ab64c60ff471aafe7a7f3388ae5c034d1652e2a654b9c208ad15e232a09ea
PHOTO-18,hartley_select_15.jpg,2636337,156266cec1147dfe5af1c57a8e95620e55a18fa05f9b6a6f7f6f364b011c994e,9778e635b7a7b193d16fa5790a839b3f8ed6af3b2b9c1c534954f3c065832a2a,d73ab64c60ff471aafe7a7f3388ae5c034d1652e2a654b9c208ad15e232a09ea
PHOTO-18,hartley_select_16.jpg,2735158,7330a880bf8e6dc5cfa1d96bccfe48af087fa4ab7081e1492402a9bfbb681867,9778e635b7a7b193d16fa5790a839b3f8ed6af3b2b9c1c534954f3c065832a2a,d73ab64c60ff471aafe7a7f3388ae5c034d1652e2a654b9c208ad15e232a09ea
PHOTO-18,fernwell_card_2025_PRINTER.pdf,234763,0b9db4ff1068c44cb582466c8bc3ec73fa6fa192b35089946ca2934ed52eedbe,9778e635b7a7b193d16fa5790a839b3f8ed6af3b2b9c1c534954f3c065832a2a,d73ab64c60ff471aafe7a7f3388ae5c034d1652e2a654b9c208ad15e232a09ea
PHOTO-18,guest_households.csv,789,c2bd42ba7318a52b5edc31c845d2a698c3a95bfc0e0fe462881080aa7e97a528,9778e635b7a7b193d16fa5790a839b3f8ed6af3b2b9c1c534954f3c065832a2a,d73ab64c60ff471aafe7a7f3388ae5c034d1652e2a654b9c208ad15e232a09ea
PHOTO-18,fernwell_seal.jpg,1612748,04d40578c8fcc52d4064701a4e299aee529bef70a23d09832ad5816ee71b433a,9778e635b7a7b193d16fa5790a839b3f8ed6af3b2b9c1c534954f3c065832a2a,d73ab64c60ff471aafe7a7f3388ae5c034d1652e2a654b9c208ad15e232a09ea
PHOTO-18,venue_snap.jpg,722390,a21b89aee44ebeaf05722c7e1a068b84e2bceb447eaeed7c2402cf9e492ad149,9778e635b7a7b193d16fa5790a839b3f8ed6af3b2b9c1c534954f3c065832a2a,d73ab64c60ff471aafe7a7f3388ae5c034d1652e2a654b9c208ad15e232a09ea
PHOTO-18,house_look_notes.txt,1119,f40d0604cebefdff8542d2210f867105f809859e2b41e65c90190747f68fab7d,9778e635b7a7b193d16fa5790a839b3f8ed6af3b2b9c1c534954f3c065832a2a,d73ab64c60ff471aafe7a7f3388ae5c034d1652e2a654b9c208ad15e232a09ea
PHOTO-19,speaker_portrait_01.jpg,2481404,ee5dd438c6009553a41054b04b636bad22b2a563adf1a7784f634508d6fc9063,098c88ed43f20f131678a45c128158cd3c4eb2075c74229beb7a27cd2aa867e2,dac8dcdd0627ffbfdbb9333e440bc260d7ddfac88b2bc43e58045ec24154158b
PHOTO-19,speaker_portrait_02.jpg,1927069,3a5bf26e2337b5a5d9a3792ed4fffdee1c9c87dea8c944b82fda01d3f4144a4e,098c88ed43f20f131678a45c128158cd3c4eb2075c74229beb7a27cd2aa867e2,dac8dcdd0627ffbfdbb9333e440bc260d7ddfac88b2bc43e58045ec24154158b
PHOTO-19,speaker_portrait_03.jpg,1525988,679307f9dd777c81e1638a7e26bcc6f216806275cd48cfac22a9ef3123a0ddf7,098c88ed43f20f131678a45c128158cd3c4eb2075c74229beb7a27cd2aa867e2,dac8dcdd0627ffbfdbb9333e440bc260d7ddfac88b2bc43e58045ec24154158b
PHOTO-19,speaker_portrait_04.jpg,870570,b8221361bc33122efc7311fd3ea3283689c50c3999f16a043cb8cb9448e812cf,098c88ed43f20f131678a45c128158cd3c4eb2075c74229beb7a27cd2aa867e2,dac8dcdd0627ffbfdbb9333e440bc260d7ddfac88b2bc43e58045ec24154158b
PHOTO-19,speaker_portrait_05.jpg,433887,679e0425761c3b3ccddd1ec45a6cb3a22764bac48f04aeff3ac498faca69576f,098c88ed43f20f131678a45c128158cd3c4eb2075c74229beb7a27cd2aa867e2,dac8dcdd0627ffbfdbb9333e440bc260d7ddfac88b2bc43e58045ec24154158b
PHOTO-19,speaker_portrait_06.jpg,1656368,b70dec5023863f766b84acf04fc54cb96dedf8a3ed4d9b7c4a345b7dcef8d178,098c88ed43f20f131678a45c128158cd3c4eb2075c74229beb7a27cd2aa867e2,dac8dcdd0627ffbfdbb9333e440bc260d7ddfac88b2bc43e58045ec24154158b
PHOTO-19,speaker_portrait_07.jpg,1870999,0624a93ceecf2a215bc917c6d224dd5249afc0ad1740f0f05fb85bc5bb1db0f0,098c88ed43f20f131678a45c128158cd3c4eb2075c74229beb7a27cd2aa867e2,dac8dcdd0627ffbfdbb9333e440bc260d7ddfac88b2bc43e58045ec24154158b
PHOTO-19,speaker_portrait_08.jpg,2298739,aa4e919f2448d2a6dcd734b78b826fb1be38b8e9319fbb0296f82061d3d62f50,098c88ed43f20f131678a45c128158cd3c4eb2075c74229beb7a27cd2aa867e2,dac8dcdd0627ffbfdbb9333e440bc260d7ddfac88b2bc43e58045ec24154158b
PHOTO-19,speaker_portrait_09.jpg,723965,b87980acefa6a9ded0227fbd21f74376bcc7e379d60e777d1813806b827b14ce,098c88ed43f20f131678a45c128158cd3c4eb2075c74229beb7a27cd2aa867e2,dac8dcdd0627ffbfdbb9333e440bc260d7ddfac88b2bc43e58045ec24154158b
PHOTO-19,speaker_portrait_10.jpg,289246,09dbad522deabee608fd7eb377757d4cec54a16b2b64c46e42e21fe79c76ba67,098c88ed43f20f131678a45c128158cd3c4eb2075c74229beb7a27cd2aa867e2,dac8dcdd0627ffbfdbb9333e440bc260d7ddfac88b2bc43e58045ec24154158b
PHOTO-19,speaker_portrait_11.jpg,1270534,0edef4af5fa608441269c3e8385f3bab26640b99799b9173212644fa515222a5,098c88ed43f20f131678a45c128158cd3c4eb2075c74229beb7a27cd2aa867e2,dac8dcdd0627ffbfdbb9333e440bc260d7ddfac88b2bc43e58045ec24154158b
PHOTO-19,speaker_portrait_12.jpg,1974975,dd4c41cbf7f50c4df0cf7b2cb68778d5be7480c947ca4344dcad6ff9204c2dde,098c88ed43f20f131678a45c128158cd3c4eb2075c74229beb7a27cd2aa867e2,dac8dcdd0627ffbfdbb9333e440bc260d7ddfac88b2bc43e58045ec24154158b
PHOTO-19,speaker_portrait_13.jpg,394728,0149b6e03373b7957391004fce611b78ae22a77d8406413fb295247c1934e156,098c88ed43f20f131678a45c128158cd3c4eb2075c74229beb7a27cd2aa867e2,dac8dcdd0627ffbfdbb9333e440bc260d7ddfac88b2bc43e58045ec24154158b
PHOTO-19,speaker_portrait_14.jpg,970046,9611af1300dcad623bf0d45a974a7cdff201a54220378bbaf18dbe5d058a64d2,098c88ed43f20f131678a45c128158cd3c4eb2075c74229beb7a27cd2aa867e2,dac8dcdd0627ffbfdbb9333e440bc260d7ddfac88b2bc43e58045ec24154158b
PHOTO-19,staff_portrait_01.jpg,566652,1187bee7532983c98b4aab272a483086085e62865a1969170e57a5e1f627d564,098c88ed43f20f131678a45c128158cd3c4eb2075c74229beb7a27cd2aa867e2,dac8dcdd0627ffbfdbb9333e440bc260d7ddfac88b2bc43e58045ec24154158b
PHOTO-19,staff_portrait_02.jpg,341461,8951b3a6605f87c99da3e134e75ca9668827b56ea2dc40d44a363cb72e07017d,098c88ed43f20f131678a45c128158cd3c4eb2075c74229beb7a27cd2aa867e2,dac8dcdd0627ffbfdbb9333e440bc260d7ddfac88b2bc43e58045ec24154158b
PHOTO-19,staff_portrait_03.jpg,545435,0e5261211b1c67fa35c466ddb5fe366ac306e23df974abb6b18ce571391f0708,098c88ed43f20f131678a45c128158cd3c4eb2075c74229beb7a27cd2aa867e2,dac8dcdd0627ffbfdbb9333e440bc260d7ddfac88b2bc43e58045ec24154158b
PHOTO-19,staff_portrait_04.jpg,322473,161251e3a35697ea103889eae91906d9e0bc684a443c299852c12545ccf0812b,098c88ed43f20f131678a45c128158cd3c4eb2075c74229beb7a27cd2aa867e2,dac8dcdd0627ffbfdbb9333e440bc260d7ddfac88b2bc43e58045ec24154158b
PHOTO-19,summit_badge_2025_PRINTER.pdf,163106,3b7808dcb786adaa48beac4c183c245b2f88ff60e5fade179764444f54b35a7a,098c88ed43f20f131678a45c128158cd3c4eb2075c74229beb7a27cd2aa867e2,dac8dcdd0627ffbfdbb9333e440bc260d7ddfac88b2bc43e58045ec24154158b
PHOTO-19,speakers.csv,1747,97e5a96de433bb7362d05d57b2de0bc2f43c8776ed4511fe1212a32d3f571766,098c88ed43f20f131678a45c128158cd3c4eb2075c74229beb7a27cd2aa867e2,dac8dcdd0627ffbfdbb9333e440bc260d7ddfac88b2bc43e58045ec24154158b
PHOTO-19,venue_render.jpg,392832,51eb66a8ea95a7c0de8daabdd29f4e5628e411b046603ca901561fe69b4078e8,098c88ed43f20f131678a45c128158cd3c4eb2075c74229beb7a27cd2aa867e2,dac8dcdd0627ffbfdbb9333e440bc260d7ddfac88b2bc43e58045ec24154158b
PHOTO-19,summit_brand_notes.txt,1381,8a778ae5b7dfe346dfdb20c8111389bcdc2fee88729c3018f3c8b880f91cb76a,098c88ed43f20f131678a45c128158cd3c4eb2075c74229beb7a27cd2aa867e2,dac8dcdd0627ffbfdbb9333e440bc260d7ddfac88b2bc43e58045ec24154158b
PHOTO-19,programme_copy.txt,928,d9f3485d69c7fa1bb8c3dfedab73349570b98b2655fc377536cf1a0aa5e009f9,098c88ed43f20f131678a45c128158cd3c4eb2075c74229beb7a27cd2aa867e2,dac8dcdd0627ffbfdbb9333e440bc260d7ddfac88b2bc43e58045ec24154158b
PHOTO-20,vellacourt_session_09.jpg,2194356,dbb21e6a1c74829dcec8351a469045100f41d8ae1dfce98a82cdce4df01b52a0,71fc75e0cc0860b24bd3d444c66a1c5f30cf64558a148a0ad5fa1c39de33c8b3,746d9e23b6d8808c3825b42f0c7870744ea1beb11f2a7f377119360110ce9cad
PHOTO-20,vellacourt_session_07.jpg,2123973,56b878f14e1dc4477ee72b38e2f41368a0971ea0f077bee1b54b99bb627661db,71fc75e0cc0860b24bd3d444c66a1c5f30cf64558a148a0ad5fa1c39de33c8b3,746d9e23b6d8808c3825b42f0c7870744ea1beb11f2a7f377119360110ce9cad
PHOTO-20,vellacourt_session_06.jpg,1995294,71be3769b1dc978327851d2dc4fd5a1b46122732d4bce7af71c199bfab54b4c3,71fc75e0cc0860b24bd3d444c66a1c5f30cf64558a148a0ad5fa1c39de33c8b3,746d9e23b6d8808c3825b42f0c7870744ea1beb11f2a7f377119360110ce9cad
PHOTO-20,vellacourt_session_02.jpg,2192780,33edfaf552f7968c9ad6177002bfe2364d172c687535e187878791e4e8070fa8,71fc75e0cc0860b24bd3d444c66a1c5f30cf64558a148a0ad5fa1c39de33c8b3,746d9e23b6d8808c3825b42f0c7870744ea1beb11f2a7f377119360110ce9cad
PHOTO-20,vellacourt_session_05.jpg,2078633,5470c8f6aa95c66ea52417a9f3cd20dbdba82add56e87c3a70cc2a3b38897dad,71fc75e0cc0860b24bd3d444c66a1c5f30cf64558a148a0ad5fa1c39de33c8b3,746d9e23b6d8808c3825b42f0c7870744ea1beb11f2a7f377119360110ce9cad
PHOTO-20,vellacourt_deboss_card.jpg,1806340,1aa2cd44551a016ef89fcf59d24d99a563756a8b7e2b036ee13534787db372ca,71fc75e0cc0860b24bd3d444c66a1c5f30cf64558a148a0ad5fa1c39de33c8b3,746d9e23b6d8808c3825b42f0c7870744ea1beb11f2a7f377119360110ce9cad
PHOTO-20,vellacourt_session_04.jpg,2263372,044d81c6029133b65fb05375a55600ca4691fe1a5741fc965ba9561e016eb57f,71fc75e0cc0860b24bd3d444c66a1c5f30cf64558a148a0ad5fa1c39de33c8b3,746d9e23b6d8808c3825b42f0c7870744ea1beb11f2a7f377119360110ce9cad
PHOTO-20,vellacourt_session_03.jpg,2322320,69af0b3dbd1eea8267cc4697606bc89d9f6f562d2ebd0f4c66f37df15cd3e2d4,71fc75e0cc0860b24bd3d444c66a1c5f30cf64558a148a0ad5fa1c39de33c8b3,746d9e23b6d8808c3825b42f0c7870744ea1beb11f2a7f377119360110ce9cad
PHOTO-20,vellacourt_placements.txt,1206,1d9ee629c3f0db40da2171d586790f16399f70e5c9792a2e09351401d113ce82,71fc75e0cc0860b24bd3d444c66a1c5f30cf64558a148a0ad5fa1c39de33c8b3,746d9e23b6d8808c3825b42f0c7870744ea1beb11f2a7f377119360110ce9cad
PHOTO-20,vellacourt_session_01.jpg,2002984,c9fcc09c1252252e6637469b8c2d484feef01feb312df9575a86e3b3dba6bc9e,71fc75e0cc0860b24bd3d444c66a1c5f30cf64558a148a0ad5fa1c39de33c8b3,746d9e23b6d8808c3825b42f0c7870744ea1beb11f2a7f377119360110ce9cad
PHOTO-20,vellacourt_session_08.jpg,1982059,2f47647e5c7c655b891375e5cf67e6041029e3e86a2ad3af64006bf0e68ddd05,71fc75e0cc0860b24bd3d444c66a1c5f30cf64558a148a0ad5fa1c39de33c8b3,746d9e23b6d8808c3825b42f0c7870744ea1beb11f2a7f377119360110ce9cad
PHOTO-20,vellacourt_speakercard_template.pdf,179447,6c0520d2b2b9bbf224454e96185caaf5270d6f9a9787aacedd56da16b3af43bc,71fc75e0cc0860b24bd3d444c66a1c5f30cf64558a148a0ad5fa1c39de33c8b3,746d9e23b6d8808c3825b42f0c7870744ea1beb11f2a7f377119360110ce9cad
PHOTO-20,vellacourt_workshop_snap.jpg,367633,18d898a4c8297a47ffe518d7f0ec446d6dd9abc246292d7146048800511c101a,71fc75e0cc0860b24bd3d444c66a1c5f30cf64558a148a0ad5fa1c39de33c8b3,746d9e23b6d8808c3825b42f0c7870744ea1beb11f2a7f377119360110ce9cad
PHOTO-20,vellacourt_bio_copy.txt,884,5fed31e55ebc47e6f62709c855479d9e60f973ca57f90693993c3196954ff55d,71fc75e0cc0860b24bd3d444c66a1c5f30cf64558a148a0ad5fa1c39de33c8b3,746d9e23b6d8808c3825b42f0c7870744ea1beb11f2a7f377119360110ce9cad
PHOTO-20,vellacourt_talks.csv,756,99759321b705d189f93d9c5f73f091165107c4ab51ff30c4f83f30a04db30ebd,71fc75e0cc0860b24bd3d444c66a1c5f30cf64558a148a0ad5fa1c39de33c8b3,746d9e23b6d8808c3825b42f0c7870744ea1beb11f2a7f377119360110ce9cad
PHOTO-21,marlo_autumn_month_01.jpg,3219344,f98968244df0f8a87003d1d1d7f8783851e0effa722bca811090c56ecb5f9661,cfb4d89b2c199f87c5bdb54e0464c156aa2a1a29c5467c7254f2e269a5a68f01,a91435db84d2e9007433132d187611bf296cebd24d38aa78d28e3a3129e312b3
PHOTO-21,marlo_autumn_month_02.jpg,1682701,f0d91fdfd12336af03a9ad044471be4efba4804654c5f482898a9195e0a3ea70,cfb4d89b2c199f87c5bdb54e0464c156aa2a1a29c5467c7254f2e269a5a68f01,a91435db84d2e9007433132d187611bf296cebd24d38aa78d28e3a3129e312b3
PHOTO-21,marlo_autumn_month_04.jpg,3697694,3fc5f534c81a940d0fe5167f5bb0c07b44817754023fd81a1790987cfb7bbc04,cfb4d89b2c199f87c5bdb54e0464c156aa2a1a29c5467c7254f2e269a5a68f01,a91435db84d2e9007433132d187611bf296cebd24d38aa78d28e3a3129e312b3
PHOTO-21,marlo_autumn_month_05.jpg,3249953,4a23e04ca159cefda74f8c7a7cfe654747d7bb555c5992ed243088338f266e36,cfb4d89b2c199f87c5bdb54e0464c156aa2a1a29c5467c7254f2e269a5a68f01,a91435db84d2e9007433132d187611bf296cebd24d38aa78d28e3a3129e312b3
PHOTO-21,marlo_autumn_month_07.jpg,3022885,13ae71ec1fb3b8dcd8d7ac67c78c8c8f81cb1ade23fd180138aad5c4c6f78936,cfb4d89b2c199f87c5bdb54e0464c156aa2a1a29c5467c7254f2e269a5a68f01,a91435db84d2e9007433132d187611bf296cebd24d38aa78d28e3a3129e312b3
PHOTO-21,marlo_autumn_month_09.jpg,2128731,211552305c0d16e379a77876504c153d2955a93a32d99e47c1dad74f1fcc6abe,cfb4d89b2c199f87c5bdb54e0464c156aa2a1a29c5467c7254f2e269a5a68f01,a91435db84d2e9007433132d187611bf296cebd24d38aa78d28e3a3129e312b3
PHOTO-21,marlo_autumn_month_10.jpg,3426639,0249e8fea36290ec6b712bf8bfebbcd48e2221fcd65ad021dc5833ff664be63d,cfb4d89b2c199f87c5bdb54e0464c156aa2a1a29c5467c7254f2e269a5a68f01,a91435db84d2e9007433132d187611bf296cebd24d38aa78d28e3a3129e312b3
PHOTO-21,marlo_autumn_month_08.jpg,2516308,75658427506534f21104ae810965561fb78419282cd58b5563926a64c708f1ad,cfb4d89b2c199f87c5bdb54e0464c156aa2a1a29c5467c7254f2e269a5a68f01,a91435db84d2e9007433132d187611bf296cebd24d38aa78d28e3a3129e312b3
PHOTO-21,marlo_autumn_month_03.jpg,2819821,65e23d6f7f51692ae9f8bcd96c7118bac935a885523501fa0663680c7a7bb56e,cfb4d89b2c199f87c5bdb54e0464c156aa2a1a29c5467c7254f2e269a5a68f01,a91435db84d2e9007433132d187611bf296cebd24d38aa78d28e3a3129e312b3
PHOTO-21,marlo_autumn_month_13.jpg,1692952,e1a25bdc5cbcf5f473a0aaf7e074a53958d34077b2b2d27ea7ded7da42147390,cfb4d89b2c199f87c5bdb54e0464c156aa2a1a29c5467c7254f2e269a5a68f01,a91435db84d2e9007433132d187611bf296cebd24d38aa78d28e3a3129e312b3
PHOTO-21,marlo_autumn_month_17.jpg,1991582,589931185f2101860c24aed6c56929e9a00aca39e165b88ba15b82ac9e483708,cfb4d89b2c199f87c5bdb54e0464c156aa2a1a29c5467c7254f2e269a5a68f01,a91435db84d2e9007433132d187611bf296cebd24d38aa78d28e3a3129e312b3
PHOTO-21,marlo_autumn_month_11.jpg,1184879,bc810418e8b73ded8f1f3c5b68535dca8690dd59db23948f4df1e9b66dfe2995,cfb4d89b2c199f87c5bdb54e0464c156aa2a1a29c5467c7254f2e269a5a68f01,a91435db84d2e9007433132d187611bf296cebd24d38aa78d28e3a3129e312b3
PHOTO-21,marlo_autumn_month_15.jpg,1424480,2e2e29812176c0aca41fe19018ae00b6731e0c27d52451f3c0c6c84cedb9a812,cfb4d89b2c199f87c5bdb54e0464c156aa2a1a29c5467c7254f2e269a5a68f01,a91435db84d2e9007433132d187611bf296cebd24d38aa78d28e3a3129e312b3
PHOTO-21,marlo_autumn_month_06.jpg,3178846,08def07d8faaf969d1447234d015fa6082d0d58273462d223311f1e278499b63,cfb4d89b2c199f87c5bdb54e0464c156aa2a1a29c5467c7254f2e269a5a68f01,a91435db84d2e9007433132d187611bf296cebd24d38aa78d28e3a3129e312b3
PHOTO-21,marlo_autumn_month_16.jpg,1551283,0fd3896cf2c2b869e03645ada2c3fed910c10f4aec7c500461749b3d492bd6e8,cfb4d89b2c199f87c5bdb54e0464c156aa2a1a29c5467c7254f2e269a5a68f01,a91435db84d2e9007433132d187611bf296cebd24d38aa78d28e3a3129e312b3
PHOTO-21,quillandkiln_card_template.pdf,298843,521a1d44e29b5b769dcdea3b71287c838a5b037adb75eaa7f2aaa61bd67c499a,cfb4d89b2c199f87c5bdb54e0464c156aa2a1a29c5467c7254f2e269a5a68f01,a91435db84d2e9007433132d187611bf296cebd24d38aa78d28e3a3129e312b3
PHOTO-21,marlo_autumn_month_12.jpg,1616816,5e03762504c582ec45b1bc14c30c480ae215e2e9465d63c9c3fbb838afa75b2a,cfb4d89b2c199f87c5bdb54e0464c156aa2a1a29c5467c7254f2e269a5a68f01,a91435db84d2e9007433132d187611bf296cebd24d38aa78d28e3a3129e312b3
PHOTO-21,marlo_autumn_month_14.jpg,2253076,d42e68b18df2e84fd7bd9108aa729e814217f0490be0a1b476e77ddc38854b60,cfb4d89b2c199f87c5bdb54e0464c156aa2a1a29c5467c7254f2e269a5a68f01,a91435db84d2e9007433132d187611bf296cebd24d38aa78d28e3a3129e312b3
PHOTO-21,marlo_motifs_page.jpg,2027027,c40d547ac855d561d393efc2db9e889cc6b03ab4b8c00f6ee575411f2f79e437,cfb4d89b2c199f87c5bdb54e0464c156aa2a1a29c5467c7254f2e269a5a68f01,a91435db84d2e9007433132d187611bf296cebd24d38aa78d28e3a3129e312b3
PHOTO-21,marlo_autumn_month_18.jpg,1846656,0d0f8e7df6cec1de9e2e1afc6dd47ea76e0ad23d55f8ad1254de9f1e52f7b90e,cfb4d89b2c199f87c5bdb54e0464c156aa2a1a29c5467c7254f2e269a5a68f01,a91435db84d2e9007433132d187611bf296cebd24d38aa78d28e3a3129e312b3
PHOTO-21,marlo_grid_reference.png,3124154,e53c8b1322ed10f0d02d3e1f9b78b05a5c495e6af41b198fd88a62fc76c4736a,cfb4d89b2c199f87c5bdb54e0464c156aa2a1a29c5467c7254f2e269a5a68f01,a91435db84d2e9007433132d187611bf296cebd24d38aa78d28e3a3129e312b3
PHOTO-21,marlo_captions.txt,1777,b668aaf2832ec82e8a10cbb65973c44895ba814aa2652c1bfc521795a9923088,cfb4d89b2c199f87c5bdb54e0464c156aa2a1a29c5467c7254f2e269a5a68f01,a91435db84d2e9007433132d187611bf296cebd24d38aa78d28e3a3129e312b3
PHOTO-21,marlo_glaze_swatches.jpg,4287135,8b0072a5fce69e7fc1a2643f02331a796cb22bd6679ef16b292ac1fdd0a4543f,cfb4d89b2c199f87c5bdb54e0464c156aa2a1a29c5467c7254f2e269a5a68f01,a91435db84d2e9007433132d187611bf296cebd24d38aa78d28e3a3129e312b3
PHOTO-21,quillandkiln_pieces.csv,1020,db5a6eb2b79d2f86a7aa00648cb04c11bd2c7fda49203c07689b5d14f562e70e,cfb4d89b2c199f87c5bdb54e0464c156aa2a1a29c5467c7254f2e269a5a68f01,a91435db84d2e9007433132d187611bf296cebd24d38aa78d28e3a3129e312b3
PHOTO-22,property_shoot_01.jpg,2247664,4f2cbf592df8e5739d9bf53321772195f68f99ef167a374f56bb22a14bed21e6,03f8833ce73d1d85a8d682c51985add3d04036393492483b4fef735a3625667c,ce6f915959c3c1c9c0221b5dbf63dc3b5eaf6462f91ac542727501ebc5ec65c7
PHOTO-22,property_shoot_02.jpg,2641568,a6a82dd933a98cb7f1f1d3fae476d8afa1c05cefb1981b80e0530e9d75c53eac,03f8833ce73d1d85a8d682c51985add3d04036393492483b4fef735a3625667c,ce6f915959c3c1c9c0221b5dbf63dc3b5eaf6462f91ac542727501ebc5ec65c7
PHOTO-22,property_shoot_03.jpg,2134115,e8fa34e670b8479ac495d8edfdb4e991a1f9680442197b8f07ab8208d38bfeab,03f8833ce73d1d85a8d682c51985add3d04036393492483b4fef735a3625667c,ce6f915959c3c1c9c0221b5dbf63dc3b5eaf6462f91ac542727501ebc5ec65c7
PHOTO-22,property_shoot_04.jpg,2493042,18cf6b01c86448fcea7d8ded796498aaf8dfccf087fe4053de6b7422a663df19,03f8833ce73d1d85a8d682c51985add3d04036393492483b4fef735a3625667c,ce6f915959c3c1c9c0221b5dbf63dc3b5eaf6462f91ac542727501ebc5ec65c7
PHOTO-22,property_shoot_05.jpg,2454678,f8056ffe0157e6d266917260ea880dc7f7bf262e2f3abc53618aa0706800712e,03f8833ce73d1d85a8d682c51985add3d04036393492483b4fef735a3625667c,ce6f915959c3c1c9c0221b5dbf63dc3b5eaf6462f91ac542727501ebc5ec65c7
PHOTO-22,property_shoot_06.jpg,1704638,10d9769e869a570b297b5de83503270e54a1f1a7c477a4860e0af489e7ddbf41,03f8833ce73d1d85a8d682c51985add3d04036393492483b4fef735a3625667c,ce6f915959c3c1c9c0221b5dbf63dc3b5eaf6462f91ac542727501ebc5ec65c7
PHOTO-22,property_shoot_07.jpg,3007326,8d80dc47006a510c40fa2d7af0d492bbbe24cfafa8391609ac9f61447c051318,03f8833ce73d1d85a8d682c51985add3d04036393492483b4fef735a3625667c,ce6f915959c3c1c9c0221b5dbf63dc3b5eaf6462f91ac542727501ebc5ec65c7
PHOTO-22,property_shoot_08.jpg,2074949,c651c01a63669679810d7db80cab01b68d785560dcaad094795c78aaade50fc4,03f8833ce73d1d85a8d682c51985add3d04036393492483b4fef735a3625667c,ce6f915959c3c1c9c0221b5dbf63dc3b5eaf6462f91ac542727501ebc5ec65c7
PHOTO-22,property_shoot_09.jpg,1735702,9cfa44e281114aaca47797e7b20c65a5d8718f89a94d8b2f663984eb7b003387,03f8833ce73d1d85a8d682c51985add3d04036393492483b4fef735a3625667c,ce6f915959c3c1c9c0221b5dbf63dc3b5eaf6462f91ac542727501ebc5ec65c7
PHOTO-22,property_shoot_10.jpg,2218500,551a9a82dc0c4d3a20f90f66e44ebf55b1a555b3c5ccd602b07b17688baf91ba,03f8833ce73d1d85a8d682c51985add3d04036393492483b4fef735a3625667c,ce6f915959c3c1c9c0221b5dbf63dc3b5eaf6462f91ac542727501ebc5ec65c7
PHOTO-22,property_shoot_11.jpg,1639241,c98e06be53c8648715336e3b70587ad8ca720a9f73d09379711891e9e2265677,03f8833ce73d1d85a8d682c51985add3d04036393492483b4fef735a3625667c,ce6f915959c3c1c9c0221b5dbf63dc3b5eaf6462f91ac542727501ebc5ec65c7
PHOTO-22,property_shoot_12.jpg,1499422,c2ae084a65fa7354d6f20f832b3ca91b6321d5a0277bfa18af93576b72f3d4a3,03f8833ce73d1d85a8d682c51985add3d04036393492483b4fef735a3625667c,ce6f915959c3c1c9c0221b5dbf63dc3b5eaf6462f91ac542727501ebc5ec65c7
PHOTO-22,property_shoot_13.jpg,1804568,2eba3fdf029bd95c10cc7a7bfb2ddc14eedfd4ce1c82230aab6b05c28b2920e9,03f8833ce73d1d85a8d682c51985add3d04036393492483b4fef735a3625667c,ce6f915959c3c1c9c0221b5dbf63dc3b5eaf6462f91ac542727501ebc5ec65c7
PHOTO-22,property_shoot_14.jpg,1935373,75c47735dae2ed9064577339cbc8940c325f0bcc245de7ccce74aa904fa4bb4e,03f8833ce73d1d85a8d682c51985add3d04036393492483b4fef735a3625667c,ce6f915959c3c1c9c0221b5dbf63dc3b5eaf6462f91ac542727501ebc5ec65c7
PHOTO-22,property_shoot_15.jpg,1882472,9389b8da107b048d1bac3e333e9cdc6bd79850e175ed92d0385f63036afea362,03f8833ce73d1d85a8d682c51985add3d04036393492483b4fef735a3625667c,ce6f915959c3c1c9c0221b5dbf63dc3b5eaf6462f91ac542727501ebc5ec65c7
PHOTO-22,property_shoot_16.jpg,1544058,0bd4375dcb385daf0ad2f1dba5f2f2d67af77fd304df5fd5afa3037f351e1de0,03f8833ce73d1d85a8d682c51985add3d04036393492483b4fef735a3625667c,ce6f915959c3c1c9c0221b5dbf63dc3b5eaf6462f91ac542727501ebc5ec65c7
PHOTO-22,nordhaven_amenity_carafe.jpg,2502859,e75a7616f04b3673b5d5e04558a6d6e93b76f6dcc5233e8558847c85122ad6db,03f8833ce73d1d85a8d682c51985add3d04036393492483b4fef735a3625667c,ce6f915959c3c1c9c0221b5dbf63dc3b5eaf6462f91ac542727501ebc5ec65c7
PHOTO-22,nordhaven_amenity_robe.jpg,2500269,6b0784a88cca9fbcc8e2ed809d223db6f0df00eaa179bd1ad9636dc4e4267fdd,03f8833ce73d1d85a8d682c51985add3d04036393492483b4fef735a3625667c,ce6f915959c3c1c9c0221b5dbf63dc3b5eaf6462f91ac542727501ebc5ec65c7
PHOTO-22,nordhaven_amenity_keyfob.jpg,3522229,6f59da66128f277b5638922c060ff01b0e15b1a75dc1fc5fce8299e948a8509e,03f8833ce73d1d85a8d682c51985add3d04036393492483b4fef735a3625667c,ce6f915959c3c1c9c0221b5dbf63dc3b5eaf6462f91ac542727501ebc5ec65c7
PHOTO-22,nordhaven_room_card_2025.pdf,258103,9663a58f63e2066bb112190dc36f84ff7d0feabd46fb3e5686b7bccb11c749d5,03f8833ce73d1d85a8d682c51985add3d04036393492483b4fef735a3625667c,ce6f915959c3c1c9c0221b5dbf63dc3b5eaf6462f91ac542727501ebc5ec65c7
PHOTO-22,nordhaven_rooms.csv,1042,63aeb6afd077cfeab6e784c7d0c56ec684484934ae81b8a68c85549415e3d135,03f8833ce73d1d85a8d682c51985add3d04036393492483b4fef735a3625667c,ce6f915959c3c1c9c0221b5dbf63dc3b5eaf6462f91ac542727501ebc5ec65c7
PHOTO-22,nordhaven_brand_notes.txt,1409,fae22deef6872e2c75c7aaa83f10258c9cce4527774b707ff225039a5b2913c0,03f8833ce73d1d85a8d682c51985add3d04036393492483b4fef735a3625667c,ce6f915959c3c1c9c0221b5dbf63dc3b5eaf6462f91ac542727501ebc5ec65c7
PHOTO-23,floor_frames_01.jpg,2117834,fe5f04dfca271dbea517bd6e37394e42ded1d79ffa3a1561796c7dc1bb6c7b6e,4f8bef2af5d70ae6bbe7a029e2a3b5338bcdd4a52246b9c16d8951e3c99ae79c,0cd4a2b6911fce07d092cb394339aaeccb76415794ea38f58c4bd476a8adf1a4
PHOTO-23,floor_frames_02.jpg,2531891,dbeb0e3589c36694091e4fba2d868b9447cca1669be4562925478e918e0d69d4,4f8bef2af5d70ae6bbe7a029e2a3b5338bcdd4a52246b9c16d8951e3c99ae79c,0cd4a2b6911fce07d092cb394339aaeccb76415794ea38f58c4bd476a8adf1a4
PHOTO-23,floor_frames_03.jpg,2612351,4ca936a456c4f666df19116eeb9c528bfe0f6fa7cb24ebe51c89b793fb4fe92f,4f8bef2af5d70ae6bbe7a029e2a3b5338bcdd4a52246b9c16d8951e3c99ae79c,0cd4a2b6911fce07d092cb394339aaeccb76415794ea38f58c4bd476a8adf1a4
PHOTO-23,floor_frames_04.jpg,2688530,2f9932fe19bcb44cb945a4651fac1321492d0c0a59bb093afc2bbe524984b600,4f8bef2af5d70ae6bbe7a029e2a3b5338bcdd4a52246b9c16d8951e3c99ae79c,0cd4a2b6911fce07d092cb394339aaeccb76415794ea38f58c4bd476a8adf1a4
PHOTO-23,floor_frames_05.jpg,2420469,a03c8efc319c639274ecb3045bf063b975b135bcc26504c95f87c9cabec5034f,4f8bef2af5d70ae6bbe7a029e2a3b5338bcdd4a52246b9c16d8951e3c99ae79c,0cd4a2b6911fce07d092cb394339aaeccb76415794ea38f58c4bd476a8adf1a4
PHOTO-23,floor_frames_06.jpg,2222296,cdc7252e3e9f9ec87cd87a90225da5f15f6567f92aefee93bff9dfdeed24b7ed,4f8bef2af5d70ae6bbe7a029e2a3b5338bcdd4a52246b9c16d8951e3c99ae79c,0cd4a2b6911fce07d092cb394339aaeccb76415794ea38f58c4bd476a8adf1a4
PHOTO-23,floor_frames_07.jpg,2494428,7eef6d5c5c1e19f0a787ac14c8c0a8fc1314d3a8d2f09650ca8f7a17ca18a863,4f8bef2af5d70ae6bbe7a029e2a3b5338bcdd4a52246b9c16d8951e3c99ae79c,0cd4a2b6911fce07d092cb394339aaeccb76415794ea38f58c4bd476a8adf1a4
PHOTO-23,floor_frames_08.jpg,2140404,84c55a389b2397f21f72158bfc535fcd31ec623087df9b8761affedd9936d145,4f8bef2af5d70ae6bbe7a029e2a3b5338bcdd4a52246b9c16d8951e3c99ae79c,0cd4a2b6911fce07d092cb394339aaeccb76415794ea38f58c4bd476a8adf1a4
PHOTO-23,floor_frames_09.jpg,2185429,4ad727299887cd08bd048cc4151db9744e4e72fefff29eb2350be0b9b29bea73,4f8bef2af5d70ae6bbe7a029e2a3b5338bcdd4a52246b9c16d8951e3c99ae79c,0cd4a2b6911fce07d092cb394339aaeccb76415794ea38f58c4bd476a8adf1a4
PHOTO-23,floor_frames_10.jpg,1903277,a6e2173747cb2841f6630a92089948bca132c0915389415b389cee3a6ec94d36,4f8bef2af5d70ae6bbe7a029e2a3b5338bcdd4a52246b9c16d8951e3c99ae79c,0cd4a2b6911fce07d092cb394339aaeccb76415794ea38f58c4bd476a8adf1a4
PHOTO-23,floor_frames_11.jpg,3114699,9e8e0c6d06978eadd703ca263a0147c524aa3f25d296642248cf1f821ad65073,4f8bef2af5d70ae6bbe7a029e2a3b5338bcdd4a52246b9c16d8951e3c99ae79c,0cd4a2b6911fce07d092cb394339aaeccb76415794ea38f58c4bd476a8adf1a4
PHOTO-23,floor_frames_12.jpg,2582566,865fcacf602fbfb56526634ad41c69ca029f48b2ab00cd3eee6c76679bf288c5,4f8bef2af5d70ae6bbe7a029e2a3b5338bcdd4a52246b9c16d8951e3c99ae79c,0cd4a2b6911fce07d092cb394339aaeccb76415794ea38f58c4bd476a8adf1a4
PHOTO-23,floor_frames_13.jpg,2285223,fcdc2e37d93d7493552d99fba91e96edbe3210264f3501d4fd2ca8c4e1ead18d,4f8bef2af5d70ae6bbe7a029e2a3b5338bcdd4a52246b9c16d8951e3c99ae79c,0cd4a2b6911fce07d092cb394339aaeccb76415794ea38f58c4bd476a8adf1a4
PHOTO-23,floor_frames_14.jpg,2915765,b9c0692546ff9607b54cf42b36721c8dd8bc049c903a388adb4fa61467f44de8,4f8bef2af5d70ae6bbe7a029e2a3b5338bcdd4a52246b9c16d8951e3c99ae79c,0cd4a2b6911fce07d092cb394339aaeccb76415794ea38f58c4bd476a8adf1a4
PHOTO-23,ironline_maker_mark_casting.jpg,3453073,13c5ad88227a46ccb5a067b10d40c51c83b1103ffe80274c57a7997ee238e1b2,4f8bef2af5d70ae6bbe7a029e2a3b5338bcdd4a52246b9c16d8951e3c99ae79c,0cd4a2b6911fce07d092cb394339aaeccb76415794ea38f58c4bd476a8adf1a4
PHOTO-23,ironline_spec_card_2025.pdf,1366966,5a3dd21092f508b4bf5edf7ebfca1fd1426b7ba4aa78be0ac5efe8335a2ac2bc,4f8bef2af5d70ae6bbe7a029e2a3b5338bcdd4a52246b9c16d8951e3c99ae79c,0cd4a2b6911fce07d092cb394339aaeccb76415794ea38f58c4bd476a8adf1a4
PHOTO-23,ironline_castings.csv,1076,1f8e25dfa9d284fa4f98b2e7b344fdee1b917a1ff9cb43c61866b12d930e77b8,4f8bef2af5d70ae6bbe7a029e2a3b5338bcdd4a52246b9c16d8951e3c99ae79c,0cd4a2b6911fce07d092cb394339aaeccb76415794ea38f58c4bd476a8adf1a4
PHOTO-23,ironline_story_copy.txt,1677,d1b24171ee3a44bc888b626c92ff0f44b4a8310d746de67222278064f96f632c,4f8bef2af5d70ae6bbe7a029e2a3b5338bcdd4a52246b9c16d8951e3c99ae79c,0cd4a2b6911fce07d092cb394339aaeccb76415794ea38f58c4bd476a8adf1a4
PHOTO-24,lunara_campaign_01.jpg,4952237,09b3c343f2b520d6bd039febdcc03994eb1415008653956a18287db6ecbc8115,acf22cf6da2aa6c34947e45a961872134b2849779c502f7fe480384455ac15ec,dd84c4108ab44b33dc2ed1a303dc6681a2512ffa76f257742664a2808b9063e1
PHOTO-24,lunara_campaign_02.jpg,5948447,1306ed392d884d27f29099219e55861e1328b87961017da9d4a15161ee690c2d,acf22cf6da2aa6c34947e45a961872134b2849779c502f7fe480384455ac15ec,dd84c4108ab44b33dc2ed1a303dc6681a2512ffa76f257742664a2808b9063e1
PHOTO-24,lunara_campaign_03.jpg,5675413,768a57648dabe1198f553231a88df7c87d344c1c92e95fe4a7fbdfd227bbd05e,acf22cf6da2aa6c34947e45a961872134b2849779c502f7fe480384455ac15ec,dd84c4108ab44b33dc2ed1a303dc6681a2512ffa76f257742664a2808b9063e1
PHOTO-24,lunara_campaign_04.jpg,3789185,646a607e8db0367cce753def968b43131cef293d9227b1fc0fe9a03b9f4dba7e,acf22cf6da2aa6c34947e45a961872134b2849779c502f7fe480384455ac15ec,dd84c4108ab44b33dc2ed1a303dc6681a2512ffa76f257742664a2808b9063e1
PHOTO-24,lunara_campaign_05.jpg,3887350,ed8e008ea17a5f270930d501f29520ef5cce03f0e7858daf3375b43362f78f8d,acf22cf6da2aa6c34947e45a961872134b2849779c502f7fe480384455ac15ec,dd84c4108ab44b33dc2ed1a303dc6681a2512ffa76f257742664a2808b9063e1
PHOTO-24,lunara_campaign_06.jpg,3841340,dbec9e4703bd67681f5160898898d67e4c8e820639fb52261568c9ddae7863c0,acf22cf6da2aa6c34947e45a961872134b2849779c502f7fe480384455ac15ec,dd84c4108ab44b33dc2ed1a303dc6681a2512ffa76f257742664a2808b9063e1
PHOTO-24,lunara_campaign_07.jpg,4877222,6e21a85f1d13174a5f2495d5053dbb48ae90fcfeb0314bee1f80efb8734fd76f,acf22cf6da2aa6c34947e45a961872134b2849779c502f7fe480384455ac15ec,dd84c4108ab44b33dc2ed1a303dc6681a2512ffa76f257742664a2808b9063e1
PHOTO-24,lunara_campaign_08.jpg,5358939,9b835aa285bf3c6223b5ac02dbdd5e80c772829a9e27526c53fe1392d43eec7e,acf22cf6da2aa6c34947e45a961872134b2849779c502f7fe480384455ac15ec,dd84c4108ab44b33dc2ed1a303dc6681a2512ffa76f257742664a2808b9063e1
PHOTO-24,lunara_campaign_09.jpg,6379236,92467bf181ee768db21cd909bb9cbe7ee32ca56bfcc641c1dfa9a08b03b96b93,acf22cf6da2aa6c34947e45a961872134b2849779c502f7fe480384455ac15ec,dd84c4108ab44b33dc2ed1a303dc6681a2512ffa76f257742664a2808b9063e1
PHOTO-24,lunara_pdp_meridian.jpg,4667873,ea06c5e3f43d7badf83c6a4dd6596bcdf9a3ccda73aa4937b4dfa5d67ee7f495,acf22cf6da2aa6c34947e45a961872134b2849779c502f7fe480384455ac15ec,dd84c4108ab44b33dc2ed1a303dc6681a2512ffa76f257742664a2808b9063e1
PHOTO-24,lunara_pdp_selene.jpg,4993862,0c50814ac551505125454907bfad114fb722692488914e2161bd6b095c0e1aba,acf22cf6da2aa6c34947e45a961872134b2849779c502f7fe480384455ac15ec,dd84c4108ab44b33dc2ed1a303dc6681a2512ffa76f257742664a2808b9063e1
PHOTO-24,lunara_pdp_ardent.jpg,4840525,a717fc636dee48dcf75cd0a38e21013a64c6bf43d3cf7cfec7e0123b3b7892c8,acf22cf6da2aa6c34947e45a961872134b2849779c502f7fe480384455ac15ec,dd84c4108ab44b33dc2ed1a303dc6681a2512ffa76f257742664a2808b9063e1
PHOTO-24,lunara_pdp_halcyon.jpg,4769561,0e4c2f143b28c2ed9d9e5c0ea323bcb0b7dac03af62a3042e76a665d3d4bdd6e,acf22cf6da2aa6c34947e45a961872134b2849779c502f7fe480384455ac15ec,dd84c4108ab44b33dc2ed1a303dc6681a2512ffa76f257742664a2808b9063e1
PHOTO-24,lunara_pdp_vesper.jpg,5117565,47d3374acf7d53a59f883b27a9f398f7e38d328bff25f153eceae0b867b3870e,acf22cf6da2aa6c34947e45a961872134b2849779c502f7fe480384455ac15ec,dd84c4108ab44b33dc2ed1a303dc6681a2512ffa76f257742664a2808b9063e1
PHOTO-24,lunara_detail_crown.jpg,1163544,c7a03f48051d0ee4b8594a0542491377be658e7792acb53cc045b9357010dc54,acf22cf6da2aa6c34947e45a961872134b2849779c502f7fe480384455ac15ec,dd84c4108ab44b33dc2ed1a303dc6681a2512ffa76f257742664a2808b9063e1
PHOTO-24,lunara_detail_lug.jpg,1231221,89aa9406cc707a57f3bc58c44865715c9096be3933e0267e439b36d83e376eb3,acf22cf6da2aa6c34947e45a961872134b2849779c502f7fe480384455ac15ec,dd84c4108ab44b33dc2ed1a303dc6681a2512ffa76f257742664a2808b9063e1
PHOTO-24,lunara_detail_caseback.jpg,1592078,433ce973404855d034fb6dae8e04397c5706179c95e8e6933bffaf038787c997,acf22cf6da2aa6c34947e45a961872134b2849779c502f7fe480384455ac15ec,dd84c4108ab44b33dc2ed1a303dc6681a2512ffa76f257742664a2808b9063e1
PHOTO-24,lunara_detail_clasp.jpg,1276483,3c318891fe706f3d07374fabd8f1ae588fbcd8db6a83fdeed995c6d6df2596a2,acf22cf6da2aa6c34947e45a961872134b2849779c502f7fe480384455ac15ec,dd84c4108ab44b33dc2ed1a303dc6681a2512ffa76f257742664a2808b9063e1
PHOTO-24,lunara_detail_handstack.jpg,1318278,3edc9fae3b9c2832d455e628d62961dd38d26feaab7f09e6abe1987b070e893d,acf22cf6da2aa6c34947e45a961872134b2849779c502f7fe480384455ac15ec,dd84c4108ab44b33dc2ed1a303dc6681a2512ffa76f257742664a2808b9063e1
PHOTO-24,lunara_detail_movement.jpg,1466919,fd62074c5666b025c1ca4c31c911ac2a5c7a6dd39cc50af01087571ed7a01343,acf22cf6da2aa6c34947e45a961872134b2849779c502f7fe480384455ac15ec,dd84c4108ab44b33dc2ed1a303dc6681a2512ffa76f257742664a2808b9063e1
PHOTO-24,lunara_certificate_2025.pdf,220732,8a8a9341cebe9bbc20bae97972d802d2e70d97f29f8796ed1d9305ced508ca9c,acf22cf6da2aa6c34947e45a961872134b2849779c502f7fe480384455ac15ec,dd84c4108ab44b33dc2ed1a303dc6681a2512ffa76f257742664a2808b9063e1
PHOTO-24,lunara_register.csv,2330,df82ae9a3c5ad197de9a524bbe86adb0fd1374743658f66abf32734e99981e82,acf22cf6da2aa6c34947e45a961872134b2849779c502f7fe480384455ac15ec,dd84c4108ab44b33dc2ed1a303dc6681a2512ffa76f257742664a2808b9063e1
PHOTO-24,lunara_notes.txt,1363,4c161bd301ad660c9ae901e56804336b9f937f99c317cc215c26fc5b08867a35,acf22cf6da2aa6c34947e45a961872134b2849779c502f7fe480384455ac15ec,dd84c4108ab44b33dc2ed1a303dc6681a2512ffa76f257742664a2808b9063e1
PHOTO-25,apexguard_bench_01.jpg,3132710,0b541d7e58242ecdaa32651666fde11915a39afd6de31b51a57db89e530cb955,9b8221f0657cc11454c337ad0b570087123d642ea00220777a6512da3074afa5,9197edeeb2e9e456078f5f9427deecd428fa5e3495724a5303e9cee1e22afafc
PHOTO-25,apexguard_bench_02.jpg,3367474,976a3a8f85d3f8d1597683936b7f95f453ec8d3651d1bd7ecc6a106e7eb297d1,9b8221f0657cc11454c337ad0b570087123d642ea00220777a6512da3074afa5,9197edeeb2e9e456078f5f9427deecd428fa5e3495724a5303e9cee1e22afafc
PHOTO-25,apexguard_bench_03.jpg,3191827,85e64b0a2870b2d1d6fb25b1a2ff94ff2ca621d2b9c63a5c821b43c0d4e6bceb,9b8221f0657cc11454c337ad0b570087123d642ea00220777a6512da3074afa5,9197edeeb2e9e456078f5f9427deecd428fa5e3495724a5303e9cee1e22afafc
PHOTO-25,apexguard_bench_04.jpg,2833031,98a479ad92f451342a4ce1a2cb66d79daee806adf0c1c99b4b0275a367ba0eca,9b8221f0657cc11454c337ad0b570087123d642ea00220777a6512da3074afa5,9197edeeb2e9e456078f5f9427deecd428fa5e3495724a5303e9cee1e22afafc
PHOTO-25,apexguard_bench_05.jpg,3889322,e98cc3b8b080a78d1718339fd65ea4999ba7a9f83c60af572fe9351d1bb4b9ff,9b8221f0657cc11454c337ad0b570087123d642ea00220777a6512da3074afa5,9197edeeb2e9e456078f5f9427deecd428fa5e3495724a5303e9cee1e22afafc
PHOTO-25,apexguard_bench_06.jpg,3068434,286e3fd3e706f16e4d53a1e5ad8466a7dcb0cbf7362dbe73b7f3ee3a86cb3a11,9b8221f0657cc11454c337ad0b570087123d642ea00220777a6512da3074afa5,9197edeeb2e9e456078f5f9427deecd428fa5e3495724a5303e9cee1e22afafc
PHOTO-25,apexguard_bench_07.jpg,3220663,439dc64baa05456808857ae6bc5af2053df055bbb407c1a8ae91beb323a90615,9b8221f0657cc11454c337ad0b570087123d642ea00220777a6512da3074afa5,9197edeeb2e9e456078f5f9427deecd428fa5e3495724a5303e9cee1e22afafc
PHOTO-25,apexguard_bench_08.jpg,3608461,5394014885da9478cb2abd81705bed017a3242ba96420c6137865aea142701d4,9b8221f0657cc11454c337ad0b570087123d642ea00220777a6512da3074afa5,9197edeeb2e9e456078f5f9427deecd428fa5e3495724a5303e9cee1e22afafc
PHOTO-25,apexguard_bench_09.jpg,2601430,9f6f44a39d8bc7d55e831351b692e58981c092700b639ba48504d6231c59cb34,9b8221f0657cc11454c337ad0b570087123d642ea00220777a6512da3074afa5,9197edeeb2e9e456078f5f9427deecd428fa5e3495724a5303e9cee1e22afafc
PHOTO-25,apexguard_bench_10.jpg,3171713,937c796ba67b68bc1ad1d2311ba80c59466b7f29304a653c725f7da3c201c724,9b8221f0657cc11454c337ad0b570087123d642ea00220777a6512da3074afa5,9197edeeb2e9e456078f5f9427deecd428fa5e3495724a5303e9cee1e22afafc
PHOTO-25,apexguard_bench_11.jpg,2967021,0946dd7f9d402238058da3134a04f1c5052ea7f405410e9ee8d6a9a9909ec367,9b8221f0657cc11454c337ad0b570087123d642ea00220777a6512da3074afa5,9197edeeb2e9e456078f5f9427deecd428fa5e3495724a5303e9cee1e22afafc
PHOTO-25,apexguard_bench_12.jpg,3122849,b2db19480331f150a77ba2fba01618f13b2417cbe7c1b85fa9107a528dd4ed1a,9b8221f0657cc11454c337ad0b570087123d642ea00220777a6512da3074afa5,9197edeeb2e9e456078f5f9427deecd428fa5e3495724a5303e9cee1e22afafc
PHOTO-25,apexguard_installed_01.jpg,4720224,84a9dfe292b705add721f0110658aaed9a6dd7f566670364b61b20117f50cb70,9b8221f0657cc11454c337ad0b570087123d642ea00220777a6512da3074afa5,9197edeeb2e9e456078f5f9427deecd428fa5e3495724a5303e9cee1e22afafc
PHOTO-25,apexguard_installed_02.jpg,3300484,dc91aa1f201cc6c33b3a6b8252355f70ce862ff2155b12d5b9d0166b499a5459,9b8221f0657cc11454c337ad0b570087123d642ea00220777a6512da3074afa5,9197edeeb2e9e456078f5f9427deecd428fa5e3495724a5303e9cee1e22afafc
PHOTO-25,apexguard_installed_03.jpg,2918517,a3492451aec5244d0014b4d75320ec69a0f698f2060ef085e520e72aedc55371,9b8221f0657cc11454c337ad0b570087123d642ea00220777a6512da3074afa5,9197edeeb2e9e456078f5f9427deecd428fa5e3495724a5303e9cee1e22afafc
PHOTO-25,apexguard_installed_04.jpg,2803273,0413de347c15d741b23be40c64fc033cac82cfa5134c0b0b91f48c8f7ae60070,9b8221f0657cc11454c337ad0b570087123d642ea00220777a6512da3074afa5,9197edeeb2e9e456078f5f9427deecd428fa5e3495724a5303e9cee1e22afafc
PHOTO-25,apexguard_installed_05.jpg,2429849,8a72485f21bb9409b5f198d5fe39604dfc9cefa8a097161d472762dac9f60b01,9b8221f0657cc11454c337ad0b570087123d642ea00220777a6512da3074afa5,9197edeeb2e9e456078f5f9427deecd428fa5e3495724a5303e9cee1e22afafc
PHOTO-25,apexguard_installed_06.jpg,2863461,420dce485b93bcf4c564541f12092a0c6a8e9d823a157cb03b8ac2a3030cb3b7,9b8221f0657cc11454c337ad0b570087123d642ea00220777a6512da3074afa5,9197edeeb2e9e456078f5f9427deecd428fa5e3495724a5303e9cee1e22afafc
PHOTO-25,apexguard_decal_glass.jpg,1616868,0503756d6addcb820c55fd4c15e927f840d06a23e2ed08fe112ba4a4954ff0f6,9b8221f0657cc11454c337ad0b570087123d642ea00220777a6512da3074afa5,9197edeeb2e9e456078f5f9427deecd428fa5e3495724a5303e9cee1e22afafc
PHOTO-25,apexguard_box_sticker.jpg,2382974,9fcff5138cf0881930a088483f8e6f52167701bfeceaf847f3f2542135cb1a8e,9b8221f0657cc11454c337ad0b570087123d642ea00220777a6512da3074afa5,9197edeeb2e9e456078f5f9427deecd428fa5e3495724a5303e9cee1e22afafc
PHOTO-25,apexguard_label_2025.pdf,280157,fcf659be545009a27708caac60544b22f5b49577322471622a12d9c6bb7b9763,9b8221f0657cc11454c337ad0b570087123d642ea00220777a6512da3074afa5,9197edeeb2e9e456078f5f9427deecd428fa5e3495724a5303e9cee1e22afafc
PHOTO-25,apexguard_skus.csv,2535,a0a7e544e108e130457ada9a840f527e5ce4f06a44ceb55a5d38ceca762de743,9b8221f0657cc11454c337ad0b570087123d642ea00220777a6512da3074afa5,9197edeeb2e9e456078f5f9427deecd428fa5e3495724a5303e9cee1e22afafc
PHOTO-25,apexguard_brand_notes.txt,1513,ad231e8069076bd5993d3223acff97dd49d5bd80492a7227406f55d9ff44ad83,9b8221f0657cc11454c337ad0b570087123d642ea00220777a6512da3074afa5,9197edeeb2e9e456078f5f9427deecd428fa5e3495724a5303e9cee1e22afafc
PHOTO-26,autumn_shoot_01.jpg,1486765,6aaa37186acaedc42d09b9329c47beb74384d98282d306921c00b334ee2c7575,cf4cfe8205d3473c4ac5a3c078b24d9a098508cf223082a2cb40d16b2ce349c2,6a6461b2b85687e554ebfab01af43f63a7d42ffbf04319337115c6be1eac8b7d
PHOTO-26,autumn_shoot_02.jpg,1554325,16f959a7d4876ff89228aa33f8fef6e1036efedcd01a829365acb204b765475d,cf4cfe8205d3473c4ac5a3c078b24d9a098508cf223082a2cb40d16b2ce349c2,6a6461b2b85687e554ebfab01af43f63a7d42ffbf04319337115c6be1eac8b7d
PHOTO-26,autumn_shoot_03.jpg,1693171,475d08ded07a9c64b5d0afe4711dddf15029825b1d38eefb00ff76f6e7433a24,cf4cfe8205d3473c4ac5a3c078b24d9a098508cf223082a2cb40d16b2ce349c2,6a6461b2b85687e554ebfab01af43f63a7d42ffbf04319337115c6be1eac8b7d
PHOTO-26,autumn_shoot_04.jpg,1740779,5337e3ea3a7ef018cfa03ece7ecf2c22b7e516ff9c8f402e8bfe2c8a74c3e693,cf4cfe8205d3473c4ac5a3c078b24d9a098508cf223082a2cb40d16b2ce349c2,6a6461b2b85687e554ebfab01af43f63a7d42ffbf04319337115c6be1eac8b7d
PHOTO-26,autumn_shoot_05.jpg,1654314,a4aa79d9f69cb13eb45cceea8c4020a59007e989705b1d3d19123e534d6ffc1d,cf4cfe8205d3473c4ac5a3c078b24d9a098508cf223082a2cb40d16b2ce349c2,6a6461b2b85687e554ebfab01af43f63a7d42ffbf04319337115c6be1eac8b7d
PHOTO-26,autumn_shoot_06.jpg,1771587,71dfa14089c819ddb4a64c38d6155ebc747d6bd8a39ac28911a6a1e6b3c3ca6b,cf4cfe8205d3473c4ac5a3c078b24d9a098508cf223082a2cb40d16b2ce349c2,6a6461b2b85687e554ebfab01af43f63a7d42ffbf04319337115c6be1eac8b7d
PHOTO-26,autumn_shoot_07.jpg,1523464,b0dec2eb9a87754a20af0ce3352885665e4f43ee4c343f5892efbc530dcdc502,cf4cfe8205d3473c4ac5a3c078b24d9a098508cf223082a2cb40d16b2ce349c2,6a6461b2b85687e554ebfab01af43f63a7d42ffbf04319337115c6be1eac8b7d
PHOTO-26,autumn_shoot_08.jpg,1746218,2f80edfa5bc65467d19d47d26b50aec589cac42a3a267dfda8873bb274f560a3,cf4cfe8205d3473c4ac5a3c078b24d9a098508cf223082a2cb40d16b2ce349c2,6a6461b2b85687e554ebfab01af43f63a7d42ffbf04319337115c6be1eac8b7d
PHOTO-26,autumn_shoot_09.jpg,1408308,64f4e859b42e435fc9ac37dcc77b64354401487ae61872b7b2f49aa867cc4321,cf4cfe8205d3473c4ac5a3c078b24d9a098508cf223082a2cb40d16b2ce349c2,6a6461b2b85687e554ebfab01af43f63a7d42ffbf04319337115c6be1eac8b7d
PHOTO-26,autumn_shoot_10.jpg,1767816,8829ff650f228468cef9a13001b34d969b27c8053e93a008c401476b2406208c,cf4cfe8205d3473c4ac5a3c078b24d9a098508cf223082a2cb40d16b2ce349c2,6a6461b2b85687e554ebfab01af43f63a7d42ffbf04319337115c6be1eac8b7d
PHOTO-26,autumn_shoot_11.jpg,1494527,4f9b7372dd6697229a74bbafdea820fba3fc153d80bf4568292a731546bb0cae,cf4cfe8205d3473c4ac5a3c078b24d9a098508cf223082a2cb40d16b2ce349c2,6a6461b2b85687e554ebfab01af43f63a7d42ffbf04319337115c6be1eac8b7d
PHOTO-26,autumn_shoot_12.jpg,2149212,bc5fce1115df862b6fad30036005d527cb96985b264d72f6adef48b26f0dde30,cf4cfe8205d3473c4ac5a3c078b24d9a098508cf223082a2cb40d16b2ce349c2,6a6461b2b85687e554ebfab01af43f63a7d42ffbf04319337115c6be1eac8b7d
PHOTO-26,autumn_shoot_13.jpg,1604112,d9a4ae5a54e64e6678226f144deb9c00e8a8409b8dfbeb21d5afda12c92e3641,cf4cfe8205d3473c4ac5a3c078b24d9a098508cf223082a2cb40d16b2ce349c2,6a6461b2b85687e554ebfab01af43f63a7d42ffbf04319337115c6be1eac8b7d
PHOTO-26,autumn_shoot_14.jpg,1748806,ea6bd6d5b89509546bfaf09ecad103cad8bbd4397c242e573b6e7e5c11fe6f7e,cf4cfe8205d3473c4ac5a3c078b24d9a098508cf223082a2cb40d16b2ce349c2,6a6461b2b85687e554ebfab01af43f63a7d42ffbf04319337115c6be1eac8b7d
PHOTO-26,textile_flatlay_01.jpg,2074092,7495827060683490c0567ff97df1d46487f2cabb4fd8ec3cc55ab97cf782e451,cf4cfe8205d3473c4ac5a3c078b24d9a098508cf223082a2cb40d16b2ce349c2,6a6461b2b85687e554ebfab01af43f63a7d42ffbf04319337115c6be1eac8b7d
PHOTO-26,textile_flatlay_02.jpg,2168902,e91149a1fdfdf220a779477e318d1b93f2487ebc96c3b4d791cefd063414f760,cf4cfe8205d3473c4ac5a3c078b24d9a098508cf223082a2cb40d16b2ce349c2,6a6461b2b85687e554ebfab01af43f63a7d42ffbf04319337115c6be1eac8b7d
PHOTO-26,textile_flatlay_03.jpg,1972431,a59f620ea0fcd547e7979e26ee7a1ae3764433b5f220ed0d04a655523cf05fe7,cf4cfe8205d3473c4ac5a3c078b24d9a098508cf223082a2cb40d16b2ce349c2,6a6461b2b85687e554ebfab01af43f63a7d42ffbf04319337115c6be1eac8b7d
PHOTO-26,textile_flatlay_04.jpg,2123517,7c2b66d33913282093b0728817b5464295ede5f4cccf97760ea871d1facbe40b,cf4cfe8205d3473c4ac5a3c078b24d9a098508cf223082a2cb40d16b2ce349c2,6a6461b2b85687e554ebfab01af43f63a7d42ffbf04319337115c6be1eac8b7d
PHOTO-26,textile_flatlay_05.jpg,2159260,25dff42b7d9224221cef81fc8fadd56126a81cb0780fce7c277c6a0367a444a1,cf4cfe8205d3473c4ac5a3c078b24d9a098508cf223082a2cb40d16b2ce349c2,6a6461b2b85687e554ebfab01af43f63a7d42ffbf04319337115c6be1eac8b7d
PHOTO-26,textile_flatlay_06.jpg,2414182,855d875c790d004f4c579f5be87c7ee62170c7de1fa0b0eab0044e19dc2277f1,cf4cfe8205d3473c4ac5a3c078b24d9a098508cf223082a2cb40d16b2ce349c2,6a6461b2b85687e554ebfab01af43f63a7d42ffbf04319337115c6be1eac8b7d
PHOTO-26,thornmere_colour_note_phone.jpg,2148707,e0694cc2e6fb08aa02d1660f2de2f25b19c7c0a21192485db071cf49bae0ffd0,cf4cfe8205d3473c4ac5a3c078b24d9a098508cf223082a2cb40d16b2ce349c2,6a6461b2b85687e554ebfab01af43f63a7d42ffbf04319337115c6be1eac8b7d
PHOTO-26,thornmere_spring_catalog_press.pdf,130882,aa472da89a91193ce02dd67919ae6ae2531387b87c8a5ad18f7f84f90e66c815,cf4cfe8205d3473c4ac5a3c078b24d9a098508cf223082a2cb40d16b2ce349c2,6a6461b2b85687e554ebfab01af43f63a7d42ffbf04319337115c6be1eac8b7d
PHOTO-26,thornmere_autumn_skus.csv,3947,5923ef29a4737925bbb6a02fa88cc2e0319b5db6582fe2a3e3f26b464aedb373,cf4cfe8205d3473c4ac5a3c078b24d9a098508cf223082a2cb40d16b2ce349c2,6a6461b2b85687e554ebfab01af43f63a7d42ffbf04319337115c6be1eac8b7d
PHOTO-27,fennhollow_brand_note.pdf,53149,7276c14d61c3b6982ae848d58e27e2b5c8bb5d91f240472065d03faaf42b46f0,6b702f76873b4b2d663d8dfe0a4650f9afa2e1707e16403bca4b7aadac867012,0e633263621bb98a5d2ca86988236b28163324d7a7f82af337e1658f2854d202
PHOTO-27,fennhollow_stock_shortlist.png,1490785,a2611195b4a9431d2df91e2e14ceba17afc9f028c4433363ce75c20892939a7f,6b702f76873b4b2d663d8dfe0a4650f9afa2e1707e16403bca4b7aadac867012,0e633263621bb98a5d2ca86988236b28163324d7a7f82af337e1658f2854d202
PHOTO-27,fennhollow_site_specs.txt,728,667d0ea299c778b32ca97d1d20a6a0384e37bef2a72f713e60bbe43c4ca81b58,6b702f76873b4b2d663d8dfe0a4650f9afa2e1707e16403bca4b7aadac867012,0e633263621bb98a5d2ca86988236b28163324d7a7f82af337e1658f2854d202
PHOTO-27,fennhollow_copy.txt,541,2e9625de7d6599c3d35c13b8d6d456345f45baeea34145e87bdfd3f235aafb70,6b702f76873b4b2d663d8dfe0a4650f9afa2e1707e16403bca4b7aadac867012,0e633263621bb98a5d2ca86988236b28163324d7a7f82af337e1658f2854d202
PHOTO-27,fennhollow_stockists.csv,1247,89b13c9fc9a171448d281840c867263f052ab1f27d06145a1e9a009f6eda7900,6b702f76873b4b2d663d8dfe0a4650f9afa2e1707e16403bca4b7aadac867012,0e633263621bb98a5d2ca86988236b28163324d7a7f82af337e1658f2854d202
PHOTO-27,fennhollow_shelftalker_press.pdf,150237,72a18a4d6a680cf548e128d92bd46a816de7d9ffa0d7072a348bc5e5f6d80f85,6b702f76873b4b2d663d8dfe0a4650f9afa2e1707e16403bca4b7aadac867012,0e633263621bb98a5d2ca86988236b28163324d7a7f82af337e1658f2854d202
PHOTO-27,fennhollow_packshot_01.jpg,1303070,547ea2f5bb2a2eeb76ef181997349d591e625c55b7cf69b7d7a6183e622ffa0a,6b702f76873b4b2d663d8dfe0a4650f9afa2e1707e16403bca4b7aadac867012,0e633263621bb98a5d2ca86988236b28163324d7a7f82af337e1658f2854d202
PHOTO-27,fennhollow_packshot_02.jpg,1345138,2255593ab7f5c4b23376fdc06316d3234d3f14af3719317d86d90321a2a7022d,6b702f76873b4b2d663d8dfe0a4650f9afa2e1707e16403bca4b7aadac867012,0e633263621bb98a5d2ca86988236b28163324d7a7f82af337e1658f2854d202
PHOTO-28,verda_studio_frame_01.jpg,1744295,1a604d61c138b11e1f9b52a1a5b4bce89d04d38aed331c04dccfa79101d819be,aa7fdb1d1400dbf2068ab507bc53bbd1bfbe6c0b6855e9ba167a12e27799dd5f,8cb99006c250479966f004e6f8cd825343c0fa1a071857e8e543583e440e418b
PHOTO-28,verda_studio_frame_02.jpg,1698468,eabd28bf5a9e5c57080b4f8e53d1b8117ef8bfec25e956e978ba34005a3e189c,aa7fdb1d1400dbf2068ab507bc53bbd1bfbe6c0b6855e9ba167a12e27799dd5f,8cb99006c250479966f004e6f8cd825343c0fa1a071857e8e543583e440e418b
PHOTO-28,verda_logo_web.png,140472,5f8ebed38c8511cc2e52cc333281401f47ab51c566a27b57aee03961fee8c067,aa7fdb1d1400dbf2068ab507bc53bbd1bfbe6c0b6855e9ba167a12e27799dd5f,8cb99006c250479966f004e6f8cd825343c0fa1a071857e8e543583e440e418b
PHOTO-28,verda_instructor_01.jpg,1683431,8ba955b4d67b959fb95680ac555318cf440097a05615930af5431025b0deed8e,aa7fdb1d1400dbf2068ab507bc53bbd1bfbe6c0b6855e9ba167a12e27799dd5f,8cb99006c250479966f004e6f8cd825343c0fa1a071857e8e543583e440e418b
PHOTO-28,verda_instructor_02.jpg,1281635,f050a2a2fe5f6de9ae4b4ed35a7c918d44d911292fa5a2dbea83f005644e7150,aa7fdb1d1400dbf2068ab507bc53bbd1bfbe6c0b6855e9ba167a12e27799dd5f,8cb99006c250479966f004e6f8cd825343c0fa1a071857e8e543583e440e418b
PHOTO-28,verda_instructor_03.jpg,1207360,5a4551c5aebbe2e51693e51e410c40a5cc04834d73e82604619322766cf46d85,aa7fdb1d1400dbf2068ab507bc53bbd1bfbe6c0b6855e9ba167a12e27799dd5f,8cb99006c250479966f004e6f8cd825343c0fa1a071857e8e543583e440e418b
PHOTO-28,verda_instructor_04.jpg,106550,c2ed7ab5e6d85fa8ce49fdc98aa9f60bbee7d2da457357888b96b4529ec12c12,aa7fdb1d1400dbf2068ab507bc53bbd1bfbe6c0b6855e9ba167a12e27799dd5f,8cb99006c250479966f004e6f8cd825343c0fa1a071857e8e543583e440e418b
PHOTO-28,verda_instructor_05.jpg,1396902,878f93113bff431609e09cbeab9728a212b9d33ea913e311ed7ef2279939cd5d,aa7fdb1d1400dbf2068ab507bc53bbd1bfbe6c0b6855e9ba167a12e27799dd5f,8cb99006c250479966f004e6f8cd825343c0fa1a071857e8e543583e440e418b
PHOTO-28,verda_instructor_06.jpg,1432604,847b426d401d736fbfa132645e8a376a2471abc0363b1877d81eb1a53b5a9c8e,aa7fdb1d1400dbf2068ab507bc53bbd1bfbe6c0b6855e9ba167a12e27799dd5f,8cb99006c250479966f004e6f8cd825343c0fa1a071857e8e543583e440e418b
PHOTO-28,passcard_2025_print.pdf,251914,c9bdd1cd581f9e499c72e9d29dba1fc72511c2cb2bcdd99d9ed52fc57d0cbe32,aa7fdb1d1400dbf2068ab507bc53bbd1bfbe6c0b6855e9ba167a12e27799dd5f,8cb99006c250479966f004e6f8cd825343c0fa1a071857e8e543583e440e418b
PHOTO-28,roster_2027.csv,681,d19af48f88f1bfe34843e269250d6ebdd61d8a54726c39afd3af99962256aa9b,aa7fdb1d1400dbf2068ab507bc53bbd1bfbe6c0b6855e9ba167a12e27799dd5f,8cb99006c250479966f004e6f8cd825343c0fa1a071857e8e543583e440e418b
PHOTO-28,owner_note.txt,1006,39ca52218927838994f3eeebe90a603184bce8e0e9f8720ab68a43d4206a72a4,aa7fdb1d1400dbf2068ab507bc53bbd1bfbe6c0b6855e9ba167a12e27799dd5f,8cb99006c250479966f004e6f8cd825343c0fa1a071857e8e543583e440e418b
PHOTO-29,cape_marren_member_harbour_seafood.jpg,1392227,b2d9e33d75c45af78f969aff956885ee836da01606b6e611fb050d3d6fd76e69,7758d337f04971a80c2c5d5d33c4ab1770c05cc02f15a9c2a952c67a2a3143c6,41a0c957eee5cee58f0037c877007fd53c2d20c71cf91633fc51ab9c19d70203
PHOTO-29,cape_marren_member_point_light.jpg,2205684,b466c049f1508d3051cc0fcfcb7a557b06336be62c6e7d38d9b7c0170ba690f9,7758d337f04971a80c2c5d5d33c4ab1770c05cc02f15a9c2a952c67a2a3143c6,41a0c957eee5cee58f0037c877007fd53c2d20c71cf91633fc51ab9c19d70203
PHOTO-29,cape_marren_member_oyster_landing.jpg,1939332,9e073c87dcf9e9a4a8ef79bc0fad76498ee75cf4f9008a60535136f0cdb7270e,7758d337f04971a80c2c5d5d33c4ab1770c05cc02f15a9c2a952c67a2a3143c6,41a0c957eee5cee58f0037c877007fd53c2d20c71cf91633fc51ab9c19d70203
PHOTO-29,cape_marren_member_cider_barn.jpg,2280604,5a450a8949a276f8d224ce9c23b52165b81ca208b12ccf3432237cb9d64232ab,7758d337f04971a80c2c5d5d33c4ab1770c05cc02f15a9c2a952c67a2a3143c6,41a0c957eee5cee58f0037c877007fd53c2d20c71cf91633fc51ab9c19d70203
PHOTO-29,cape_marren_member_bookshop.jpg,1704971,7e0ffed3288ce6fb75dd06162c3eb312c90ab26b962059a8b9ef894c9e015bc4,7758d337f04971a80c2c5d5d33c4ab1770c05cc02f15a9c2a952c67a2a3143c6,41a0c957eee5cee58f0037c877007fd53c2d20c71cf91633fc51ab9c19d70203
PHOTO-29,cape_marren_member_bakery.jpg,319013,336c1e57cae4edf306d3dc0c56bf812c4163d1e9c726b286a56340a0cb1a00c8,7758d337f04971a80c2c5d5d33c4ab1770c05cc02f15a9c2a952c67a2a3143c6,41a0c957eee5cee58f0037c877007fd53c2d20c71cf91633fc51ab9c19d70203
PHOTO-29,cape_marren_object_cider_press_wheel.jpg,1608658,e62bbca1ee0f2124b27b55c7241a580ce0a28dbce43d96bf4346777e4f350d70,7758d337f04971a80c2c5d5d33c4ab1770c05cc02f15a9c2a952c67a2a3143c6,41a0c957eee5cee58f0037c877007fd53c2d20c71cf91633fc51ab9c19d70203
PHOTO-29,cape_marren_object_lobster_creel.jpg,2258440,19dd7e6c08fe160c7392118f77d74489df73fce543f85ea4b826c6745e37ef14,7758d337f04971a80c2c5d5d33c4ab1770c05cc02f15a9c2a952c67a2a3143c6,41a0c957eee5cee58f0037c877007fd53c2d20c71cf91633fc51ab9c19d70203
PHOTO-29,cape_marren_object_point_lamp.jpg,1363513,c602f3688f8802e0c41fb44e486d916518f78f76d18b821e56130568bd21e1d1,7758d337f04971a80c2c5d5d33c4ab1770c05cc02f15a9c2a952c67a2a3143c6,41a0c957eee5cee58f0037c877007fd53c2d20c71cf91633fc51ab9c19d70203
PHOTO-29,cape_marren_object_books.jpg,1695917,f6af83dced1a1468af90146ce65e9d86fefde13fa269969a3b958eb578f95e98,7758d337f04971a80c2c5d5d33c4ab1770c05cc02f15a9c2a952c67a2a3143c6,41a0c957eee5cee58f0037c877007fd53c2d20c71cf91633fc51ab9c19d70203
PHOTO-29,cape_marren_object_proving_basket.jpg,1590703,d6227d136e7f8aba1459b96462a95483cdd1c29a29720a8a189e7f7d210ce75c,7758d337f04971a80c2c5d5d33c4ab1770c05cc02f15a9c2a952c67a2a3143c6,41a0c957eee5cee58f0037c877007fd53c2d20c71cf91633fc51ab9c19d70203
PHOTO-29,cape_marren_object_oyster_knife.jpg,1382691,61c0115c3803d97ecc3abc5d3859266ba4dd806944ec7f76bdd60d4ab6088da5,7758d337f04971a80c2c5d5d33c4ab1770c05cc02f15a9c2a952c67a2a3143c6,41a0c957eee5cee58f0037c877007fd53c2d20c71cf91633fc51ab9c19d70203
PHOTO-29,trailcard_2025_print.pdf,409436,823d0d067a5f026ea4ac43959b157ddd5f3922b5a36b6f708d8d271dd197ec3e,7758d337f04971a80c2c5d5d33c4ab1770c05cc02f15a9c2a952c67a2a3143c6,41a0c957eee5cee58f0037c877007fd53c2d20c71cf91633fc51ab9c19d70203
PHOTO-29,members_2027.csv,1072,0bc35996cb84b4368e19b89a823dfb92288e6992189681fc7c46284d51331eed,7758d337f04971a80c2c5d5d33c4ab1770c05cc02f15a9c2a952c67a2a3143c6,41a0c957eee5cee58f0037c877007fd53c2d20c71cf91633fc51ab9c19d70203
PHOTO-29,alliance_mark.svg,830,237e87e5d21a5232f6b1fb9d967e540edd004043fa9c8b974b7c32d197dfc66a,7758d337f04971a80c2c5d5d33c4ab1770c05cc02f15a9c2a952c67a2a3143c6,41a0c957eee5cee58f0037c877007fd53c2d20c71cf91633fc51ab9c19d70203
PHOTO-29,board_note.txt,962,a92ed9bc65487990bac127969fc3130925515e4dc0bb484ee8c427a1d361fd93,7758d337f04971a80c2c5d5d33c4ab1770c05cc02f15a9c2a952c67a2a3143c6,41a0c957eee5cee58f0037c877007fd53c2d20c71cf91633fc51ab9c19d70203
PHOTO-30,palewell_shortlist_grab_01.png,685371,78893aecaea16d9c4b3308118e9e89dc2142a2e052cd55f7e35b674fd71b8151,a241fa04e641d3fe4a9889ba43a6c4789886aa3d33ecd5c6dd2c0f42c49a2451,b7469a13769eb15591daa6e6777a32469910b4f8187884dca081825e33289a84
PHOTO-30,palewell_shortlist_grab_02.png,1273742,60593805c4353a0ecc05021d4516e7e85268b76e5bc1604b6da59426538687f8,a241fa04e641d3fe4a9889ba43a6c4789886aa3d33ecd5c6dd2c0f42c49a2451,b7469a13769eb15591daa6e6777a32469910b4f8187884dca081825e33289a84
PHOTO-30,palewell_shortlist_grab_03.png,1239324,0aabeb0b6954f342e95a8809ba6219b486cd60e2a024f451ef0f5ad35950f3e0,a241fa04e641d3fe4a9889ba43a6c4789886aa3d33ecd5c6dd2c0f42c49a2451,b7469a13769eb15591daa6e6777a32469910b4f8187884dca081825e33289a84
PHOTO-30,palewell_shortlist_grab_04.png,1327445,9c969e21dabf7012089a22bb614d6bf74ee0f92d480d0a328d9d73b3f21af4e6,a241fa04e641d3fe4a9889ba43a6c4789886aa3d33ecd5c6dd2c0f42c49a2451,b7469a13769eb15591daa6e6777a32469910b4f8187884dca081825e33289a84
PHOTO-30,palewell_shortlist_grab_05.png,1346154,b143082b4fb313251fa09e4b57e7b9c61ed2e067edcb0fa7af27970ed92d5493,a241fa04e641d3fe4a9889ba43a6c4789886aa3d33ecd5c6dd2c0f42c49a2451,b7469a13769eb15591daa6e6777a32469910b4f8187884dca081825e33289a84
PHOTO-30,palewell_shortlist_grab_06.png,1121524,938f2124caecbaa97bc3c34a4707a5d4f3c0ffa2a9e4fefb17d99dad3a76f18e,a241fa04e641d3fe4a9889ba43a6c4789886aa3d33ecd5c6dd2c0f42c49a2451,b7469a13769eb15591daa6e6777a32469910b4f8187884dca081825e33289a84
PHOTO-30,palewell_shortlist_grab_07.png,563248,c64702a84a957976075b3508799d24730ab94a9276cecbc038394273c7553242,a241fa04e641d3fe4a9889ba43a6c4789886aa3d33ecd5c6dd2c0f42c49a2451,b7469a13769eb15591daa6e6777a32469910b4f8187884dca081825e33289a84
PHOTO-30,palewell_shortlist_grab_08.png,637203,b6411a467ff972fb47c70e797fc31efd46d4dc0ff22fedb0e25191a03becae59,a241fa04e641d3fe4a9889ba43a6c4789886aa3d33ecd5c6dd2c0f42c49a2451,b7469a13769eb15591daa6e6777a32469910b4f8187884dca081825e33289a84
PHOTO-30,palewell_shortlist_grab_09.png,625780,3a5afa88f2fff044feec7e867e3038f781cdead19941c9d0bfc0d900256f35eb,a241fa04e641d3fe4a9889ba43a6c4789886aa3d33ecd5c6dd2c0f42c49a2451,b7469a13769eb15591daa6e6777a32469910b4f8187884dca081825e33289a84
PHOTO-30,palewell_shortlist_grab_10.png,1158355,da3c940747b09bf8253ba4f1cf0a279de02e63c6cd9a85d4972bf3c3469bb1fa,a241fa04e641d3fe4a9889ba43a6c4789886aa3d33ecd5c6dd2c0f42c49a2451,b7469a13769eb15591daa6e6777a32469910b4f8187884dca081825e33289a84
PHOTO-30,palewell_shortlist_grab_11.png,1379844,156d14d0247f188c632539b11dbcd18a677fe7b8423680006e3e2854352b2c22,a241fa04e641d3fe4a9889ba43a6c4789886aa3d33ecd5c6dd2c0f42c49a2451,b7469a13769eb15591daa6e6777a32469910b4f8187884dca081825e33289a84
PHOTO-30,palewell_lead_frame.jpg,2934496,b33fcc826af80280971fd73cd6d08218817679065280834ef2a8a5f1594be0bb,a241fa04e641d3fe4a9889ba43a6c4789886aa3d33ecd5c6dd2c0f42c49a2451,b7469a13769eb15591daa6e6777a32469910b4f8187884dca081825e33289a84
PHOTO-30,palewell_site_grab_01.png,1054547,286b91551da17ce114ca25467c0e25a9406b4a384f7c314c933d09974af3703e,a241fa04e641d3fe4a9889ba43a6c4789886aa3d33ecd5c6dd2c0f42c49a2451,b7469a13769eb15591daa6e6777a32469910b4f8187884dca081825e33289a84
PHOTO-30,palewell_site_grab_02.png,635942,bba3917b384ca9c00eaf8b7e900d242021fa6a97c1d7609e608516bbdd577cb8,a241fa04e641d3fe4a9889ba43a6c4789886aa3d33ecd5c6dd2c0f42c49a2451,b7469a13769eb15591daa6e6777a32469910b4f8187884dca081825e33289a84
PHOTO-30,palewell_site_grab_03.png,1357194,111a5005058508a9b19a980848c37ea15ef79392e3f1bd6ab67f007be8c2e38e,a241fa04e641d3fe4a9889ba43a6c4789886aa3d33ecd5c6dd2c0f42c49a2451,b7469a13769eb15591daa6e6777a32469910b4f8187884dca081825e33289a84
PHOTO-30,palewell_site_grab_04.png,1503994,7956c9b63dd8b2e1b135a9593947bb39f923dd41ced6c5365d3d3125457ade3d,a241fa04e641d3fe4a9889ba43a6c4789886aa3d33ecd5c6dd2c0f42c49a2451,b7469a13769eb15591daa6e6777a32469910b4f8187884dca081825e33289a84
PHOTO-30,palewell_site_grab_05.png,584176,b22c680171907955e367123fba3ba50322613e5336afaeac392d26ab77496627,a241fa04e641d3fe4a9889ba43a6c4789886aa3d33ecd5c6dd2c0f42c49a2451,b7469a13769eb15591daa6e6777a32469910b4f8187884dca081825e33289a84
PHOTO-30,palewell_employer_onepager.pdf,125303,5d2609e11c325f97a08587cd7d1328662d806c24f3bf1d60f57362f6094649a5,a241fa04e641d3fe4a9889ba43a6c4789886aa3d33ecd5c6dd2c0f42c49a2451,b7469a13769eb15591daa6e6777a32469910b4f8187884dca081825e33289a84
PHOTO-30,palewell_employers.csv,1614,414b00e8a7eda779611f4459491989c0bc44d6805ad050c9dcc5917d9f2eac2e,a241fa04e641d3fe4a9889ba43a6c4789886aa3d33ecd5c6dd2c0f42c49a2451,b7469a13769eb15591daa6e6777a32469910b4f8187884dca081825e33289a84
PHOTO-30,logo_northbanks.png,65752,987cddfe4aa5a015efe92c993407b2c33852d91ec9bd9f78e483e00b8b0ee0ed,a241fa04e641d3fe4a9889ba43a6c4789886aa3d33ecd5c6dd2c0f42c49a2451,b7469a13769eb15591daa6e6777a32469910b4f8187884dca081825e33289a84
PHOTO-30,logo_verrow.png,174072,1dd4a9e3752952a639003f52595c3a66f21a535aa185bd8d60b89d248efa6636,a241fa04e641d3fe4a9889ba43a6c4789886aa3d33ecd5c6dd2c0f42c49a2451,b7469a13769eb15591daa6e6777a32469910b4f8187884dca081825e33289a84
PHOTO-30,logo_tealight.png,51705,ef463daf579e64ccfab077172bf3053b349b0d780c8983570ed78c4fec351ed9,a241fa04e641d3fe4a9889ba43a6c4789886aa3d33ecd5c6dd2c0f42c49a2451,b7469a13769eb15591daa6e6777a32469910b4f8187884dca081825e33289a84
PHOTO-30,logo_bramble_fox.png,81718,01c89b22e19a19a35bb52328143a30ee95b07a49df1dcb366e4bf4cb939961db,a241fa04e641d3fe4a9889ba43a6c4789886aa3d33ecd5c6dd2c0f42c49a2451,b7469a13769eb15591daa6e6777a32469910b4f8187884dca081825e33289a84
PHOTO-30,logo_cedarline.png,83522,3c8f1fe9d6f8b6535fef25d1571d05b239e9aecfda67cac465bd22c55553630d,a241fa04e641d3fe4a9889ba43a6c4789886aa3d33ecd5c6dd2c0f42c49a2451,b7469a13769eb15591daa6e6777a32469910b4f8187884dca081825e33289a84
PHOTO-30,logo_pinnacle.png,58600,420649e67d9a93f5418aef05649cf5da12ea6c7055920b31daa45ed42a719f33,a241fa04e641d3fe4a9889ba43a6c4789886aa3d33ecd5c6dd2c0f42c49a2451,b7469a13769eb15591daa6e6777a32469910b4f8187884dca081825e33289a84
PHOTO-30,logo_oakhaven.png,182583,7eb507c1e5e116a53de8f6f74115f2748baefe13cdb8231afc23059fb3ee08f9,a241fa04e641d3fe4a9889ba43a6c4789886aa3d33ecd5c6dd2c0f42c49a2451,b7469a13769eb15591daa6e6777a32469910b4f8187884dca081825e33289a84
PHOTO-30,logo_marrowfield.png,139709,70bd520021cec353bdd794afb0b9f30607d741d6a318dfdc4d3017c40d48ddeb,a241fa04e641d3fe4a9889ba43a6c4789886aa3d33ecd5c6dd2c0f42c49a2451,b7469a13769eb15591daa6e6777a32469910b4f8187884dca081825e33289a84
PHOTO-30,logo_highspur.png,137649,f8dd82e9240e6fe10e206dcf1ed1a5703b18750293c22851f7c05e904de7cc4e,a241fa04e641d3fe4a9889ba43a6c4789886aa3d33ecd5c6dd2c0f42c49a2451,b7469a13769eb15591daa6e6777a32469910b4f8187884dca081825e33289a84
PHOTO-30,logo_little_river.png,160483,4c713670c064e12ea906ac6805cbb4b7f003838fdf53efabdc271dbf2a638c55,a241fa04e641d3fe4a9889ba43a6c4789886aa3d33ecd5c6dd2c0f42c49a2451,b7469a13769eb15591daa6e6777a32469910b4f8187884dca081825e33289a84
PHOTO-30,logo_anvil_ash.png,71756,d7b31b1f93184e7ddf588a7df0aaf1517ecee7199951e93a3de2a8e84f6d29d3,a241fa04e641d3fe4a9889ba43a6c4789886aa3d33ecd5c6dd2c0f42c49a2451,b7469a13769eb15591daa6e6777a32469910b4f8187884dca081825e33289a84
PHOTO-30,logo_sundale.png,145165,bbe6df671fa42714937325f3ee74aeaa8256f4a557d20a81b4d42d9b5bce3af2,a241fa04e641d3fe4a9889ba43a6c4789886aa3d33ecd5c6dd2c0f42c49a2451,b7469a13769eb15591daa6e6777a32469910b4f8187884dca081825e33289a84
PHOTO-30,logo_copperline.png,54301,14f3ab5115ffdd4d1f19766a83c3dcab5bfdf3d112215cac65e943da4cd45f57,a241fa04e641d3fe4a9889ba43a6c4789886aa3d33ecd5c6dd2c0f42c49a2451,b7469a13769eb15591daa6e6777a32469910b4f8187884dca081825e33289a84
PHOTO-30,logo_westmere.png,166347,7b253b3cec15358ca7780451f0f68019fdfff2b2ea1c32aeca7d5964970651dc,a241fa04e641d3fe4a9889ba43a6c4789886aa3d33ecd5c6dd2c0f42c49a2451,b7469a13769eb15591daa6e6777a32469910b4f8187884dca081825e33289a84
PHOTO-30,palewell_brand_notes.md,943,942b507a5b249bf201b5c7cc59daac557e92001e894e75ccbc883b05555bb047,a241fa04e641d3fe4a9889ba43a6c4789886aa3d33ecd5c6dd2c0f42c49a2451,b7469a13769eb15591daa6e6777a32469910b4f8187884dca081825e33289a84
PHOTO-30,palewell_copy.txt,1070,667b284684ef2de99a297ae086b3b8d31d0f48b787d86d42ec821a2dd306df41,a241fa04e641d3fe4a9889ba43a6c4789886aa3d33ecd5c6dd2c0f42c49a2451,b7469a13769eb15591daa6e6777a32469910b4f8187884dca081825e33289a84
VECTOR-01,cordwain_printer_submission.pdf,377749,6c7d7931bb900843f9cc937ef62c7a4d78f6dbc787ba38462c304ff09b540c90,1f9814831fbfb7967ebd768a752f2e655cecf0f12f5aadf77547a78f62c63fb6,cc6f4f1cde426cc51edec971b949aae414869cd22a69ed5e0dfca7f8da882b7a
VECTOR-01,overland_badge.png,521433,3ae9848ce3b8bab14ab647133757818287052cb7e0ffab40c5da4a2920b1e577,1f9814831fbfb7967ebd768a752f2e655cecf0f12f5aadf77547a78f62c63fb6,cc6f4f1cde426cc51edec971b949aae414869cd22a69ed5e0dfca7f8da882b7a
VECTOR-01,compass_chest.png,1291841,4312367941f01c79380c26276358f131536fc00a9dc567ef7e0e218d15f92df1,1f9814831fbfb7967ebd768a752f2e655cecf0f12f5aadf77547a78f62c63fb6,cc6f4f1cde426cc51edec971b949aae414869cd22a69ed5e0dfca7f8da882b7a
VECTOR-01,cordwain_store_grab_02.png,1321464,a492d94bf74f59d36cbae1a69e5ef4ef125806ebf470924696412701a6cf8a37,1f9814831fbfb7967ebd768a752f2e655cecf0f12f5aadf77547a78f62c63fb6,cc6f4f1cde426cc51edec971b949aae414869cd22a69ed5e0dfca7f8da882b7a
VECTOR-01,cordwain_printer_inkbook.txt,1075,d0bb1dd50e14d7d81a12712152312d2ad3e727eaedae6b240898738b3a4d510b,1f9814831fbfb7967ebd768a752f2e655cecf0f12f5aadf77547a78f62c63fb6,cc6f4f1cde426cc51edec971b949aae414869cd22a69ed5e0dfca7f8da882b7a
VECTOR-01,cordwain_brand_sheet.md,976,469bd0094ea5ec5480c4b3452a21b9d792b39c6d685a56f5d2718ad130faec44,1f9814831fbfb7967ebd768a752f2e655cecf0f12f5aadf77547a78f62c63fb6,cc6f4f1cde426cc51edec971b949aae414869cd22a69ed5e0dfca7f8da882b7a
VECTOR-01,ridgeline_back.png,1677439,96f89cd956819c2778696ee3546457b8463d9796e8446ca6b6e14ff5310f7ae3,1f9814831fbfb7967ebd768a752f2e655cecf0f12f5aadf77547a78f62c63fb6,cc6f4f1cde426cc51edec971b949aae414869cd22a69ed5e0dfca7f8da882b7a
VECTOR-01,cordwain_sample_tee_compass.jpg,2107650,02985297e2381f88db372ce87dbcfe620309b28c19f10dc8de1737f9dc862abb,1f9814831fbfb7967ebd768a752f2e655cecf0f12f5aadf77547a78f62c63fb6,cc6f4f1cde426cc51edec971b949aae414869cd22a69ed5e0dfca7f8da882b7a
VECTOR-01,cordwain_store_grab_04.png,1253425,76f824138178a2d32720612173e3eb20f78d6b43ba645f5a208460e513fc77b7,1f9814831fbfb7967ebd768a752f2e655cecf0f12f5aadf77547a78f62c63fb6,cc6f4f1cde426cc51edec971b949aae414869cd22a69ed5e0dfca7f8da882b7a
VECTOR-01,cordwain_store_grab_03.png,1073999,a49f5265a97b09b2e4eaacf1c67b9b70a387ccdd008bbbf84f7b57dc1182dc8a,1f9814831fbfb7967ebd768a752f2e655cecf0f12f5aadf77547a78f62c63fb6,cc6f4f1cde426cc51edec971b949aae414869cd22a69ed5e0dfca7f8da882b7a
VECTOR-01,cordwain_sample_hoodie_badge.jpg,2306958,1aaa216f6fd2fb4197be75b1adf1785dadbbb252560b733329c1cf300cc69a4e,1f9814831fbfb7967ebd768a752f2e655cecf0f12f5aadf77547a78f62c63fb6,cc6f4f1cde426cc51edec971b949aae414869cd22a69ed5e0dfca7f8da882b7a
VECTOR-01,cordwain_store_grab_01.png,1039974,584421275f136f90c0a47e0d17c106a335842f07e7b21094826f2180f11be38f,1f9814831fbfb7967ebd768a752f2e655cecf0f12f5aadf77547a78f62c63fb6,cc6f4f1cde426cc51edec971b949aae414869cd22a69ed5e0dfca7f8da882b7a
VECTOR-02,redecker_catalogue_1974_cover.tif,44402388,53c7f1e7854ce399ffaaac143be5ff8d5b7f5ed00e8df98ea6dd14702dfe2cac,c1f5393eb36b0b41b51b17bb279a2959faa5b19cfea04bd4e3b595845219196e,a4b363a326e01fa59c7db1c8b20c48a96fed6649bc73a549b45eed2104ba9735
VECTOR-02,redecker_plate_2024.pdf,355780,775f4f21660c8d4b6550f043067dacbd0deed5966a885fc17fd7e3939e0a2568,c1f5393eb36b0b41b51b17bb279a2959faa5b19cfea04bd4e3b595845219196e,a4b363a326e01fa59c7db1c8b20c48a96fed6649bc73a549b45eed2104ba9735
VECTOR-02,redecker_machines_november.csv,887,6cd4c06236909708a6ec5891c6e3a83580b52aa28ad36a00b38ab99dc8593df4,c1f5393eb36b0b41b51b17bb279a2959faa5b19cfea04bd4e3b595845219196e,a4b363a326e01fa59c7db1c8b20c48a96fed6649bc73a549b45eed2104ba9735
VECTOR-02,redecker_nameplate_rebuild.jpg,2105554,c73fa4e3a64da4771e6dbd824511a2f206357f385fba75ed66d65c7f6b273e8d,c1f5393eb36b0b41b51b17bb279a2959faa5b19cfea04bd4e3b595845219196e,a4b363a326e01fa59c7db1c8b20c48a96fed6649bc73a549b45eed2104ba9735
VECTOR-02,redecker_works_standards.txt,1645,6cf89a6623c0d471be7bdd4852fd24567a8733e827308023980ede48fcb08ed5,c1f5393eb36b0b41b51b17bb279a2959faa5b19cfea04bd4e3b595845219196e,a4b363a326e01fa59c7db1c8b20c48a96fed6649bc73a549b45eed2104ba9735
VECTOR-02,redecker_proving_stamp_coupon.jpg,2685842,0d291bea81b6f9852a5165eb80520af9770fc7fc0185c53825482ac0e4e04f33,c1f5393eb36b0b41b51b17bb279a2959faa5b19cfea04bd4e3b595845219196e,a4b363a326e01fa59c7db1c8b20c48a96fed6649bc73a549b45eed2104ba9735
VECTOR-02,redecker_frame_casting_1919.jpg,2213237,270ec1ee0ed47ed6e5072325f8d1fe2b3a7b5eeba70e1a5ccc055309094cee0c,c1f5393eb36b0b41b51b17bb279a2959faa5b19cfea04bd4e3b595845219196e,a4b363a326e01fa59c7db1c8b20c48a96fed6649bc73a549b45eed2104ba9735
VECTOR-03,apex_reference_sheet_crest.jpg,2252189,ae6917c70848edcccb4e5c719b19a10e436ec80816ddc4f5c0c2e3566a89de6d,3a6c83ead6f6eeb8f9eca12e2750e9559b4114f657031432750823c72473b9c7,d2acdf2b8ee2b6a654c06e6a997cc828e4fda574c94e2bf03ac5b6bf77e6d544
VECTOR-03,apex_reference_sheet_hillclimb.jpg,1851957,86f1f8314a4d57eed5b8c7dd8fbf9a07101c34125f392f4b1fc8c87552f6d501,3a6c83ead6f6eeb8f9eca12e2750e9559b4114f657031432750823c72473b9c7,d2acdf2b8ee2b6a654c06e6a997cc828e4fda574c94e2bf03ac5b6bf77e6d544
VECTOR-03,apex_reference_sheet_nightstage.jpg,1514578,f6df0d9334dd71304c83ca14eb9cc91f8b6b4efe5303136c923995e36fcf3b36,3a6c83ead6f6eeb8f9eca12e2750e9559b4114f657031432750823c72473b9c7,d2acdf2b8ee2b6a654c06e6a997cc828e4fda574c94e2bf03ac5b6bf77e6d544
VECTOR-03,apex_reference_sheet_icetrial.jpg,2288156,f471426aa15fccc9eb587f493d089e2a8f79e32549e493e4247c01c21c4e4896,3a6c83ead6f6eeb8f9eca12e2750e9559b4114f657031432750823c72473b9c7,d2acdf2b8ee2b6a654c06e6a997cc828e4fda574c94e2bf03ac5b6bf77e6d544
VECTOR-03,apex_reference_sheet_gravelloop.jpg,2507699,ff861fbb5999272f38f8052ff9279124b9febfdf46c04646a5bc16c0d7902504,3a6c83ead6f6eeb8f9eca12e2750e9559b4114f657031432750823c72473b9c7,d2acdf2b8ee2b6a654c06e6a997cc828e4fda574c94e2bf03ac5b6bf77e6d544
VECTOR-03,apex_reference_sheet_finale.jpg,2468467,d88a35ad0341e0992a14c3e783425a5e7a8534e8c87fb47ec5751f08a91b88ff,3a6c83ead6f6eeb8f9eca12e2750e9559b4114f657031432750823c72473b9c7,d2acdf2b8ee2b6a654c06e6a997cc828e4fda574c94e2bf03ac5b6bf77e6d544
VECTOR-03,apex_crest_jacket.jpg,2672625,6e3f8010c7bf140ddec0656a161c3ac123e6cf0de41b94749c780479d2ddadfb,3a6c83ead6f6eeb8f9eca12e2750e9559b4114f657031432750823c72473b9c7,d2acdf2b8ee2b6a654c06e6a997cc828e4fda574c94e2bf03ac5b6bf77e6d544
VECTOR-03,apex_backing_card_2025.pdf,457623,7176be73f2d4d63bcb891479e6b61ee03ae2cd5e42f91951c9ffc19ed3d05136,3a6c83ead6f6eeb8f9eca12e2750e9559b4114f657031432750823c72473b9c7,d2acdf2b8ee2b6a654c06e6a997cc828e4fda574c94e2bf03ac5b6bf77e6d544
VECTOR-03,apex_designs.csv,732,190c2f5e775f44ea53499af93c23bfbd192d9a39035406bb214d7fba94dffaa2,3a6c83ead6f6eeb8f9eca12e2750e9559b4114f657031432750823c72473b9c7,d2acdf2b8ee2b6a654c06e6a997cc828e4fda574c94e2bf03ac5b6bf77e6d544
VECTOR-03,apex_mint_requirements.txt,1332,903b363bfcc1d280f5d0b7abf6cde6f2716fe921e9e5fedb6c8007405a3857d2,3a6c83ead6f6eeb8f9eca12e2750e9559b4114f657031432750823c72473b9c7,d2acdf2b8ee2b6a654c06e6a997cc828e4fda574c94e2bf03ac5b6bf77e6d544
VECTOR-04,meridian_bag_moth.jpg,3793063,8324f5c55e5adfec356c3d06ce07eaecc89ea815840df018a3f7039560862979,1a47b5cc276d2fe19650937083919c35c089d655364cb7e6baecb33c8f02689c,11372745e644615b02017abe522f152a67a65365690ee59bacb1c68f0d3e0472
VECTOR-04,meridian_bag_pourover.jpg,3019260,e2e3ca50b7adb3e0b24e2063818390f3784214edcc2729f61f23981ac8e1ffea,1a47b5cc276d2fe19650937083919c35c089d655364cb7e6baecb33c8f02689c,11372745e644615b02017abe522f152a67a65365690ee59bacb1c68f0d3e0472
VECTOR-04,meridian_shelfcard_2025.pdf,363229,6f546a6dccc4c8cfd03c43066d1b1bdd93f61ed366809cacf38858e35f2eba9a,1a47b5cc276d2fe19650937083919c35c089d655364cb7e6baecb33c8f02689c,11372745e644615b02017abe522f152a67a65365690ee59bacb1c68f0d3e0472
VECTOR-04,meridian_window_mark.jpg,1742272,c401d0d46b436a6ac62f2ccb7875950c73a88e86c7126c965a2bd409e7f791b1,1a47b5cc276d2fe19650937083919c35c089d655364cb7e6baecb33c8f02689c,11372745e644615b02017abe522f152a67a65365690ee59bacb1c68f0d3e0472
VECTOR-04,meridian_sheet_spec.txt,1221,62e234dcf35fa58fa8a48e93515bc7e3181ab784cbe2da972797d54dd6fb3b6f,1a47b5cc276d2fe19650937083919c35c089d655364cb7e6baecb33c8f02689c,11372745e644615b02017abe522f152a67a65365690ee59bacb1c68f0d3e0472
VECTOR-04,meridian_origins.csv,689,bd9db5bae7e48b0a9b81a044be02828c08bceee8229f06f91330110f347538b5,1a47b5cc276d2fe19650937083919c35c089d655364cb7e6baecb33c8f02689c,11372745e644615b02017abe522f152a67a65365690ee59bacb1c68f0d3e0472
VECTOR-04,meridian_bag_ridgeline.jpg,4075972,f88cf69b254f6667d86951ad73372c85e8a4362b85c15fbe86699e0fba22a3fa,1a47b5cc276d2fe19650937083919c35c089d655364cb7e6baecb33c8f02689c,11372745e644615b02017abe522f152a67a65365690ee59bacb1c68f0d3e0472
VECTOR-05,islaverde_brochure_cover.jpg,1868917,0a18e5bdfe634e86ad2093f784e5afe2f14e55985143807197625606ed095d67,048329a61618cd93f8e95d6f949479f24db2cf8511d8926c93228d617bb362bb,9eb0c1cde3fe89dbb419e2c2aa5ef91a7930308deb6a63a5bfbbe00863849760
VECTOR-05,islaverde_location_01.jpg,1811978,96496e7619d497b2012a0290f953e1882b26d7eb2ae5a04718fd33d02f40a46b,048329a61618cd93f8e95d6f949479f24db2cf8511d8926c93228d617bb362bb,9eb0c1cde3fe89dbb419e2c2aa5ef91a7930308deb6a63a5bfbbe00863849760
VECTOR-05,islaverde_location_02.jpg,1942094,991e59d846d1d6c4fff4461a5eb00fc8b6656b707a1a0fb5cb1ddc0afe0a7fdd,048329a61618cd93f8e95d6f949479f24db2cf8511d8926c93228d617bb362bb,9eb0c1cde3fe89dbb419e2c2aa5ef91a7930308deb6a63a5bfbbe00863849760
VECTOR-05,islaverde_location_03.jpg,3249671,c3cb6c2b771bf9074255a0dea1085499516e94d1990504e0018e06a44295f56c,048329a61618cd93f8e95d6f949479f24db2cf8511d8926c93228d617bb362bb,9eb0c1cde3fe89dbb419e2c2aa5ef91a7930308deb6a63a5bfbbe00863849760
VECTOR-05,islaverde_location_04.jpg,1585867,a8792e3e3370db633cd80b6ad89e52eeaa192286a22f54f0eb0652c4bced961a,048329a61618cd93f8e95d6f949479f24db2cf8511d8926c93228d617bb362bb,9eb0c1cde3fe89dbb419e2c2aa5ef91a7930308deb6a63a5bfbbe00863849760
VECTOR-05,islaverde_location_05.jpg,2104395,d65241a4440ea4d4ff55e9c2c1a9e44b09d1b7ac1e81e676ed58614de85c4a71,048329a61618cd93f8e95d6f949479f24db2cf8511d8926c93228d617bb362bb,9eb0c1cde3fe89dbb419e2c2aa5ef91a7930308deb6a63a5bfbbe00863849760
VECTOR-05,islaverde_location_06.jpg,2036159,3294a941dc90d2f3d1df3f9dd1824b44c60ea26af4a24a4ef64bdfd2359d5890,048329a61618cd93f8e95d6f949479f24db2cf8511d8926c93228d617bb362bb,9eb0c1cde3fe89dbb419e2c2aa5ef91a7930308deb6a63a5bfbbe00863849760
VECTOR-05,islaverde_location_07.jpg,1799882,fc296415f5c2414c912f65067d25eef30a5e9e1cd2e31720655cfeb920d151ca,048329a61618cd93f8e95d6f949479f24db2cf8511d8926c93228d617bb362bb,9eb0c1cde3fe89dbb419e2c2aa5ef91a7930308deb6a63a5bfbbe00863849760
VECTOR-05,islaverde_location_08.jpg,2068647,a5690d66e74fac2c1ef62dc2185ee22c1df4640175a6746ac665674df94fd5f4,048329a61618cd93f8e95d6f949479f24db2cf8511d8926c93228d617bb362bb,9eb0c1cde3fe89dbb419e2c2aa5ef91a7930308deb6a63a5bfbbe00863849760
VECTOR-05,islaverde_location_09.jpg,1776986,796f0acc64ad2cc9d146b41fe99c3985fdf1bd3663101518304d3d5ab236cdc3,048329a61618cd93f8e95d6f949479f24db2cf8511d8926c93228d617bb362bb,9eb0c1cde3fe89dbb419e2c2aa5ef91a7930308deb6a63a5bfbbe00863849760
VECTOR-05,islaverde_location_10.jpg,3343933,0932ecec95e2702ea7629b604eeb0a7d22b88b51f79d4a6a0551e1bc085bd462,048329a61618cd93f8e95d6f949479f24db2cf8511d8926c93228d617bb362bb,9eb0c1cde3fe89dbb419e2c2aa5ef91a7930308deb6a63a5bfbbe00863849760
VECTOR-05,islaverde_doorplate_2016.pdf,42034,9045056a35f1163afb456faaa79c8dc56910df8a84746401aa5c2027567d52ba,048329a61618cd93f8e95d6f949479f24db2cf8511d8926c93228d617bb362bb,9eb0c1cde3fe89dbb419e2c2aa5ef91a7930308deb6a63a5bfbbe00863849760
VECTOR-05,islaverde_schedule.csv,1476,98b7eed820137639f5e1300db91a4024f3df82ce59513c61be0d0fa55c096f0d,048329a61618cd93f8e95d6f949479f24db2cf8511d8926c93228d617bb362bb,9eb0c1cde3fe89dbb419e2c2aa5ef91a7930308deb6a63a5bfbbe00863849760
VECTOR-05,islaverde_existing_sign_01.jpg,1807891,52950f4afc30743f29a13a16ce5a00a2c615a538065426d1161b9ce6ae1e2ed2,048329a61618cd93f8e95d6f949479f24db2cf8511d8926c93228d617bb362bb,9eb0c1cde3fe89dbb419e2c2aa5ef91a7930308deb6a63a5bfbbe00863849760
VECTOR-05,islaverde_existing_sign_02.jpg,1322363,f6a80c64da8f5d25a6a51b66521ce37f139c20b37e73fa026e7e43b88536f9f2,048329a61618cd93f8e95d6f949479f24db2cf8511d8926c93228d617bb362bb,9eb0c1cde3fe89dbb419e2c2aa5ef91a7930308deb6a63a5bfbbe00863849760
VECTOR-05,islaverde_existing_sign_03.jpg,2451930,422891c2a33cea339de75c1a3d21f65645149c6f197ecff1df3d22c15b015f34,048329a61618cd93f8e95d6f949479f24db2cf8511d8926c93228d617bb362bb,9eb0c1cde3fe89dbb419e2c2aa5ef91a7930308deb6a63a5bfbbe00863849760
VECTOR-05,islaverde_existing_sign_04.jpg,2638753,ecae4673d3fd51479e25b56c11b5afcc2ac2abde9af0e5c6261ac316cdff553e,048329a61618cd93f8e95d6f949479f24db2cf8511d8926c93228d617bb362bb,9eb0c1cde3fe89dbb419e2c2aa5ef91a7930308deb6a63a5bfbbe00863849760
VECTOR-05,islaverde_signshop_note.txt,1197,649797bba361d0660b9e5031239817d70e9c42cb1ec2dc9a1b0aeb81bc998d3e,048329a61618cd93f8e95d6f949479f24db2cf8511d8926c93228d617bb362bb,9eb0c1cde3fe89dbb419e2c2aa5ef91a7930308deb6a63a5bfbbe00863849760
VECTOR-06,ridgeway_crest_shirt.jpg,2014039,00d1c6c9a3944cd2afea924d113810d3d5bf34cb4366cc5ee37a189f4a79efd9,b21e9c0472327e295baaa9449bc4644aaef4031bab0b3f4990760bb22cdda1c4,b16bda8c50d7b765ba1a7fd4a63d5abd5ea6d999bd475496b0ce278eace9b76d
VECTOR-06,ridgeway_letters_sheet.jpg,2348344,cc28c94b650d79a1e0f788dd0b50fcd5e3fb0be8997df2f6c458deba4e9cbf09,b21e9c0472327e295baaa9449bc4644aaef4031bab0b3f4990760bb22cdda1c4,b16bda8c50d7b765ba1a7fd4a63d5abd5ea6d999bd475496b0ce278eace9b76d
VECTOR-06,ridgeway_numbers_sheet.jpg,1833123,6a7eddc25f9b4470ed70ca29db59fe975f5a37be3bff03b810f52d0a76efcd0c,b21e9c0472327e295baaa9449bc4644aaef4031bab0b3f4990760bb22cdda1c4,b16bda8c50d7b765ba1a7fd4a63d5abd5ea6d999bd475496b0ce278eace9b76d
VECTOR-06,ridgeway_shirtback_2024.pdf,350555,8b9d0bd53c25c302a0433372573fcd5c96999a9c38dd1d84d9fd5f8367d67370,b21e9c0472327e295baaa9449bc4644aaef4031bab0b3f4990760bb22cdda1c4,b16bda8c50d7b765ba1a7fd4a63d5abd5ea6d999bd475496b0ce278eace9b76d
VECTOR-06,ridgeway_squad.csv,763,23b3b95b361b18da029db35c3a93e19cdce132cf51fcc6e1577a1ecd20bc0071,b21e9c0472327e295baaa9449bc4644aaef4031bab0b3f4990760bb22cdda1c4,b16bda8c50d7b765ba1a7fd4a63d5abd5ea6d999bd475496b0ce278eace9b76d
VECTOR-06,ridgeway_shirt_blank_home.jpg,1661384,c3038d7a906e5210ddcdfc60c364ca0a91f8cdc2578f929f8b9fba8b0cafcd2c,b21e9c0472327e295baaa9449bc4644aaef4031bab0b3f4990760bb22cdda1c4,b16bda8c50d7b765ba1a7fd4a63d5abd5ea6d999bd475496b0ce278eace9b76d
VECTOR-06,ridgeway_shirt_blank_away.jpg,1801716,9d29ea1721cd6f5b0a691d485001290532dca5b411aa43aff3425c772ec29804,b21e9c0472327e295baaa9449bc4644aaef4031bab0b3f4990760bb22cdda1c4,b16bda8c50d7b765ba1a7fd4a63d5abd5ea6d999bd475496b0ce278eace9b76d
VECTOR-06,ridgeway_supplier_note.txt,1431,01fcad5b56eaa0bad173b4da44f7195d051f0b860539dce4d0319d7f846370de,b21e9c0472327e295baaa9449bc4644aaef4031bab0b3f4990760bb22cdda1c4,b16bda8c50d7b765ba1a7fd4a63d5abd5ea6d999bd475496b0ce278eace9b76d
VECTOR-07,wharfside_wordmark_shed.jpg,2108604,e9cbf3faa73905f469b8071ccaf61f1d0373fb84fb6efa89027dad724c41e0cc,7ffd51335b3f33793e59f1152f326188964deda34fe5c33d2696b2124ce1344a,ab9b20dac23fffaa9d380ff4bc81b6b4df787e9cd5a19d22812352d5e17fcd72
VECTOR-07,wharfside_nightcard_2025.pdf,43298,8c4cc090d58b812f2f603b9c252218ca7bdba171a68397e0fa0fa4e294a31faf,7ffd51335b3f33793e59f1152f326188964deda34fe5c33d2696b2124ce1344a,ab9b20dac23fffaa9d380ff4bc81b6b4df787e9cd5a19d22812352d5e17fcd72
VECTOR-07,wharfside_acts.csv,981,ffb7d366bebdbdafb813670be266fdd2263a4c4fe3cf15fcaacf25f46a90a610,7ffd51335b3f33793e59f1152f326188964deda34fe5c33d2696b2124ce1344a,ab9b20dac23fffaa9d380ff4bc81b6b4df787e9cd5a19d22812352d5e17fcd72
VECTOR-07,wharfside_artwork_master.png,25518173,27468bd8536822f7153bf4bcfd39a1fd834f47a3adc307edd6c85f94833c0e1c,7ffd51335b3f33793e59f1152f326188964deda34fe5c33d2696b2124ce1344a,ab9b20dac23fffaa9d380ff4bc81b6b4df787e9cd5a19d22812352d5e17fcd72
VECTOR-07,wharfside_act_portrait_03.jpg,200900,4196fce3a21c36547a3fb94058102172741d780a8e5e03d5642d77f77a61df10,7ffd51335b3f33793e59f1152f326188964deda34fe5c33d2696b2124ce1344a,ab9b20dac23fffaa9d380ff4bc81b6b4df787e9cd5a19d22812352d5e17fcd72
VECTOR-07,wharfside_act_portrait_04.jpg,1827545,4c196fdad76f7f1c4a2a9c023f3d0b5d8f7c3914c2175c84ff9b7052b3d92b88,7ffd51335b3f33793e59f1152f326188964deda34fe5c33d2696b2124ce1344a,ab9b20dac23fffaa9d380ff4bc81b6b4df787e9cd5a19d22812352d5e17fcd72
VECTOR-07,wharfside_act_portrait_06.jpg,1603547,c01a29541927355a65b09cc019fc430b7308285aa8f708beb9038e13a64198b6,7ffd51335b3f33793e59f1152f326188964deda34fe5c33d2696b2124ce1344a,ab9b20dac23fffaa9d380ff4bc81b6b4df787e9cd5a19d22812352d5e17fcd72
VECTOR-07,wharfside_act_portrait_07.jpg,1418580,6a10549a38987e11edad70ddc237de84477e34785d1614cdd22613becbc895b6,7ffd51335b3f33793e59f1152f326188964deda34fe5c33d2696b2124ce1344a,ab9b20dac23fffaa9d380ff4bc81b6b4df787e9cd5a19d22812352d5e17fcd72
VECTOR-07,wharfside_act_portrait_01.jpg,1606031,809bc407bad2e3aa9567fbb1094f635b5ef4bd9e95993432f0b91ceb51ed0613,7ffd51335b3f33793e59f1152f326188964deda34fe5c33d2696b2124ce1344a,ab9b20dac23fffaa9d380ff4bc81b6b4df787e9cd5a19d22812352d5e17fcd72
VECTOR-07,wharfside_act_portrait_10.jpg,2250860,8e9e18404cda84a388e17024d51e181d1daf4f415e97758beb2532b426aef9fd,7ffd51335b3f33793e59f1152f326188964deda34fe5c33d2696b2124ce1344a,ab9b20dac23fffaa9d380ff4bc81b6b4df787e9cd5a19d22812352d5e17fcd72
VECTOR-07,wharfside_act_portrait_05.jpg,2066998,0588b1e97e66bd66dfa20eb5bf2b6186dc1b450b201ae2aa4929ea68ab8b9bb9,7ffd51335b3f33793e59f1152f326188964deda34fe5c33d2696b2124ce1344a,ab9b20dac23fffaa9d380ff4bc81b6b4df787e9cd5a19d22812352d5e17fcd72
VECTOR-07,wharfside_act_portrait_11.jpg,179689,592ab899fca32c0a7d6655f3b9050cd1772e9e6706c7b075609831218103f3a0,7ffd51335b3f33793e59f1152f326188964deda34fe5c33d2696b2124ce1344a,ab9b20dac23fffaa9d380ff4bc81b6b4df787e9cd5a19d22812352d5e17fcd72
VECTOR-07,wharfside_shop_note.txt,1917,10406a49cf800ef279945e5f662254bd6d489c4441b1debed25c7d2edf1a38a4,7ffd51335b3f33793e59f1152f326188964deda34fe5c33d2696b2124ce1344a,ab9b20dac23fffaa9d380ff4bc81b6b4df787e9cd5a19d22812352d5e17fcd72
VECTOR-07,wharfside_act_portrait_08.jpg,246263,ac2df1233d7a6ee7d898a6bb0bfd975efb44337d76d81c7b5da2d4d4faade321,7ffd51335b3f33793e59f1152f326188964deda34fe5c33d2696b2124ce1344a,ab9b20dac23fffaa9d380ff4bc81b6b4df787e9cd5a19d22812352d5e17fcd72
VECTOR-07,wharfside_act_portrait_09.jpg,1875434,553b564852f26c912360f6bae1bc0cf3cd35766a529050600c3649d39c3547ee,7ffd51335b3f33793e59f1152f326188964deda34fe5c33d2696b2124ce1344a,ab9b20dac23fffaa9d380ff4bc81b6b4df787e9cd5a19d22812352d5e17fcd72
VECTOR-07,wharfside_act_portrait_02.jpg,1177030,360bb8d4768c9a3e4cbe20f639342cd5501a1669352c7db7a511aed36bf58ccb,7ffd51335b3f33793e59f1152f326188964deda34fe5c33d2696b2124ce1344a,ab9b20dac23fffaa9d380ff4bc81b6b4df787e9cd5a19d22812352d5e17fcd72
VECTOR-08,house_mark_colour.png,12807351,7c70c97f43c4801416a3a7481841d0fe6ca1f3c629cba50dfdbb7362882c64ae,b3433feba23f0ded09733524b552072615ae8e7f5c7a8ab0388fab9c0d9acc1d,79e5d6c929c19e47ef9884bfd053c94594dc48a19eb4334e7fd9dc8316229140
VECTOR-08,cask_labels_2025_PRINT.pdf,737904,925d7f283a59d1a4e4b0ccc11f3e56697d7ef5042cd18f7f06aaf7b26f971b9a,b3433feba23f0ded09733524b552072615ae8e7f5c7a8ab0388fab9c0d9acc1d,79e5d6c929c19e47ef9884bfd053c94594dc48a19eb4334e7fd9dc8316229140
VECTOR-08,cask_release_2026.csv,1298,814aea206c97410126fa58e55cd136105092704dce66a7da497329a423679c21,b3433feba23f0ded09733524b552072615ae8e7f5c7a8ab0388fab9c0d9acc1d,79e5d6c929c19e47ef9884bfd053c94594dc48a19eb4334e7fd9dc8316229140
VECTOR-08,cask_photo_214.jpg,1856902,9a122497caafbad5d62c477e179f5b1222230426ca6860f6fab0029165016038,b3433feba23f0ded09733524b552072615ae8e7f5c7a8ab0388fab9c0d9acc1d,79e5d6c929c19e47ef9884bfd053c94594dc48a19eb4334e7fd9dc8316229140
VECTOR-08,cask_photo_198.jpg,1719196,96c3df5ff6e6215bb0e56096b7f87bf411cdd64d7c4f3732af05f0e6c77f5964,b3433feba23f0ded09733524b552072615ae8e7f5c7a8ab0388fab9c0d9acc1d,79e5d6c929c19e47ef9884bfd053c94594dc48a19eb4334e7fd9dc8316229140
VECTOR-08,cask_photo_221.jpg,1770846,bbd0b20a709976a6e497e16d360d94c27fec8f354d2109827a1a1cf904b17219,b3433feba23f0ded09733524b552072615ae8e7f5c7a8ab0388fab9c0d9acc1d,79e5d6c929c19e47ef9884bfd053c94594dc48a19eb4334e7fd9dc8316229140
VECTOR-08,cask_photo_225.jpg,1628542,fbe27be0a063a05060ceae540e0c6e7afd99332c46b470ecff80fb93e0642d80,b3433feba23f0ded09733524b552072615ae8e7f5c7a8ab0388fab9c0d9acc1d,79e5d6c929c19e47ef9884bfd053c94594dc48a19eb4334e7fd9dc8316229140
VECTOR-08,cask_photo_229.jpg,1672293,074075d9ded18b58a0a43455fbfe16c5fe02601f8f828e0d4cc8390624c5c9b1,b3433feba23f0ded09733524b552072615ae8e7f5c7a8ab0388fab9c0d9acc1d,79e5d6c929c19e47ef9884bfd053c94594dc48a19eb4334e7fd9dc8316229140
VECTOR-08,cask_photo_233.jpg,1827873,398cb605f6a7d42e4c5518e8c583a01ac7248c6fe23d60574fedd7ea15f49adf,b3433feba23f0ded09733524b552072615ae8e7f5c7a8ab0388fab9c0d9acc1d,79e5d6c929c19e47ef9884bfd053c94594dc48a19eb4334e7fd9dc8316229140
VECTOR-08,cask_photo_238.jpg,1788219,29e6aac9f5ec4481d86d35393ebe77c2fd6949c98b6bb94d89e138a1a1358b58,b3433feba23f0ded09733524b552072615ae8e7f5c7a8ab0388fab9c0d9acc1d,79e5d6c929c19e47ef9884bfd053c94594dc48a19eb4334e7fd9dc8316229140
VECTOR-08,cask_photo_241.jpg,1736804,8a457ad3839c1db37b13e4d14d7e359e7d5b4ffd5ce7293cf8509b047804ee51,b3433feba23f0ded09733524b552072615ae8e7f5c7a8ab0388fab9c0d9acc1d,79e5d6c929c19e47ef9884bfd053c94594dc48a19eb4334e7fd9dc8316229140
VECTOR-08,cask_photo_231.jpg,1740006,bb3fb4e720e0d9f7ce452cbe8b81a78740993d3a5f1677f4c549bcee4976b14f,b3433feba23f0ded09733524b552072615ae8e7f5c7a8ab0388fab9c0d9acc1d,79e5d6c929c19e47ef9884bfd053c94594dc48a19eb4334e7fd9dc8316229140
VECTOR-08,cask_photo_250.jpg,1597540,c9576c527719e67e22baa55604749095c454dab0ad36a14c724bbe9e39767efb,b3433feba23f0ded09733524b552072615ae8e7f5c7a8ab0388fab9c0d9acc1d,79e5d6c929c19e47ef9884bfd053c94594dc48a19eb4334e7fd9dc8316229140
VECTOR-08,cask_photo_254.jpg,1708507,6a5e6839e9899c0ec37e0db032e6f126405ee1d9476804f8810fb0d81a173b9a,b3433feba23f0ded09733524b552072615ae8e7f5c7a8ab0388fab9c0d9acc1d,79e5d6c929c19e47ef9884bfd053c94594dc48a19eb4334e7fd9dc8316229140
VECTOR-08,cask_photo_240.jpg,1924603,9c6ea6d705532f25366ad6c252d2964747efe8de021eae93aada271598a9e7ba,b3433feba23f0ded09733524b552072615ae8e7f5c7a8ab0388fab9c0d9acc1d,79e5d6c929c19e47ef9884bfd053c94594dc48a19eb4334e7fd9dc8316229140
VECTOR-08,cv_packaging_wax_seal.jpg,1345514,347020e5b7a7e6f388b6d3e2be57e98a63f83638f5d46616656ba8c2b20bb92c,b3433feba23f0ded09733524b552072615ae8e7f5c7a8ab0388fab9c0d9acc1d,79e5d6c929c19e47ef9884bfd053c94594dc48a19eb4334e7fd9dc8316229140
VECTOR-08,cv_packaging_crate_end.jpg,2876695,a440765fb2c058d02ad63d726c4505dd4ea328506a72a68a8b5e15ca33ee6617,b3433feba23f0ded09733524b552072615ae8e7f5c7a8ab0388fab9c0d9acc1d,79e5d6c929c19e47ef9884bfd053c94594dc48a19eb4334e7fd9dc8316229140
VECTOR-08,cv_packaging_cap_top.jpg,1109155,73ab766696917f92c4005259a55b5fa45a99483ae23e2784b457fbab15f2d008,b3433feba23f0ded09733524b552072615ae8e7f5c7a8ab0388fab9c0d9acc1d,79e5d6c929c19e47ef9884bfd053c94594dc48a19eb4334e7fd9dc8316229140
VECTOR-08,supplier_emails.txt,1407,193ea6d3159df74467825310268b1b54566816dcfa7cf3ce7ee8382430a52a03,b3433feba23f0ded09733524b552072615ae8e7f5c7a8ab0388fab9c0d9acc1d,79e5d6c929c19e47ef9884bfd053c94594dc48a19eb4334e7fd9dc8316229140
VECTOR-08,house_words.txt,687,554c0b66ff1170a200b27e20aebc22735c535e26f0f2149ca5b3515122987e47,b3433feba23f0ded09733524b552072615ae8e7f5c7a8ab0388fab9c0d9acc1d,79e5d6c929c19e47ef9884bfd053c94594dc48a19eb4334e7fd9dc8316229140
VECTOR-09,halcyon_master_mark.png,1752635,ea4320d63ffcc85e9e6d0d62a66de4f0efe20f6afa4c700d80784ad30fff118e,b1eb37ff86610552b18444fbb6f60a022cfb0084de8a40f11d4ecae914f7c316,44b2103e40b71b93699fdfc4321077d92d97820d53869e8af300458020b973e1
VECTOR-09,halcyon_sub_mark_relay.png,925870,82376323eb11272b2de5c4657f766a038101477096224e8125ae7ecaf361da49,b1eb37ff86610552b18444fbb6f60a022cfb0084de8a40f11d4ecae914f7c316,44b2103e40b71b93699fdfc4321077d92d97820d53869e8af300458020b973e1
VECTOR-09,halcyon_sub_mark_dispatch.png,1397208,ee5640ee531de71eb9b01ecb63d0fa21cbc3882e56c4de1f3098e658f37b403b,b1eb37ff86610552b18444fbb6f60a022cfb0084de8a40f11d4ecae914f7c316,44b2103e40b71b93699fdfc4321077d92d97820d53869e8af300458020b973e1
VECTOR-09,exhibitor_card_2025_PRINT.pdf,326762,a0e5fbb2087f099f0cfca7b2e3ca21b0a266bc4e947601725b291a32e76d08a7,b1eb37ff86610552b18444fbb6f60a022cfb0084de8a40f11d4ecae914f7c316,44b2103e40b71b93699fdfc4321077d92d97820d53869e8af300458020b973e1
VECTOR-09,team_roster.csv,1510,af734a8fafeaed289860239bdff3599e1d5b8711b8f7c3417a461c319f988e4e,b1eb37ff86610552b18444fbb6f60a022cfb0084de8a40f11d4ecae914f7c316,44b2103e40b71b93699fdfc4321077d92d97820d53869e8af300458020b973e1
VECTOR-09,team_okonkwo.jpg,968753,0d39e260387434d70951ac7fe82a28049b3723fc33a804c1922acee8a13ffc41,b1eb37ff86610552b18444fbb6f60a022cfb0084de8a40f11d4ecae914f7c316,44b2103e40b71b93699fdfc4321077d92d97820d53869e8af300458020b973e1
VECTOR-09,team_chen.jpg,1156725,930399818a0b904740e4954f7c10ddfa39d2a7607e5a0b18545aad33fed96c10,b1eb37ff86610552b18444fbb6f60a022cfb0084de8a40f11d4ecae914f7c316,44b2103e40b71b93699fdfc4321077d92d97820d53869e8af300458020b973e1
VECTOR-09,team_chen_wei.jpg,1092674,afe904d53b786467b11f23bdfb5b44fba258a6444669f50c21b873844dbd3217,b1eb37ff86610552b18444fbb6f60a022cfb0084de8a40f11d4ecae914f7c316,44b2103e40b71b93699fdfc4321077d92d97820d53869e8af300458020b973e1
VECTOR-09,team_raman.jpg,1093875,82a00a86a653ad222fc5d1be2ae5c67c15d77d0b49926ac32551cf69932b31ff,b1eb37ff86610552b18444fbb6f60a022cfb0084de8a40f11d4ecae914f7c316,44b2103e40b71b93699fdfc4321077d92d97820d53869e8af300458020b973e1
VECTOR-09,team_berg.jpg,1074654,a83f7dcd6ac761378e2a833ff8455f7193f04bf16b354c212a46951252d8c7b7,b1eb37ff86610552b18444fbb6f60a022cfb0084de8a40f11d4ecae914f7c316,44b2103e40b71b93699fdfc4321077d92d97820d53869e8af300458020b973e1
VECTOR-09,team_duarte.jpg,1523589,8f6bb7b8ad8f219e69c4e62a1c517916d8987e4edf0d4bbca96c1af7da8c3d48,b1eb37ff86610552b18444fbb6f60a022cfb0084de8a40f11d4ecae914f7c316,44b2103e40b71b93699fdfc4321077d92d97820d53869e8af300458020b973e1
VECTOR-09,team_kraft.jpg,1351068,a2db8d9496ed66020c26fcd8fc332d7876034fe9d50fe8a5f38da39142529a48,b1eb37ff86610552b18444fbb6f60a022cfb0084de8a40f11d4ecae914f7c316,44b2103e40b71b93699fdfc4321077d92d97820d53869e8af300458020b973e1
VECTOR-09,team_haddad.jpg,1078264,0fda71b9431cfaf86f50e9c3124cd5fc9c86ce82595b3f730dd2bc0aec764931,b1eb37ff86610552b18444fbb6f60a022cfb0084de8a40f11d4ecae914f7c316,44b2103e40b71b93699fdfc4321077d92d97820d53869e8af300458020b973e1
VECTOR-09,team_whitfield.jpg,1018705,2313eeef3174abddc4cda28052ffd29e59a602063b5049efe963b51d73c8dc56,b1eb37ff86610552b18444fbb6f60a022cfb0084de8a40f11d4ecae914f7c316,44b2103e40b71b93699fdfc4321077d92d97820d53869e8af300458020b973e1
VECTOR-09,team_kim.jpg,141996,99591b4470770f0e69754055b26587189b24216ed8ffed51358a4d5e91398860,b1eb37ff86610552b18444fbb6f60a022cfb0084de8a40f11d4ecae914f7c316,44b2103e40b71b93699fdfc4321077d92d97820d53869e8af300458020b973e1
VECTOR-09,team_menon.jpg,2098962,58980f47ec744138e31555f84b7e96a0539017fcda5b23b0ef5cc2c0f7a74a48,b1eb37ff86610552b18444fbb6f60a022cfb0084de8a40f11d4ecae914f7c316,44b2103e40b71b93699fdfc4321077d92d97820d53869e8af300458020b973e1
VECTOR-09,halcyon_booth_code.png,250287,1073a075825ef04d7291e12c3f6b8bee8be4acf9e70fd73ef14f128e84012010,b1eb37ff86610552b18444fbb6f60a022cfb0084de8a40f11d4ecae914f7c316,44b2103e40b71b93699fdfc4321077d92d97820d53869e8af300458020b973e1
VECTOR-09,founder_notes.txt,840,1a22d13f4993f2fafe0869dcd4c929a626037cf867f7f6883a16d1d720606bac,b1eb37ff86610552b18444fbb6f60a022cfb0084de8a40f11d4ecae914f7c316,44b2103e40b71b93699fdfc4321077d92d97820d53869e8af300458020b973e1
VECTOR-10,evergreen_crest_panel_01.jpg,3052863,ec3e043214e7ced2c0d922379a9bb7cd87aa7fa679674329ec397202092325ac,da273484493787e54cad48b7162320143bc74de6bfbdbc027f4ff75eb8ea0b1c,9d6bed9ca2e71847cc892a14c8e5a25436288eda20ed074690bd75ff9b935c2b
VECTOR-10,evergreen_crest_panel_02.jpg,3017576,b7bd177a4edcd0a0f70f7bee3e162c516eb738e9b06a40fbb9213ea8416f19fe,da273484493787e54cad48b7162320143bc74de6bfbdbc027f4ff75eb8ea0b1c,9d6bed9ca2e71847cc892a14c8e5a25436288eda20ed074690bd75ff9b935c2b
VECTOR-10,evergreen_crest_panel_03.jpg,2771978,871d8257b2bd21710425d92f51ad9c54fca471c6055d0152a91ccaf3beffe299,da273484493787e54cad48b7162320143bc74de6bfbdbc027f4ff75eb8ea0b1c,9d6bed9ca2e71847cc892a14c8e5a25436288eda20ed074690bd75ff9b935c2b
VECTOR-10,evergreen_crest_panel_04.jpg,2772743,8f01aa5405d6fdc1892d1cf935f3d2e4b63eb38121e8cf22928442fa8835c9c2,da273484493787e54cad48b7162320143bc74de6bfbdbc027f4ff75eb8ea0b1c,9d6bed9ca2e71847cc892a14c8e5a25436288eda20ed074690bd75ff9b935c2b
VECTOR-10,evergreen_crest_panel_05.jpg,3182082,f576fb93203e40a8e0c1ffd14d300d78ceb0a265a763dbfa879c301fe4846cda,da273484493787e54cad48b7162320143bc74de6bfbdbc027f4ff75eb8ea0b1c,9d6bed9ca2e71847cc892a14c8e5a25436288eda20ed074690bd75ff9b935c2b
VECTOR-10,evergreen_crest_panel_06.jpg,2803447,430661a4c4ad20115119923386d9a12f740b69df74f25b40ebb75ba09568076b,da273484493787e54cad48b7162320143bc74de6bfbdbc027f4ff75eb8ea0b1c,9d6bed9ca2e71847cc892a14c8e5a25436288eda20ed074690bd75ff9b935c2b
VECTOR-10,evergreen_blank_tee_bone.jpg,1988827,b59f12a9723f42a6a5a1390fec43276924dc1a498f31751f783666cca4cfca4c,da273484493787e54cad48b7162320143bc74de6bfbdbc027f4ff75eb8ea0b1c,9d6bed9ca2e71847cc892a14c8e5a25436288eda20ed074690bd75ff9b935c2b
VECTOR-10,evergreen_blank_tee_olive.jpg,2560169,90108e840730c92cad0e4ebfe1d7c619a7a5f297388c9abd8dbd5e44141f094f,da273484493787e54cad48b7162320143bc74de6bfbdbc027f4ff75eb8ea0b1c,9d6bed9ca2e71847cc892a14c8e5a25436288eda20ed074690bd75ff9b935c2b
VECTOR-10,evergreen_blank_tee_black.jpg,2031376,fe9a62fb6ee367a047072e158631b90b77f025f7912aadb687afd0954f9aff58,da273484493787e54cad48b7162320143bc74de6bfbdbc027f4ff75eb8ea0b1c,9d6bed9ca2e71847cc892a14c8e5a25436288eda20ed074690bd75ff9b935c2b
VECTOR-10,evergreen_blank_hoodie_black.jpg,2070109,b684ed49bc2b1b257a5f37f00325aa7d93bfd5411e1702d0aa777b4560855300,da273484493787e54cad48b7162320143bc74de6bfbdbc027f4ff75eb8ea0b1c,9d6bed9ca2e71847cc892a14c8e5a25436288eda20ed074690bd75ff9b935c2b
VECTOR-10,evergreen_blank_hoodie_oat.jpg,1621860,0496fb07cae175fb192eead57959e453c658a549019a61e2e0d356977a5083ed,da273484493787e54cad48b7162320143bc74de6bfbdbc027f4ff75eb8ea0b1c,9d6bed9ca2e71847cc892a14c8e5a25436288eda20ed074690bd75ff9b935c2b
VECTOR-10,evergreen_spec_card_2024.pdf,573171,9d3676441ff783c2191f24fb0cbd7297dbd1a2479991ab6577f654575a448b23,da273484493787e54cad48b7162320143bc74de6bfbdbc027f4ff75eb8ea0b1c,9d6bed9ca2e71847cc892a14c8e5a25436288eda20ed074690bd75ff9b935c2b
VECTOR-10,evergreen_plate_schedule.csv,330,0f1d143630770f11ee489b873f58d2ae9eb0aa069dc8b9960de6d65bb566236d,da273484493787e54cad48b7162320143bc74de6bfbdbc027f4ff75eb8ea0b1c,9d6bed9ca2e71847cc892a14c8e5a25436288eda20ed074690bd75ff9b935c2b
VECTOR-10,evergreen_ink_book.txt,1056,91376c196c976f8f234aa906d09019b1295b670f8eb98ee7db5f568847c32b4b,da273484493787e54cad48b7162320143bc74de6bfbdbc027f4ff75eb8ea0b1c,9d6bed9ca2e71847cc892a14c8e5a25436288eda20ed074690bd75ff9b935c2b
VECTOR-11,cedar_commons_apron.jpg,3672449,bef2e5e291412348963d628febed88fb0afd50f7b9f4963b39336331772c6023,0d9918c1319dcd036cada962928df54d2e67fc86aea9d2f35b735a9ce3a0ee83,8c3529469d9fb7a51d3bfc2444806c2c7395904e3308f098f386fb56825bc239
VECTOR-11,cedar_commons_site_entrance.jpg,3525271,3b931fda99fa0610bc967167e8d6e5b6dde1c6e7ef6d08aed420d69935d1ba32,0d9918c1319dcd036cada962928df54d2e67fc86aea9d2f35b735a9ce3a0ee83,8c3529469d9fb7a51d3bfc2444806c2c7395904e3308f098f386fb56825bc239
VECTOR-11,cedar_commons_site_parking.jpg,2261696,17fad57af2be9c9ae55ffd560b327b2aba9f6563dd7c2a3bd6171aaad75e3a93,0d9918c1319dcd036cada962928df54d2e67fc86aea9d2f35b735a9ce3a0ee83,8c3529469d9fb7a51d3bfc2444806c2c7395904e3308f098f386fb56825bc239
VECTOR-11,cedar_commons_site_vendor_row.jpg,3322117,8234a10bf8ad87a3bb299f7abb736e9aade618352a4a5f68eefe991df235eecd,0d9918c1319dcd036cada962928df54d2e67fc86aea9d2f35b735a9ce3a0ee83,8c3529469d9fb7a51d3bfc2444806c2c7395904e3308f098f386fb56825bc239
VECTOR-11,cedar_commons_site_info_tent.jpg,3700537,ceccabc2ebb3fedff47b41fe485db8bf4782e85d1372eeecea19bfcd70953f1d,0d9918c1319dcd036cada962928df54d2e67fc86aea9d2f35b735a9ce3a0ee83,8c3529469d9fb7a51d3bfc2444806c2c7395904e3308f098f386fb56825bc239
VECTOR-11,cedar_commons_sign_blank.jpg,2521166,e5b5761a8a8df1ca375eb5b25468b3135402ab865f19d32e086d0d9ed9997381,0d9918c1319dcd036cada962928df54d2e67fc86aea9d2f35b735a9ce3a0ee83,8c3529469d9fb7a51d3bfc2444806c2c7395904e3308f098f386fb56825bc239
VECTOR-11,cedar_commons_plate_card.pdf,24266,7d50120ee541e5ec50d897376a4af62687329866ff330179905f383e570610f9,0d9918c1319dcd036cada962928df54d2e67fc86aea9d2f35b735a9ce3a0ee83,8c3529469d9fb7a51d3bfc2444806c2c7395904e3308f098f386fb56825bc239
VECTOR-11,cedar_commons_stalls.csv,1870,d9f4a05c10f975f2e17092812fc032954ac223d34c73eec5af569e792b9a277f,0d9918c1319dcd036cada962928df54d2e67fc86aea9d2f35b735a9ce3a0ee83,8c3529469d9fb7a51d3bfc2444806c2c7395904e3308f098f386fb56825bc239
VECTOR-11,cedar_commons_signage_list.txt,1101,e736bcf96c3677d0e8b6200eaf841620b11b3d2ce1507927329ca57eaf368c35,0d9918c1319dcd036cada962928df54d2e67fc86aea9d2f35b735a9ce3a0ee83,8c3529469d9fb7a51d3bfc2444806c2c7395904e3308f098f386fb56825bc239
VECTOR-12,su_mark_eagle_bolt.png,5785276,f43b75d523ebc7997b86e4df54bba38a79b412f69e862ef44edef9f9a4227f06,03860c2e10f5c3fe2a33b6e098eaa2c71474a7635b6f94651fb55b5d443577f7,4edbb66124a328e8554bb0ff0f4a84a4b90b636eecbb811fc5158de6ae071476
VECTOR-12,su_mark_arc_badge.png,3499209,bffe269ed97366b714e6f7217f2470d88efa9ad835a629b6be8d26e64961c7e5,03860c2e10f5c3fe2a33b6e098eaa2c71474a7635b6f94651fb55b5d443577f7,4edbb66124a328e8554bb0ff0f4a84a4b90b636eecbb811fc5158de6ae071476
VECTOR-12,su_mark_union_stripe.png,3459919,50024e9b8ad760ad6a40c92e7becb6b868bf2ef9627bc1109113593fc95971ac,03860c2e10f5c3fe2a33b6e098eaa2c71474a7635b6f94651fb55b5d443577f7,4edbb66124a328e8554bb0ff0f4a84a4b90b636eecbb811fc5158de6ae071476
VECTOR-12,su_mark_bolt_icon.png,2129507,e332da7987a8a93e8a6738b79ac2db6dd482f48f337307e5d28ef5f7cdc955d8,03860c2e10f5c3fe2a33b6e098eaa2c71474a7635b6f94651fb55b5d443577f7,4edbb66124a328e8554bb0ff0f4a84a4b90b636eecbb811fc5158de6ae071476
VECTOR-12,su_woven_label_photo.jpg,2156236,0659bc4e751d23129c1dff37c3a5346b95da85c9517ca66c0a3b3be8d5835bf5,03860c2e10f5c3fe2a33b6e098eaa2c71474a7635b6f94651fb55b5d443577f7,4edbb66124a328e8554bb0ff0f4a84a4b90b636eecbb811fc5158de6ae071476
VECTOR-12,su_hangtag_2025.pdf,468326,9f9f9b21300bc931b902e0a06d67006fbff8cab3befe16454cfd4610153307f7,03860c2e10f5c3fe2a33b6e098eaa2c71474a7635b6f94651fb55b5d443577f7,4edbb66124a328e8554bb0ff0f4a84a4b90b636eecbb811fc5158de6ae071476
VECTOR-12,su_smallgoods.csv,1038,03ba32ac5c504f89a88e061adbce6158d01f9dffce98418d923548ad0f347054,03860c2e10f5c3fe2a33b6e098eaa2c71474a7635b6f94651fb55b5d443577f7,4edbb66124a328e8554bb0ff0f4a84a4b90b636eecbb811fc5158de6ae071476
VECTOR-12,su_maker_limits.txt,1863,1b5eccef175484165dd36ca6b43150f840476fd87466d2281be268c3a629aab1,03860c2e10f5c3fe2a33b6e098eaa2c71474a7635b6f94651fb55b5d443577f7,4edbb66124a328e8554bb0ff0f4a84a4b90b636eecbb811fc5158de6ae071476
VECTOR-12,su_copy.txt,1405,7644b981599a7d21802f5ac22880d02e297d66b2d3b483307bd9b369a65b79fc,03860c2e10f5c3fe2a33b6e098eaa2c71474a7635b6f94651fb55b5d443577f7,4edbb66124a328e8554bb0ff0f4a84a4b90b636eecbb811fc5158de6ae071476
VECTOR-13,serault_supplier_specs.txt,1198,8ea87d0a8312c2f204182efe33b3861f73abbe0036ae6de9882168df9c0c02f9,61f3c2e011b9025f966953eaba68bef31693d066cc5e59fd7149c6b3c35b873c,c545541e3ddd7c1b3b3abb9ab55cba7bd7969a0db5b0c103af29c486ccae1178
VECTOR-13,serault_card_monogram.jpg,1939420,a3c66592e7e009ad1c2cdc24b462de0f76846c427f819d44d37ad02235f5f863,61f3c2e011b9025f966953eaba68bef31693d066cc5e59fd7149c6b3c35b873c,c545541e3ddd7c1b3b3abb9ab55cba7bd7969a0db5b0c103af29c486ccae1178
VECTOR-13,serault_enclosure_card_press.pdf,301347,f8f1e9efce9c3544cc9dfd19cd70ffaa24719cbce65d649812cae654c9c03a64,61f3c2e011b9025f966953eaba68bef31693d066cc5e59fd7149c6b3c35b873c,c545541e3ddd7c1b3b3abb9ab55cba7bd7969a0db5b0c103af29c486ccae1178
VECTOR-13,serault_copy.txt,726,e8635c9d7c089bb6a335667caf167df54a380ca0eac02b4424270604f43a0075,61f3c2e011b9025f966953eaba68bef31693d066cc5e59fd7149c6b3c35b873c,c545541e3ddd7c1b3b3abb9ab55cba7bd7969a0db5b0c103af29c486ccae1178
VECTOR-13,serault_collection.csv,1406,438263a063712286452b55f96167b53c860904e49e076449b87f680bd363e7a5,61f3c2e011b9025f966953eaba68bef31693d066cc5e59fd7149c6b3c35b873c,c545541e3ddd7c1b3b3abb9ab55cba7bd7969a0db5b0c103af29c486ccae1178
VECTOR-13,serault_wall_sign.jpg,1866191,6f79b59fac619758bf955747fde678cdbd59fc5407aa7c053e87dd0caadc8d15,61f3c2e011b9025f966953eaba68bef31693d066cc5e59fd7149c6b3c35b873c,c545541e3ddd7c1b3b3abb9ab55cba7bd7969a0db5b0c103af29c486ccae1178
VECTOR-13,serault_wordmark_export_2019.png,380430,c1efb472843f27e46efb02f929084bfeb1ec3dd45fe1dfc7c3bbee3ec92646ac,61f3c2e011b9025f966953eaba68bef31693d066cc5e59fd7149c6b3c35b873c,c545541e3ddd7c1b3b3abb9ab55cba7bd7969a0db5b0c103af29c486ccae1178
VECTOR-14,ironway_numbering_sheet.jpg,1818037,f3210f722cf8bf511a7f8ce4ed887dfb80bf5073fb7c647e0512be1754caf7cf,68a8105ea9ab55418192584b38cbaa72601640583ce1d06767048ce91adef70c,b44162594b56137ff073a9932276568e38e7c29e3bf4e20aaa221d498babd98c
VECTOR-14,ironway_singlet_mark.jpg,3625872,e6d2dd4e4930439b5bbfab481e8774a3fdd52a17bc1e69d40cb519b6cc4f722f,68a8105ea9ab55418192584b38cbaa72601640583ce1d06767048ce91adef70c,b44162594b56137ff073a9932276568e38e7c29e3bf4e20aaa221d498babd98c
VECTOR-14,ironway_bib_2025.pdf,522871,47ed51bd774bccfdf67cc8176e77b4cc82056a2db942bd3be5f60697464fb746,68a8105ea9ab55418192584b38cbaa72601640583ce1d06767048ce91adef70c,b44162594b56137ff073a9932276568e38e7c29e3bf4e20aaa221d498babd98c
VECTOR-14,ironway_roster.csv,2136,0761a50f0c5612b6767fb5d2bb169ef142108a9609a2b914d651c3d89ad1d48e,68a8105ea9ab55418192584b38cbaa72601640583ce1d06767048ce91adef70c,b44162594b56137ff073a9932276568e38e7c29e3bf4e20aaa221d498babd98c
VECTOR-14,ironway_kit_swatch.jpg,2593772,ab556a5f61cf462e80aeb1f951b2b81e383285af76fbb1e6c7d0a639e52e53fd,68a8105ea9ab55418192584b38cbaa72601640583ce1d06767048ce91adef70c,b44162594b56137ff073a9932276568e38e7c29e3bf4e20aaa221d498babd98c
VECTOR-14,ironway_kit_shop_note.txt,1515,c8167ee23099a5a33817006073f84eeccc1cc5dde4bcfab10a1b08a30ae2e75f,68a8105ea9ab55418192584b38cbaa72601640583ce1d06767048ce91adef70c,b44162594b56137ff073a9932276568e38e7c29e3bf4e20aaa221d498babd98c
VECTOR-15,marchfield_plaque.jpg,3327081,ef601238330fe0e773521850fc7078c2efdca965f090825d71bfc94f07cf65be,a9a164d35698e23d62f4c339893fd62b67d0e64eb03e30a55bcd5781c97a56ae,e567bb78250e49de2d8b57808dc0012485e85178bec448778c74699d09eb6334
VECTOR-15,marchfield_letterhead.jpg,2369440,10a77b54273c433546abab0298248cf898422600e1c115e54c3aa8f38ba6a06b,a9a164d35698e23d62f4c339893fd62b67d0e64eb03e30a55bcd5781c97a56ae,e567bb78250e49de2d8b57808dc0012485e85178bec448778c74699d09eb6334
VECTOR-15,marchfield_facade.jpg,4391860,419f5cf6d04c0d0e54a3ec1453e05fd55208154b74fa2d835a0239abd12d0d2e,a9a164d35698e23d62f4c339893fd62b67d0e64eb03e30a55bcd5781c97a56ae,e567bb78250e49de2d8b57808dc0012485e85178bec448778c74699d09eb6334
VECTOR-15,marchfield_suite_plate_2019.pdf,22566,26be147411bfe659e95ec469071f3dd42f1f85f94ee7bf2718a6d58cfdbd28f7,a9a164d35698e23d62f4c339893fd62b67d0e64eb03e30a55bcd5781c97a56ae,e567bb78250e49de2d8b57808dc0012485e85178bec448778c74699d09eb6334
VECTOR-15,marchfield_schedule.csv,687,7622f797b87e62d151759b21f799e7a08665285bec6d90ca4fa454f1ca952d99,a9a164d35698e23d62f4c339893fd62b67d0e64eb03e30a55bcd5781c97a56ae,e567bb78250e49de2d8b57808dc0012485e85178bec448778c74699d09eb6334
VECTOR-15,marchfield_sign_survey.txt,2180,bee078d6e919871c7dcfda76b08a5a27a0e305132082950bdd44ba2118cd2c19,a9a164d35698e23d62f4c339893fd62b67d0e64eb03e30a55bcd5781c97a56ae,e567bb78250e49de2d8b57808dc0012485e85178bec448778c74699d09eb6334
