Task code,Task name,Family,Brand,Tagline,Sector,Founded / place / size,About,Audience,Price positioning,Personality,Palette,Typography,Signature type move,Voice,Values,Brand assets status,Palette rules
SB3-001-PHO,Aurelian Skin - Ecommerce skincare image system,Photo & Image,Aurelian Skin,"Clinical actives, no theatre.","Clinical skincare and personal care, actives-led, direct to consumer plus specialty retail","Founded 2024 in Boston, Massachusetts. A two person founder team, sold for a year to a waiting list and through two dermatology practices before the retail season.","Aurelian Skin is a small clinical skincare line built on eight actives-led products at thirty four to sixty eight dollars. In March we open our own online store and enter a specialty chain's twelve doors, so everything a customer sees changes at once. The line is meant to read like a laboratory with good taste: cool, quiet, evidence first, generous with white space and free of decoration. Not a spa, not a discount aisle. Our customer reads the ingredient list before the copy, and the brand is built to reward that: honest claims, clear INCI, restraint in place of ritual.","Women roughly twenty six to forty two, ingredient literate, who research formulations and trust plainness over promise. They shop web stores and specialty beauty floors and judge a product by its panel.","Prestige-mass at thirty four to sixty eight dollars per SKU. Above the mass aisle, below luxury conserve pricing. The middle is the position, and the look must not drift warm and cheap or dark and precious.","Clinical, Precise, Restrained, Evidence-led, Understated","Clinical White #F4F6F7 · mandatory. The ground of every designed surface: the product-page modules, the key visual's type area and every carousel page, and the white space the brand is generous with.
Graphite #232729 · mandatory. Type (product names, claims, body, INCI and prices) and the 0.5 pt hairline under every product name. Never a ground or a panel.
Cool Mineral Grey #9BA5AA · optional accent. Keylines, such as the keyline around an INCI panel, and small labels such as the INCI heading. Never a ground, never body text.
Signal Blue #3E6076 · optional accent. Thin rules and dividers only. Never the hairline under a product name, which is Graphite, never a ground, never body text.","Aurelian Skin runs four steps on screen. Step 01 is the product name in Signifier Light at 44 px on 48 px leading, set in capitals and tracked to 340 units, with a 0.5 pt Graphite hairline ruled beneath to the exact measure of the name. Step 02 is the cleared claim, also Signifier Light, at 24 px on 28 px with tracking of minus 6 units, sitting under the hairline and always reading quieter than the name. Step 03 is body in Söhne Buch 400 at 15 px on 22 px, tracking 0, held to a maximum of 65 characters a line. Step 04 is fine print in Söhne Mono 400 at 11 px on 16 px with tracking of plus 12 units and tabular lining figures, carrying INCI, percentages and prices, with the on-screen price set in the same mono at 28 px. In print the carton name is 15 pt and the INCI panel 6.5 pt. The wordmark is never rebuilt in a sans.","Product names are always Signifier Light capitals tracked to 340 units, sitting on a 0.5 pt Graphite hairline ruled to the exact measure of the name and nothing wider.","Measured, factual, unhurried. States what a product does and does not claim. Reads like a well-run lab that respects the reader, never breathless and never coy.","Ingredient honesty, precision in every detail from panel to package, and clinical restraint: at this band, quiet and exact is the brand, and overstatement or gloss would undercut the claim.","The original logo file was lost when the first designer's drive failed. All that survives is a handheld photograph of an outer carton showing the mark printed in one deep ink: a small-caps lockup set around a monogram, separated by a hairline rule. Recovering that mark as usable artwork is part of this engagement. No other source brand files remain.","Distribution: Every flat, non-photographic ground and panel is Clinical White. All type is Graphite, set on Clinical White or on a photograph's own pale sweep, apart from a small label such as the INCI heading, which may be Cool Mineral Grey. Cool Mineral Grey and Signal Blue are accents for keylines, rules and small labels, together no more than 5% of the designed, non-photographic area, never a ground and never body text.
Opacity: Every palette colour is used solid, at 100% opacity. No tint, transparency, gradient, drop shadow or blend mode is applied to any palette colour, and no scrim, gradient or overlay of any colour, black and white included, is laid over a photograph; type sits on Clinical White or on the photograph's own pale sweep.
Forbidden: No gold, bronze, silver or other metallic or gloss effect, no warm tint and no dark or near-black ground in the designed areas, since the look must not drift warm and cheap or dark and precious, and no colour outside the four palette hexes for type, grounds, panels, rules, buttons or icons.
Photography: Photographs keep their own true, corrected colour and are never recoloured toward the palette. The amber glass of aurelian_launch_shoot_01.jpg and aurelian_launch_shoot_04.jpg and the golden retinol drop and black ground of aurelian_actives_macro_04.jpg stay as shot; the no-gold and no-dark-ground rules govern designed elements only. The cool cast of aurelian_launch_shoot_02.jpg and aurelian_launch_shoot_05.jpg is corrected to neutral, never kept or pushed toward Signal Blue."
SB3-002-PHO,Corner & Cure - Spring dish launch photography,Photo & Image,Corner & Cure,Food somebody cooked,"Independent all-day cafe and counter service, lunch sandwiches and bowls, small plates and wine after four, serving a neighbourhood in food and hospitality.","Brooklyn, New York; canonical context for the repeat-client series.","Corner & Cure is the repeat client for this benchmark series. The canonical client context is Brooklyn, New York, and this commission covers phase 1: food image system and seasonal launch assets.","Neighbourhood regulars aged 25 to 45 who come in twice a week, know the counter staff, and read the screens over the pass from across the room. Local, food-literate, loyal, and quick to distrust anything that reads as styled to death.","Mid-market all-day cafe. Mains 16 to 24 dollars, wine by the glass 11 to 15. Sits comfortably above fast-casual counters and well below the tasting-menu rooms downtown.","warm, generous, plain-spoken, unhurried, rustic, honest","Burnt Butter #B8823A · optional accent. The hairline rule between the allergen line and the provenance line, as on last spring's card. Never type, never a ground.
Scrubbed Oak #C9B79C · optional accent. Hairline rules and dividers only. Never type, never a ground.
House Cream #F4ECDD · mandatory. The ground of every card, behind all type, as on last spring's card (dishcard_2025_print.pdf). The only ground colour.
Deep Olive #4A5233 · optional, body type only. The alternative to Bread Crust for the description, allergen line, provenance line, price and restaurant name. Never the dish name, never a ground or panel.
Pass Marble #E7E3DB · optional accent. The fill of the photo frame where no photograph shows, as on last spring's card. Never type, never a ground behind type.
Bread Crust #7A4A24 · mandatory. The dish name on every card, as on last spring's card. May also carry the description, allergen line, provenance line, price and restaurant name. Never a ground.","Corner & Cure sets the printed cards in four steps. Step 01 is the dish name in Ogg Roman at 34 pt on 37 pt, tracking 0, lower case, with no rule and the added space placed above the line so the tall ascenders keep their air. Step 02 is a section or course head, also Ogg Roman, at 16 pt on 19 pt, tracking 0, and it never appears between a dish name and its description because that would close the size jump. Step 03 is the description in National 2 Regular 400 at 10.5 pt on 14 pt, tracking 0, held to a maximum of 65 characters, with prices in National 2 Medium 500 at the same size and lining figures. Step 04 is the allergen line in National 2 Medium 500 at 9 pt on 12 pt with tracking of plus 10 units, and the grower credit sits at that size in National 2 Italic, the only italic in the system. On the pass screens the name runs 96 px over 28 px copy. An allergen line is never set in Ogg and approved copy is never reworded or cut.","Dish names in Ogg Roman run more than three times the size of the description with their tall ascenders left uncrowded, and italic is reserved for the grower credit alone.","Plain, warm, never fussy. We talk about burnt butter, the good bread and scrubbed oak, and we let the food carry the sentence. Example line: 'Small plates and a glass of something, most nights until late.'","Real portions, honest cooking, and copy that is never reworded or cut, because the allergen line matters.","No brand kit survives. The printed table dish cards exist only as the flat file our printer sent to press last spring, and she has since retired, so there is no working layout and no editable source. The photographed dishes and the till copy Danny writes are the only current materials, and both are considered final.","Distribution: The card ground is House Cream #F4ECDD and nothing else. Type sits on House Cream in Bread Crust #7A4A24 or Deep Olive #4A5233, never over the hero photograph, as on last spring's card (dishcard_2025_print.pdf), which sets all its type below the photograph. The dish name is always Bread Crust, and the body copy (description, allergen line, provenance line, price, restaurant name) takes one of the two, the same on all ten cards. Burnt Butter, Scrubbed Oak and Pass Marble are accents for rules, dividers and the photo frame fill only; together they cover no more than 5% of the designed, non-photographic area and are never type or a ground behind type.
Opacity: Every palette colour is used solid, at 100% opacity; no tint, transparency, gradient, shadow or blend mode; no scrim, gradient, panel or overlay of any colour, black and white included, is laid over the hero photograph.
Forbidden: No colour outside the six palette hexes for type, grounds, panels, rules or icons. That includes the body ink #33302B on last spring's card (dishcard_2025_print.pdf), which is not a palette colour and is not carried over.
Photography: Photographs keep their own corrected colour and are never recoloured toward the palette. The burnt-butter sauce in service_shot_01.jpg keeps its hue with no orange cast added; its tone and contrast may change to separate it from the bowl. No frame is given an orange cast: the owner's words are ""warm but never orange"" (house_words.txt)."
SB3-003-PHO,Cedarline and Vale - Ridgeway Lane listing image system,Photo & Image,Cedarline and Vale,Read the light,"Boutique residential real estate brokerage specialising in architect-designed listings, residential property in Marin County.","Founded 2012, Marin County, California. Six agents led by the principal, working a small book of high-value listings.","Cedarline and Vale is a six-agent brokerage in Marin that takes on architect-designed and materially serious homes. We present listings the way the architecture asks to be seen: quietly, accurately, and next to whatever three other agents are showing. Our credibility rests on buyers and vendors trusting that the pictures are the house.","Buyers aged 40 to 60 with household incomes above 400 thousand who read light and material as proxies for build quality, and vendors of design-led homes. They view our listings alongside three competing agents and notice anything that looks retouched.","High-value residential, flagship listings from the low millions up. Positioned above volume agencies and apart from developer marketing, on restraint and accuracy rather than gloss.","restrained, precise, cool, credible, understated, considered","Plaster White #F2F1ED · mandatory. The solid ground of every brochure page and of every panel or margin that carries type on the portal hero and room posts, as on windowcard_2025_print.pdf.
Marin Slate #3C444B · mandatory where body text appears. Body text on Plaster White, as the body on windowcard_2025_print.pdf; may also carry the spec table, the price and fine print. Never a ground or panel.
Deep Charcoal #1E2124 · mandatory. The stacked address, on Plaster White, as the address on windowcard_2025_print.pdf; may also carry headings, the price and the enquiry line. Never a ground or panel.
Bay Grey #7E8A8C · optional accent. Hairline rules and dividers only, as on windowcard_2025_print.pdf. Never a ground, panel or type colour.
Quiet Sage #9AA391 · optional accent. A small accent only, such as a key line or a small mark. Never a ground, panel or type colour.
Warm Stone #C7B9A4 · optional accent. A small accent only, such as a key line or a small mark. Never a ground, panel or type colour, so nothing reads warm and cosy.","Cedarline and Vale works from the brochure. Step 01 is the address in Tobias Light at 28 pt on 30 pt with tracking of minus 8 units, stacked flush left with the street number alone on the first line and the street name directly beneath at the same size, unpunctuated and never italic. Step 02 is the standfirst, also Tobias Light, at 13 pt on 17 pt with tracking of minus 2 units. Step 03 is body in Neue Haas Grotesk Text 55 Roman at 9.5 pt on 14 pt, tracking 0, held to a maximum of 65 characters. Step 04 is the spec table and price in the same grotesque at 8 pt on 11 pt with tracking of plus 8 units and tabular lining figures. On screen the room post address runs 56 px and the enquiry line 24 px. A price is never set in Tobias.","Every address is stacked, the street number alone above the street name in Tobias Light, flush left, unpunctuated and never italic.","Cool, restrained and true. We describe what is there and let the room speak. No superlatives, no cosiness, nothing that sounds sold. Example line: 'Glass on three sides, the bay through the living room, the oaks off the kitchen.'","Accuracy over flattery: cool, restrained and honest, and nothing that reads as retouched.","There is no working design source for the office window cards. Only the flat file the printer sent to press last year survives, and she has retired, so any change means rebuilding from that file. The feature sheet and portal module are expected to be handed back as editable documents because prices move.","Distribution: Plaster White is the only ground behind type, on every page, panel and margin; type never sits directly on a photograph. Type is Deep Charcoal or Marin Slate on Plaster White and nothing else: the address in Deep Charcoal and body text in Marin Slate, as on windowcard_2025_print.pdf; headings, prices, the enquiry line and fine print in either. Bay Grey is for hairline rules and dividers only; Quiet Sage and Warm Stone are small accents only. Bay Grey, Quiet Sage and Warm Stone together cover no more than 5% of the designed, non-photographic area and are never a ground, a panel or a type colour.
Opacity: Every palette colour is used solid, at 100% opacity. No tint, transparency, gradient, shadow or blend mode is applied to any palette colour, no type carries a drop shadow or glow, and no scrim, gradient or overlay of any colour, black and white included, is laid over a photograph: type sits on a solid Plaster White block beside or over the photograph.
Forbidden: No gold, brass, bronze or other metallic colour or effect on any type, panel, rule, button or icon, and no black-and-gold treatment: the office rules out developer gold-and-black. No colour outside the six palette hexes for type, panels, rules, buttons or icons.
Photography: Photographs keep their own corrected, neutral colour and are never recoloured toward the palette. Cool does not mean blue: plaster whites stay neutral, blacks keep their detail, grass keeps its own green, and every sky and window view is the one captured in its frame, never dropped in. The colour prohibitions govern the design, not the photographs: the teak cladding and door of room_12.jpg and the steel range and tap of room_02.jpg stay as shot."
SB3-004-PHO,Verranza Coastal Retreats - Villa collection image system,Photo & Image,Verranza Coastal Retreats,"The cove, honestly","Luxury vacation rental collection of three villas above a cove, letting direct and to a small travel-agent trade channel, hospitality and travel.","Liguria, Italy; canonical context for the repeat-client series.","Verranza Coastal Retreats is the repeat client for this benchmark series. The canonical client context is Liguria, Italy, and this commission covers phase 1: villa image system and booking imagery.","Guests aged 35 to 60, American and Northern European families and groups of friends booking a whole house for a week, plus a small trade channel of travel agents working from printed rate cards. They pay for a real place and refuse anything that looks staged or cooked.","Upper-mid coastal rental, 520 to 780 euros a night in season. A restraint band, not a gloss band: honest light and true water rather than saturated marketplace glow, and firmly above budget literalism.","restrained, warm, authentic, unhurried, coastal, trustworthy","Verranza Blue #24425A · mandatory. Solid panels and grounds that carry Lime Wash type, the house name and display lines on Lime Wash grounds (as on agentcard_2025_print.pdf), and the ground the gate monogram is reversed out of.
Lime Wash #EFE9DC · mandatory. The main light ground (as on agentcard_2025_print.pdf), and all type or buttons reversed out of Verranza Blue.
Ligurian Stone #C4B5A0 · optional accent. Hairline rules and dividers only. Never a ground, panel or body text.
Olive Grove #6E7355 · optional accent. Small labels and dividers only. Never a ground, panel or body text.
Cove Water #4C7A8C · optional accent. Small labels, such as the footer line on agentcard_2025_print.pdf, and dividers. Never a ground, panel or body text.
Ink Charcoal #2A2925 · mandatory where body text sits on Lime Wash. Body text, rates and captions on Lime Wash grounds, as on agentcard_2025_print.pdf. Never a panel or ground.","Verranza Coastal Retreats runs the booking heroes in four steps. Step 01 is the house name in Canela Deck Light at 72 px on 78 px with tracking of minus 10 units, and its first letter is drawn to twice the cap height of the rest of the word, roughly 144 px, so Casa Oliveto opens on one tall C. Step 02 is the standfirst, also Canela Deck Light, at 26 px on 30 px with tracking of minus 4 units, with Light the heaviest weight the serif may take. Step 03 is body and the booking line in Untitled Sans Regular at 20 px on 30 px, tracking 0, held to a maximum of 65 characters. Step 04 is rates and captions in Untitled Sans Regular at 15 px on 22 px with tracking of plus 8 units and tabular lining figures. In the brochure the name is 34 pt, body 10 pt on 15 pt and rates 9 pt. No numeral is ever set in the serif, and there is no gold.","Each house name opens with an oversized Canela Deck Light initial at twice the cap height of the rest of the word, and no numeral is ever set in the serif.","Warm, plain and place-first. We name the stone, the water and the afternoon light, and we never oversell. Example line: 'Three houses above the cove, let by the family who has kept them.'","Honest representation of a real place, true water and true stone, and a family mark used quietly.","The collection has never had a logo file. The monogram exists only as the wrought-iron plate the village smith cut when the first house was bought, and all we hold is a photograph of it on the gate. The travel-agent rate cards survive only as the file the printer sent to press last year, with no working source.","Distribution: Grounds and panels are Lime Wash or Verranza Blue and nothing else. On Lime Wash, the house name, display lines and the booking-button label are Verranza Blue, and body text, rates and captions are Ink Charcoal, as on agentcard_2025_print.pdf. On Verranza Blue, all type is Lime Wash. The three accents are for hairline rules, dividers and small labels only, together no more than 5% of the designed, non-photographic area.
Opacity: Every palette colour is used solid, at 100% opacity. No tint, transparency, gradient, shadow or blend mode is applied to any palette colour, and no scrim, gradient or overlay of any colour, black and white included, is laid over a photograph: a text panel sits over or beside the photograph as a solid block.
Forbidden: No gold, bronze, copper, silver or other metallic effect on any type, panel, rule, button or icon, and no colour outside the six palette hexes for type, panels, rules, buttons or icons.
Photography: Photographs keep their own corrected colour and are never recoloured toward the palette. The Casa Scogliera pool in scogliera_pool.jpg stays pale turquoise and is not pushed toward the deep blue of verranza_pool.jpg or oliveto_pool.jpg."
SB3-005-PHO,Halcyon Quarter - Mixed-use launch photography,Photo & Image,Halcyon Quarter,"The evening, on the water","Off-plan residential development launch on a former rope works site, sold through a boutique brokerage with a partner lender, real estate and property.","Beckett Wharf, Providence, Rhode Island. Halcyon Quarter is fifty two apartments by the developer Kestrel and Vane, phase one releasing in seven weeks, sold by Harbor Crest Realty with Kestrel Home Lending as finance partner.","Halcyon Quarter is a fifty two apartment scheme by Kestrel and Vane on the old rope works site at Beckett Wharf. Phase one sells to professional downsizers leaving a family home nearby. What the scheme sells is the evening: warm rooms against a cool blue hour on the water, quiet and expensive rather than shiny, carried across the developer, the brokerage and the lender as one look.","Professional downsizers aged 50 to 65 leaving a house they have owned for thirty years within twenty miles. Discerning, unhurried, distrustful of shiny marketing, and likely to count windows when they visit the site.","Premium off-plan residential, apartments from 780 thousand to 1.45 million dollars. Positioned as quiet and expensive, above bright price-led property marketing and apart from investor rental stock.","quiet, expensive, warm, considered, restrained, grounded","Blue Hour #22304A · mandatory. Headings and body copy on Bone Paper, and the solid ground that type is reversed out of beside or over the photograph. The lender's 2025 payment card already sets its type in Blue Hour.
Canal Steel #3E5266 · optional, captions and fine print only. Captions, specification and fine print on Bone Paper, as the lender's 2025 card sets its small print. Never a ground, never a heading.
Lamp Warm #C99A5B · optional accent. Small labels and dividers only. Never a ground, never body copy.
Brass #A67C3D · optional accent. Hairline rules and dividers, as the Brass hairline on the lender's 2025 card, always flat. The brand's warm metal is Brass, never gold and never a metallic effect.
Rope Works Brick #8A5A44 · optional accent. Small labels and dividers only. Never a ground, never body copy.
Bone Paper #EDE7DB · mandatory. The page ground behind type, as on the lender's 2025 payment card, and type reversed out of Blue Hour.","Halcyon Quarter is built around the fit. Step 01 is the development name in Domaine Display Narrow Regular at 120 pt on 126 pt with tracking of minus 8 units on the A2 poster, optically sized to fill the text measure exactly, which is 380 pt across the 1200 mm hoarding and 68 px on the portal panel, always inside generous margins. Step 02 is the standfirst in the same face at 30 pt on 34 pt with tracking of minus 4 units. Step 03 is body in Graphik Regular at 12 pt on 17 pt, tracking 0, held to a maximum of 65 characters, and 20 px on the portal, with the price kept inside the sentence in tabular lining figures at 28 pt. Step 04 is captions, specification and credits in Graphik Regular at 9 pt on 13 pt with tracking of plus 10 units and tabular lining figures. A price is never set in Graphik Bold and never in a starburst.","The name is always optically sized to fill the full text measure exactly, from 380 pt on the hoarding to 68 px on the portal panel, so it is as wide as the piece allows every time.","Calm, assured and understated. Brass not gold, the water cold and the rooms warm, nothing shiny. We state the address, the light and the offer without overselling. Example line: 'Fifty two apartments on the water at Beckett Wharf, releasing this autumn.'","Honesty about an off-plan scheme (nothing shown that the building does not have) and one restrained look shared across developer, brokerage and lender.","The Kestrel and Vane monogram exists only as sign paint, brushed by the sign writer onto the site hoarding board, with a single photograph of it and no artwork file. The lender's payment cards survive only as the flat file their printer ran last spring, with no working source held by anyone, and every figure has since changed.","Distribution: Grounds behind type are Bone Paper or Blue Hour and nothing else, as solid blocks beside or over the photograph, the way the lender's 2025 payment card sets type on Bone Paper beside its photograph. Headings and body copy are Blue Hour on Bone Paper, or Bone Paper on Blue Hour; Canal Steel may carry captions and fine print on Bone Paper. Brass, Lamp Warm and Rope Works Brick are accents for rules, dividers and small labels: together no more than 5% of the designed, non-photographic area, never a ground and never body copy.
Opacity: Every palette colour is used solid, at 100% opacity; no tint, transparency, gradient, shadow or blend mode; no scrim, gradient or overlay of any colour, black and white included, laid over a photograph. The blue hour is graded into the photograph itself, and any text panel sits over or beside it as a solid block.
Forbidden: Brass, not gold, and nothing shiny, in the type, panels, rules, buttons, icons and monogram: no gold and no metallic, foil, gloss or sheen effect on any of them, Brass included. Flat Brass #A67C3D and Lamp Warm #C99A5B are palette colours, not gold. Photographs may hold warm lamplight and warm brick. No colour outside the six palette hexes for type, panels, rules, buttons, icons or the monogram.
Photography: Photographs keep their own corrected colour and are never recoloured or tinted toward a palette hex. The evening is made by grading: the water cold and the rooms warm, a blue hour, never a sunset. The interior frames are graded to the same evening as the exterior frames, by grading, not by a palette overlay."
SB3-006-PHO,Hollis Family Archive - [archival subject] archival restoration,Photo & Image,The Hollis Family Archive,"Nan, as she was","A private family archive of one woman, [archival subject], restored and framed for a home wall and a keepsake folio, not sold to anyone.","Assembled in 2026 at the family house in Vermont, New England, by three siblings in their sixties acting on behalf of twenty two relatives.","The archive holds nine photographs of [archival subject], who died in April at ninety nine, spanning roughly 1912 to 1974. It exists so that twenty two people who come home at Thanksgiving can hang one wall of her and carry one folio each. The standard is a museum label, not a memory book: honest, quiet, and true to what is actually in the photograph.",Three siblings commissioning on behalf of twenty two family members aged 8 to 74. Not a commercial audience: the work hangs in a family house and is judged by people who knew Ada.,"A private heritage commission of 650 to 1,600 dollars. The money buys restraint rather than effect: a true archival neutral, deep honest blacks, one photograph per page, generous margins, and visible respect for the grain and the paper each print is made of.","quiet, reverent, archival, honest, restrained, plain","Paper White #F5F1E9 · mandatory for the margin and caption ground on every share image. The only added ground: any margin added around a print, and any caption ground, as on the framer's 2019 caption card. An album page or scanner bed kept from a scan is part of the scan, not a ground. Never laid over a photograph.
Archive Black #191613 · mandatory for the sitter's name and the rule beneath it wherever a caption carries them. The sitter's name or title line in a caption and the 0.25 pt rule beneath the name, cut to the picture width. Never a ground or margin.
Museum Grey #6F6B64 · optional accent. The italic provenance line only, as on the framer's caption card. Never a ground and never the sitter's name.
Linen #D9D0C1 · optional accent. A hairline keyline around a photograph only, as around the thumbnail on the framer's caption card. Never a ground and never type.
Ink Charcoal #33302B · mandatory for caption body text. The place and date line, the names line and caption body on Paper White. Never a ground or margin.","The Hollis Family Archive sets four steps. Step 01, display and H1, is Financier Display Light at 34 pt on 38 pt leading, small caps tracked 140 thousandths, and carries the sitter's name, as in ADA HOLLIS; it is 34 px on screen, the oversized plate numeral sits alone in the left margin in the same face at 48 pt on that line's cap line, and a 0.25 pt Archive Black rule runs beneath, cut to exactly the picture width. Step 02, the subheading, is Financier Display Light at 18 pt on 21 pt, tracked 20 thousandths, for the place and date line, as in Brattleboro, Vermont, 1912; that size is the one figure the existing notes never stated, so it is set proportionate between the 34 pt head and the 9.5 pt caption, and it is never italic. Step 03, body, is Freight Text Pro Book at 9.5 pt on 13 pt leading, tracking 0, held to a maximum of 65 characters a line, as in: Studio card portrait, mounted on grey board, maker unrecorded. Step 04, fine print, is Untitled Sans Regular at 7.5 pt on 11 pt, tracked 60 thousandths, for accession codes only, as in HFA.1912.003 · flatbed scan, 2026.","Every card and folio page opens with a single oversized Financier Display Light plate numeral standing alone in the left margin, with the sitter's name beneath it in small caps over a hairline rule cut to exactly the width of the photograph.","Spare and factual, the voice of a caption card rather than a scrapbook. Example line the brand would write: ""[archival subject], Brattleboro, 1912. Studio card portrait.""","Identity is the whole point: whatever is really in the photograph stays in the photograph, and nothing is invented or tidied away.","There are no brand files. What survives is nine home flatbed scans, the daughter's catalogue and notes, and the Brattleboro framer's 2019 press PDF for the caption cards, of which six are already on the wall. The framer has retired, so the new cards must match his file rather than a live template.","Distribution: Paper White is the only added ground: any margin added around a print, and any caption ground, is Paper White and nothing else; an album page or scanner bed kept from a scan is part of the scan, not a ground. Type sits only on Paper White: the sitter's name in Archive Black; the place and date line, names and body in Ink Charcoal; the provenance line in Museum Grey; any accession code in Ink Charcoal. Museum Grey and Linen together cover no more than 5% of the designed, non-photographic area. Palette colours belong only to added margins, captions, rules and keylines, never inside a photograph.
Opacity: Every palette colour is used solid, at 100% opacity. No tint, transparency, gradient, shadow or blend mode is applied to any palette colour, and no colour, scrim or wash is laid over a photograph: a margin or caption sits outside the picture as a solid area.
Forbidden: No colour outside the five palette hexes (#F5F1E9, #191613, #6F6B64, #D9D0C1 or #33302B) for type, margins, rules or keylines, and no pure white margin in place of Paper White. No metallic, glow or other decorative colour effect: the commission buys restraint rather than effect.
Photography: Photographs keep their own corrected colour and are never recoloured toward the palette. The monochrome prints (hollis_scan_01.jpg to hollis_scan_05.jpg) stay monochrome and the colour prints (hollis_scan_06.jpg to hollis_scan_09.jpg) stay in colour: no colour print is converted to monochrome or sepia and no monochrome print is colourised; tonal matching across the set is allowed within each print's own colour. hollis_scan_06.jpg, which family_notes.txt says has gone very orange, is not warmed further to blend with the set."
SB3-007-PHO,Gable & Grove - Home services before-and-after library,Photo & Image,Gable & Grove Home Services,"Built to last, sold twice","Premium exterior renovation and garden build for old houses, sold job by job at the kitchen table.","A five person firm working the Litchfield Hills of Connecticut, owner led, running full exterior renovations and garden builds.","Gable & Grove takes on full exterior renovations and garden builds between roughly 45,000 and 120,000 dollars a project. Everything is sold twice, once on the website and once out of a quote pack on somebody's kitchen table, so the work has to look like exactly what the firm delivers and no more. The proof is the before and after, and the before has to stay honest.","Households aged 45 to 65 with old houses and long time horizons, choosing between two or three bids and buying on trust rather than on price.","45,000 to 120,000 dollars a project. At this band the finish reads cool, calm and material: real neutral stone, deep honest blacks, one photograph doing the work, generous white space, and a mark that behaves like a maker's stamp rather than a sales badge. Never a supermarket flyer, never developer marketing.","crafted, understated, honest, durable, calm, material","Grove Green #1E3A2F · optional accent. The season line and small accents, as on the retired press card, and the only green allowed on any deliverable. Never a ground behind type.
Stone Neutral #C9C3B8 · optional accent. A plate or mat behind a photograph, as under the photograph well of the retired press card, and hairline dividers. Never a type colour or a ground behind type.
Honest Black #17140F · mandatory. The job name, scope and all other body type on Bone, the GABLE & GROVE wordmark, and the 1.5 pt rule locked directly beneath it.
Slate #4A4E4C · optional accent. The location line, fine print and hairline dividers on Bone, as on the retired press card. Never a ground.
Bone #EDE9E1 · mandatory. The ground behind all type on every case-study panel and on the estimate-pack cover: the generous white space the brand asks for, printed as the Bone stock of the retired press card.","Gable & Grove sets four steps. Step 01, display and H1, is Austin Medium at 64 px on 68 px leading, tracked minus 8 thousandths, for the panel headline, as in Full exterior renovation, Ridge Road; the wordmark lockup sets in the same face, GABLE & GROVE in caps tracked 160 thousandths, centred over a 1.5 pt Honest Black rule cut to exactly the wordmark width. Step 02, the subheading, is Austin Medium at 40 px on 46 px, tracking 0, for the project name, as in Limestone pergola, dry stone terrace, planting, and it sets at 30 pt on 34 pt on the A4 estimate cover, centred on the same axis. Step 03, body, is Whitney Book at 20 px on 30 px leading, tracking 0, held to a maximum of 65 characters a line for scope, as in: Old growth cedar, hand sawn, set on a dry laid stone base; in the printed quote pack it is 10.5 pt on 14 pt, and the price takes Whitney Semibold at the same size. Step 04, fine print, is Whitney Book at 14 px on 20 px, tracked 30 thousandths, as in Estimate valid ninety days. Litchfield Hills, Connecticut; that size is the one figure the existing notes never stated, set proportionate under the 20 px scope line.","GABLE & GROVE always centred in Austin Medium caps tracked 160 thousandths with a 1.5 pt rule locked directly beneath at exactly the wordmark width, and every project card centred on that same vertical axis.","Plain and confident, the voice of a builder who does not oversell. Example line the brand would write: ""Full exterior renovation, Ridge Road. Limestone pergola, dry stone terrace, planting.""","Honest befores are non negotiable, and the finish should read as ordered restraint rather than as an improved photograph.","The mark is a problem the firm names openly: the sign writer who drew it is gone, and all that survives is a picture file he emailed once and a photograph of the mark hand painted on the firm's truck door. The project cards survive only as the retired printer's press PDF. Yard signs print in the deep Grove Green.","Distribution: Bone #EDE9E1 is the only ground behind type. Type is Honest Black #17140F on Bone, with Slate #4A4E4C allowed for the location line and fine print, and Grove Green #1E3A2F for a season line or a small accent. Grove Green, Slate and Stone Neutral #C9C3B8 together cover no more than 5% of the designed, non-photographic area, and none of them is a ground behind type.
Opacity: Every palette colour is used solid, at 100% opacity. No tint, transparency, gradient, shadow or blend mode is applied to any palette colour, and no coloured scrim is laid over a photograph.
Forbidden: No green other than Grove Green #1E3A2F, and nothing brighter; no glow or drop shadow on type, panels or the mark; no colour outside the five palette hexes for type, panels, rules, buttons, icons or the mark.
Photography: Photographs keep their own corrected colour and are never recoloured toward the palette. Befores stay exactly as they came off the phone, so the warm limestone of ridge_road_before.jpg is not cooled to match ridge_road_after.jpg. Afters get no fake blue sky, no cranked-up green grass and no glow: the faint green cast of cornwallbridge_after.jpg is removed, not pushed toward Grove Green, and the pale overcast sky of ridge_road_after.jpg is kept, not replaced."
SB3-008-PHO,Meridian Motors - Showroom vehicle image system,Photo & Image,Meridian Motors,"Certified, and nothing to hide",Certified pre-owned car dealership taking roughly six vehicles a week onto the lot.,"An independent certified pre-owned dealership in Portland, Maine, photographing every car in house across three lot bays.","Meridian Motors sells certified pre-owned vehicles between 22,000 and 38,000 dollars to families replacing an ageing car. The listings are the whole business, and the visual argument is simple: this is an orderly operation with nothing to hide. Every car should look as if it were photographed in one clean, evenly lit showroom, with honest paint and legible plain information.","Buyers aged 30 to 55 replacing a ten year old family car, deciding on trust before they decide on the vehicle.","22,000 to 38,000 dollars certified pre-owned. The treatment is an even, neutral, well lit showroom white with the full vehicle in frame and honest colour. Never a dark dramatic studio look, which reads as evasive at this price, and never hot saturated pictures with starbursts and a price slash, which read as a buy here pay here lot.","organised, honest, plain, trustworthy, orderly","Meridian Navy #1F2A3A · mandatory. Prices, the year, make and model heading, labels and the dealership name, set on Showroom White, as meridian_window_card_autumn.pdf sets its price, labels and masthead. Also the only colour allowed as a band, panel or seal ground, carrying reversed Showroom White type or meridian_roundel_reversed.svg.
Showroom White #F6F7F8 · mandatory. The ground behind all type on every card and on the campaign, as on meridian_window_card_autumn.pdf, and the colour of type reversed out of Meridian Navy.
Graphite #2E3237 · mandatory where body text sits on Showroom White. Mileage and listing detail on Showroom White, as meridian_window_card_autumn.pdf sets its body values, and fine print unless it is set as the one small muted Steel Grey line. Never a ground or panel.
Compass Teal #3C6E71 · mandatory wherever a price appears. The 1 pt rule the price seats on, running the full card width, and other hairline rules, as under the masthead of meridian_window_card_autumn.pdf, and the compass needles of a certification seal, as on the seal of meridian_window_card_autumn.pdf. Never a ground or a type colour.
Steel Grey #9AA1A8 · optional accent. Thin keylines, box rules and the photo-well border, the one small muted dealer line, and small seal lettering on Meridian Navy, as on meridian_window_card_autumn.pdf. Never a ground, and never the colour of a price, heading or body text.","Meridian Motors sets four steps. Step 01, display and H1, is Publico Banner Bold at 68 px on 72 px leading, tracked minus 10 thousandths in tabular lining figures, and it is the price, as in $24,900; 68 px is the ceiling and no price goes above it, the dollar sign runs at sixty percent of numeral height raised to the figure tops, and the figure seats on a 1 pt Compass Teal rule running the full card width. Step 02, the subheading, is Publico Banner Bold at 44 px on 50 px, tracked minus 5 thousandths, for year, make and model, as in 2017 Calder Kestrel, Certified, with the compass roundel wordmark in the same face at 22 px tracked 40 thousandths on the firm's own collateral only. Step 03, body, is Source Sans 3 Regular at 26 px on 38 px leading, tracking 0, held to a maximum of 65 characters a line for mileage and listing detail, as in: 68,400 miles. One owner. Certified 172 point inspection. Step 04, fine print, is Source Sans 3 Regular at 20 px on 30 px, tracked 20 thousandths, for disclosure, as in Price excludes tax, title and registration. Portland, Maine, and it sets at 9 pt on 13 pt in print.","The price is always Publico Banner Bold tabular lining figures with the dollar sign shrunk to sixty percent of numeral height and raised to the figure tops, seated on a 1 pt Compass Teal rule running the full card width.","Straightforward and unadorned, the voice of a desk that states the facts. Example line the brand would write: ""2017 Calder Kestrel, 68,400 miles. Certified. 24,900 dollars.""","Order and honesty above effect: the listing is the vehicle a buyer will walk around in person, so it must show the real car, plainly.","The only mark on file is the compass roundel as the sign shop supplied it years ago, a small flat raster on a white square at signage thumbnail size, which has never mattered until now. The window cards survive only as the retired printer's press PDF, and the room now hand writes them. The roundel belongs on the firm's own collateral and never on a marketplace primary.","Distribution: Showroom White #F6F7F8 is the ground behind all type on every card and on the campaign. Meridian Navy #1F2A3A is the only other ground, for a band, panel or seal carrying reversed type, and never sits behind a vehicle. Prices, mileage and listing detail always sit on Showroom White, never on a Meridian Navy band. On Showroom White, prices, headings, labels and the dealership name are Meridian Navy, mileage and listing detail are Graphite, and fine print is Graphite or, as the one small muted line, Steel Grey. On Meridian Navy, type is Showroom White, except small seal lettering, which may be Steel Grey as on the certification seal of meridian_window_card_autumn.pdf. Compass Teal and Steel Grey are for rules, keylines, seal detail (that seal's Compass Teal compass needles and Steel Grey lettering) and one small muted line only, together no more than 5% of the designed, non-photographic area.
Opacity: Every palette colour is used solid, at 100% opacity. No tint, transparency, gradient, shadow or blend mode is applied to any palette colour, and no scrim, gradient or overlay of any colour, black and white included, is laid over a photograph: a band, panel or seal sits beside or over the photograph as a solid block.
Forbidden: No starburst, no price slash and no hot saturated sale colour on any type, panel, rule, button or icon, which read as a buy here pay here lot; no dark dramatic studio ground behind a vehicle; and no colour outside the 5 palette hexes for type, panels, rules, buttons or icons; the supplied roundel artwork (meridian_roundel_transparent.svg, meridian_roundel_reversed.svg, meridian_roundel_transparent.png and meridian_roundel_reversed.png) keeps its own colours.
Photography: Photographs keep their own corrected colour and are never recoloured toward the palette. The three bays' casts (warm apron, yellow-orange wash bay, dim cool-green back row) are corrected to one even, neutral showroom white, but each car keeps its true paint: the Ardmoor Ridge stays deep red and does not swing orange, the black Brookmere Sable keeps its shadow-side detail, and the pale rooflines of the white Norsted Alta and the silver Calder Kestrel are not clipped into the background."
SB3-009-PHO,OSTRA - Restaurant plate photography system,Photo & Image,OSTRA,"Quiet, dark, unhurried","A contemporary seasonal tasting counter, twenty two seats around the pass, one menu a night, four nights a week.","A twenty two seat tasting counter on the coast of New England, one seasonal menu at 135 dollars a head served four nights a week.","OSTRA is a counter, not a dining room: guests sit around the pass for one seasonal tasting menu at 135 dollars a head. The room is near black, spare and unhurried, and the photography is meant to feel like walking into it rather than like an advertisement. One plate at a time, on a dark ground, with light that still reads as light.","Guests aged 30 to 55 booking an occasion around six weeks ahead, who expect calm and consideration rather than volume.","A 135 dollar seasonal tasting counter. The grammar is a near black ground, one plate per frame, generous emptiness, restrained saturation, and speculars on sauce and glass that read as light rather than as blown white or flat grey. Never a bright, crowded bistro look, and never near monochrome art photography in which the food cannot be read.","quiet, dark, restrained, precise, unhurried, occasion","Near Black #0E0E0F · mandatory on the menu announcement and the reservation story. The page ground of the menu announcement and the reservation story, and the ground Bone type sits on. On the dish tiles it is used only for a band or panel behind the caption, if there is one.
Slate Pass #1C1E20 · optional ground. An alternative to Near Black for a band or panel behind type, matching the slate pass in the photographs. Never a type colour.
Ash Grey #5A5A5C · optional accent. Thin dividers or outlines; on a Bone ground only, small fine print, as the date line on ostra_menu_card_autumn.pdf. Never a ground, and never type on Near Black, Slate Pass or a photograph.
Bone #E6DFD2 · mandatory. The wordmark, the house mark reproduced from ostra_house_mark_plate.jpg as a flat mark, every course title and caption, every detail line, any fine print and the booking or reservation action. On the menu announcement and the reservation story it sits only on Near Black or Slate Pass; on the dish tiles the caption may also sit on the dark slate of the photograph.
Subdued Brass #9C8459 · mandatory where the wordmark appears. The 0.4 pt hairline under the O S T R A wordmark, cut to exactly the wordmark width, and at most a small label, as the pairing-flight label on ostra_menu_card_autumn.pdf. Never a ground, panel, button, wordmark, house mark or course title.","OSTRA sets four steps. Step 01, display and H1, is Recife Display Light at 52 px on 56 px leading, tracked minus 10 thousandths, for the announcing course title, as in Oyster, cucumber, elderflower; the wordmark sets in the same face, O S T R A in caps tracked 320 thousandths, centred over a 0.4 pt Subdued Brass hairline cut to exactly the wordmark width. Step 02, the subheading, is Recife Display Light at 40 px on 44 px, tracked minus 5 thousandths, for the dish tile course title, as in Hake, brown butter, sea kale, and it sets at 15 pt on 21 pt on the printed guest card. Step 03, body, is Suisse Int'l Light at 22 px on 32 px leading, tracked 60 thousandths, Bone on Near Black, held to a maximum of 65 characters a line, as in: Five courses. One seating. Please arrive as the light goes; that 60 thousandths is the brand's own figure and is kept rather than closed to zero. Step 04, fine print, is Suisse Int'l Light at 16 px on 24 px, tracked 80 thousandths, as in Twenty two seats. Four nights a week. Bookings six weeks ahead; that size is the one figure the existing notes never stated, set proportionate under the 22 px detail line.","The wordmark is always O S T R A in Recife Display Light caps tracked 320 thousandths, open enough that the five letters nearly come apart, centred over a 0.4 pt brass hairline cut to exactly the wordmark width.","Spare and understated, the voice of a room that lets the plate speak. Example line the brand would write: ""Five courses. One seating. Please arrive as the light goes.""","Honesty of the room and one plate at a time: the photographs are this kitchen's real plates, and restraint is what the guest is paying for.","There are no editable brand files. The per guest menu card survives only as the old printer's press PDF, and the printer has been lost, so the room hand writes about forty cards a night. A dark mode site reference screengrab was supplied as mood only, and course titles come spelled as the kitchen spells them.","Distribution: The page ground of the menu announcement and the reservation story is Near Black, and Slate Pass may be a band or panel behind type. On the menu announcement and the reservation story, type sits only on Near Black or Slate Pass; on the dish tiles, the caption may sit on the photograph's own dark slate or on a Near Black or Slate Pass band. The wordmark, the house mark, course titles, captions, detail lines, fine print and the booking or reservation action are Bone, and no type sits over the plate or the food. Ash Grey is never type on these dark pieces, only thin dividers or outlines, and Subdued Brass is only the wordmark hairline or a small label; together they cover no more than 5% of the designed, non-photographic area and are never a ground.
Opacity: Every palette colour is used solid, at 100% opacity. No tint, transparency, gradient, shadow, glow or blend mode is applied to any palette colour or to type, type carries no outline stroke, and no scrim, gradient or overlay of any colour, black and white included, is laid over a photograph: a band behind type is a solid block. Every export is fully opaque, because the delivery platforms put every picture on a white card.
Forbidden: No colour outside the five palette hexes for type, panels, rules, buttons or icons; the old press card's Warm-Ink #3A2A22 is not a palette colour. Subdued Brass is a flat colour, never a metallic, foil or gradient effect. No bright or saturated accent colour: never the bright, crowded bistro look.
Photography: Photographs keep their own corrected colour and are never recoloured toward the palette, toned to near monochrome or pushed to bright saturation. The slate in the photographs keeps its own tone and texture and is not crushed or recoloured to the Near Black hex. The thirteen frames read as one room under one white balance. The one white balance is neutral: pale plates read neutral, neither green, cool nor candle-warm. Speculars on sauce and glass read as light, not as flat grey."
SB3-010-PHO,Northgrove - Apparel colorway image system,Photo & Image,Northgrove,Better than it looks in the price.,"Elevated basics apparel: a six style seasonal capsule sold direct online and through one marketplace feed, including a supporters' crew made with a local amateur football club.","Burlington, Vermont; canonical context for the repeat-client series.","Northgrove is the repeat client for this benchmark series. The canonical client context is Burlington, Vermont, and this commission covers phase 1: apparel colour and ecommerce proofing.","Women and men aged 22 to 38 choosing on a phone, cross shopping against a 9 dollar fast fashion tee and a 140 dollar heritage one, buying a 32 to 60 dollar piece they expect to keep.","Elevated basics at 32 to 60 dollars. We sit above fast fashion and below heritage. The whole proposition is that the cloth is better than the price suggests, so nothing may read as cheaper or as more luxury than the parcel actually is.","honest, quiet, considered, warm, unfussy, durable","Charcoal #2E2E2C · mandatory. All type, rules and the NORTHGROVE wordmark on Off White, Oat or Warm Grey Paper, as the Charcoal text and rules on northgrove_colourcard.pdf.
Warm Grey Paper #C9C4BA · optional. The warm grey seamless the six garments were photographed on: it may stay inside a photograph, fill a frame behind one (the swatch window on northgrove_colourcard.pdf) or be a secondary panel under Charcoal type on the Off White ground. Not the ground of a product-page module or carousel page.
Olive #6B7248 · mandatory in the mark's leaf on light grounds; otherwise optional accent. The olive leaf of the Northgrove mark, and small labels such as the season line on northgrove_colourcard.pdf. Never a ground, panel or body text.
Oat #E4DCCB · optional. A secondary panel or band on the Off White ground that carries Charcoal type. Not the ground of a product-page module or carousel page.
Club Navy #1B2A44 · optional, only for supporters' crew content. A ground only behind the supporters' crew or its line “Made with Rowanfield Athletic.”, since northgrove_placements.txt ties navy to the club. Everything on it, type and the whole reversed mark, is Off White.
Off White #F5F2EC · mandatory. The ground of every product-page module (northgrove_placements.txt) and of every carousel page, as the stock of northgrove_colourcard.pdf, apart from Club Navy behind supporters' crew content; also all type and the reversed mark on Club Navy.","Northgrove sets four steps. Step 01, display and H1, is GT Super Display Bold at 96 px on 102 px leading, tracked minus 20 thousandths, for the carousel headline, as in The loopback crew, back in oat; the wordmark sets here in the same face at that same closed tracking, NORTHGROVE in caps with the letters almost touching as one solid charcoal block and the olive leaf locked at cap height one leaf width to its left. Step 02, the subheading, is GT Super Display Bold at 56 px on 62 px, tracked minus 10 thousandths, for the style name, as in Loopback Crew, Oat. Step 03, body, is Freight Sans Pro Book at 20 px on 32 px leading, tracking 0, held to a maximum of 65 characters a line for cloth notes and colourway names, as in: Loopback cotton, dyed in small lots, made to soften with wear; the price takes Freight Sans Pro Medium at 24 px. Step 04, fine print, is Freight Sans Pro Book at 14 px on 20 px, tracked 40 thousandths, as in Burlington, Vermont. Free returns within thirty days; that size is the one figure the existing notes never stated, set proportionate under the 20 px body. The headline to body jump stays near five to one.","NORTHGROVE is always all caps GT Super Display Bold with tracking closed to minus 20 thousandths so the letters almost touch and read as one solid charcoal block, with the olive leaf locked at cap height one leaf width to its left.","Plain, specific, a little dry. We name the cloth and the cut and leave the adjectives out. Example line the brand would write: 'Loopback cotton, dyed in small lots, made to soften with wear.'","Honesty between the picture and the product, and small batch cloth that earns its price.","Our olive leaf glyph and charcoal wordmark only survive as a picture lifted off an old lookbook page. The studio that drew them has closed and no one has the source file, so the mark needs recovering as real artwork before it can go on cards or launch pieces.","Distribution: Grounds: Off White #F5F2EC is the ground of every product-page module and of every carousel page, as the stock of northgrove_colourcard.pdf; Oat #E4DCCB and Warm Grey Paper #C9C4BA may be secondary panels or bands on it; Club Navy #1B2A44 is a ground only behind supporters' crew content. Type: Charcoal #2E2E2C on Off White, Oat and Warm Grey Paper, as on northgrove_colourcard.pdf; Off White on Club Navy. Olive #6B7248 is the accent for the mark's leaf and small labels only, no more than 5% of the designed, non-photographic area, never a ground, panel or body text.
Opacity: Every palette colour is used solid, at 100% opacity. No tint, transparency, gradient, shadow or blend mode is applied to any palette colour, and no scrim, gradient or overlay of any colour, black and white included, is laid over a photograph: any text panel is a solid block beside or over the photograph.
Forbidden: No colour outside the six palette hexes (#2E2E2C, #C9C4BA, #6B7248, #E4DCCB, #1B2A44 and #F5F2EC) for type, panels, rules, buttons, icons or the mark, pure white #FFFFFF and pure black #000000 included; no gold, foil, metallic or gloss effect, since nothing may read as cheaper or as more luxury than the parcel actually is.
Photography: Photographs keep the colour each garment was photographed in, apart from neutralising the shoot's light, and are never recoloured toward a palette hex or another colourway; no recoloured colourway variant is shown as a product. The tee in northgrove_style_02_heavy_tee.jpg is not pushed to the palette's Olive #6B7248, the crew in northgrove_style_01_loopback_crew.jpg and the henley in northgrove_style_04_henley.jpg are not pushed to the palette's Oat #E4DCCB, and the raglan in northgrove_style_03_raglan.jpg is not pushed to Charcoal #2E2E2C. Palette rules govern the design, not the pixels of a photograph."
SB3-011-PHO,Lumora - Lip oil shade concept set,Photo & Image,Lumora,"Shade first, honestly.","Direct to consumer colour cosmetics: one lip oil launching in a seven shade range, sold shade first on mobile with a small retailer feed alongside.","Los Angeles, California; canonical context for the repeat-client series.","Lumora is the repeat client for this benchmark series. The canonical client context is Los Angeles, California, and this commission covers phase 1: pre-production lip-oil colour concepts.","18 to 32 year olds discovering us on social and buying shade first on a phone, cross shopping a 6 dollar drugstore oil and a 38 dollar prestige one.","A 24 dollar lip oil. We want to look more expensive than we are while staying honest, so the treatment is bright, clean and daylight neutral, never moody prestige and never blown out drugstore.","bright, clean, playful, confident, modern, honest","Amber Hour #C8792E · optional accent; mandatory only as the Amber Hour card's swatch dot. The swatch dot of the Amber Hour card, and small accents only. Never a ground, a panel, a rule or type.
Warm Ink #3A2A22 · mandatory. All type on Soft Cream or Clear Glass: the shade name, finish line, body, ingredient line, tagline and the concept-colour notice, as the template sets its name, finish, ingredient line and tagline. Never a ground or large panel.
Soft Cream #F7F0E6 · mandatory. The ground of every retailer shade card, as on lumora_shadecard_template.pdf, and of the product-page module, which lumora_placements.txt sets on Soft Cream; the main light ground of every other design. Also type reversed out of a dark photograph.
Brushed Gold #C6A268 · mandatory on the retailer shade cards; optional accent elsewhere. The hairline rule, the price and the small LUMORA brand line on the shade card, as on lumora_shadecard_template.pdf; elsewhere only rules, prices and small labels. Never a ground, a panel or body text.
Rosewood #9E5B57 · optional accent; mandatory only as the Rosewood card's swatch dot. The swatch dot of the Rosewood card, and small accents only. Never a ground, a panel, a rule or type.
Clear Glass #EDE7DE · optional. A secondary light panel or tile, for example behind a bottle, carrying Warm Ink type. Never type, and never the ground of the shade card.","Lumora runs two faces and a monospace for figures. Step 01 is the shade name in Abril Fatface Regular at 96 pt on 101 pt leading, tracking -0.02 em, one lowercase word blown up to roughly five times the body size so the fat strokes nearly touch the card edge, 160 px on screen. Step 02 is the finish line, also Abril Fatface Regular, at 18 pt on 20 pt, tracking -0.01 em. Step 03 is body in Inter Regular at 7.5 pt on 10 pt, tracking 0, measure capped at 65 characters, which becomes 18 px on 28 px on screen. Step 04 is fine print, prices, shade codes and the concept colour notice, in Söhne Mono Regular at 6 pt on 9 pt, tracking 0.03 em. Shade names are never capitalised and no numeral is ever set in Abril Fatface.","The shade name is always one oversized lowercase word in Abril Fatface, blown up to roughly five times the body size so the fat strokes nearly touch the card edge, while every numeral stays in a monospace face.","Warm, direct, a bit fun, never overclaiming. We describe the finish and let the shade speak. Example line the brand would write: 'A sheer wash of colour, a proper shine, no stickiness.'","That the shade on the screen is the shade on the lip, and that a launch can look premium without pretending to be prestige.",The wordmark and shade lockups exist as working digital files. There is no printed guideline; the carton photograph we have was shot under shop light and should not be trusted as a colour reference.,"Distribution: Designed grounds and panels are Soft Cream #F7F0E6, the only ground on the shade card and the product page, or Clear Glass #EDE7DE as a secondary light panel; Warm Ink is never a ground, keeping the look bright and daylight neutral. Type is Warm Ink #3A2A22, as on lumora_shadecard_template.pdf; the price, the hairline rule and the small LUMORA brand line are Brushed Gold #C6A268, as on the template; type set directly on a dark part of a photograph may be Soft Cream. Amber Hour #C8792E and Rosewood #9E5B57 appear only as their own shades' swatch dots or as small accents. Brushed Gold, Amber Hour and Rosewood together cover no more than 5% of the designed, non-photographic area and are never a ground, a panel or body text. Each shade's own concept colour may fill that shade's swatch dot or chip; it is not a palette colour and is used nowhere else in the design.
Opacity: Every palette colour is used solid, at 100% opacity. No tint, transparency, gradient, shadow or blend mode is applied to any palette colour, and no scrim, gradient or overlay of any colour, black and white included, is laid over a photograph: type or a panel sits on or beside the photograph as a solid colour. The one exception is the shade card's swatch dot, which may keep the shaded fill and the faint Warm Ink edge ring at 14% opacity that it carries on lumora_shadecard_template.pdf, in that shade's own colour.
Forbidden: No colour outside the six palette hexes (#C8792E, #3A2A22, #F7F0E6, #C6A268, #9E5B57 and #EDE7DE) for type, grounds, panels, rules, buttons or icons; the only other colour in the design is each shade's own concept colour in its swatch dot or chip. Brushed Gold #C6A268 is a flat solid colour, with no gradient, shadow or blend, per the opacity rule. No dark, moody ground.
Photography: Photographs keep their own bright, daylight-neutral colour and are not recoloured toward the palette. The Amber Hour oil stays as photographed and is not pushed toward the Amber Hour swatch #C8792E. lumora_carton_flat.jpg is never a colour reference: nothing is matched to its fluorescent cast or gloss bloom."
SB3-012-PHO,Kilnmore - Ceramic ecommerce image system,Photo & Image,Kilnmore,The glaze is the argument.,"Matte glaze stoneware: a two person studio selling direct, through a national handmade marketplace, and on consignment in six independent shops.","Portland, Maine; canonical context for the repeat-client series.","Kilnmore is the repeat client for this benchmark series. The canonical client context is Portland, Maine, and this commission covers phase 1: ecommerce product image system.","Buyers aged 30 to 55 who buy craft and buy a specific glaze, reading the piece and its finish before they order.","Considered handmade stoneware at 38 to 95 dollars a piece. Above mass import homeware, below gallery ceramics. The house look is neutral and airy with the glaze true to the piece in the hand, never punchy and saturated, never near black gallery styling.","quiet, considered, handmade, warm, honest, unhurried","Warm Grey House Ground #CFC7BB · mandatory where kilnmore_notes.txt places it. The house ground kilnmore_notes.txt names; elsewhere an optional ground or panel. Never a type colour.
Celadon Drift #9FB3A2 · optional accent. Only the glaze swatch for pieces in the Celadon Drift glaze, as the colour band on kilnmore_shelf_card.pdf. Never a ground, panel, rule or type colour.
Oatmeal #E3DBCB · optional ground and glaze swatch. A light ground or solid panel, and the glaze swatch for pieces in the Oatmeal glaze. Never a type colour.
Bone #EFE9DD · optional ground and glaze swatch. A light ground or solid panel, as behind the picture block on kilnmore_shelf_card.pdf, and the glaze swatch for pieces in the Bone glaze. Never a type colour.
Iron Slip #3B342B · mandatory. All type, the Kilnmore mark, and the 0.75 pt rule under every piece name and every wordmark or section head set as type in Marcellus, as the glaze line and foot wordmark on kilnmore_shelf_card.pdf; also the glaze swatch for pieces in the Iron Slip glaze. Never a ground or panel.
Kiln Rust #9A5A3C · optional accent. Only the glaze swatch for pieces in the Kiln Rust glaze. Never a ground, panel, rule or type colour.","Kilnmore pairs Marcellus with Untitled Sans. Step 01 is the piece name in Marcellus Regular at 56 px on 62 px leading, tracking -0.01 em, with the 0.75 pt Iron Slip rule cut to the exact width of the name and sitting 4 pt beneath it, and the same name runs 24 pt on the A4 sheet. Step 02 is the wordmark and section head, also Marcellus Regular, at 34 px on 40 px, tracking 0, carrying the same rule. Step 03 is body, the glaze names and specs, in Untitled Sans Regular at 20 px on 30 px, tracking 0, measure capped at 65 characters, tabular figures. Step 04 is fine print, dimensions, price and care line, in Untitled Sans Regular at 14 px on 21 px, tracking 0.03 em, tabular figures. The rule never overhangs the word it sits under.","A 0.75 pt Iron Slip rule, cut to exactly the width of the word above it and never wider, sits under every wordmark and every piece name set in Marcellus.","Plain, grounded, specific about material and process. We name the glaze, the form and the firing and stop there. Example line the brand would write: 'Wheel thrown stoneware, matte celadon, oxidised recesses left dark.'","Truth to the glaze in the buyer's hand, and the craft of small batch stoneware.",The only clean copy of our mark left is the printed wrapping tissue we wrap orders in. The wordmark and enclosed kiln arch device need recovering from that photograph as placeable artwork; there is no source file.,"Distribution: Grounds and panels are Warm Grey House Ground, Bone or Oatmeal. All type, the Kilnmore mark and the 0.75 pt rule are Iron Slip. A glaze swatch is a solid chip or band in the palette hex of the glaze it labels (Celadon Drift, Bone, Oatmeal, Iron Slip or Kiln Rust), as the Celadon Drift band on kilnmore_shelf_card.pdf; a glaze with no palette hex gets no swatch. Swatches together take no more than 20% of any output's area and never sit behind photography.
Opacity: Every palette colour is used solid, at 100% opacity. No tint, transparency, gradient, shadow or blend mode is applied to any palette colour, and no scrim, gradient or overlay of any colour, black and white included, is laid over a photograph.
Forbidden: No near-black or dark ground and no gallery styling: Iron Slip is never a ground or panel. No punchy or saturated colour in the design, and no colour outside the six palette hexes for type, the mark, grounds, panels, rules, swatches, buttons or icons; no hex is made up for a glaze the palette does not name.
Photography: Photographs keep the true colour of each piece in the hand and are never recoloured toward the palette: the glaze hexes label glazes and are not grading targets, so no celadon is pushed greener or toward Celadon Drift #9FB3A2. The raw wooden bench around a glaze close-up, as in kilnmore_glaze_macros_01.jpg, keeps its own wood colour and is not taken green by a whole-frame correction."
SB3-013-PHO,Argent & Faith - Spring jewelry capsule photography,Photo & Image,Argent & Faith,Let the metal do the work.,"Independent silver jewellery studio: a two bench workshop putting out a ten piece capsule each season, sold direct and through eleven independent stockists.","Founded 2016, a two bench silver studio in Providence, Rhode Island, run by two makers.","Argent & Faith is a two bench silver studio. Nora cuts and pierces, her partner finishes and sets, and we put out ten considered pieces a season: open bands, a pierced medallion, a signet, a reliquary locket. We sell direct and through eleven independent shops. The negative space in a band or a piercing is the design, so how a piece is made and photographed matters as much as what it costs.","Buyers aged 28 to 55, Northeast urban and coastal, buying one considered piece for themselves or as a milestone gift and reading the metal and dimensions before purchase.","Fine but accessible silver at 180 to 900 dollars a piece. Above high street silver, below designer gallery jewellery. At this tier the tile is mostly air, the piece sits small and centred, the type is quiet and provenance reads as editorial copy.","quiet, considered, crafted, restrained, honest, enduring","Sterling #C7C9CB · optional accent. Hairline rules and dividers only. Never a ground, panel or type, and never a flat colour the photographed silver is pushed toward.
Oxidised Recess #2B2B2E · mandatory where a provenance line is set. The provenance line, as on provenance_card_2026_PRINT.pdf, and optionally the fine print: metal finish, dimensions, piece number and price. Type only, never a ground, panel or bar.
Warm Ivory Ground #EFE7D9 · mandatory on every product detail. The ground of every 1440 by 1800 px product detail tile. On the poster and look sheet it may be a page or panel ground, or the field a piece photograph sits in, as the field behind the piece photograph on provenance_card_2026_PRINT.pdf.
Paper White #F6F4EF · optional ground. A page or card ground on the poster and look sheet, as the card ground on provenance_card_2026_PRINT.pdf. Not the ground of a product detail tile.
North Window Grey #B9BBB8 · optional accent. Hairline rules and dividers only. Never a ground, panel or type, and never a flat colour the photographed silver is pushed toward.
Ink #1E1C1A · mandatory. Display type: the ARGENT & FAITH wordmark, the campaign line and every piece name, and the maker's mark, as the piece name and foot mark on provenance_card_2026_PRINT.pdf. May also set fine print. Never a ground, panel or bar.","Argent & Faith pairs Italiana with Suisse Int'l. Step 01 is the wordmark and campaign line in Italiana Regular, all capitals, at 96 pt on 106 pt leading, tracked to 0.24 em, with the ampersand set at three times the cap height and dropped so its bowl crosses the baseline, and the same line runs 44 px on the 1440 by 1800 px modules. Step 02 is the piece name, also Italiana Regular in capitals, at 34 pt on 38 pt, tracked 0.18 em, since only the wordmark carries the full 0.24 em. Step 03 is body, the provenance line, in Suisse Int'l Regular at 11 pt on 15 pt, tracking 0, measure capped at 65 characters, tabular figures, which becomes 18 px on 28 px on the modules. Step 04 is fine print, the piece number, dimensions and price, in Suisse Int'l Regular at 8 pt on 12 pt, tracking 0.04 em. A price is never set in Italiana.","The ampersand is always set at three times the cap height of ARGENT & FAITH and dropped so its bowl crosses their baseline, inside a wordmark tracked to 0.24 em.","Spare, precise, provenance led. We write in Nora's own plain words about how a piece was made. Example line the brand would write: 'Hand sawn and pierced, sterling silver, oxidised and hand finished at the bench.'","Honest metal and honest making, and negative space treated as the design rather than a gap.","Our maker's mark exists only as an engraving in the steel bench block Nora's teacher cut for her, and nowhere else. There is no file and no one to ask, so the mark needs recovering from a photograph as artwork that stays true to the original rather than a tidier version of it.","Distribution: Flat grounds and panels are Warm Ivory Ground or Paper White and nothing else: every product detail tile is grounded in Warm Ivory Ground, and Paper White serves as a page or card ground on the poster and look sheet, as on provenance_card_2026_PRINT.pdf. All type and the maker's mark are Ink or Oxidised Recess: the wordmark, campaign line, piece names and the mark in Ink, the provenance line in Oxidised Recess, fine print in either. Sterling and North Window Grey are for hairline rules and dividers only, together no more than 5% of the designed, non-photographic area, never a ground, panel or type.
Opacity: Every palette colour is used solid, at 100% opacity. No tint, transparency, gradient or blend mode is applied to any palette colour, no shadow or glow is added to type, rules, panels or the maker's mark, and no scrim, gradient or overlay of any colour, black and white included, is laid over a photograph. A piece may keep a soft, natural contact shadow on the ground beneath it, as in its source photograph.
Forbidden: No metallic, foil, gloss, glow or glare effect on any type, rule or the maker's mark, since the metal leads and the type recedes, and no colour outside the six palette hexes for type, grounds, panels, rules, buttons, icons or the mark, including the off-palette greys #3A3A3D and #6B6A66 that provenance_card_2026_PRINT.pdf uses for its specification lines and piece number.
Photography: Photographs keep their own corrected colour and are never recoloured toward the palette: the silver keeps its polished reflections and is never flattened toward Sterling #C7C9CB or North Window Grey #B9BBB8, oxidised and engraved recesses stay dark, and the garnets of bench_capsule_10.jpg keep their red. The silver reads cool and true under one common light, neither warmed up nor blued out."
SB3-014-PHO,Girdermark - Industrial component image system,Photo & Image,Girdermark Elevator & Electrical Supply,The number and the part agree.,"Industrial and Manufacturing, wholesale distribution of elevator & electrical replacement parts","Cleveland, Ohio; canonical context for the repeat-client series.","Girdermark Elevator & Electrical Supply is the repeat client for this benchmark series. The canonical client context is Cleveland, Ohio, and this commission covers phase 1: components photography and technical sheets.",Working buyers aged 35 to 60 who have specified this class of part for twenty years and judge a supplier by whether the photography and the spec table say the same thing. They order by part number and hold us to the values printed beside it.,"Mid to upper industrial. Parts run 400 to 9,000 dollars. The material has to read as trustworthy and technical, never as a consumer hardware brand and never as glossy marketing.","Plain-spoken, Technical, Dependable, Unhurried, Credible","Girder Charcoal #2B2F33 · mandatory for spec values. Spec values, captions and notes, full-width rules and the hairline keyline around a white panel, as on datasheet_2025_PRINT.pdf. It may also carry the part name or the whole certification and price footer. Never a ground or panel.
Sheet White #F6F6F4 · mandatory. The only ground of every SKU plate, as the sheet ground of datasheet_2025_PRINT.pdf. Never type, and never laid over a photograph.
Technical Grey #B9BEC2 · optional accent. Hairline dividers only, as the one hairline inside the pricing panel on datasheet_2025_PRINT.pdf. Never type, a ground or a panel.
Safety Amber #E8A31D · optional accent. A single heavy rule only, as the one rule topping the pricing panel on datasheet_2025_PRINT.pdf. Never type, a ground or a panel, and never a tint on a photograph.
Ink Black #141517 · mandatory. The part number on every plate and cutout, as datasheet_2025_PRINT.pdf sets its part number; the 2 pt keyline around the Cinzel part name; spec parameter labels, as that sheet sets its labels. It may also carry the part name or the whole certification and price footer. Never a ground or panel.","Girdermark splits the system in two. Step 01 is the part number in IBM Plex Mono Medium at 72 px on 78 px leading, tracking 0, tabular lining figures with the slashed zero, and it is the largest line on the 1200 by 1200 px plate because no digit ever appears in the display face. Step 02 is the part name and section head in Cinzel Bold, capitals only, at 34 px on 40 px, tracked 0.18 em, inside a 2 pt Ink Black keyline. Step 03 is the spec line in IBM Plex Mono Medium at 22 px on 34 px, tracking 0, measure capped at 65 characters, tabular lining figures. Step 04 is the certification and price footer in IBM Plex Mono Medium at 15 px on 22 px, tracking 0.02 em. A spec table is never set in a serif.","No digit ever appears in the display face: the name is carved in Cinzel Bold capitals inside a 2 pt keyline, and every part number, dimension and price is monospace with a slashed zero.","Direct, factual, no adjectives we cannot stand behind. We state the number, the finish and the price and we stop. If something is wrong we say so before it prints.",Accuracy over polish. Availability. Honesty about what we stock and what a part will do. We would rather lose a sale than print a spec we cannot certify.,"We have no working brand files and no written guidelines. Our data sheets exist only as a flat press PDF the printer sent us last spring, and nobody here knows how it was built. Keep that sheet exactly as our customers recognise it. The palette and type notes above are our best account of the look, reconstructed for you, not a formal system.","Distribution: Sheet White is the only ground of every plate, as on datasheet_2025_PRINT.pdf. The only panels are optional plain white #FFFFFF panels keyed with a Girder Charcoal hairline, as that sheet keys its photo frame, drawing frame and pricing panel; a pricing panel may carry the single Safety Amber top rule. All type is Ink Black or Girder Charcoal, on Sheet White or on a white panel: the part number and spec parameter labels Ink Black, spec values Girder Charcoal, the certification and price footer one run in a single colour, Ink Black or Girder Charcoal, the part name either. Safety Amber and Technical Grey are for rules and hairlines only, together no more than 5% of the designed, non-photographic area, never type, a ground or a panel. On a cutout the part number is Ink Black and nothing else is added.
Opacity: Every palette colour is used solid, at 100% opacity. No tint, transparency, gradient, shadow or blend mode is applied to any palette colour, and no scrim, gradient or overlay of any colour, black and white included, is laid over a photograph. On a cutout the only transparency is the alpha around the part and through its openings; no shadow, glow, reflection or haze is added.
Forbidden: No metallic, gloss, glow or gradient effect on any type, rule, keyline or icon, so nothing reads as glossy marketing; no colour outside the five palette hexes (#2B2F33, #F6F6F4, #B9BEC2, #E8A31D and #141517) for type, rules, keylines or icons; no ground other than Sheet White and no panel other than plain white #FFFFFF panels keyed in Girder Charcoal as on datasheet_2025_PRINT.pdf.
Photography: Photographs keep their own true colour and are never recoloured toward the palette: no part is tinted toward Safety Amber, Technical Grey or Girder Charcoal. Each finish keeps the look finishes_note.txt gives it: galvanised dull grey with the crystal pattern in it; zinc plate clean and bright with a slight blue tint, never grey or brassy; clear anodised a flat even grey with no blue and no spangle, never collapsing into the powder coat; powder coat dead flat, even black, no shine."
SB3-015-PHO,Summit & Sable - Recovery-gear launch campaign,Photo & Image,Summit & Sable,Gear that looks like it works.,"E-commerce and retail, value-band recovery and overlanding gear","Founded 2019 in Boulder, Colorado. Small owner-run shop, under ten people, selling on a marketplace and its own storefront.","We make recovery straps, soft shackles and overlanding kit for people with a lifted truck and a real budget. Nine SKUs from 35 to 220 dollars. Our buyer is not paying for a name, he is paying because the gear looks like it will hold when he is stuck at dusk on a fire road. The detail is the whole argument: the stitching and the hardware finish are what separate us from the cheap import sitting next to us in search results.","Off-road and 4x4 owners aged 25 to 50, buying on rugged credibility and price. They trust flat daylight and visible workmanship and they distrust anything that looks staged or expensive.","Value band, 35 to 220 dollars. The look is bright, hard-wearing and legible, honest daylight on the plain-ground shots and unstyled dust on the field shots. Never premium-expedition cinematic, never discount-banner loud. Either extreme reads as pretending and loses the buyer.","Rugged, Honest, Practical, Confident, Unfussy","Sable Charcoal #26282B · mandatory. The storefront ground: the ground of every product-page module, and a ground or panel on the poster and dealer sheet. All type set on Bone White, and the flat ink of the Summit & Sable mark on Bone White.
Trail Sand #C9B79A · optional accent. The colourway swatch for a Trail Sand item, hairline rules and small labels on Sable Charcoal. Never a ground, a panel or body text.
Recovery Orange #D95E28 · mandatory. The solid band behind every headline, bleeding off both edges, the colourway swatch for a Recovery Orange item, and hairline rules. Never type, and never a ground beyond the headline band.
Bone White #F1EEE8 · mandatory. Every headline, knocked out of the Recovery Orange band; all type on Sable Charcoal; the light ground or panel on the poster and dealer sheet; the mark reversed out of Sable Charcoal.
Ridge Blue #2F5D8A · optional accent. The colourway swatch or a hairline flagging the new Ridge Blue colourway. Never type, a ground or a panel. In photographs it is the colour of the new webbing, matched to summit_ridge_blue_spool.jpg.","Summit & Sable pairs Bodoni Moda with National 2. Step 01 is the headline in Bodoni Moda Bold, all capitals, at 150 pt on 158 pt leading, tracked 0.08 em, always knocked out in Bone White from a solid Recovery Orange band that bleeds off both edges, and it runs 60 px on the 1440 by 1800 px modules. Step 02 is the rating callout, also Bodoni Moda Bold capitals, at 85 pt on 92 pt, tracked 0.08 em, which is the 34 px module callout scaled to the poster at the same ratio, and it carries words only because the certified load figure itself stays in National 2. Step 03 is body and the range table in National 2 Regular at 12 pt on 16 pt, tracking 0, measure capped at 65 characters, tabular figures, which becomes 20 px on 30 px on the modules. Step 04 is fine print, the certified load, price and colourway, in National 2 Regular at 8 pt on 12 pt, tracking 0.04 em. A certified load is never set in Bodoni Moda.","Every headline is knocked out in Bone White from a solid Recovery Orange band bleeding off both edges, set in Bodoni Moda Bold capitals at 0.08 em, so the type never sits on open ground.",Blunt and plain. We say what the gear does and what it is rated for. Certified working loads are stated as certified and never rounded or dressed up.,"Honesty in the picture and the spec. Durability over shine. Fair price for real capability. If an edit would make the product look like something it is not, we would rather it stayed plain.","The only brand mark file we can find is a flat screen-size export our old developer left us, plus a photo of the same mark on a woven label. We have no scalable artwork and no written guidelines. Charcoal is our storefront ground and Ridge Blue is the new webbing colour we are introducing. Treat the notes above as direction, not a locked system.","Distribution: Grounds and panels are Sable Charcoal or Bone White and nothing else, apart from the solid Recovery Orange band behind every headline and small colourway swatches. Every product-page module sits on Sable Charcoal, the storefront ground. On Sable Charcoal all type is Bone White, apart from small Trail Sand labels; on Bone White all type is Sable Charcoal; headlines are Bone White on the Recovery Orange band. The Summit & Sable mark is one flat colour, Sable Charcoal on Bone White or Bone White on Sable Charcoal. A colourway swatch is the palette colour of the colourway it names. Trail Sand and Ridge Blue are accents for colourway swatches and hairline rules, and Trail Sand also for small labels, together no more than 5% of the designed, non-photographic area, never a ground, a panel or body text.
Opacity: Every palette colour is used solid, at 100% opacity. No tint, transparency, gradient, shadow or blend mode is applied to any palette colour, and no scrim, gradient or overlay of any colour, black and white included, is laid over a photograph: a headline band or text panel sits over or beside the photograph as a solid block.
Forbidden: No metallic, chrome or shine effect and no gradient or glow on any type, panel, rule, button or icon, since the brand puts durability over shine; no discount-banner device such as a price burst or sale flash, since the look is never discount-banner loud; and no colour outside the five palette hexes for type, grounds, panels, rules, buttons or icons.
Photography: Photographs keep their own corrected colour and are never recoloured toward the palette, with the one exception the brief requires: an item that summit_range.csv lists in Ridge Blue is also shown in Ridge Blue, matched to summit_ridge_blue_spool.jpg. The anodised parts in summit_bench_packshots_03.jpg, summit_bench_packshots_04.jpg and summit_bench_packshots_07.jpg are not pushed toward Ridge Blue."
SB3-016-PHO,SlabVault - Collectible card marketplace image system,Photo & Image,SlabVault Cards,"Graded with confidence, sold with proof",Graded-collectible consignment (trading cards and comics),"Founded 2019 in Providence, Rhode Island; a four person consignment house","SlabVault Cards is a small consignment house that lists and settles graded collectibles for private sellers. Lots run from roughly 150 to 5,000 dollars per item, and buyers decide from the photograph alone, zooming into the holder, the label and the corners before they bid. Consignors shoot their own slabs on their own tables, so the house exists to bring many different rooms to one credible standard. Trust is the entire product: everything SlabVault presents has to read as accurate, unretouched and verifiable.","Condition-literate collectors aged 25 to 60 who buy graded cards and comics at 150 to 5,000 dollars a lot, read the grade and certification line straight out of the image, and walk away from anything that looks staged or concealed.","Mid to upper consignment. Not a bulk reseller or a toy shop, and not a fine-art auction room. The presentation sits deliberately between the two: neutral, generous and evidential, never cheap and flashy, never gilded and theatrical.","Sober, Precise, Trustworthy, Understated, Serious about condition","Slate Grey (primary ground) #8A9099 · mandatory. The primary ground: the tile background or the stage around the slab. Also small secondary labels on Paper Neutral, as the consignor and condition labels on slabvault_lot_card.pdf. Never the lot number, title, grade line, certification line or condition note.
Vault Charcoal (near-black text and frame) #1C1F24 · mandatory. All primary type (lot number, title, grade line, certification line and condition note), set on Paper Neutral as on slabvault_lot_card.pdf, plus thin frames and keylines, as around that ticket and its thumbnail. Never a ground or panel.
Paper Neutral (light stage) #F2F3F4 · mandatory where type sits. The ground under all type, as the ground of slabvault_lot_card.pdf, and optionally a light stage behind the slab. Never type.
Signal Amber (single restrained accent) #C8892E · optional accent. The single restrained accent: at most one hairline rule or small marker per tile, as the one hairline under the masthead of slabvault_lot_card.pdf. Never type, a ground or a panel.","SlabVault Cards holds one four step scale across the listing tiles and the printed tickets. Step 01 is the register print, the lot number in Redaction 35, the visibly dotted cut, at 44 px on 48 px leading, tracking -10 units, and it is the only degraded element on an otherwise crisp tile. Step 02 is the lot title in Söhne Buch at 30 px on 34 px, tracking -5 units, which is also the size Redaction Regular takes when a tile carries a heading. Step 03 is the grade line in Söhne Buch at 22 px on 32 px, tracking 0 with the measure capped at 65 characters, and it is never letterspaced. Step 04 is the certification line in Söhne Mono Regular at 18 px on 26 px, tracking +20 units. Printed tickets keep the same order at print sizes, lot number 18 pt and grade 9 pt.","Every lot number is printed in Redaction 35, the visibly dotted cut, as the single degraded element on an otherwise crisp tile, so the number looks struck by the vault's own ledger printer.","Plain, factual, collector to collector. States the grade, the grader and the condition without hype. Never breathless, never salesy. The photograph does the persuading.","Accuracy over polish. Show the item exactly as submitted, give every slab room to be read, and never add an edge, shine or shadow that was not there. The buyer's confidence is the asset the whole business protects.","SlabVault has never held a proper brand kit. What exists is a house note describing the palette in words (grey, black, one amber accent already used on the printed stationery and the sleeve ticket), the grading partner names spelled the way the graders require, and the sale details. There is no logo file, no type specimen and no template, so the house look has to be established fresh and held consistently across the listings, the printed tickets and the auction-week set.","Distribution: Grounds and panels are Slate Grey or Paper Neutral and nothing else. Slate Grey is the primary ground: the tile background or the stage around the slab. All type sits on Paper Neutral, as on slabvault_lot_card.pdf: the lot number, title, grade line, certification line and condition note are Vault Charcoal, and small secondary labels may be Slate Grey. Vault Charcoal also draws thin frames and keylines and is never a ground or panel. Signal Amber is the single accent: at most one hairline rule or small marker per tile, no more than 5% of the designed, non-photographic area, never type, a ground or a panel.
Opacity: Every palette colour is used solid, at 100% opacity. No tint, transparency, gradient, shadow or blend mode is applied to any palette colour, and no scrim, gradient or overlay of any colour, black and white included, is laid over a photograph. No drop shadow, glow or reflection is added to a slab: slabvault_house_note.txt says never add an edge, a shine or a shadow that was not there.
Forbidden: No gold, bronze, copper, silver or other metallic effect on any type, ground, panel, rule, keyline or icon, and no bright or saturated colour there other than the single Signal Amber #C8892E accent: the house is never gilded and theatrical, never cheap and flashy. No accent colour other than Signal Amber, and no colour outside the four palette hexes (#8A9099, #1C1F24, #F2F3F4 and #C8892E) for type, grounds, panels, rules, keylines or icons.
Photography: Photographs keep their own corrected colour: a neutral correction of the room's colour cast (warm bulb, lamp or cool bathroom light) is allowed, but the printed colours of the card or comic, the clear holder and the holder label are never recoloured toward the palette, and no palette colour is tinted into a photograph. This holds for the frame the output register binds to each tile (slabvault_consignment_2026F_01.jpg for LOT-001 through slabvault_consignment_2026F_14.jpg for LOT-014)."
SB3-017-PHO,Continental Cup - Player portrait card system,Photo & Image,Continental Cup 2026 Collector Card Programme,The set every fan wants sealed,Officially licensed sports collector cards (continental club football tournament),"touring competition, Western Europe and North America; canonical context for the repeat-client series.","Continental Cup 2026 Collector Card Programme is the repeat client for this benchmark series. The canonical client context is touring competition, Western Europe and North America, and this commission covers phase 1: collector-card portrait finishing.","Collectors aged 16 to 45 who buy officially licensed cup sets, know a licensed release from a fan-made one at a glance, and expect deep, saturated, high-contrast presentation worthy of a marquee tournament.","Premium licensed collector tier. Pack twelve dollars, sealed box ninety-five, featured cards trading roughly 30 to 120 dollars secondary. The treatment is deep and saturated with real floodlit blacks, one dominant player per card, type set large and confident. Never a flat, bright community-league sheet, and never a neon gaming poster.","Premium, Dramatic, Floodlit, Authoritative, Collectible","Floodlit Black (dominant ground) #0B0E14 · mandatory. The dominant ground: solid through the upper 58% of the card, around and behind the player photograph, then fading into Pitch Deep Navy by the bottom edge, as on cup26_card_2025_PRINTER.pdf. Never type, rules or icons.
Pitch Deep Navy (retailer display and card field) #101B33 · mandatory. The card field behind the player data in the lower third, reached by the fade from Floodlit Black, as on cup26_card_2025_PRINTER.pdf. Never type, rules or icons.
Stadium Silver (metallic accent and rules) #C7CCD1 · mandatory. The 0.75 pt rule the surname locks onto, the surname, the position and honours line, the licensing line, and the silver parts of the crest; the name, position and honours line are Stadium Silver on cup26_card_2025_PRINTER.pdf. May also draw a hairline frame inside the trim. Never a ground or panel.
Cup Gold (marquee accent) #C9A233 · mandatory in the crest, otherwise an optional accent. The gold parts of the crest, its outer ring at least, as the gold thread on cup26_sleeve_patch.jpg and the #C9A233 ring on cup26_card_2025_PRINTER.pdf; optionally the set year and the divider rule between photograph and data, both Cup Gold on cup26_card_2025_PRINTER.pdf. Never a ground, a panel, the surname or the data line.
Signal Red (highlight and squad number) #B32433 · mandatory for the squad number. The squad number on every card (type system step 02), as on cup26_card_2025_PRINTER.pdf. Otherwise only a small highlight; never a ground, a panel, the surname or the data line.","The Continental Cup 2026 card runs four steps. Step 01 is the silver bar, the player surname in Young Serif Regular caps at 42 pt on 44 pt leading, tracked 20 units, locked onto a 0.75 pt Stadium Silver rule that runs the full trim width, its cap height held at 30 pt, exactly four times the 7.5 pt data line. Step 02 is the squad number in Benton Sans Bold at 34 pt on 36 pt, tracking -5 units, set in Signal Red below the rule. Step 03 is the position and data line in Benton Sans Regular at 7.5 pt on 11 pt, tracking 0 with the measure capped at 65 characters, and it is the line the surname is measured against. Step 04 is the licensing line in Benton Sans Regular at 5 pt on 6.5 pt, tracking +15 units, printed exactly as supplied. Retailer screens carry the same surname lockup as a masthead at 96 px on 104 px.","The player surname is set in Young Serif caps locked onto a 0.75 pt Stadium Silver rule that runs the full trim width, at a cap height exactly four times the data line, like an honours board engraving.","Bold, official and celebratory without slang. Speaks with the authority of a sanctioned tournament: it names the players, states the honours and lets the floodlit imagery carry the drama.","Authenticity of the licence above all. Depict the real featured players and the real competition mark faithfully, print the licensing copy exactly as supplied, and hold one premium look across print and store so the set reads as sanctioned, not imitated.","The brand files are largely lost. The studio that designed last year's card has closed, and all that survives is the flat file the printer ran, whose layout the retailers already recognise and want kept. The competition crest was never held as artwork at all: the only reference is a daylight photograph of the embroidered patch on an official's sleeve. The recovered mark and the rebuilt card layout therefore have to be reconstructed from those remnants and carried forward as the programme's working assets.","Distribution: Grounds are Floodlit Black #0B0E14 and Pitch Deep Navy #101B33 only: Floodlit Black is the dominant ground and Pitch Deep Navy the card field behind the player data, as on cup26_card_2025_PRINTER.pdf. Type on these grounds is Stadium Silver #C7CCD1, except the squad number, which is always Signal Red #B32433, and the set year, which may be Cup Gold #C9A233. Cup Gold and Signal Red are accents: apart from the squad number and the crest, together they cover no more than 5% of the designed, non-photographic area, and neither is ever a ground, a panel, the surname or the data line.
Opacity: Every palette colour is used solid, at 100% opacity. One gradient is allowed, as on cup26_card_2025_PRINTER.pdf: the card ground runs solid Floodlit Black #0B0E14 through its upper 58% and fades to Pitch Deep Navy #101B33 toward the bottom edge. No other tint, transparency, gradient, glow, shadow or blend mode is applied to any palette colour, and no scrim, gradient or overlay of any colour, black and white included, is laid over a player photograph.
Forbidden: No neon or fluorescent colour and no glow on any type, rule, panel or icon (never a neon gaming poster); no white or bright ground (never the flat, bright treatment of a community league sheet); and no colour outside the five palette hexes for type, grounds, panels, rules, icons or the crest, apart from the permitted fade between Floodlit Black #0B0E14 and Pitch Deep Navy #101B33 on the ground.
Photography: Player photographs keep their own corrected colour and are never recoloured toward the palette: once a cast is removed, every kit still reads its own hue, so the dark navy goalkeeper kit in cup26_portrait_petrov.jpg is not pushed toward Pitch Deep Navy #101B33 and the deep-red kit in cup26_portrait_solano.jpg is not pushed toward Signal Red #B32433."
SB3-018-PHO,Fernwell & Rowe - Hartley wedding gallery finishing,Photo & Image,Fernwell & Rowe,"A real day, warm and honest",A two-person wedding and event photography studio in the Cotswolds shooting full-day coverage for couples marrying at country-house venues.,"Founded 2016, the Cotswolds, England, a two-photographer studio where the two partners shoot together and share every edit.","Fernwell & Rowe photograph twenty-two weddings a season across Cotswolds country-house venues. Two people run everything, from the first walk-through to the finished gallery, and they promise couples a record of the actual day rather than a styled magazine shoot. These prints sit on parents' walls for thirty years, so the work stays warm, natural and true to skin.",Couples aged 27 to 38 booking a Cotswolds country-house venue eighteen months out and paying for full-day coverage; their parents will look at the prints for decades.,"Full-day coverage 3,200 to 5,500 pounds, a mid-to-upper independent band. Above the filtered budget packages, below glossy editorial studios. The finish should feel like a real day, not a preset and not a phone filter.","warm, honest, unhurried, natural, understated, dependable","Fernwell Ink #2E2A24 · mandatory for running text on Soft Cream. Running text on Soft Cream, such as the household line and message on fernwell_card_2025_PRINTER.pdf. Never a ground or panel.
Walled Garden Green #4A5A3E · optional accent. A small date or credit line, as the date line on fernwell_card_2025_PRINTER.pdf. Never a ground, and never a grade applied to garden greens.
Golden Hour #C9A15A · optional accent. Hairline rules only, as the short rule above the greeting on fernwell_card_2025_PRINTER.pdf. Never type, a ground, or a warm tint over a photograph.
Warm Vellum #EFE7D8 · optional accent. A small pale panel behind the seal, as on fernwell_card_2025_PRINTER.pdf. Never the main ground and never type.
Seal Wax Red #7A2E28 · mandatory for the wordmark ampersand. The Fraunces Italic ampersand of the wordmark, as the type system requires, and the seal mark; on fernwell_card_2025_PRINTER.pdf it also sets the couple's names. Never a ground, panel or tint.
Soft Cream #F7F1E6 · mandatory ground of any designed piece; never added to a review image or keeper. The ground and text panel of a designed piece, as on fernwell_card_2025_PRINTER.pdf. Never laid over or framed around a photograph export.","Fernwell & Rowe work from a four step scale. Step 01 is the studio name and wordmark in Fraunces Semibold at 48 px on 52 px leading, tracking -10 units, optical size 144 with the wonk left on, always stacked on two lines with the Fraunces Italic ampersand in Seal Wax Red at 2.4 times the cap height hung outside the left margin, and 30 pt in print. Step 02 is the gallery heading in Fraunces Semibold at 34 px on 38 px, tracking -5 units, in sentence case. Step 03 is the caption and running text in Gill Sans Nova Light at 18 px on 26 px, tracking 0 with the measure capped at 65 characters, and a caption is never set in bold. Step 04 is the date and credit line in Gill Sans Nova Light at 14 px on 20 px, tracking +20 units.","The wordmark always stacks on two lines, Fernwell above Rowe, with a Fraunces Italic ampersand in Seal Wax Red at 2.4 times the cap height hung outside the left margin.","Warm, plain and first person plural, the two of them talking to a couple. Example line: We would rather pull a frame and tell you than force it.","A real day honestly recorded, and skin that stays true across every light of the day.","The studio has no working brand files. The thank-you card survives only as the press PDF the printer ran, the designer who made it two years ago is no longer reachable, and the wax seal the studio presses on every envelope has never existed as a file, only as a photograph of one pressed seal.","Distribution: On a designed piece, as on fernwell_card_2025_PRINTER.pdf: Soft Cream is the ground and text panel; running text on it is Fernwell Ink; Seal Wax Red is the wordmark ampersand, the couple's names and the seal; Walled Garden Green, Warm Vellum and Golden Hour are small accents (a date line, the seal's pale panel, a hairline rule), together no more than 5% of the whole piece and never a ground. The 22 review images and keepers in this pilot are photographs only: no palette colour is added to them.
Opacity: Type, panels, rules and buttons use every palette colour solid, at 100% opacity, with no tint, transparency, gradient, shadow or blend mode; only the studio seal keeps the translucent wax modelling, and its pale panel the faint inset edge, that they have on fernwell_card_2025_PRINTER.pdf. No scrim, gradient, vignette or overlay of any colour, black and white included, is laid over a photograph: the warm house look comes from correcting each photograph's own colour, never from a colour layer.
Forbidden: No colour outside the six palette hexes for type, panels, rules or buttons on a designed piece. The studio seal keeps its own wax colours, as in fernwell_seal.jpg and on fernwell_card_2025_PRINTER.pdf. On the review images and keepers, no type, wordmark, seal, watermark, border, panel or colour of any kind is added.
Photography: Photographs keep their own corrected colour and are never recoloured toward the palette: whites are not cast Golden Hour #C9A15A or Soft Cream #F7F1E6, and garden greens are not pushed toward Walled Garden Green #4A5A3E."
SB3-019-PHO,Cascadia Founders Summit - Executive portrait set,Photo & Image,Cascadia Founders Summit,Founders and the people who fund them,"A paid two-day founders summit in Portland, Oregon, for founders, operators and institutional investors.","Founded 2024, Portland, Oregon, now in its second edition, run by a core team of four staff for a room of about four hundred.","Cascadia Founders Summit is a two-day gathering for founders and the people who back them. Passes run six hundred to twelve hundred dollars and the room is roughly four hundred people who read the calibre of the event off its details. The summit sells seriousness and access rather than spectacle, and everything it puts in front of that audience is meant to look considered.","Founders, operators and institutional investors aged 28 to 55 who expense the ticket and judge the event by how professional it feels.","Delegate passes 600 to 1,200 dollars, a credible professional summit priced above a free meetup and below a flagship conference. Restraint reads as calibre; a glossy or busy treatment would misprice it.","understated, credible, professional, quiet, serious, considered","Cascadia Slate #23303A · mandatory. The dark ground or band that carries the CFS mark, as the upper band of summit_badge_2025_PRINTER.pdf. Type on it is Warm Paper or Fog Grey. Never the ground behind a sitter.
Evergreen #2C4A3B · optional accent. Not used on summit_badge_2025_PRINTER.pdf. If used at all, only for thin rules and dividers. Never a ground, a panel, a type colour or the ground behind a sitter.
Fog Grey #D9DDDE · mandatory where the CFS mark sits on Cascadia Slate. The CFS mark and any small type on Cascadia Slate, as on summit_badge_2025_PRINTER.pdf, and the cool end of the Fog Grey to Warm Paper range for the ground behind each sitter (summit_brand_notes.txt). Never type on Warm Paper.
Warm Paper #F2EEE7 · mandatory. The main light ground or panel that carries the speaker name, role line, affiliation and session, as the lower panel of summit_badge_2025_PRINTER.pdf; type reversed out of Cascadia Slate; the warm end of the house-ground range behind each sitter (summit_brand_notes.txt).
Signal Copper #B06B3E · optional accent. The affiliation line on Warm Paper and a thin rule along the bottom trim, as on summit_badge_2025_PRINTER.pdf. Never a ground, a panel, the speaker name, the role line or a headline.
Near Black #1A1F24 · mandatory where type sits on Warm Paper. The speaker name, role line, session, headline and running text on Warm Paper, as the name and role line on summit_badge_2025_PRINTER.pdf. Never a ground or panel.","Cascadia Founders Summit runs four steps. Step 01 is the summit title and announcement headline in Piazzolla Medium at 96 px on 104 px leading, tracking -10 units, with the optical size axis pinned to 8 so letterforms drawn for 8 pt appear at 96 px and the headline reads as printed rather than styled. Step 02 is the speaker name in Suisse Int'l Medium at 56 px on 62 px, tracking -5 units, and a speaker name is never set in Piazzolla. Step 03 is the role line and running text in Suisse Int'l Regular at 30 px on 42 px, tracking 0 with the measure capped at 65 characters. Step 04 is the session time in Suisse Int'l Mono Regular at 26 px on 34 px, tracking +15 units, the same size affiliations take in Suisse Int'l Regular. The printed programme holds the title at 28 pt and the body at 9.5 pt on 13 pt.","Every summit title and announcement headline is set in Piazzolla Medium with the optical size axis pinned to 8, so letterforms drawn for 8 pt appear at 96 px and the headline reads as printed rather than styled.","Plain, direct and professional, confident without selling hard. Example line: Passes are limited and the room is small on purpose.","A serious room worth the price of admission, where credibility is read off the smallest details.","The summit builds its own website and needs no pages. Its badge artwork exists only as the press PDF the venue printer ran last year, with no working file behind it. The house ground, mark and tone are described in the brand notes rather than handed over as a kit.","Distribution: Grounds and panels are Warm Paper or Cascadia Slate and nothing else; the ground behind each sitter is the portrait's house ground (see photography). On Warm Paper all type is Near Black, apart from an affiliation line in Signal Copper, as on summit_badge_2025_PRINTER.pdf. On Cascadia Slate all type is Warm Paper or Fog Grey, and the CFS mark is Fog Grey on Cascadia Slate, as on the badge. Signal Copper (the affiliation line, thin rules) and Evergreen (thin rules and dividers only) are accents, together no more than 5% of the designed, non-photographic area, never a ground, a panel, a speaker name, a role line or a headline.
Opacity: Every palette colour is used solid, at 100% opacity. No tint, transparency, gradient, shadow or blend mode is applied to any palette colour, and no scrim, gradient or overlay of any colour, black and white included, is laid over a photograph: a text panel sits over or beside the portrait as a solid block.
Forbidden: No gloss, glow, drop shadow, outline, gradient, metallic or busy texture on any type, panel, rule, button or icon, since restraint reads as calibre and a glossy or busy treatment would misprice the room; no coloured or busy ground behind any sitter; and no colour outside the six palette hexes for type, grounds, panels, rules, buttons or icons, apart from the ground behind a sitter, which may be any soft, even tone in the Fog Grey #D9DDDE to Warm Paper #F2EEE7 range (summit_brand_notes.txt).
Photography: Portraits keep natural skin and their subjects' own colouring and are never recoloured toward the palette. The one palette-range tone in a portrait is its ground: a soft, even tone within the Fog Grey #D9DDDE to Warm Paper #F2EEE7 range, the same behind every sitter (summit_brand_notes.txt). Mixed-light casts, such as the green-tinged fluorescent light of speaker_portrait_04.jpg and staff_portrait_03.jpg, the warm lamplight of speaker_portrait_07.jpg and the cool open shade of speaker_portrait_12.jpg, are brought to natural skin, with no glossy warm filter and no flat, hard direct-flash look, and are not pushed toward Signal Copper or Evergreen."
SB3-020-PHO,[speaker founder] - Editorial portrait session,Photo & Image,[speaker founder],Someone who runs a company,"The founder personal brand of the co-founder and managing director of Vellacourt & Sund, a six-person industrial design studio, during a seed raise and a European speaking season.","Studio Vellacourt & Sund founded 2019 in Europe, six people; the personal brand is Astrid's own, built for a seed round and three conference talks between February and May.","[speaker founder] co-founded and runs Vellacourt & Sund, a six-person industrial design studio. Her personal brand exists for the season when her face is in front of investors and programme committees who do not yet know her. It has to read as a person who runs a company, composed and credible, never as an influencer or an account, because she is asking for money and for stage time.","Institutional investors, conference programme committees and prospective senior hires; Astrid is between 30 and 50.","Founder personal-brand package 900 to 1,800 dollars, pitched at institutional level. Neither an over-filtered influencer treatment nor a stiff corporate flash-on-white; understated is the point.","composed, credible, understated, considered, design-led, quietly confident","Vellacourt Ink #262524 · mandatory where type sits on Warm Neutral or Bone. Her name, talk titles and running text on Warm Neutral or Bone, as the talk title on vellacourt_speakercard_template.pdf; also a dark panel or ground, as that card's portrait well. Never the monogram.
Warm Neutral #E8E1D6 · mandatory on every talk card; elsewhere one of the two main grounds. The light ground: the whole ground of vellacourt_speakercard_template.pdf. Also type on Deep Ground or Vellacourt Ink.
Studio Slate #4C5560 · optional accent. The event and date line on Warm Neutral or Bone, as on vellacourt_speakercard_template.pdf. Never a ground, a panel, her name, a talk title or the monogram.
Ochre #B98A4B · mandatory for the AV monogram wherever it is printed rather than pressed blind. The AV monogram and nothing else, as the corner mark on vellacourt_speakercard_template.pdf. Never type, a rule, a ground or a panel.
Deep Ground #16171A · optional ground. The very dark ground her press kit and deck sit on (vellacourt_placements.txt): a ground or panel carrying Warm Neutral or Bone type and the Ochre monogram. Never type.
Bone #F4EFE7 · optional ground; mandatory under a blind monogram. A light ground or panel, the only ground an uninked, blind AV monogram may be pressed into, and type on Deep Ground or Vellacourt Ink.","Astrid Vellacourt's scale runs four steps across the printed card and the speaking season screens. Step 01 is her name in Instrument Serif Regular at 34 pt on 38 pt leading, tracked 30 units, sitting beneath the AV monogram, which is drawn in the same face with the A and V interlocked so their inner diagonals read as one hairline, blind on Bone or in Ochre, once per surface and never under 18 mm wide. Step 02 is the talk title in Neue Haas Grotesk Text Medium at 64 px on 70 px, tracking -5 units, the largest thing on a screen after the mark. Step 03 is the bio and running text in Neue Haas Grotesk Text Roman at 9.5 pt on 13 pt, tracking 0 with the measure capped at 65 characters. Step 04 is the event and date line in Neue Haas Grotesk Text Roman at 28 px on 36 px, tracking +15 units, which in print folds back into the 9.5 pt body.","The AV monogram interlocks so the two inner diagonals read as one hairline, pressed blind on Bone or printed in Ochre, once per surface and never under 18 mm wide.","First person, plain and self-possessed. Example line: I want it to look like someone who runs a company, not someone who runs an account.","Work that reads as a design studio founder at institutional level, with her own mark used quietly and her likeness kept honest.","There is no brand kit. The AV monogram exists only as a blind deboss pressed into an old studio card, with no file and the printer closed, surviving only as a photograph of the impression. The warm ground she wants and the dark ground her press kit uses are described in her placement notes rather than supplied as artwork.","Distribution: Grounds and panels are Warm Neutral #E8E1D6, Bone #F4EFE7, Deep Ground #16171A or Vellacourt Ink #262524 and nothing else; Studio Slate and Ochre are never a ground or panel. Every talk card keeps the Warm Neutral ground of vellacourt_speakercard_template.pdf. On Warm Neutral or Bone, her name, talk titles and running text are Vellacourt Ink, and the event and date line is Vellacourt Ink or Studio Slate, as on vellacourt_speakercard_template.pdf (talk title in Vellacourt Ink, event and date in Studio Slate). On Deep Ground or Vellacourt Ink, all type is Warm Neutral or Bone. Ochre is for the AV monogram alone.
Opacity: Every palette colour is used solid, at 100% opacity. No tint, transparency, gradient, shadow, glow, bevel or blend mode is applied to any palette colour, and no scrim, gradient or overlay of any colour, black and white included, is laid over a photograph. The one exception is the AV monogram pressed blind into Bone on a printed piece, which carries no ink at all; on screen the monogram is solid Ochre, never a simulated emboss or shadow.
Forbidden: No gold foil, metallic, gloss, bevel, glow or drop-shadow effect on the monogram or on any type, rule, panel or icon: her own mark is used quietly, blind on Bone or in Ochre and nothing else. No pure white ground (never the stiff corporate flash on white). No colour outside the six palette hexes (#262524, #E8E1D6, #4C5560, #B98A4B, #16171A and #F4EFE7) for type, grounds, panels, rules, buttons or icons.
Photography: Photographs keep their own corrected colour and are never recoloured toward the palette: a cast or exposure may be corrected so the set reads as one session, but no heavy filter, colour grade or skin smoothing (never an over filtered influencer treatment)."
SB3-021-PHO,Quill and Kiln - Autumn ceramics signature look,Photo & Image,[studio maker] (Quill and Kiln),A real person in a real studio,"An independent maker and lifestyle creator in Portland selling small-batch stoneware, with a seasonal coffee-bar collaboration each autumn.","Quill and Kiln, founded 2020, Portland, Oregon, a one-maker studio working from a shared space, with roughly nine thousand followers.","[studio maker] makes small-batch stoneware in a shared Portland studio and sells it four times a year, plus a coffee-bar collaboration each autumn. About a third of what she sells comes straight off her own posts. The brand is the person: a real maker in a real room, warm and quiet, and never a polished label, because that is what her audience follows her for.","Followers aged 22 to 34, the same age as Marlo, who buy 38 to 90 dollar stoneware and follow the maker rather than a brand.","A mid-tier creator retainer of 600 to 1,500 dollars a month, stoneware at 38 to 90 dollars. Above careless untreated phone photos, below gallery-ceramics gloss; a heavy uniform filter would read as selling out and cost her directly.","warm, quiet, handmade, honest, unhurried, autumnal","Kiln Clay #B4855C · optional accent. The glaze dot beside a Kiln Clay glaze name, as on quillandkiln_card_template.pdf, and small dividers. Never a ground, panel or type colour.
Warm Ground #E7D9C4 · mandatory. The main ground and the mat around a photograph, as on quillandkiln_card_template.pdf, carrying Bench Ink type. Never a type colour.
Sprig Green #6E7A4E · optional accent. A small footer or credit line, as the maker line and collaboration credit on quillandkiln_card_template.pdf, the glaze dot beside a Sprig Green glaze name, and small dividers. Never a ground, panel, headline, caption or body text.
Ember #A6552E · optional accent. The glaze dot beside an Ember glaze name, and small dividers. Never a ground, panel or type colour.
Bench Ink #33291F · mandatory. All type on Warm Ground or Oat: the stacked name and its 0.75 pt rule, headlines, caption decks, subheadings, post captions and other captions, piece names, prices and body text, as the piece name, glaze line and price on quillandkiln_card_template.pdf. Never a ground or panel.
Oat #F3EAD9 · optional. A secondary panel or photo mat beside the Warm Ground main ground, never replacing it on a page, carrying Bench Ink type, and the glaze dot beside an Oat glaze name. Never a type colour.","Marlo Quill runs two families and four steps. Step 01, display and H1, is Erode Medium at 34 pt on 38 pt leading, tracked 0 units, which is also the wordmark's setting: quill over and kiln, lowercase, stacked on two lines, with a 0.75 pt Bench Ink rule the width of the longer line tucked directly beneath; carousel headlines take the same settings at 64 px on 70 px. Step 02, the subheading, is Erode Medium at 20 pt on 24 pt, tracked minus 5 units, and 30 px on 36 px in a carousel caption deck. Step 03, body, is Untitled Sans Regular at 10.5 pt on 15 pt, tracking 0, measure held to 65 characters. Step 04, fine print, is Untitled Sans at 8.5 pt on 12 pt, tracked plus 15 units, with piece names and prices switching to Untitled Sans 500 and tabular lining figures, 24 px on 30 px in a carousel. The name is never set in capitals and never letterspaced.","The name is always lowercase and stacked on two lines, quill over and kiln, tracked at zero, with a 0.75 pt Bench Ink rule the width of the longer line tucked directly beneath it.","First person, casual and direct. Example line: One look, mine, not a filter.","One recognisable hand across the whole feed, with real rooms, true glaze colours and her own drawn marks.","No formal brand files. Her three motifs, a mug, a sprig and a small kiln, exist only as ink on a photographed sketchbook page she keeps re-cropping. The true glaze colours are pinned by a single reference frame of fired test tiles rather than any spec, and there is no logo file.","Distribution: Warm Ground #E7D9C4 is the main ground on every output, as the ground and photo mat of quillandkiln_card_template.pdf; Oat #F3EAD9 may set secondary panels and photo mats only, never replacing Warm Ground on a page. No other colour is a ground, panel or photo mat. All type sits on a solid Warm Ground or Oat ground or panel, beside or over a photograph, never on bare photographic pixels. On those grounds the stacked name and its rule, headlines, caption decks, subheadings, post captions, piece names, prices and body text are Bench Ink #33291F, as the piece name, glaze line and price on the card. Sprig Green #6E7A4E may set a small footer or credit line, as the card's maker line and credit. A glaze dot, where used, is printed in the named glaze's own palette colour. Kiln Clay #B4855C, Ember #A6552E and Sprig Green serve only as glaze dots, dividers and, for Sprig Green, a footer or credit line, together no more than 5% of the designed, non-photographic area, never a ground or panel.
Opacity: Every palette colour is used solid, at 100% opacity. No tint, transparency, gradient, shadow or blend mode is applied to any palette colour, and no scrim, gradient, colour overlay or heavy uniform filter, black and white included, is laid over a photograph, since a heavy uniform filter would read as selling out. Per-frame colour correction held to the fired test tiles in marlo_glaze_swatches.jpg is the commissioned grade, not an overlay or filter. Any text panel sits beside or over the photograph as a solid block.
Forbidden: No gold, foil, metallic or gloss effect on any type, panel, rule, button, icon or motif, since the brand sits below gallery-ceramics gloss and is never a polished label, and no colour outside the six palette hexes (#B4855C, #E7D9C4, #6E7A4E, #A6552E, #33291F and #F3EAD9) for type, panels, rules, buttons, icons or motifs, pure white #FFFFFF and pure black #000000 included.
Photography: Photographs keep their true glaze colour, held to the fired test tiles in marlo_glaze_swatches.jpg and never to a palette hex, even where a glaze shares its name with one (Ember, Kiln Clay, Oat, Sprig Green and Warm Ground), and are never recoloured toward the palette. The owner's rule in marlo_captions.txt stands: if a frame could not be brought to the true colour I cut it."
SB3-022-PHO,Nordhaven - Harbour hotel booking campaign,Photo & Image,Nordhaven,A room with the harbour in it,"A fourteen-room design-led micro-hotel in a converted harbour warehouse, sold direct.","Opened 2023 on the Nordhavn waterfront, Copenhagen; fourteen rooms run by one small owner-led team.","Nordhaven is a fourteen-room hotel inside a converted brick and timber warehouse on the working harbour. We sell the feeling of the building: cold light, plaster, oak and brass. Guests choose us because the place looks like nowhere else, and everything we make has to carry that.","Design-literate urban travellers, 30 to 45, who choose a property on aesthetic and book direct once they trust the point of view.","Six hundred dollars a night, direct only, positioned above the travel-platform grid as a design destination rather than a room count.","Restrained, Moody, Tactile, Quiet, Self-assured, Cold-toned","Near-black ink #14161A · mandatory. The ground of the booking hero and the amenity panel, as the brand note fixes it, and the field behind every room name; also the ink for any type set on a Limewash plaster panel, as on nordhaven_room_card_2025.pdf.
Limewash plaster #E7E2D8 · mandatory. Every room name and all other type set on Near-black ink; also the one other permitted ground or panel, as on nordhaven_room_card_2025.pdf, where the type on it is Near-black ink.
Harbour slate #4A535C · optional accent. Hairline rules, dividers and icons only. Never a ground, a panel or any type.
Oak #6B5945 · optional accent. Hairline rules, dividers and icons only. Never a ground, a panel or any type.
Brass #A8823E · optional accent. Hairline rules, dividers and icons only. Never a ground, a panel or any type.","Nordhaven runs Zodiak Light for display and Söhne for text. Step 01, display and H1, is Zodiak Light at 96 px on 101 px, tracked minus 10 units: the one word room name in limewash on near black, with its floor and bed label locked directly beneath in Söhne Medium caps at 18 px on 22 px tracked 220 units, a fifth the size; the same name runs 72 px on 76 px in the room list. Step 02, the subheading, is Zodiak Light at 56 px on 62 px, tracked minus 5 units, the amenity heading. Step 03, body, is Söhne Regular at 24 px on 36 px, tracking 0, measure held to 65 characters, covering supporting lines, running text and amenities. Step 04, fine print, is Söhne Regular at 18 px on 26 px, tracked plus 20 units, and carries the rate. A rate is never set larger than its room name.","A one word room name in limewash on near black at 96 px with its floor and bed label locked directly beneath in tracked grotesque caps at 18 px, a fifth the size, so the drop between them is the first thing a viewer notices.","Spare, understated, first person, no exclamation. Example line: 'Fourteen rooms on the water. We open direct booking this autumn.'","One committed tone across everything, with the true-colour main room photograph kept as the single deliberate exception so guests see the actual bed and linen.","We work from a short brand note that fixes the near-black ground, the placements and the delivered sizes. There is no full guideline system yet, and the room list changes each season.","Distribution: Near-black ink #14161A is the ground of the booking hero and the amenity panel and the field behind every room name. Limewash plaster #E7E2D8 is the only other ground or panel, as on nordhaven_room_card_2025.pdf. Every room name is Limewash plaster on Near-black ink; other type on Near-black ink is Limewash plaster, and type on Limewash plaster is Near-black ink. Harbour slate, Oak and Brass are accents for hairline rules, dividers and icons only, together no more than 5% of the designed, non-photographic area, never a ground, a panel or any type.
Opacity: Every palette colour is used solid, at 100% opacity. No tint, transparency, gradient, shadow or blend mode is applied to any palette colour, and no scrim, gradient or overlay of any colour, black and white included, is laid over a photograph: type sits on a solid Near-black ink or Limewash plaster ground or panel, beside the photograph or over it as a solid block, never directly on photographic pixels.
Forbidden: No colour outside the five palette hexes for type, panels, rules, buttons or icons; no drop shadow or gradient on any of them, since every palette colour is used solid; nothing cheerful or saturated, as the brand note asks.
Photography: Apart from the main room photograph on the booking hero, which stays true colour with no tint, tone or overlay, every photograph on every output, amenity cut-outs included, carries the same one committed tone, restrained and cold as the brand is, never cheerful or saturated. The two visits are brought onto one base before that tone is committed, and the tone may change colour and contrast but never what a subject or material is."
SB3-023-PHO,Ironline Forge - Blacksmith editorial image set,Photo & Image,Ironline Forge,Cast to outlast the building,A heritage iron and bronze foundry casting bespoke architectural work for specifiers and developers.,"Casting since 1911 in the same Sheffield works; a small crew of founders, patternmakers and finishers.","Ironline Forge casts bespoke iron and bronze for architects and developers who have mostly never stood on a foundry floor. We sell permanence and provenance: the heat, the hands, and the fact that the piece will still be here in eighty years. The brand has to feel like the shop floor, hot, dirty and precise.","Specifiers, architects and developers, 40 to 65, buying craft and confidence rather than a catalogue product.","Bespoke castings from five to sixty thousand dollars a piece, priced on provenance and never presented as a promotion.","Heavy, Dark, Honest, Precise, Unhurried, Proud","Iron black #1A1A1C · mandatory. The ground of the poster and of both feature pages: the dark ground the maker's mark and every cut-out are judged on (ironline_story_copy.txt). Also the type colour on any Foundry sand panel, as the casting name on ironline_spec_card_2025.pdf.
Furnace orange #C6591F · mandatory for the pour rule. The 4 pt pour rule above every headline, a keyline beside a photograph and reference codes, as the reference code and keyline on ironline_spec_card_2025.pdf. Never a ground, panel, headline, standfirst or body text.
Cast bronze #7A5A2E · optional accent. Small labels set on Foundry sand, as the footer line on ironline_spec_card_2025.pdf, and hairline rules. Never a ground, panel, headline or body text.
Ash grey #6E6E6B · optional accent. Spec lines set on Foundry sand and hairline rules, as the alloy and weight lines and the footer rule on ironline_spec_card_2025.pdf. Never a ground, panel, headline or body text.
Foundry sand #C9BCA3 · mandatory where type sits on Iron black. Every headline, standfirst, body line, caption, spec line and the specifier contact set on Iron black, and the maker's mark reversed out of Iron black. It may also be a panel, as the ground of ironline_spec_card_2025.pdf, but never the page ground of the feature or the poster.","Ironline Forge runs Bespoke Serif for display and Neue Haas Grotesk Display for text. Step 01, display and H1, is Bespoke Serif Bold at 44 pt on 47 pt, tracked minus 10 units, opened by the pour line: a 4 pt furnace orange rule, always 40 mm long and always 12 mm above the headline, or 4 px by 160 px on screen; the poster headline is the same setting at 180 pt on 180 pt. Step 02, the standfirst, is Bespoke Serif Bold at 16 pt on 21 pt, tracking 0. Step 03, body, is Neue Haas Grotesk Display 55 Roman at 10 pt on 14 pt, sentence case, tracking 0, measure held to 65 characters. Step 04, fine print, is Neue Haas Grotesk Display 65 Medium caps at 8 pt on 12 pt, tracked 80 units, covering captions, spec lines and reference codes, with the specifier contact at 18 pt on 24 pt in the same caps. The struck maker's mark is never reset in any typeface.","A 4 pt furnace orange rule, always 40 mm long and always 12 mm above the headline, so every piece opens with the same short pour line before any word.","Plain, declarative, unshowy. Example line: 'Iron and bronze, cast in this building since 1911.'","Process and provenance over polish. The struck maker's mark must be recovered faithfully rather than tidied into a fashion monoline, and it has to hold small and reversed out of the dark.","Our maker's mark was cut into a die generations ago and survives only struck into the metal. There is no artwork for it anywhere, and the trade-fair stand and the brand story page are being rebuilt at the same time.","Distribution: Iron black is the ground of the poster and of both pages of the feature, and covers more of the designed, non-photographic area than any other colour. On Iron black, all type and the reversed maker's mark are Foundry sand, except reference codes, which may be Furnace orange. A Foundry sand panel carries Iron black type, with spec lines in Ash grey, reference codes in Furnace orange and small labels in Cast bronze, as on ironline_spec_card_2025.pdf. Furnace orange, Cast bronze and Ash grey are for the pour rule, rules, reference codes, spec lines and small labels only, together no more than 5% of the designed, non-photographic area, never a ground or a panel.
Opacity: Every palette colour is used solid, at 100% opacity. No tint, transparency, gradient, shadow or blend mode is applied to any palette colour, and no scrim, gradient, tint or overlay of any colour, black and white included, is laid over a photograph: type sits on the solid Iron black ground or on a solid panel beside or over the photograph. The tinted photograph frame of ironline_spec_card_2025.pdf belongs to that card and is not carried into the feature or the poster.
Forbidden: No white ground and no white type: cut-outs and the maker's mark are judged on Iron black, not on white (ironline_story_copy.txt). No bevel, emboss, sheen, glow or shadow on type, rules, panels or the maker's mark, since the brand is plain, declarative and unshowy, process and provenance over polish. No promotional device such as a discount, sale flash or price burst, since work is never presented as a promotion. No colour outside the five palette hexes for type, grounds, panels, rules, icons or the maker's mark.
Photography: Photographs keep their own corrected colour. They share one dark treatment made in the photograph itself, never a palette tint, duotone or monochrome laid over them, and are never recoloured toward the palette. Cast bronze, cast iron and pale foundry sand stay distinguishable from one another, and molten metal keeps its own bright glow rather than being greyed toward Iron black or flattened toward Furnace orange."
SB3-024-PHO,Lunara Chronometry - Autumn watch campaign,Photo & Image,Lunara Chronometry,"Timed by hand, one at a time","An independent mechanical watch house making five references in small runs, sold direct and through two dealers.","A studio of eight in Chicago, Illinois; a Swiss-trained watchmaker and a regulator who times every piece by hand.","Lunara builds mechanical watches in small runs and regulates each one by hand before it ships. We sell presence, finish and the credibility of a named regulator, not a colour or a trend. Every piece leaves with its own certificate, and the pictures have to read as confidence.","Collector-literate buyers, 35 to 60, who judge a watch on form, finish and the hand behind it.","Four to twelve thousand dollars a piece, positioned as independent horology: above fashion watchmaking and below the grand houses.","Precise, Warm, Restrained, Credible, Considered, Quiet","Warm near-black #191512 · mandatory as the type colour wherever type sits on Bone cream (small captions, footer lines and small labels excepted). Type on Bone cream other than small captions, footer lines and small labels: the wordmark, headings, reference names in headings, body, specification, fine print and the timing line, as on lunara_certificate_2025.pdf, and thin frame borders, as around its photograph. It may also be a solid dark ground or panel carrying Bone cream type, as the Dealer B panel colour in lunara_notes.txt, or type set directly on a photograph.
Bone cream #EDE6D6 · mandatory as the type colour wherever type sits on Warm near-black or Oxblood. The main light ground, as on lunara_certificate_2025.pdf; all type set on Warm near-black or Oxblood; and type set directly on a photograph.
Tempered steel #9A9EA3 · optional accent. Small captions, footer lines, labels and dividers only, as the photo caption (a reference and serial) and the footer lines on lunara_certificate_2025.pdf. Never a ground, a panel or body text.
Aged brass #9C7A3C · optional accent. Hairline rules and dividers only, as the rule under the wordmark on lunara_certificate_2025.pdf. Always a flat colour, never a metallic effect, and never type, a ground or a panel.
Oxblood #5A2A28 · optional ground or panel; optional small label. A solid panel or ground carrying Bone cream type, as the Dealer A panel colour in lunara_notes.txt, or a small label on Bone cream, as the certificate line on lunara_certificate_2025.pdf. Never body text.","Lunara Chronometry runs Boska for display and Suisse Int'l for text and for every figure. Step 01, display and H1, is Boska Medium small caps at 72 px on 76 px, tracked 180 units, the wordmark always stacked as Lunara over Chronometry; a dealer sheet heading takes the same setting at 28 pt on 31 pt. Step 02, the reference name, is Boska Medium small caps at 40 px on 44 px, tracked 180 units, and 48 px on 53 px on a product page; any numeral inside it switches to Suisse Int'l tabular lining at the same size. Step 03, body, is Suisse Int'l Regular at 20 px on 30 px, tracking 0, measure held to 65 characters, with specification at 22 px on 32 px and dealer sheet body at 10 pt on 14 pt. Step 04, fine print, is Suisse Int'l Regular tabular lining at 16 px on 22 px, tracked plus 20 units, and carries prices, serials and the timing result. The timing line keeps its fixed wording and is never set in italic or in the serif.","No figure is ever set in the serif: every numeral, reference, price, serial and timing result switches to the grotesque, so a line of tracked small caps visibly cools wherever a number falls.","Exact, understated, collector to collector. Example line: 'Five references. Each one regulated by hand and signed.'","One committed warm single-tone treatment with fine grain across the whole campaign, with a single true-colour dial frame kept so a customer can judge the finish honestly.","We have last season's certificate as it went to the printer and an approved wording note. The timing line is fixed and cannot be reworded, and the featured reference moves each season.","Distribution: Grounds and panels are Bone cream, Warm near-black or Oxblood and nothing else; the grey sweep or stone inside a supplied photograph is photography, not a designed ground. On Bone cream, the wordmark, headings (reference names in them included), body, specification, fine print and the timing line are Warm near-black, as on lunara_certificate_2025.pdf; small captions and footer lines, including a reference-and-serial caption, may instead be Tempered steel, as that card's photo caption and footer are; Oxblood may set a small label, as the certificate label on that card is. On Warm near-black or Oxblood, all type is Bone cream. Type set directly on a photograph is Bone cream or Warm near-black. Warm near-black and Bone cream are mandatory only in these type roles, so a page need not show both: a product page may set its type straight on its photograph, and a dealer sheet may run Oxblood panels. Aged brass is for hairline rules and dividers only and Tempered steel for small captions, footer lines, labels and dividers only; neither is ever a ground, a panel or body text, which keeps both to small accents. The clean white that lunara_notes.txt names is for square store tiles, and none of these outputs is a store tile.
Opacity: Every palette colour is used solid, at 100% opacity. No tint, transparency, gradient, shadow, metallic or blend effect is applied to any palette colour, and no scrim, gradient or overlay of any colour, black and white included, is laid over a photograph: type sits on a clear area of the photograph or on a solid panel. The warm single-tone treatment with fine grain that lunara_notes.txt sets for the campaign is a grade of the photograph itself, not an overlay.
Forbidden: No colour outside the five palette hexes for type, grounds, panels, rules or icons, and no metallic, foil, gradient or glow rendering of any colour, Aged brass included: every colour is flat. The brand sells presence and finish, not a colour or a trend.
Photography: Apart from the campaign's warm single-tone treatment that lunara_notes.txt sets, photographs keep their own corrected colour and are never recoloured toward the palette. The deep blue sunray dial in lunara_pdp_vesper.jpg and the lacquered oxblood dial and strap in lunara_pdp_ardent.jpg are product colours: they are not pushed toward Bone cream, Oxblood or any other palette colour, nor read as uses of it."
SB3-025-PHO,Apexguard - Industrial surfaces launch photography,Photo & Image,Apexguard,Built to sit behind the counter,"An automotive aftermarket supplier of paint protection film, window tint and installation hardware, sold to independent installers.","Charlotte, North Carolina; canonical context for the repeat-client series.","Apexguard is the repeat client for this benchmark series. The canonical client context is Charlotte, North Carolina, and this commission covers phase 1: rebrand photography and product rollout.","Independent installers, 25 to 45, who judge a supplier on whether the packaging justifies the price to a customer standing at the counter.","Line items from two hundred fifty to twelve hundred dollars, a confident premium supplier rather than a bright discount accessory brand.","Dark, Confident, Minimal, Precise, Modern, Restrained","House black #101114 · mandatory. The house dark ground: the page ground of the dealer poster and the sub-brand application sheet, and any panel on a product-page module, as the card ground of apexguard_label_2025.pdf and the house ground in apexguard_brand_notes.txt. Also the type colour on the plain white ground of a product-page module.
Gunmetal #3A3D42 · optional. Secondary panels, keylines and photo frames on House black, as the keyline round the part photograph on apexguard_label_2025.pdf. On House black it may carry only a small, quiet label, as that label's SKU line; on plain white it may carry secondary labels. Never the page ground, a fitment line or a product-module SKU.
Cool steel #B7BCC2 · optional. Secondary type on House black or Gunmetal: the product family line and field labels such as Roll width and Warranty, as on apexguard_label_2025.pdf. Never a ground or panel, and never type on a white ground.
Signal accent #E4552B · mandatory wherever the master mark appears; otherwise an optional accent. The one accent: the 6 pt bar locked beneath the master mark, the small bar inside the mark's chevron, a short bar beneath a sub-brand name, and at most one small caption, as the 6 pt bar beneath the master mark (type system), and the bar under VANTAGE and the FITMENT caption on apexguard_label_2025.pdf. Never a ground, panel or body text.
Off white #F2F1ED · mandatory where type sits on House black or Gunmetal. Primary type and the reversed master mark on House black and Gunmetal: sub-brand names, fitment lines and record values, as on apexguard_label_2025.pdf. It may also be the plain white ground behind a part on a product-page module.","Apexguard runs Clash Display for display, Aktiv Grotesk for text and Roboto Mono for SKUs. Step 01, display and H1, is Clash Display Bold all caps at 140 pt on 147 pt, tracked to span the exact full measure of its panel, flush at both edges and never below 120 units, with a 6 pt signal accent bar locked directly beneath at one fifth that measure. Step 02, the poster headline, is Clash Display Bold all caps at 60 pt on 66 pt, tracked plus 40 units. Step 03, body and fitment, is Aktiv Grotesk Regular at 16 pt on 24 pt, sentence case, tracking 0, measure held to 65 characters, and a fitment line is never tracked or condensed. Step 04, fine print, is Aktiv Grotesk Regular at 10 pt on 15 pt, tracked plus 10 units, carrying warranty and box copy, while SKUs break out into Roboto Mono Medium at 40 px on 46 px in a product module with the variant line at 28 px on 34 px.","The caps mark is always tracked out to span the exact full measure of its panel, flush at both edges and never below 120 units, with a 6 pt signal accent bar locked directly beneath at one fifth that measure.","Confident and terse, no hype. Example line: 'Film, tint and hardware. Fitted right, backed properly.' No mascots, no vintage badges, no heavy gradients.","A dark, high-contrast house system with one accent, where fitment information is always legible on the shelf. No mascots, no vintage badges, no heavy gradients.","Our master mark survives only on a die-cut box sticker and on a decal on an installer's shop glass. The studio that drew it has closed and taken the source files, so it has to be recovered as usable artwork.","Distribution: Grounds: House black #101114 is the page ground of the dealer poster and the sub-brand application sheet and the colour of any panel on a product-page module, as on apexguard_label_2025.pdf; Gunmetal #3A3D42 may be a secondary panel or keyline. On each product-page module the part sits on plain white, as the product page rule in apexguard_brand_notes.txt asks: Off white #F2F1ED or pure white #FFFFFF, flat. Type: on House black or Gunmetal, primary type and the reversed mark are Off white and secondary labels Cool steel #B7BCC2, with Gunmetal for a small quiet label, as on apexguard_label_2025.pdf; on plain white, type is House black, with Gunmetal for secondary labels. Signal accent #E4552B is the one accent, for the bar beneath the mark, the small bar in its chevron, a short bar beneath a sub-brand name, as on apexguard_label_2025.pdf, and at most one small caption, together no more than 5% of the designed, non-photographic area, never a ground, panel or body text.
Opacity: Every palette colour is used solid, at 100% opacity. No tint, transparency, gradient, shadow or blend mode is applied to any palette colour, and no scrim, gradient or overlay of any colour, black and white included, is laid over a photograph: a text panel sits over or beside the photograph as a solid block.
Forbidden: No colour outside the five palette hexes (#101114, #3A3D42, #B7BCC2, #E4552B and #F2F1ED) for type, panels, rules, buttons, icons or the mark, except pure white #FFFFFF as the plain white ground behind a part on a product-page module; no second accent colour; no gradient, glow, chrome or metallic effect on any type, panel, rule, button or icon, since the brand allows no heavy gradients and nothing flashy; no mascot, vintage badge or tuner styling.
Photography: Photographs keep their own corrected colour and surface texture and are never recoloured toward the palette: the black-anodized, gunmetal and stainless parts in the bench frames keep their own finish, not pushed to House black or Gunmetal."
SB3-026-PHO,Thornmere Home - Autumn interiors image system,Photo & Image,Thornmere Home,"Made by hand, kept for years.",Mid-premium homeware: glazed stoneware and woven textiles,"Founded in Providence, Rhode Island. A two-person workshop selling direct to consumer and wholesale into fourteen independent stores across the Northeast.","Thornmere Home makes glazed stoneware and woven textiles in a small Providence workshop, around thirty-two products a season priced from forty-five to a hundred and eighty dollars. The work is honest material: real glaze, real dye, thrown and woven by people who sign for it. Ceramics are shot standing, textiles draped, and the range is meant to read as one quiet, warm family rather than a catalogue of individual objects. The season turns on autumn, when the palette deepens and the catalogue goes back to the printer, one product to a page.","Buyers roughly thirty to fifty who nest and furnish slowly. Design literate, buying to keep rather than to chase a trend. Neither farmhouse cliche nor design-gallery cool, just people who want warm, made things in the house.","Mid-premium. Generous with white space, warm and truthful about material, never the austere near-black of collectible ceramics and never the crowded, saturated look of discount homeware.","Quiet, Warm, Honest, Handmade, Unfussy","Oatmeal Glaze #E7DDCB · optional. A solid tile or panel ground inside a Warm Paper Ground page, carrying Stoneware Charcoal type. Never a type colour, and never the wholesale band: it sits too close to the page ground to read as a coloured band.
Indigo Dye #33455E · one of the two band colours (the wholesale band is Soft Clay or Indigo Dye); otherwise optional. The wholesale band or a solid tile or panel, with any type on it in Warm Paper Ground. Never a type colour.
Warm Paper Ground #F6F1E8 · mandatory. The page ground of both documents, as the full-page ground of thornmere_spring_catalog_press.pdf, including the forty millimetres of bare paper under each product name; also the colour of any type set on Indigo Dye.
Stoneware Charcoal #3B3733 · mandatory for type on light grounds. Every product name, subheading, body line, price, dimension and care line set on Warm Paper Ground, Oatmeal Glaze or Soft Clay, as the dimension, material and care lines on thornmere_spring_catalog_press.pdf. Never a ground, tile, panel or band.
Soft Clay #C9A98E · one of the two band colours (the wholesale band is Soft Clay or Indigo Dye); otherwise an optional accent. The wholesale band or a solid tile or panel, and a small running foot in tracked capitals on Warm Paper Ground, as on thornmere_spring_catalog_press.pdf. Never a product name, body line, price or care line.","Thornmere Home runs four steps. Step 01, Display and H1, is Druk Medium caps at 13 pt on 15 pt leading, tracked +200 thousandths open, set alone at the head of the page above forty millimetres of bare paper; on screen it reads 17 px on 20 px. Step 02, Subheading and H2, is Druk Medium caps at 11 pt on 13 pt, tracked +160 thousandths, a size invented because the prose states none and held well under the 16 pt ceiling. Step 03, Body, is Publico Text Roman at 10 pt on 15 pt, tracking 0, measure held to a maximum of 65 characters, or 17 px on 26 px on screen. Step 04, Fine print, is Graphik Regular at 8.5 pt on 12 pt, tracked +20 thousandths, and it carries prices, dimensions and care lines. No product name is ever set above 16 pt, and care lines stay in the maker's own words.","The product name is set in heavy condensed Druk caps at only 13 pt, tracked 200 thousandths open, alone at the head of the page above forty millimetres of bare paper, so the page reads as one small dense bar of type floating in cream.","Plain and warm. Short sentences about material and making, not about lifestyle. The maker writes the care lines and they stay in the maker's own words, unreworded.","Truth to material, longevity over trend, and steady support of the independent stores that carry the range.","No brand guidelines were ever written down. The autumn catalogue was built by an outside studio that has since closed and kept the working layout file, so only the printer's press PDF of the spring catalogue survives. The catalogue has to be rebuilt from that press PDF and the season's spreadsheet.","Distribution: Mandatory on both documents: Warm Paper Ground as the page ground, as on thornmere_spring_catalog_press.pdf, and Stoneware Charcoal for type, as the dimension, material and care lines on thornmere_spring_catalog_press.pdf. Mandatory on the wholesale presentation: one coloured band, a solid block of Soft Clay or Indigo Dye, the same colour on every page that carries it. Grounds, tiles and panels are Warm Paper Ground, Oatmeal Glaze, Soft Clay or Indigo Dye; Stoneware Charcoal is never a ground, since the brand is never the austere near-black of collectible ceramics. On Warm Paper Ground, Oatmeal Glaze and Soft Clay, all type is Stoneware Charcoal; on Indigo Dye, all type is Warm Paper Ground. The only other type colour is Soft Clay, for a small running foot in tracked capitals on Warm Paper Ground. Photographs aside, Warm Paper Ground is the largest designed area on every page: Oatmeal Glaze, Soft Clay and Indigo Dye tiles, panels and the band together cover less of each page than Warm Paper Ground.
Opacity: Every palette colour is used solid, at 100% opacity. No tint, transparency, gradient, shadow or blend mode is applied to any palette colour, no drop shadow or glow is added under a cut-out piece, and no scrim, gradient or overlay of any colour, black and white included, is laid over a photograph.
Forbidden: No colour outside the five palette hexes for type, grounds, tiles, panels, the band, rules or icons. No pure black and no near-black outside the palette: the brand is never the austere near-black of collectible ceramics and never the crowded, saturated look of discount homeware.
Photography: Photographs keep the true colour of each glaze and dye and are never recoloured toward the palette: no piece is pushed to Indigo Dye, Soft Clay, Oatmeal Glaze or Stoneware Charcoal to match a hex, and no piece takes on the colour of the band, tile or ground behind it."
SB3-027-PHO,Fennhollow - Botanical soda summer campaign,Photo & Image,Fennhollow Botanical Soda,"Botanicals from the valley, nothing else.","Craft botanical soda, better-for-you premium CPG","Founded in the Hudson Valley, New York. Two founders working with a co-packer, three flavours, sold in upstate natural grocers and by direct-to-consumer subscription.","Fennhollow Botanical Soda makes three botanical sodas in the Hudson Valley: elderflower and lime, rhubarb and bitters, and spruce tip. Three dollars fifty a can, sold across upstate natural grocers and by subscription, produced through a co-packer whose cleared nutrition claim cannot be reworded. Two founders run everything and neither is a photographer. The whole brand lives on summer: sun lit, warm, natural, a little restrained. The spruce tip flavour steps to the front in August, so the summer campaign has to be built to be revisited as the season shifts.","Twenty-five to forty, shopping the natural grocer aisle and reading the ingredient panel. Paying a premium for the promise that this is closer to a real thing than a mass soda.","Craft better-for-you at three fifty a can. Warmer and more human than a twelve-dollar apothecary tonic, and far more restrained and natural than a hyper-saturated ninety-nine-cent soda.","Sun lit, Natural, Restrained, Warm, Made by real people","Label Green #3F6B3A · mandatory. Every flavour name set on Warm Cream Ground or over a light part of a photograph, as fennhollow_shelftalker_press.pdf sets its flavour name and fennhollow_brand_note.pdf its title; the half point rule that splits every stacked flavour name; the co-packer's claim line may be Label Green, as on fennhollow_shelftalker_press.pdf. It is the only solid panel colour besides Warm Cream Ground.
Warm Cream Ground #F4ECD8 · mandatory. The main ground of every designed area, as on fennhollow_shelftalker_press.pdf and fennhollow_brand_note.pdf, and all type set on a Label Green panel.
Afternoon Amber #E5AF54 · optional accent. A small price tag device with the price figure reversed out of it, as the price flag on fennhollow_shelftalker_press.pdf. Never a ground, panel, rule or type colour.
Rhubarb Rose #C56E68 · optional accent. Small letterspaced labels and the short thin rule set just above them, as the NOW POURING label and its rule on fennhollow_shelftalker_press.pdf. Never a ground, panel or body text.
Deep Ink #2C2A24 · mandatory where body text sits on Warm Cream Ground. Body text, subheads, fine print and the sourcing line on Warm Cream Ground, as fennhollow_shelftalker_press.pdf sets its store name and sourcing line and fennhollow_brand_note.pdf its body. Never a ground or panel.","Fennhollow Botanical Soda runs four steps. Step 01, Display and H1, is Staatliches Regular caps at 120 pt on 108 pt leading, tracked -5 thousandths, set as the poster flavour name stacked onto two centred lines split by a half point rule in Label Green. Step 02, Subheading and H2, is Staatliches Regular caps at 96 px on 104 px, tracked -5 thousandths, for the key visual headline, stepping down to 64 px on 70 px on a carousel page and still stacked on two centred lines. Step 03, Body, is Whitney Book at 30 px on 42 px, tracking 0, measure held to a maximum of 65 characters, with Whitney Semibold at the same size for subheads. Step 04, Fine print, is Whitney Book at 18 pt on 24 pt, tracked +15 thousandths, and it carries the co-packer's cleared claim line exactly as written. A flavour name is never set on a single line.","Every flavour name stacks onto two centred lines of Staatliches caps split by a half point rule in Label Green, so the stacked block registers before the words are read.","Plain, warm, a little rural. Names the botanicals and the valley, not a lifestyle. The co-packer's cleared claim line stays exactly as written.","Real ingredients over additives, provable and legal image provenance the co-packer can be shown, and a cohesive look the next hire can build on rather than start from nothing.","No written brand guidelines have ever existed and the founders asked for the first one to be created. Their brand note points to a printed swatch card that was never sent with the package, so the house green survives only as the printed label on the two studio can shots the brand owns. There is no lifestyle photography of any kind.","Distribution: Grounds and panels are Warm Cream Ground or Label Green and nothing else; Warm Cream Ground is the main ground, as on fennhollow_shelftalker_press.pdf and fennhollow_brand_note.pdf. On Warm Cream Ground, flavour names and their half point rules are Label Green, and body text, subheads and fine print are Deep Ink; the co-packer's claim line may be Deep Ink or Label Green, as on fennhollow_shelftalker_press.pdf. A stacked flavour name never sits on a Label Green panel, where its rule would vanish. On a Label Green panel all type is Warm Cream Ground, as the can labels in fennhollow_packshot_01.jpg and fennhollow_packshot_02.jpg set pale type on the green. Type set directly over a photograph, which fennhollow_brand_note.pdf expects, is Deep Ink or Label Green over light areas and Warm Cream Ground over dark ones. Afternoon Amber is for a small price tag and Rhubarb Rose for small labels and thin rules; together they cover no more than 10% of the designed, non-photographic area and are never a ground, a panel or body text.
Opacity: Every palette colour is used solid, at 100% opacity. No tint, transparency, gradient, shadow or blend mode is applied to any palette colour or to type, and no scrim, gradient or overlay of any colour, black and white included, is laid over a photograph: type sits directly on the photograph or on a solid block. The one tint is a thin Label Green rule above the fine print at 45% opacity, as fennhollow_shelftalker_press.pdf sets its foot rule, and nowhere else.
Forbidden: No colour outside the five palette hexes (#3F6B3A, #F4ECD8, #E5AF54, #C56E68 and #2C2A24) for type, grounds, panels, rules, buttons or icons, with three exceptions carried from fennhollow_shelftalker_press.pdf: a price figure reversed out of an Afternoon Amber tag may be white, a town line under a store name may be the warm grey #57534A, and the one 45% Label Green rule above the fine print allowed under opacity reads as its tint. No neon or hyper-saturated colour and no glow anywhere in the design, which the brand places against a hyper-saturated ninety-nine-cent soda.
Photography: Photographs keep their own corrected colour and are never recoloured toward the palette; the can's aluminium stays silver. The one exception is the printed can label: our green is the label green, and it must still read as our Label Green through every correction."
SB3-028-PHO,Verda Reformer Studio - Fitness campaign image system,Photo & Image,Verda Reformer Studio,Room to breathe.,Boutique reformer pilates studio,"Founded 2022, first studio run for four years; opening a second location on Calloway Row in a North American city. Owner led by Marit and Dana, with six instructors. Small, independent, growing to two rooms.","Verda is a boutique reformer pilates studio built on calm. One body, one room, generous air, and unhurried attention. Marit and Dana have run a single studio for four years and are now opening a second on Calloway Row. The studio is deliberately the opposite of a chain gym: no crowding, no shouting, no gloss of the everyday. What clients pay for is space, focus and a considered environment they return to.","Considered buyers, mostly women in professional work, aged 28 to 48. They typically audition three studios before committing to one, and they are paying for calm, attention and space rather than volume or intensity.","Premium neighborhood, not luxury. Intro pack 180 dollars, membership 220 a month. Positioned above a high volume budget gym and below wellness luxury: the tone is soft daylight and quiet confidence, never pretension and never a discount.","Calm, Considered, Warm, Quietly confident, Unhurried","Sage #9CA98F · optional. The one alternative ground: panels, buttons or the solid ground behind a cut-out portrait; and small labels on Warm Off White, as the field labels on passcard_2025_print.pdf. Never body text.
Oak #C7A97A · optional accent. Hairline rules and dividers only, as the rule under the name on passcard_2025_print.pdf. Never a ground, panel, button or text.
Warm Off White #F4F0E8 · mandatory. The main ground, as on passcard_2025_print.pdf, and the ground behind a cut-out portrait; also type or the wordmark reversed out of Sage.
Soft Ink #33352E · mandatory. Headlines, body text, prices, fine print and the wordmark on Warm Off White, as the name, values and wordmark on passcard_2025_print.pdf. Never a ground, panel or button fill.","Verda Reformer Studio runs four steps. Step 01, Display and H1, is Monument Extended Regular at 88 px on 104 px leading, tracked -10 thousandths, as the launch headline; the wordmark sits above it as a separate lock, caps on one line, tracked +320 thousandths, never larger than 34 px on screen or 11 pt on the pass card. Step 02, Subheading and H2, is Monument Extended Regular at 56 px on 68 px, tracked -5 thousandths, for feed posts and stories. Step 03, Body, is Basis Grotesque Regular at 22 px on 34 px, tracking 0, measure held to a maximum of 65 characters. Step 04, Fine print, is Basis Grotesque Medium at 16 px on 24 px, tracked +15 thousandths, and it carries class times and prices; the leading was invented because the prose states none. The wordmark is never stacked onto two lines.","The wordmark is always Monument Extended caps on one line, tracked 320 thousandths open and never larger than 34 px, so it reads as a long calm horizontal band rather than a word.","Plain, warm and unhurried. Speaks to one person rather than a crowd. Confident without hype, and honest about what the room actually is.","Calm, attention, generous space, and honesty about the room a client will actually walk into.","No brand guidelines were ever written. The wordmark was drawn by a designer who has since left, and the only surviving file is a small low resolution web export she handed over. There is no master artwork, no color specification and no font list on record, so the freelancer inherits the studio look from this brief and from the room itself.","Distribution: Grounds, panels and buttons are Warm Off White or Sage and nothing else, and a cut-out portrait sits on one of the two. On Warm Off White, headlines, body text, prices, fine print and the wordmark are Soft Ink, and only small labels may be Sage, as on passcard_2025_print.pdf. On Sage, all type and the wordmark are Soft Ink or Warm Off White. Oak is for hairline rules and dividers only, no more than 5% of the designed, non-photographic area.
Opacity: Every palette colour is used solid, at 100% opacity; no tint, transparency, gradient, shadow or blend mode; no scrim, gradient or overlay of any colour, black and white included, laid over a photograph. Type, the wordmark included, set beside or over a photograph sits on a solid Warm Off White or Sage panel, never directly on the photograph. Last year's pass, passcard_2025_print.pdf, sets its wordmark at 92%; on these exports the wordmark is solid Soft Ink or Warm Off White.
Forbidden: No colour outside the four palette hexes (#9CA98F, #C7A97A, #F4F0E8, #33352E) for type, the wordmark, panels, rules, buttons or icons. The orange skin and black rubber floor that owner_note.txt rejects are photographic prohibitions, set out under photography.
Photography: Photographs keep their own corrected colour and are never recoloured toward the palette. In verda_studio_frame_01.jpg and verda_studio_frame_02.jpg the reformer upholstery is brought to its own sage green and the floor to its own natural oak in one soft daylight, neither pushed to the Sage or Oak hexes. No skin reads orange and no photograph shows a black rubber floor, as owner_note.txt asks."
SB3-029-PHO,Cape Marren - Shoulder-season tourism campaign,Photo & Image,Cape Marren Coast Alliance,"The coast, out of season.","Regional destination marketing, an alliance of independent coastal member businesses","A visitor alliance of twenty two independent member businesses along the Cape Marren coast on the North American Atlantic seaboard. Coordinated by Nell on behalf of the members. Small, member funded, regional in reach.","Cape Marren Coast Alliance markets a stretch of independent coast to shoulder season visitors. Summer sells itself; the work is October to April, when a harbour seafood room, a cider barn, a point light, a bookshop, a bakery and an oyster landing either make a living or do not. The campaign has to feel like that season honestly: warm low sun, weather, wool, wet stone, a lit window at four in the afternoon, quiet compositions with one or two people. Members have to see themselves in it, because members who cannot see themselves do not renew.","Travellers aged 30 to 60, driving from within four hours, mostly couples and pairs of friends rather than families. They spend 200 to 600 dollars per party across a two or three night shoulder season weekend on rooms, meals, cider and a walk.","Mid range and real. Positioned above a peak summer holiday treatment (which would oversell blue water and hard sun) and below a 1,500 dollar luxury coastal weekend (which would go near monochrome and strand the bakery and the cider barn). Editorial rather than promotional, and never promising a season the coast cannot deliver in November.","Honest, Warm, Grounded, Understated, Weathered","Warm October Sun #C8894B · mandatory wherever an Anton headline appears. The single 3 pt rule locked beneath every Anton headline at the headline's exact width, other hairline rules, and trail numbers, as the rule and the trail number on trailcard_2025_print.pdf. Never a ground, a panel, a headline or body text.
Wet Stone #5B5F5C · optional accent. Small secondary type on Wool Cream only: labels, captions and contact lines, as the trail label and contact line on trailcard_2025_print.pdf and the COAST ALLIANCE line of alliance_mark.svg. Never a ground, a panel, a headline or body text.
Wool Cream #E7DDC9 · mandatory. The main ground, as on trailcard_2025_print.pdf, a solid light panel, and all type set on a Deep Harbour panel.
Deep Harbour #2E3A3C · mandatory. Headlines, member names, body text and opening months on Wool Cream, as on trailcard_2025_print.pdf; the alliance mark's drawing and CAPE MARREN lettering; and the only dark solid panel, which then carries Wool Cream type.","Cape Marren Coast Alliance runs four steps. Step 01, Display and H1, is Anton Regular caps at 180 pt on 168 pt leading, tracking 0 because Anton is never letterspaced, with a single Warm October Sun rule of 3 pt locked directly beneath at the headline's exact width. Step 02, Subheading and H2, is Anton Regular caps at 42 pt on 46 pt, tracking 0, for a member feature, with the same 3 pt rule beneath; a carousel page runs 64 px on 62 px, and the 46 pt leading was invented because the prose states none. Step 03, Body, is Atlas Grotesk Regular at 10.5 pt on 15 pt, tracking 0, measure held to a maximum of 65 characters. Step 04, Fine print, is Atlas Grotesk Regular at 11 pt on 15 pt, tracked +15 thousandths, and it carries captions, member names and trail numbers, 11 pt in print or 28 px on screen, with Atlas Grotesk Medium tabular figures for opening months. Anton is never letterspaced.","Every headline is Anton caps sitting on a single Warm October Sun rule of 3 pt locked directly beneath it at the headline's exact width, so the eye catches a heavy block of type resting on one orange bar.","Grounded and truthful. Warm about the place without overselling it, and specific about what a visitor will actually find when they arrive out of season.","Honesty about the season, keeping every member visible, and supporting the independent businesses that fund the alliance.","No written brand guidelines exist. The only brand file on hand is the alliance mark left by the previous agency, supplied as a single vector file with nothing else: no color system, no type list and no usage notes. Members submit their own photographs and object shots, and the campaign look is set by this brief rather than by any existing kit.","Distribution: Grounds are Wool Cream, and a solid panel is Wool Cream or Deep Harbour, nothing else. On Wool Cream, headlines, member names, body text and opening months are Deep Harbour, and small labels, captions and contact lines are Deep Harbour or Wet Stone, as on trailcard_2025_print.pdf. On Deep Harbour, all type is Wool Cream. Type set directly on a photograph is Wool Cream or Deep Harbour. Warm October Sun is only for the 3 pt rule beneath each Anton headline, other hairline rules and trail numbers; Warm October Sun and Wet Stone together cover no more than 5% of the designed, non-photographic area.
Opacity: Every palette colour is used solid, at 100% opacity. No tint, transparency, gradient, shadow or blend mode is applied to any palette colour, and no scrim, gradient or overlay of any colour, black and white included, is laid over a photograph: type sits on a clear area of the photograph or on a solid panel.
Forbidden: No colour outside #C8894B, #5B5F5C, #E7DDC9 and #2E3A3C for type, panels, rules, buttons or icons. No summer blue or turquoise anywhere in the design: the brand rejects a peak summer holiday treatment (which would oversell blue water and hard sun).
Photography: Photographs keep their own colour and are never recoloured toward the palette. A warm, low-light grade is allowed, but after any warm move the line between sea and sky stays visible in cape_marren_member_harbour_seafood.jpg, cape_marren_member_oyster_landing.jpg and cape_marren_member_point_light.jpg; no grey sea is pushed toward blue, no sky is replaced or invented, and no photograph is desaturated or toned closer to monochrome than its source file; the brand rejects a 1,500 dollar luxury coastal weekend (which would go near monochrome and strand the bakery and the cider barn). A frame supplied grey, as those three are, stays honestly grey."
SB3-030-PHO,Palewell Health - Licensed care image campaign,Photo & Image,Palewell Health,Care that meets you at home,"Direct to consumer digital health platform with a growing employer benefits channel, sold to members and to the benefits leads who choose on their behalf","Founded 2019 in Portland, Oregon; an eleven person team, clinician led, still owner run","Palewell is a subscription digital health platform for people managing ordinary, everyday conditions from home. Members pay a modest monthly fee for clinician backed guidance, and about half our growth now comes through employer benefits teams who offer us to their staff. We exist so that steady, unglamorous care feels reachable rather than clinical.","Members aged thirty to fifty five who want reassurance without a hospital, plus benefits and HR leads who evaluate us for risk and coverage before putting us in front of their people","Fifteen to forty dollars a month, plus employer plans. Mid market and accessible: above a free wellness app, well below concierge medicine. The read must never feel like a two hundred dollar boutique practice or a supplement funnel.","calm, credible, human, steady, plainspoken, warm","Deep Slate #2C3742 · mandatory. Our ground: the ground of the header, where the clinical lead sits on it (palewell_brand_notes.md), and any solid panel behind a photograph, as the photograph panel on palewell_employer_onepager.pdf. Also headlines, names and the contact block set on Warm Chalk or Paper White, as the brand line, name and contact on palewell_employer_onepager.pdf.
Warm Chalk #F3EEE6 · mandatory as the page ground of the poster and the referral panel. The ground for pages and space (palewell_brand_notes.md), as the page ground of palewell_employer_onepager.pdf; also type set on Deep Slate.
Sage Signal #6E8F7C · optional accent. The one accent, used sparingly: a link, a short rule or a small label, as the rule, plan tier line, small tagline label and contact label on palewell_employer_onepager.pdf. Never a ground, a panel, a headline or body text.
Soft Ink #4A5560 · mandatory where body text sits on Warm Chalk or Paper White. Body text and fine print set on Warm Chalk or Paper White (palewell_brand_notes.md), apart from a Sage Signal link or small label, as the body paragraph and footer line on palewell_employer_onepager.pdf. Never a ground or a panel, and never type on Deep Slate.
Paper White #FBFAF7 · optional. A near-white for a small panel or card on Warm Chalk, or for type set on Deep Slate. Never the page ground of the poster or the referral panel in place of Warm Chalk.","Palewell Health runs four steps. Step 01, Display and H1, is Archivo Black at 120 pt on 112 pt leading, tracked -15 thousandths, never more than four words, sitting at six times the body size with Inter beginning immediately beneath it. Step 02, Subheading and H2, is Archivo Black at 72 px on 76 px, tracked -10 thousandths, for the website header, with the referral panel stepping down to 48 px on 54 px. Step 03, Body, is Inter Regular at 18 px on 28 px, tracking 0, measure held to a maximum of 65 characters, or 12 pt on 17 pt in print, and it is the body the headline is measured against. Step 04, Fine print, is Inter Medium at 13 px on 20 px, tracked +15 thousandths, with tabular figures for the contact block; that size and leading were invented because the prose states none. A clinical claim is never set in Archivo Black.","An extreme size jump: a headline of four words at most in Archivo Black sitting at six times the body size, with Inter beginning immediately beneath it, so one short heavy line reads against a wide field of quiet text.","Plain, warm and unhurried; we speak to a person, not a patient. We avoid hype, superlatives and clinical jargon. Example line the brand would write: ""Manage the everyday stuff with someone in your corner, from home.""","Credibility and warmth held together: real people in real rooms, honest about what we are, calm enough that a benefits lead trusts us with their staff.","There is no formal brand book. What exists is an internal notes file describing the palette in words (a deep slate, a warm chalk, a single muted signal colour), the tone of voice, and what the founders mean by calm. We have never run a photo shoot: every image on the current site came free with the template, and we own exactly one photograph outright, of our clinical lead, cleared for use.","Distribution: The header sits on Deep Slate. The poster and the referral panel sit on a Warm Chalk page ground, as palewell_employer_onepager.pdf does, and may carry solid Deep Slate panels, as that page's photograph panel, and small Paper White panels or cards. On Warm Chalk or Paper White, headlines, names and the contact block are Deep Slate, and body text and other fine print are Soft Ink, apart from a Sage Signal link or small label, as on palewell_employer_onepager.pdf. On Deep Slate, all type is Warm Chalk or Paper White. Sage Signal is the one accent, for a link, a short rule or a small label only, no more than 5% of the designed, non-photographic area, and never a ground, a panel, a headline or body text.
Opacity: Every palette colour is used solid, at 100% opacity. No tint, transparency, gradient, shadow, glow or blend mode is applied to any palette colour, and no translucent scrim, tint, gradient or overlay of any colour, black and white included, is laid over a photograph; an opaque solid palette panel may cover part of one, and type sits on a solid ground or on such a panel. A cut-out sits straight on its ground with no added outline, glow or shadow.
Forbidden: No bright or clinical blue, no gloss, sheen, glow or metallic effect, and no black or near-black on any type, ground, panel, rule, button or icon, since calm is never cold, sterile, blue, glossy or near-black (palewell_brand_notes.md). Never a second accent beside Sage Signal, and no colour outside the five palette hexes for type, grounds, panels, rules, buttons or icons.
Photography: Photographs keep their own corrected colour and share one neutral balance; none is tinted, duotoned or recoloured toward the palette. The clinical lead's pale sage-grey scrub top in palewell_lead_frame.jpg keeps its own colour and is never pushed toward Sage Signal."
SB3-031-VEC,Cordwain Overland - Identity master graphics,Vector & Print,Cordwain Overland,Made for the long way round,Mid tier overland and hiking apparel label selling graphic tees and hoodies through its own store and four independent outfitters,"Founded 2016 in Bend, Oregon; a small independent label, a handful of people, direct to consumer plus four stockists",Cordwain Overland makes graphic apparel for people who drive the back roads and walk the ridgelines. Our graphics are the reason people buy: customers zoom in on the print detail before they add to cart. Every drop is a small set of designs printed with care on garments meant to be worn hard.,"Buyers aged twenty four to forty who care how a print is made, can tell a discharge print from a thick plastisol slab, and screenshot the print detail before they buy","Tees at thirty four dollars, hoodies at seventy eight. Mid tier: a clear step above a bargain blank, priced on print quality rather than logo. Two or three tight inks with a bit of texture read as the craft they pay for.","rugged, considered, understated, craft led, outdoorsy, honest","Basalt #2A2E2B · mandatory. The workhorse ink (cordwain_brand_sheet.md) in the Compass chest and Ridgeline back marks, and in the Overland badge where it follows overland_badge.png; headings, running copy and spec lines on Bone; the wordmark and its 2 pt rule; the only dark page ground or text panel; a drawn dark garment.
Trail Sand #C7B299 · optional accent. An ink in overland_badge.png and the brand sheet's ink for dark garments; in the sheet and lookbook only ink swatches and thin rules, or a drawn garment of that colour. Never a page ground, text panel or type colour.
Pine Shadow #3E4A3D · optional accent. An ink in ridgeline_back.png; in the sheet and lookbook only ink swatches and thin rules, or a drawn garment of that colour. Never a page ground, text panel or type colour.
Rust Ridge #9C5A38 · optional accent. An ink in compass_chest.png and ridgeline_back.png; in the sheet and lookbook used sparingly, as the brand sheet asks, for ink swatches and thin rules only. Never a page ground, text panel, type colour or drawn garment.
Bone #EDE7DA · mandatory. The light page ground and text panels of the application sheet and lookbook, the warm off-white the Cordwain Overland store page uses in cordwain_store_grab_01.png; all type set on Basalt; the brand's light garment colour, for a drawn light garment, and a light ink.","Cordwain Overland runs on GT America Expanded Bold 700 for display and Atlas Grotesk Regular 400 for text, with Atlas Typewriter Regular 400 held back for ink codes. Step 01, display, is GT America Expanded Bold 700 capitals at 34 pt on 37 pt leading, letterspaced from about 0.060 em until the two lines of the badge optically justify to the identical measure: CORDWAIN directly over OVERLAND, split by a 2 pt Basalt rule the full width of the block, and the same setting runs at 44 px on 48 px on screen. Step 02, subheading, is the same face in capitals at 18 pt on 20 pt leading tracked 0.020 em for drop and product heads, set on one line and never letterspaced to justification. Step 03, body, is Atlas Grotesk Regular 400 at 10 pt on 13.5 pt leading, tracking zero, set to a maximum of 65 characters. Step 04, fine print, is Atlas Typewriter Regular 400 at 8.5 pt on 12 pt leading tracked 0.030 em, carrying ink counts, colour names, placement and maximum print widths. The stack never becomes one line.","The wordmark is always a two line stack, CORDWAIN directly over OVERLAND, both lines letterspaced until they optically justify to the identical measure and split by a 2 pt Basalt rule the full width of the block.","Direct, plainspoken and a little dry; we talk about how a thing is made, not how it will change your life. Example line the brand would write: ""Three tight inks, printed to last the season.""","The print is the product. We would rather run two or three honest inks with real texture than a muddy multi colour job, and we never price the line out of its own customers.","The brand sheet is two pages of internal notes: the palette in words, the placement rules we have always used, our maximum print widths for chest and full back, and a paragraph on what we mean by a tight print. Our old designer worked off site and we never got the layered files; for three of our best selling graphics all that survives is a few flat web exports and two printed samples we photographed on the bench.","Distribution: In the application sheet and lookbook, page grounds and text panels are Bone or Basalt and nothing else. On Bone, headings, running copy, spec lines and the wordmark with its 2 pt rule are Basalt; on Basalt, all type is Bone, so the wordmark sits on Bone where its Basalt rule reads. Trail Sand, Pine Shadow and Rust Ridge are for ink swatches and thin rules only, never a type colour, together no more than 5% of the designed area outside the marks, drawn garments and photographs. A drawn garment takes the palette colour of the garment colour it stands for (Bone, Basalt, Trail Sand or Pine Shadow) and is outside the 5% accent cap. In each recovered mark, every fill is one of the inks that graphic's source carries.
Opacity: Every palette colour is used solid, at 100% opacity. No tint, transparency, gradient, shadow or blend mode is applied to any palette colour, and no scrim, gradient or overlay of any colour, black and white included, is laid over a photograph. In the marks every ink is a solid fill; any texture kept from the source is solid ink broken by gaps, never partial opacity, and there is no gradient or halftone, as the printer's sheet requires.
Forbidden: No colour outside the five palette hexes for any page ground, text panel, type, rule, icon, drawn garment or mark fill; no gradient or halftone in any mark; no graphic specified in more than three inks.
Photography: Garment photographs keep their own colour and are never recoloured toward the palette: the dark hoodie in cordwain_sample_hoodie_badge.jpg stays dark and the light tee in cordwain_sample_tee_compass.jpg stays light."
SB3-032-VEC,Redecker Machine Works - Restored mark system,Vector & Print,Redecker Machine Works,Formed true since 1919,"Manufacturer of press brakes and metal forming presses, capital equipment sold to procurement engineers and plant managers across North America and northern Europe","Founded 1919 in Sheboygan, Wisconsin; third generation family works, forty one people","Redecker builds press brakes and metal forming presses, from forty thousand to three hundred thousand dollars a machine. The works has carried the same company mark since 1919. Our buyer reads the tolerance sheet before he reads anything we wrote, so everything we put a name on has to say precision.","Procurement engineers and plant managers who buy on specification rather than feeling, across North America and northern Europe","Capital equipment at forty thousand to three hundred thousand dollars per machine. The mark is read as evidence about the machine: the register is flat, mechanical, high contrast and generously spaced, never heritage craft workshop and never consumer tech.","precise, mechanical, durable, understated, trustworthy, industrial","Works Green #33564A · mandatory on the machine plate, as its field, and in works-mark.svg, as the colour of the full-colour master; optional on the service header. The solid field of the machine plate and the ground the mark and all plate wording reverse out of (redecker_works_standards.txt: the FIELD colour, HEX 33564A as the paint shop mixes it). The colour of the mark, and of any wordmark set with it, in works-mark.svg (redecker_works_standards.txt variant 1, ""Master (full colour)""). On the service header, optional: a ground, or on a light ground a colour for the mark, the wordmark or type.
Machine Black #1B1E1D · optional. The one-colour version of the mark (redecker_works_standards.txt: the one-colour stamp, variant 2, ""One-colour (Machine Black) for the invoice stamp""), and type or the mark on a Signal White or Cream Board ground of the service header. Never in works-mark.svg, the full-colour master; never on Works Green; never a ground.
Plate Steel #8A9091 · mandatory where the REDECKER wordmark is set. The 0.5 pt rule directly beneath the REDECKER wordmark at exactly its width, and hairline rules outside the mark, such as the rule above the plate's works address block. Never type, never the mark or its rings, never a panel or a ground.
Cream Board #E8E2D2 · optional. An optional paper ground for the service header, the board of redecker_catalogue_1974_cover.tif. Never type, never the mark, never on the machine plate or in works-mark.svg.
Signal White #F6F6F3 · mandatory where type or the mark sits on Works Green. All plate wording and the reversed mark on Works Green (redecker_works_standards.txt: reversed wording on plates), hairline rules on Works Green, and an optional paper ground for the service header, where unprinted paper counts as Signal White. Never the colour of the mark in works-mark.svg.","Redecker Machine Works runs on Sohne Breit Halbfett for display and Suisse Int'l for text, with Suisse Int'l Mono held back for serials. Step 01, display, is Sohne Breit Halbfett capitals at 14 pt on 15 pt leading tracked 0.200 em, the plate wordmark, with a 0.5 pt Plate Steel rule directly beneath it at exactly the wordmark width; the same setting runs at 32 px on 40 px on screen with the tracking unchanged. Step 02, subheading, is the same face in capitals at 7 pt on 9 pt leading on the same 0.200 em tracking, which is exactly half the cap height of step 01 and carries MACHINE WORKS below the rule; plate field labels also sit at 7 pt but in Suisse Int'l Regular 400 tracked 0.080 em. Step 03, body, is Suisse Int'l Regular 400 at 9.5 pt on 13 pt leading, tracking zero, set to a maximum of 65 characters for A4 stationery and specification sheets. Step 04, fine print, is Suisse Int'l Mono Regular 400 at 7 pt on 10 pt leading tracked 0.040 em for serials and plate labels, with the value itself at 9 pt on the same 10 pt leading directly under its label. The mark is never condensed and never italicised.","REDECKER is always set in caps tracked open to 0.20 em with a 0.5 pt Plate Steel rule directly beneath it at exactly the wordmark width, so the gaps between letters read before the letterforms do.","Spare, factual and confident; we state the specification and let it stand. No adjectives a tolerance sheet would not carry. Example line the brand would write: ""Built to a hundred years of the same standard, plate by plate.""","Precision as reputation: the mark on a two hundred thousand dollar machine has to be as true as the machine, reversed clean out of the works green, and unmistakably ours.","We no longer hold usable artwork for the company mark in any form. The designer who last touched it retired in the nineties and nothing came back from his files. What survives is a flatbed scan of the 1974 parts catalogue cover, where the mark is printed in one deep ink on cream board, and a photograph a fitter took of the same mark etched into a stainless nameplate on a machine that came back for a rebuild. A works standards text file records the green as the paint shop mixes it, the address block and the required plate wording. Two further company marks also survive only as artefacts: the works proving stamp, held only as a die impression struck into a steel test coupon a fitter photographed, and the 1919 cast heritage device, held only as a raking light photograph of the badge cast and painted into a machine's main frame.","Distribution: Grounds are Works Green, Signal White or Cream Board and nothing else: the machine plate's field is Works Green, with no band or panel of any other colour on the plate; works-mark.svg has a transparent ground; on the service header, unprinted paper counts as the Signal White ground. In works-mark.svg, the full-colour master (variant 1, ""Master (full colour)"" in redecker_works_standards.txt), the mark and any wordmark set with it are Works Green; Machine Black is the one-colour stamp of variant 2, ""One-colour (Machine Black) for the invoice stamp"", not this file; Plate Steel appears there only as the 0.5 pt rule beneath a REDECKER wordmark; Cream Board and Signal White never. On Works Green, all type and the mark are Signal White, and the only other colour there is a Plate Steel or Signal White rule. On Signal White or Cream Board, type and the mark are Machine Black or Works Green. Works Green is not required on the service header. Plate Steel is used only for the 0.5 pt rule beneath the REDECKER wordmark and hairline rules outside the mark, never for type, the mark or a ground.
Opacity: Every palette colour is used solid, at 100% opacity. No tint, transparency, gradient, pattern, shadow, filter or blend mode is applied to any palette colour on the machine plate, the service header or in works-mark.svg, and no scrim or overlay of any colour, black and white included, is laid over anything.
Forbidden: No colour outside the five palette hexes for type, grounds, rules, the mark or icons. No metallic, brushed-steel, chrome, gold or silver effect, and no texture, distressing, halftone dot, bevel, emboss or drop shadow: the register is flat, mechanical and high contrast, never heritage craft workshop and never consumer tech.
Photography: The supplied photographs and the catalogue scan are recovery sources, not artwork: none is placed in a deliverable as the mark or in its place, and no palette colour is sampled from them. Works Green is HEX 33564A as the paint shop mixes it, not the painted casting in redecker_frame_casting_1919.jpg, and Cream Board is HEX E8E2D2, not the aged board of redecker_catalogue_1974_cover.tif."
SB3-033-VEC,Apex Rally Club - Motorsport face and livery system,Vector & Print,Apex Rally Club,Chasing the line since 1987,Volunteer run amateur rally club producing hard enamel pins and struck challenge coins for its members and event tent table,Founded 1987 in Vermont; a volunteer run club of two hundred and forty members holding six events a year,"The Apex Rally Club is a volunteer amateur motorsport club in Vermont. Six events a year, and a merch table that pays for the timing gear. The club crest goes back to 1987 and each event badge, the hillclimb, the night stage, the ice trial, the gravel loop and the finale, was drawn over the years by members. This autumn is our first proper collectible run with a mint.","Club members aged roughly twenty to forty five who already own the previous years and buy on continuity with the club's history, plus impulse buyers at the event tent","A two tier line: twelve dollar impulse pins across the tent table and ninety five dollar numbered coins a member inspects in the hand. The register is club rather than corporate: confident and worn in, never novelty and never distressed for effect.","worn in, loyal, handmade, spirited, understated, enduring","Rally Green #2F5D3A · mandatory: on the livery, and on every face whose reference sheet prints it (all but Gravel Loop). A ground of livery pages (Snow White is the other) and the main colour of the livery on the vehicle, as the ground of apex_backing_card_2025.pdf; the green ink of the Club Crest, Hillclimb, Night Stage, Ice Trial and Finale faces.
Ash Black #212322 · mandatory on every face whose reference sheet prints it (Hillclimb, Ice Trial and Gravel Loop); optional elsewhere. The black ink inside those faces, and headings, body, values or line work on a Snow White livery ground. Never a page ground or a layout panel.
Vintage Ochre #C98A2E · mandatory on every face whose reference sheet prints it (Club Crest, Night Stage, Gravel Loop and Finale); optional accent elsewhere. The ochre ink inside those faces. On livery pages, rules and small label capitals only: on Rally Green as the field labels, rule and mount caption on apex_backing_card_2025.pdf, and on Snow White as the ochre ring lettering on apex_reference_sheet_nightstage.jpg. Never a page ground, a layout panel or body text.
Struck Gold #B7912F · optional, and only on the polished gold pins (Club Crest, Ice Trial and Finale) and the livery. Stands only for gold metal: the metal line of a polished gold pin face (Club Crest, Ice Trial and Finale), including any raised-metal lettering, and metal trim on the livery. Never on a black nickel pin face (Hillclimb, Night Stage and Gravel Loop), and never an enamel fill, a ground, a layout panel or body text.
Snow White #F1EFE8 · mandatory where livery type sits on a Rally Green ground; optional inside a face. Headings, body and values reversed out of a Rally Green livery ground, as on apex_backing_card_2025.pdf; a livery page ground or layout panel, as the pin-mount panel on that card; and white areas inside a face where its reference sheet shows white inside the design.","Apex Rally Club runs on GT Walsheim Bold 700 for display and Gotham for text. Step 01, display, is GT Walsheim Bold 700 at 22 pt on 24 pt leading tracked minus 0.010 em: the year 1987 standing alone at six o'clock on every face, at exactly twice the cap height of the ring lettering above it, and heading a card at 28 px on 36 px on screen. Step 02, subheading, is the same face in capitals at 16 pt on 18 pt leading tracked 0.140 em with a filled lozenge between words, which is the card and sheet title; the same face and tracking run the coin and pin ring lettering at 11 pt, half the cap height of the year. Step 03, body, is Gotham Book 400 at 9 pt on 12.5 pt leading, tracking zero, set to a maximum of 65 characters for spec sheets and member cards. Step 04, fine print, is Gotham Medium 500 capitals at 7 pt on 10 pt leading tracked 0.060 em, carrying plating, diameter and the hand numbered edition line. The crest ring is never set in Gotham, and the coin's raised metal version is line only.","Every face carries 1987 alone at six o'clock at twice the cap height of the ring lettering above it, so the year is read before the club name.","Warm, understated and proud of the years behind us; we talk about continuity, not hype. Example line the brand would write: ""Same crest we ran in 1987, struck to hold up to the light.""","Continuity with 1987: the ninety five dollar coin is bought on history, so the faces have to read as one club collection rather than six separate files, worn in but never sloppy.","None of the art exists in a form a mint will accept. What we have is six reference sheets, the crest and five event badges, printed at different times on different paper and photographed on a workbench under whatever light was in the garage. A member also sent a photo of the crest as it is embroidered on the club jackets. The mint requirements file gives diameters, the hard enamel colour ceiling, plating options and the rule that the coin's raised metal version must be line only.","Distribution: Faces have no ground: the background stays transparent, and each face keeps the two inks its own reference sheet prints, rebuilt at the palette hexes (Club Crest, Night Stage and Finale: Rally Green and Vintage Ochre; Hillclimb and Ice Trial: Rally Green and Ash Black; Gravel Loop: Vintage Ochre and Ash Black), with Snow White for white areas inside a design. Struck Gold is used only for the metal line, and any raised-metal lettering, of the polished gold pins (Club Crest, Ice Trial and Finale); the black nickel pins (Hillclimb, Night Stage and Gravel Loop) carry no Struck Gold. Tones the sheets print outside the palette, the light grey ice on apex_reference_sheet_icetrial.jpg and the olive where the beams cross the trees on apex_reference_sheet_nightstage.jpg, are rebuilt as Snow White and as Vintage Ochre or Rally Green respectively, never as a sixth colour. On the livery, page grounds and layout panels are Rally Green or Snow White. On a Rally Green livery ground, headings, body and values are Snow White, and only label capitals and rules may be Vintage Ochre, as on apex_backing_card_2025.pdf. On Snow White, headings, body and values are Rally Green or Ash Black; Vintage Ochre may carry only label capitals and rules there, as the ochre ring lettering on apex_reference_sheet_nightstage.jpg. Outside the faces, Vintage Ochre and Struck Gold together cover no more than 10% of any livery page's designed area and are never a ground, a layout panel or body text.
Opacity: Every palette colour is used solid, at 100% opacity, in every face and on every livery page. No tint, transparency, gradient, SVG pattern fill, shadow, filter or blend mode is applied to any palette colour, and no scrim or overlay of any colour, black and white included, is laid over an image. The footer strip of apex_backing_card_2025.pdf, drawn below full opacity, is not carried forward.
Forbidden: No colour outside the five palette hexes (#2F5D3A, #212322, #C98A2E, #B7912F and #F1EFE8) for any fill, stroke, type, panel, rule or icon; no colour sampled from a reference photograph; no gradient, bevel, emboss, foil or chrome effect to imitate metal; and no distress, grunge or wear texture added for effect.
Photography: The reference sheets and the jacket photograph are sources only and are never placed in a deliverable: each ink is rebuilt as the palette hex it was printed in, never sampled from the photograph's light, cast, exposure, paper tone or thread."
SB3-034-VEC,Meridian and Ash - Sticker artwork production masters,Vector & Print,Meridian and Ash,Roasted in the machine shop,"Specialty coffee roaster and cafe selling stickers and merchandise at the till, at farmers markets and to wholesale accounts.","Founded 2016, Portland, Oregon, a converted machine shop with one counter, two market stalls and roughly forty wholesale accounts.","Meridian and Ash roast single origin coffee in a converted machine shop and sell it across their own counter, at two farmers markets and to about forty wholesale accounts. The merchandise table is half the fun: stickers people put on laptops and water bottles because they actually like the mark. The whole point is a range that feels made by hand, not bought by the case.","Cafe regulars twenty to thirty five who buy a sticker at the till without deciding first, and wholesale buyers who hand them out with orders.","Impulse retail, three dollars a single and nine dollars a four pack. Priced to be handed out by the fistful, so the range has to read as abundant rather than precious.","Playful, Generous, Hand made, Warm, Unfussy, Local","Roast Brown #3E2A20 · mandatory for the window mark wordmark, the moth design and type on a light ground. The main ink of the painted MERIDIAN & ASH wordmark in meridian_window_mark.jpg and of the moth printed on meridian_bag_moth.jpg; all type and labels on a light ground, as the wordmark and origin lines on meridian_shelfcard_2025.pdf. May be the main ink of a companion drawing.
Kraft #C8A97E · optional accent. A solid backing shape behind a drawing, recalling the kraft bags photographed in meridian_bag_moth.jpg, meridian_bag_pourover.jpg and meridian_bag_ridgeline.jpg, or detail reversed out of an ink. Never the main ink of a drawing and never type.
Ash Green #5B6B54 · mandatory for the window mark roundel and the pour-over design. The filled roundel painted in meridian_window_mark.jpg and the pour-over printed on meridian_bag_pourover.jpg; a secondary type line such as the tagline or roast line, as on meridian_shelfcard_2025.pdf. May be the main ink of a companion drawing.
Warm Cream #F3E7D3 · optional; mandatory for the leaf and hairline ring of the window mark and for type reversed out of Roast Brown or Ash Green. The ash leaf and fine hairline ring painted in meridian_window_mark.jpg; type and fine detail reversed out of Roast Brown or Ash Green, as the caption set on the Roast Brown band and the ring and leaf veins on the roundel of meridian_shelfcard_2025.pdf; a fine line; or a solid backing shape. Never the main ink of a drawing.
Brick Red #A8442E · mandatory for the ridge line design. The main ink of the ridge line printed on meridian_bag_ridgeline.jpg. May be the main ink of a companion drawing. On meridian_shelfcard_2025.pdf it sets only the price; it is not a type colour on the stickers or gang sheet.
Ink Black #201914 · optional accent. Fine detail inside a drawing only, no more than 5% of a sticker's inked area. Never the main ink, a backing shape, type or the wordmark; no supplied brand file uses it.","Meridian and Ash runs on Cirka Bold for display and Brandon Text for everything else. Step 01, display, is Cirka Bold capitals at 18 pt on 20 pt leading tracked 0.030 em on the arc, the 55 mm sticker setting at near 150 px cap height in a 1600 px proof, with MERIDIAN and ASH arched on a fixed 40 degree curve and the ampersand between them at 1.6 times their cap height, hanging below the arc into the artwork. Step 02, subheading, is Cirka Bold capitals at 11 pt on 13 pt leading tracked 0.020 em for counter card and four pack headers, set flat and off the arc. Step 03, body, is Brandon Text Regular 400 at 7 pt on 10.5 pt leading, tracking zero, set to a maximum of 65 characters, carrying the supporting line under the wordmark and all sticker copy. Step 04, fine print, is Brandon Text Bold 700 capitals at 6 pt on 8.5 pt leading tracked 0.040 em for gang sheet labels and die line notes. The ampersand is never set at cap height.","A single oversized ampersand set at 1.6 times the cap height of MERIDIAN and ASH, hanging below the arc of the wordmark into the artwork.","Plain, warm, a little wry, never precious. Example line: Pull one off the sheet, stick it on your laptop, come back for the other three.","Consistency people can trust, so the artwork stops being redrawn slightly differently every batch, and a hand made feel that reads as a real roastery rather than a franchise.","No usable source files exist. The window mark was hand painted on the shop glass in 2018 by a sign painter who never handed over a file. The three current illustrations survive only printed on the coffee bags, and the printer still holds last season's counter card artwork.","Distribution: Each recovered design keeps the ink it was painted or printed in: Roast Brown for the wordmark in meridian_window_mark.jpg and the moth on meridian_bag_moth.jpg, Ash Green for the roundel in meridian_window_mark.jpg and the pour-over on meridian_bag_pourover.jpg, Warm Cream for the leaf and hairline ring in meridian_window_mark.jpg, Brick Red for the ridge line on meridian_bag_ridgeline.jpg. Each companion takes its main ink from Roast Brown, Ash Green and Brick Red. Kraft and Warm Cream are secondary: backing shapes, detail reversed out of an ink, or fine lines such as a hairline ring, never the main ink. Ink Black is fine detail only, no more than 5% of a sticker's inked area. Type on a light ground is Roast Brown, or Ash Green for a secondary line; type on Roast Brown or Ash Green is Warm Cream, as on meridian_shelfcard_2025.pdf. Sticker backgrounds stay transparent.
Opacity: Every palette colour on the stickers, proofs and gang sheet is used solid, at 100% opacity; no tint, transparency, gradient, shadow or blend mode. A proof is transparent only outside the artwork and in its open, uninked negative space; every inked area is fully opaque, and partial transparency occurs only as anti-aliasing along edges, with no white or coloured rectangle behind it.
Forbidden: No colour outside the six palette hexes for any artwork, type, backing shape, label or mark. The cut paths on the CutContour layer are production lines, not artwork, and are exempt. No colour is sampled from a photograph.
Photography: No photograph appears in any deliverable. meridian_window_mark.jpg, meridian_bag_moth.jpg, meridian_bag_pourover.jpg and meridian_bag_ridgeline.jpg are tracing references only: each ink is matched to its palette hex rather than sampled."
SB3-035-VEC,Isla Verde - Monogram and wayfinding pictogram system,Vector & Print,Isla Verde,The quiet coast,Independent upscale coastal resort refreshing its corridor and garden wayfinding and its room signage.,"Family owned, Gulf coast of Florida, a forty two room property with corridors, a garden path and about twenty four rooms and facilities.","Isla Verde is a family owned resort on the Gulf coast where guests come for quiet. Forty two rooms, refinished corridors and a garden that people walk slowly. The signage is being rebuilt this winter so the property reads as calmly as it feels, with the house monogram carried consistently from the door plates to the directional panels.","Independent leisure travellers thirty to fifty five paying for calm, who notice when a place is shouting and value being able to find their way without being told loudly.","Upscale independent, rooms three hundred and eighty to six hundred and fifty a night. Signage should read at that tier: generous clear space, delicate marks, confidence rather than contrast for its own sake.","Quiet, Restrained, Coastal, Considered, Warm, Private","Deep Palm #2C3B34 · mandatory on every door plate (the ground). The solid ground of every door plate, as on islaverde_doorplate_2016.pdf. It may also be the single colour of monogram.svg and of each pictogram when drawn to sit on a light ground.
Warm Stone #D8CFC0 · optional accent. The room numeral or fine print on a Deep Palm plate, as islaverde_doorplate_2016.pdf sets its number. Never a ground, a panel, the English name or the Spanish line.
Slate Grey #5A5F60 · mandatory on every door plate. The 0.5 pt vertical hairline at one third of the plate width, and nothing else.
Mist Grey #A7ABA8 · mandatory on every door plate. The Spanish line, set beneath the English name, and nothing else.
Sand Cream #EFE9DD · mandatory on every door plate (English name and monogram). The English name and the monogram reversed out of Deep Palm on every door plate, as on islaverde_doorplate_2016.pdf. It may also be the single colour of monogram.svg and of each pictogram when drawn to sit on Deep Palm.
Ink Charcoal #2A2A28 · not used on these deliverables. Type on a light Sand Cream ground only; not used on the door plates, monogram.svg or the pictograms.","Isla Verde runs on Lausanne 300 for the monogram and Tiempos Text for every word. Step 01, display, is Lausanne 300 at 26 pt on 29 pt leading tracked 0.020 em, the house monogram standing alone to the left of a 0.5 pt Slate Grey hairline set at exactly one third of the plate width on a 200 by 75 mm plate, with the room numeral opposite at 30 pt in Tiempos Text Medium 500 tracked 0.040 em. Step 02, subheading, is Tiempos Text Regular 400 at 20 pt on 24 pt leading, tracking zero, the English wording line to the right of the rule, which sets at 20 px on 30 px for screen wayfinding. Step 03, body, is Tiempos Text Regular 400 at 13 pt on 19 pt leading, tracking zero, set to a maximum of 65 characters, carrying directional wording and the Spanish second line, which always sets in Mist Grey. Step 04, fine print, is Tiempos Text Regular 400 at 9 pt on 13 pt leading tracked 0.030 em for hours and house notes. Type never crosses the rule.","Every plate is split by a 0.5 pt Slate Grey hairline at exactly one third of its width, with the monogram alone to the left of it and all wording to the right.","Understated, warm, precise. It gives directions without raising its voice. Example line: The spa is along the garden path, second door on the left.","A sense of quiet that guests can navigate, and a written standard so the next person who orders a sign does not invent something new.","No monogram source file survives. The designer moved abroad and nothing was handed back. The only decent record of the mark is a foil stamp on the cover of a brochure printed in 2019. The 2016 sign shop that cut the current door plates has since closed, though its press artwork for the plates is still on file.","Distribution: Every door plate is a solid Deep Palm ground, as on islaverde_doorplate_2016.pdf. On it the English name and the monogram are Sand Cream, as on islaverde_doorplate_2016.pdf; the Spanish line is Mist Grey and the 0.5 pt hairline Slate Grey, as the type rules set; the room numeral and any fine print are Sand Cream or Warm Stone. Each pictogram and monogram.svg are drawn in one solid colour, Deep Palm or Sand Cream: the mark is one solid Sand Cream reversed out of Deep Palm on islaverde_doorplate_2016.pdf and one light colour on a dark green panel on islaverde_existing_sign_01.jpg, so a transparent mark takes Sand Cream to sit on Deep Palm and Deep Palm to sit on a light ground. Warm Stone never forms a ground or panel, and Ink Charcoal appears on none of these deliverables.
Opacity: Every palette colour is used solid, at 100% opacity. No tint, transparency, gradient, shadow, glow or blend mode is applied to any colour, and no mark carries tonal shading, highlights or texture: the monogram and the pictograms are flat, single-colour artwork. No photograph appears on any deliverable, so nothing is laid over one.
Forbidden: No gold, champagne, silver or other metallic or foil effect on any mark, type, rule or plate, and no colour outside the six palette hexes for type, rules, grounds, marks or pictograms.
Photography: No photograph or bitmap is placed on any deliverable. The supplied photographs, islaverde_brochure_cover.jpg, islaverde_location_01.jpg to islaverde_location_10.jpg and islaverde_existing_sign_01.jpg to islaverde_existing_sign_04.jpg, are references only; no colour is sampled from them."
SB3-036-VEC,Ridgeway Rovers - Football crest master system,Vector & Print,Ridgeway Rovers FC,"Our club, our colours","Grassroots amateur football club refreshing its playing kit, crest and shirt numbering through one local kit supplier.","Founded 1974, a village near Cirencester in the Cotswolds, with two senior sides, a veterans XI and four junior age groups.","Ridgeway Rovers are a village football club that has worn the same crest since 1974 and drawn their own shirt numbering since the nineties. This season brings the first new shirt since 2019. The club wants its own crest and its own hand drawn numbering back as proper artwork, so any supplier can print it and it still looks like Ridgeway.","Players and parents at twenty eight to forty five dollars a shirt, often buying a child's fourth kit in five years, who want something that looks like a proper club.","Grassroots, twenty eight to forty five dollars a shirt printed by one local supplier. Numbering has to reduce to a single robust cuttable colour for heat press and flock, honest rather than pro tier.","Proud, Homegrown, Down to earth, Loyal, Sturdy, Volunteer run","Claret #6B1F2E · mandatory on the kit sheet, as the 2 pt rule beneath every heading; not printed in the master crest. The 2 pt rule locked beneath every 30 pt heading on the kit sheet, as the type system requires; at most a short caption on Shirt White, as on ridgeway_shirtback_2024.pdf; the claret home shirt; one of the four kit colours for the single-ink and reversed crests and the glyphs. In the master crest the claret is the unprinted shirt cloth, as in ridgeway_crest_shirt.jpg. Never a keyline.
Navy #1E2A44 · mandatory in the master crest and on the kit sheet. The shield field of the crest, as stitched in ridgeway_crest_shirt.jpg; on the kit sheet, headings, body and fine print on Shirt White, and any header band, as on ridgeway_shirtback_2024.pdf; the navy away shirt.
Shirt White #F4F2ED · mandatory in the master crest and on the kit sheet. The ring lettering, 1974 and ring rules of the crest, as stitched in ridgeway_crest_shirt.jpg; the kit sheet's page ground, as on ridgeway_shirtback_2024.pdf; all type on a Navy or Claret ground.
Old Gold #C09A3E · mandatory in the master crest; optional accent on the kit sheet. The ram's head and the shield border of the crest, as stitched in ridgeway_crest_shirt.jpg; on the kit sheet's page design, a short label on a Navy or Claret ground or a thin rule only, as the header label and rule on ridgeway_shirtback_2024.pdf. Never a ground, body text, keyline or second colour on numbering or lettering.
Pitch Green #3B5A3A · optional accent, thin rules on the kit sheet page design only. A thin rule on the kit sheet page design only, never type. It is not among the kit colours in ridgeway_supplier_note.txt, so it never appears on a crest, a glyph, a shirt-back name or number, or a garment.","Ridgeway Rovers runs on two families. Headings are Champion Gothic Heavyweight, the condensed athletic gothic the club already uses: step 01 sets caps at 30 pt on 32 pt with tracking at 0 units because the line is optically fitted to fill its column edge to edge, and a 2 pt Claret rule locks directly beneath it, the same line setting at 44 px on 47 px on screen. Step 02 keeps the same face and caps at 18 pt on 20 pt with tracking at +10 units, a size invented because the existing prose names none, held at roughly 0.6 of the heading so it reads as a section marker and carrying no rule beneath it. Text is Freight Sans Pro: step 03 is Book at 9.5 pt on 13 pt, tracking 0 units, measure held to a maximum of 65 characters, and step 04 is Medium at 7.5 pt on 10 pt with tracking at +15 units for size labels and print notes. Shirt numbers and the crest ring are never set in any typeface.","Every sheet is headed by one line of Champion Gothic Heavyweight caps optically fitted to fill the column edge to edge, with a 2 pt Claret rule locked directly beneath it.","Straightforward, warm, club room plain. Example line: Same crest we have worn since 1974, cleaned up so any printer can do it justice.","Keeping what is genuinely theirs, the 1974 crest and the founder's numbering, and reading as a real village club rather than a franchise or a school project.","No artwork survives. The former kit secretary took the crest files when he moved away, leaving only a parent's phone photo of the crest stitched on last season's home shirt. The numbering exists only as two marker on graph paper sheets, an alphabet and a digit set, drawn by a founding member in the nineties and photographed on a kitchen table. Last season's supplier back of shirt sheet is on hand as the format.","Distribution: Grounds and panels on the kit sheet are Shirt White, with Navy allowed for a header band, as on ridgeway_shirtback_2024.pdf; garments keep their own kit colour. On Shirt White, headings, body and fine print are Navy, Claret sets at most a short caption, and every 30 pt heading carries the 2 pt Claret rule. On Navy or Claret, type is Shirt White, or Old Gold for a short label. On the page design, outside the crests, glyphs and garments, Old Gold is for short labels and thin rules and Pitch Green for thin rules only, together no more than 5% of the designed, non-photographic area outside the crests and glyphs, never a ground or body text. The crests, the glyphs and the shirt-back name and number use only Claret, Navy, Old Gold and Shirt White: the master crest Navy, Old Gold and Shirt White as stitched in ridgeway_crest_shirt.jpg, with the claret cloth left unprinted; the reversed crest no more than three of them; the single-ink crest one; and each glyph, name or number one.
Opacity: Every palette colour is used solid, at 100% opacity. No tint, transparency, gradient, shadow or blend mode is applied to any palette colour in the crests, the glyphs or the kit sheet, and no scrim, gradient or translucent band of any colour, black and white included, is laid over a photograph: a caption sits beside or below the photograph as a solid block.
Forbidden: No gradient, inline, keyline, outline or second colour on any shirt number, shirt-back name or glyph, as ridgeway_supplier_note.txt rules. Pitch Green never appears on a crest, a glyph, a shirt-back name or number, or a garment. No colour outside the five palette hexes for type, panels, rules or icons on the kit sheet, and none outside the four kit colours on the crests and glyphs.
Photography: Photographs appear only as garment mock-ups on the kit sheet. Any shirt photograph shown there reads as its kit colour, the home shirt Claret #6B1F2E and the away shirt Navy #1E2A44, and is not otherwise recoloured."
SB3-037-VEC,Wharfside Folk Festival - Restored festival identity,Vector & Print,Wharfside Folk Festival,Twenty years on the harbour,Independent three night folk music festival producing a screen printed poster programme and act cards for its twentieth year.,"Founded 2006, on the working harbour at Fairhaven, Maine, a three night festival printed by a two person hand screen shop two streets away.","Wharfside is a three night folk festival on the working harbour at Fairhaven, in its twentieth year. Everything it prints comes off a two person hand screen shop that has printed the festival since the beginning, on a press that runs four inks plus the colour of the paper. The visible, hand pulled look is the festival's signature, and people frame the posters every year.","Festival goers and locals at thirty five to sixty dollar tickets, many of whom already own the last five years of posters and buy the new one as a twenty dollar framed keepsake.","Community festival pricing, tickets thirty five to sixty dollars and posters sold afterwards at twenty dollars. The slightly imperfect hand pulled screen look is the value, not a corner cut.","Handmade, Rooted, Folk, Warm, Community run, Unpolished","Harbour Blue #2F5A6E · mandatory on the poster and handbill. One of the four inks the shop mixes (wharfside_shop_note.txt). Prints its share of the separated painting wharfside_artwork_master.png, solid or as a coarse halftone dot, and may carry display type or a solid area that type reverses out of. Never a flood over the whole sheet.
Rust Red #B5502F · mandatory on the poster and handbill, where it carries the rule beneath each headline act name, and on the shirt wherever a Sentinel Black line is set. One of the four inks. The 4 pt rule beneath each two-line headline act name (type system), the same rule beneath any two-line Sentinel Black line on the shirt, which uses the same setting, and its share of the separated painting wharfside_artwork_master.png.
Hill Ochre #C69A46 · mandatory on the poster and handbill. One of the four inks. Its share of the separated painting wharfside_artwork_master.png, solid or as a coarse halftone dot.
Deep Ink #22282B · mandatory where venue, date and ticket copy sits on Kraft Paper. One of the four inks. Venue, date and ticket copy on Kraft Paper, as the act details on wharfside_nightcard_2025.pdf are Deep Ink on Kraft Paper, and its share of the separated painting wharfside_artwork_master.png.
Kraft Paper #E4D6BC · mandatory as the unprinted ground of the poster and handbill; never an ink. The paper itself, natural oatmeal board and stock (wharfside_shop_note.txt), left working as a colour: the ground, and any type, line or mark reversed out of an ink, at least 2 pt wide. Never printed as an ink, and not on the shirt, where the undyed cotton is the ground.
Quay Teal #3E8C86 · brand colour; prints only within the ink limits of wharfside_shop_note.txt. Brand colour. Whether it prints in a deliverable is set by the inks wharfside_shop_note.txt says the shop can run.","Wharfside sets three faces it already owns. Step 01 is Sentinel Black caps at 96 pt on 82.5 pt with tracking at -10 units, that leading being 0.86 of the size so the two lines nearly touch, and every act name breaks across exactly two lines however short it is, over a 4 pt Rust Red rule; the same setting runs at 40 pt on 34.5 pt for shirt art. Step 02 is the supporting bill in Trade Gothic Bold Condensed No. 20 at 34 pt on 36 pt with tracking at +10 units, always on a single line. Step 03 is venue, date and ticket copy in Adobe Caslon Pro Regular at 11 pt on 15 pt, tracking 0 units, measure held to a maximum of 65 characters, and step 04 is the handbill setting in the same face at 9 pt on 12.5 pt with tracking at +8 units. The wordmark is never set in Sentinel, and every one of these lines prints from the shop's four inks plus the colour of the kraft.","Every headline act name is Sentinel Black caps at 96 pt broken across exactly two lines however short the name, leading pulled to 0.86 of the size so the lines nearly touch, over a 4 pt Rust Red rule.","Warm, plainspoken, of the place. Example line: Three nights of folk on the old harbour, twenty years and counting.","Keeping the hand pulled, limited ink look that makes the posters worth framing, and staying continuous with nineteen years already hanging in local kitchens.","The wordmark exists only as white paint on the weathered timber of the harbour shed, photographed from the quay, with no file and none ever made. The approved twentieth year illustration exists as a single flattened scan of a gouache and watercolour painting, no layers. The screen shop's own act card from last year is on file as the format.","Distribution: On the poster and handbill the ground is the Kraft Paper itself, left unprinted and never flooded, and the inks are the ones wharfside_shop_note.txt says the shop is mixing. Type prints solid in one ink, on the Kraft Paper ground or on a solid of another ink, or reverses out of an ink to Kraft Paper at least 2 pt wide; venue, date and ticket copy on Kraft Paper is Deep Ink, as on wharfside_nightcard_2025.pdf. Rust Red carries the 4 pt rule beneath each headline act name, and beneath any two-line Sentinel Black line on the shirt. On the shirt the undyed cotton is the ground and no more than two of the shop's inks print, with no Kraft Paper. festival-mark.svg uses only the shop's inks or Kraft Paper, on a transparent ground.
Opacity: Every ink prints solid, at 100%, or as a coarse halftone dot of that one ink, which is the only tint: roughly 20 to 25 lines per inch, picked against the size the piece actually prints at, as wharfside_shop_note.txt says, used only to carry the tonal washes of wharfside_artwork_master.png. No transparency, blend mode, gradient, drop shadow, fine screen or process rosette, and no overlay of any colour, black and white included, laid over the painting.
Forbidden: No colour outside the palette hexes for type, rules, panels, icons, the mark or the painting's separations. No more inks than wharfside_shop_note.txt allows, white included, and no process colour build.
Photography: wharfside_artwork_master.png is reproduced only by separating it into the shop's inks and the Kraft Paper ground, keeping its drawing and proportions (cropping allowed); it is not repainted, restyled, stretched or printed as a full-colour image. wharfside_wordmark_shed.jpg is the source the mark is recovered from, not artwork to place, and its weathered timber is not carried into the mark."
SB3-038-VEC,Coble & Vane - One-color mark system,Vector & Print,Coble & Vane,"Salt, iron, cold light.","A two-person coastal distillery making small-batch gin and cask-strength single malt, sold shop-direct and through independent merchants.","Founded 2020, on the Northumberland coast, England. A two-person distillery: [record subject] runs the still, her partner runs everything else.","Coble & Vane is a working distillery on a stretch of the North Sea coast, named for the flat-bottomed fishing boat that once beached below the still house. We release twelve casks a year and nothing we cannot stand behind. The bottle is meant to earn its place on a shelf and in a hand, not to shout across the shop.","Buyers aged 30 to 55 choosing a gift or a considered bottle, and the independent merchant deciding whether the bottle earns its shelf facing. People who read a label closely and reward restraint.","Bottles 55 to 120 dollars: standard gin at 55, cask-strength single malt from 95 to 120. Upper-craft tier, sitting deliberately apart from the twelve-dollar shelf. Value is carried by finish, emboss and wax rather than by loud print.","restrained, weathered, honest, quiet, coastal, considered","Deep Sea Iron #1F2A2E · mandatory on the labels and the supplier sheet. The one deep ink: expression names, the wordmark, cask numbers, strengths, dates, body text and headings, as on cask_labels_2025_PRINT.pdf, and the mark wherever it is printed on a label.
Oxblood Wax #5A1F1B · mandatory wherever the wordmark is set. The 0.75 pt hairline 1.5 mm beneath the wordmark, and rules, as on cask_labels_2025_PRINT.pdf. Never a ground, a panel, body text or the mark; on the supplier sheet it may also fill a small swatch naming an item's ink or finish.
Cold Slate #6E7B80 · optional accent. Small field labels such as CASK NO. and STRENGTH, and the legal line, as on cask_labels_2025_PRINT.pdf. Never a ground, a panel, body text or the mark; on the supplier sheet it may also fill a small swatch naming an item's ink or finish.
Bleached Rope #D9CFB8 · mandatory on the labels. The ground of the whole label sheet, as on cask_labels_2025_PRINT.pdf, and the only colour a ground or panel on the supplier sheet may take, apart from a small swatch naming an item's ink or finish. Never type.
Coble Black #141414 · mandatory in one-ink-mark.svg. The single solid fill of one-ink-mark.svg, the black-on-transparent art supplier_emails.txt asks for, and that mark and the versions drawn from it wherever the supplier sheet shows them as supplied, or a small swatch naming an item's ink. Never type, and never on a label, where Deep Sea Iron is the one deep ink.","Coble & Vane runs two families. Step 01 is the wordmark in Mercury Display Roman, caps at 22 pt on 24 pt tracked to 200 units and never below, with a 0.75 pt Oxblood Wax hairline cut to the exact optical width of that letterspaced line sitting 1.5 mm beneath it. Step 02 is cask number and strength in National 2 Medium at 14 pt on 17 pt with tracking at +25 units, always tabular lining figures so a case of bottles lines up digit under digit; the existing prose assigns this role to the text family rather than to Mercury, so it stays there. Step 03 is body in National 2 Regular at 8 pt on 11 pt, tracking 0 units, measure held to a maximum of 65 characters, with supplier sheets at 9.5 pt on 13 pt instead. Step 04 is legal in the same face at 6 pt on 8.5 pt with tracking at +12 units. One deep ink, plenty of air, and nothing shiny.",The wordmark is Mercury Display Roman caps tracked to 200 units with a 0.75 pt Oxblood Wax hairline cut to the exact optical width of that letterspaced line sitting 1.5 mm below it.,"Plain, dry, unhurried. Written as instruction, not advertisement. Example line: ""One ink, plenty of air, and nothing shiny. If our own list looks wrong to you, say so before you make it.""","Restraint and honesty. One deep ink, generous clear space, and finishes that carry the value instead of the print. Say plainly what a version can and cannot do.","The house mark was drawn six years ago by an illustrator who has since moved abroad and cannot be reached. It survives only as a full-colour illustration flattened to a single PNG. There are no vector files, no one-ink versions, and no supplier guidance sheet. Every single-colour version a supplier has ever received was improvised from that one file, and no two have matched.","Distribution: On every label the ground is Bleached Rope; expression names, the wordmark, values, body text and the mark are Deep Sea Iron, the one deep ink; Cold Slate is for small field labels and the legal line; Oxblood Wax is for the wordmark hairline and rules, as on cask_labels_2025_PRINT.pdf. The supplier sheet keeps the same pairings on Bleached Rope or the unprinted page, shows one-ink-mark.svg and the versions drawn from it in Coble Black as supplied, and may show the ink or finish an item is applied in as a small swatch. Cold Slate and Oxblood Wax together stay under 5% of the designed, non-photographic area of any label or page, and are never a ground.
Opacity: Every palette colour is used solid, at 100% opacity, in the mark, on the labels and on the supplier sheet: no tint, screen, transparency, gradient, shadow or blend mode, and no scrim, gradient or overlay of any colour, black and white included, laid over a photograph.
Forbidden: Nothing shiny: no gold, silver, bronze, copper, foil, metallic or gloss effect on any type, rule, mark, panel or icon. No second deep ink beside Deep Sea Iron on a label, and no colour outside the five palette hexes for type, panels, rules, the mark or icons.
Photography: Photographs keep their own corrected colour and are never recoloured toward the palette. cv_packaging_wax_seal.jpg, cv_packaging_crate_end.jpg and cv_packaging_cap_top.jpg are brought to one neutral light, and the wax in cv_packaging_wax_seal.jpg keeps its photographed texture and is not replaced by a flat fill. Each cask photograph keeps the colour of its spirit as shot."
SB3-039-VEC,Halcyon Grid - Production logo family,Vector & Print,Halcyon Grid,Scheduling infrastructure that holds.,"A seed-stage software company selling scheduling infrastructure to logistics operations teams, with a main product and two sub-products.","Founded 2024, Denver, Colorado. Eleven people, six weeks out from their first developer conference.","Halcyon Grid builds scheduling infrastructure for logistics operations teams, sold by the seat to the engineers and operations leads who run the floor. The product is judged on reliability, and the brand is meant to say the same thing the software does: precise, plain, and built to be depended on.","Engineering and operations leads at mid-sized logistics firms, decided by a technical evaluator rather than a brand buyer. An audience that reads fuss as sloppiness and crispness as competence.","Seats 20 to 60 dollars per user per month. Mid-market infrastructure pricing, sold on reliability and evaluation rather than on brand aspiration. The visual language reads as engineering credibility, never as marketing spend.","precise, plain, technical, restrained, dependable, sharp","Grid Indigo #2B2E6B · mandatory as the main mark colour in the three logo SVGs. The main flat colour of every mark in the three logo SVGs and of every full-colour mark elsewhere, taken from the indigo end of the gradient in halcyon_master_mark.png, halcyon_sub_mark_dispatch.png and halcyon_sub_mark_relay.png; also the ground of a reversed example.
Signal Violet #6C4BD8 · optional accent. An optional second flat colour inside a mark, from the violet end of the same gradient, and thin rules or dividers, as the rule beside the portrait on exhibitor_card_2025_PRINT.pdf. Never a ground, a panel or type.
Slate Ink #1C2230 · mandatory wherever type sits on Paper White. The HALCYON / GRID wordmark, the signature move's dense black brick, and every heading, body line, label and caption on Paper White, as all the type on exhibitor_card_2025_PRINT.pdf; also a one-colour version of a mark on a light ground outside the logo SVGs, and the ground of a reversed example.
Cool Steel #8A93A6 · optional accent. Clear-space guides, dimension lines and hairline rules. Never a mark colour, a ground, a panel or type.
Paper White #F6F7FA · mandatory as the page ground of the usage guide and the team page. The page ground, as on exhibitor_card_2025_PRINT.pdf, and all type and marks reversed out of Grid Indigo or Slate Ink. Never a ground in the three logo SVGs, which stay transparent.","Halcyon Grid sets three families it already owns, and it inverts the usual scale on purpose. Step 01 is the wordmark in Gotham Ultra, caps stacked flush left on two lines at 40 px with leading at 23 px, that being 0.82 of the 28 px cap height, tracking at 0 units and never letterspaced, held at a ceiling of 40 px on screen or 12 pt in print so weight rather than scale carries it. Step 02 is the screen headline in Inter Regular at 64 px on 68 px with tracking at -10 units, larger than the wordmark in size and beneath it in hierarchy, with print documentation headings at 18 pt on 24 pt and product names at 20 px on 26 px. Step 03 is interface and documentation copy in Inter Regular at 10 pt on 14 pt, tracking 0 units, always tabular figures, measure held to a maximum of 65 characters, with grid references in JetBrains Mono Regular at the same size. Step 04 is captions in Inter Regular at 8 pt on 11 pt with tracking at +8 units. Gotham Ultra is the wordmark and nothing else.","The wordmark is Gotham Ultra caps stacked flush left on two lines with leading at 0.82 of cap height, held deliberately small so it reads as one dense black brick rather than a large logo.","Direct, unadorned, engineer to engineer. No hype, no gloss. Example line: ""Sharp, plain, restrained. If something in our own list turns out to be a bad idea, tell us before you build it.""","Reliability and restraint. Geometry over decoration, documentation over marketing. Say honestly what the artwork can and cannot do, including the founder's gradient.","The three marks (the main mark and two sub-product marks) were generated by the founder in an AI tool two years ago, on separate nights with different settings. Only the soft-edged raster exports survive, with no source files. They go soft as soon as anyone scales them, and the printer and the app store listing have both said they cannot use them. No production vector artwork exists.","Distribution: Grounds and panels are Paper White; Grid Indigo or Slate Ink may be the ground only of a reversed example. On Paper White all type is Slate Ink, as all type on exhibitor_card_2025_PRINT.pdf is, and so is the wordmark, the signature move's dense black brick. In the three transparent logo SVGs every mark is Grid Indigo, with Signal Violet as its only possible second colour, and the wordmark and any product name are Slate Ink. On any other light ground a mark takes the same colours or is a one-colour Slate Ink version. On Grid Indigo or Slate Ink, marks and type are Paper White. Outside the marks, Signal Violet and Cool Steel are for rules, dividers and clear-space guides only, together no more than 5% of the designed, non-photographic area, never a ground, a panel or type.
Opacity: Every palette colour is used solid, at 100% opacity. No tint, transparency, gradient, shadow, blur or blend mode is applied to any palette colour, and no scrim, gradient or overlay of any colour, black and white included, is laid over a photograph.
Forbidden: No glow, halo, gradient, drop shadow, bevel, gloss highlight or metallic effect on any mark, type, panel, rule or icon, and no colour outside the five palette hexes (#2B2E6B, #6C4BD8, #1C2230, #8A93A6 and #F6F7FA) for marks, type, panels, rules or icons.
Photography: The eleven portraits keep their own photographic colour and are never tinted, duotoned or overlaid toward Grid Indigo or Signal Violet. Any colour correction moves a portrait toward neutral, never toward a palette colour, including the warm lamp cast of team_kraft.jpg and the slight green cast of team_whitfield.jpg."
SB3-040-VEC,Evergreen Provisions - Restored crest system,Vector & Print,Evergreen Provisions,Keep the brush in it.,"A vertically integrated cannabis retailer running two dispensary storefronts, launching a short-run counter-sold apparel capsule.","Founded 2019, Bend, Oregon. Two owned dispensary shops, owner-run, with a small counter-retail apparel line.","Evergreen Provisions runs two dispensary shops in Bend, built around six house strain families. Two years ago the owners paid a local sign painter to hand-paint a crest panel for each family onto the shop walls. Customers photograph them constantly and ask where they can buy them, and the first apparel capsule exists to answer that question without losing the hand that made the panels.","Craft-minded dispensary customers aged 25 to 45 who buy at the counter on the strength of the wall panels they already photograph. People who pay for the painted origin, not for a logo.","Tees at 32 dollars, hoodies at 70 dollars, short-run and counter-sold. Elevated streetwear priced above gas-station merch and below a designer drop. The painted texture is the product, so the value sits in the brush surviving, not in gloss or foil.","hand-made, earthy, crafted, unfussy, local, elevated","Aubergine Deep #3B2B3A · optional accent: a crest ink and presentation ink swatch only. A crest ink where the artwork calls for it, and an ink swatch in the presentation; evergreen_ink_book.txt lists it as low stock. Never a ground, panel, rule or type colour.
Cedar Bark #6B4A2E · optional accent in the presentation; a crest ink. Capsule titles, labels, captions and rules on Bone Primer, as the subtitle, labels, rules, stamp and footer of evergreen_spec_card_2024.pdf; a crest ink in the artwork. Never a ground, spec copy or body text.
Sage Field #7C8A5F · optional accent: a crest ink and presentation ink swatch only. A crest ink in the artwork, and an ink swatch in the presentation. Never a ground, panel, rule or type colour.
Bone Primer #E7E0D0 · mandatory in the presentation. The presentation's page ground, as on evergreen_spec_card_2024.pdf, where captions stay readable (type step 04). In crest artwork a printed ink only, never a filled background: the crest background stays transparent.
Bench Black #1A1714 · mandatory where type sits on Bone Primer. Plate numbers, spec copy and body text on Bone Primer, as the wordmark and spec lines of evergreen_spec_card_2024.pdf; it may also set capsule titles, labels and captions, and it is a crest ink. Never a ground or panel.","Evergreen Provisions runs two families, and its first two steps are one lockup rather than two independent sizes. Step 01 is the plate number in Knockout HTF31 Junior Middleweight at 40 pt on 42 pt with tracking at 0 units, because a bare figure is never letterspaced. Step 02 is the capsule title in the same face, caps at 20 pt on 22 pt tracked 30 units, flush to the same left edge as the number directly above it, so every spread opens with a large figure sitting over a small tight title; on screen that title sets at 28 px on 31 px. Step 03 is ink tables and spec copy in Founders Grotesk Regular at 9 pt on 12.5 pt, tracking 0 units, always tabular lining figures, measure held to a maximum of 65 characters. Step 04 is captions in Founders Grotesk Medium at 7.5 pt on 10 pt with tracking at +15 units. A painted crest word is never set in Knockout or in any other font.","Every capsule title is Knockout HTF31 Junior Middleweight caps at 20 pt carrying its plate number directly above in the same face at 40 pt on the same left edge, so each spread opens with a large figure sitting over a small tight title.","Warm, plain-spoken, shop-floor honest. No luxury posturing and no carnival hype. Example line: ""These are hand painted panels and that is the entire reason anyone wants them. Keep the brush in it, and tell us plainly what came back and what did not.""","Craft and honesty. Keep the painted hand, hold the palette to the inks the decorator already stocks, and say plainly what the paintings can and cannot give a screen.","The six crest panels were hand-painted by a local sign painter who has since moved to Montana and left no sketches or files. The only surviving artwork is a set of bench photographs of the finished panels, shot over two visits under mixed light. There is no vector art and no separation art, which is exactly why the screen printer cannot quote a run.","Distribution: Crest artwork has no ground: its background stays transparent, and every ink is a shelf ink from evergreen_ink_book.txt, at its palette hex where it has one; Harvest Gold, the ink book's warm ochre, has no palette hex and is used only in crest artwork and ink swatches. In the presentation, grounds and panels are Bone Primer only, as on evergreen_spec_card_2024.pdf. On Bone Primer, plate numbers, spec copy and body text are Bench Black, as the card's wordmark and spec lines; capsule titles, labels, captions and rules are Bench Black or Cedar Bark, as the card's subtitle, labels, rules and footer. Sage Field, Aubergine Deep and Harvest Gold appear in the presentation only inside crest artwork or as ink swatches, never as a ground, panel, rule or type, and the swatches together cover no more than 5% of the designed, non-photographic area.
Opacity: Every palette colour is used solid, at 100% opacity, in the crest artwork and in the presentation. No tint, transparency, gradient, shadow, filter or blend mode is applied to any palette colour, and dry-brush breakup is drawn as open gaps in solid shapes, never as transparency. No scrim, gradient or tinted overlay of any colour, black and white included, is laid over a photograph; a crest placed on a garment photograph in a mockup sits solid, at full opacity, with no blend mode.
Forbidden: No neon, fluorescent, foil, gloss or metallic effect on any ink, type, panel, rule or icon, as evergreen_ink_book.txt and the brand's price positioning rule out. No colour outside the five palette hexes (#3B2B3A, #6B4A2E, #7C8A5F, #E7E0D0 and #1A1714) for type, grounds, panels, rules or icons, so the white proof mount of evergreen_spec_card_2024.pdf is not carried forward. No ink off evergreen_ink_book.txt in crest artwork.
Photography: Garment and panel photographs keep their own true colour once corrected and are never recoloured toward the palette."
SB3-041-VEC,Cedar Commons - Farmers market identity restoration,Vector & Print,Cedar Commons Farmers Market,"Fresh, local, every Saturday.","A volunteer-run weekend farmers market in a municipal park, free to the public, funded by daily stall fees.","Founded 2016, in a park in Burlington, Vermont. Volunteer-run, 36 to 44 stalls, open weekends May through October.","Cedar Commons is a neighbourhood farmers market that runs on weekends in a Burlington park, free to walk into and funded entirely by the vendors who pay a daily stall fee. It has outgrown its chalkboards and its bedsheet banner. The signage exists to get families to the right lot, past the entrance and to the stall they are looking for, printed cheaply and well at a local sign shop.","Neighbourhood families and weekend walkers who arrive on foot or park in the wrong lot, plus the vendors and volunteers who run the morning. Read from a moving car and from across a field.","A free public market funded by 25 to 60 dollar daily stall fees, often part-donated. Everything prints on coroplast and vinyl at a local sign shop. Flat inks and heavy type, never a refined tint palette that would be unreadable outdoors and would make a free market look like it is charging.","cheerful, practical, neighbourly, legible, unpretentious, outdoorsy","Meadow Green #3F7D44 · mandatory wherever the stacked wordmark is set, and on every stall sign. CEDAR and COMMONS in the stacked wordmark, the green double square of the signature move; the trader name and the rule on every stall sign, as on cedar_commons_plate_card.pdf; other type on Sign White; a solid panel carrying Sign White type; or the single ink of the recovered mark.
Barn Red #B23A2E · mandatory wherever the stacked wordmark is set. The 10 mm rule the stacked wordmark sits on. Otherwise only small accents such as arrows; never a ground, a panel or body text.
Harvest Gold #E0A526 · optional accent. Small accents only, such as an arrow or a dot. Never a ground, a panel or type on Sign White: signage is read from a moving car and from across a field.
Sign White #FBFAF5 · mandatory ground on every stall sign, as on cedar_commons_plate_card.pdf; the ground behind the stacked wordmark wherever it is set. The ground of every stall sign, as on cedar_commons_plate_card.pdf, and the ground the stacked wordmark sits on; type reversed out of a Meadow Green or Cedar Ink panel. Not used in market-mark.svg, whose background stays transparent.
Cedar Ink #23301F · mandatory for the stall number on every stall sign. The stall number on every stall sign, as on cedar_commons_plate_card.pdf; dates, directions, listings and fine print on Sign White; a solid panel carrying Sign White type; or the single ink of the recovered mark.","Cedar Commons runs on two families. The name is Bodoni Egyptian Bold at 180 pt on 190 pt for a poster, stacked CEDAR above COMMONS, each line tracked out individually until the two measure exactly the same width, and the whole block set on a 10 mm Barn Red rule; the same lockup drops to 96 pt on 104 pt for a stall trader and 56 px on 60 px on screen, and it is never set on one line. Wayfinding is Interstate Bold at 60 pt on 66 pt, tracking +0.01 em. Listings and board copy are Interstate Regular at 18 pt on 24 pt, tracking 0, held to 65 characters a line. Fine print is Interstate Regular at 12 pt on 16 pt, tracking +0.03 em, and nothing sets smaller than that outdoors. Flat inks throughout, no tints.","The wordmark is always stacked, CEDAR above COMMONS, both lines tracked until they measure exactly the same width and set on a 10 mm Barn Red rule, so it reads as a green double square underlined in red before it reads as words.","Warm, plain and welcoming, like a volunteer at the gate. Example line: ""Cheerful, legible from a distance, few colours, and it lives outdoors in the rain. Not precious. Tell us what our mark can and cannot do.""","Community and thrift. Recover the real mark rather than replace it, keep the set to a few flat inks that print cheaply, and tell the committee what the mark can and cannot do before they pay for plates.","The market mark was drawn nine years ago by a volunteer's cousin, who is not reachable, and screen-printed onto aprons and tote bags. No file of any kind was ever kept. The best surviving copy is a photograph of one apron folded on a picnic table. There is no vector art, so the mark has to be recovered from that photograph rather than redrawn.","Distribution: Sign White #FBFAF5 is the ground of every stall sign, as on cedar_commons_plate_card.pdf, and the ground behind the stacked wordmark wherever it is set. Meadow Green #3F7D44 or Cedar Ink #23301F may be a solid panel carrying Sign White type; Barn Red #B23A2E and Harvest Gold #E0A526 are never a ground or panel. The stacked CEDAR COMMONS wordmark is Meadow Green on a Sign White ground, on its 10 mm Barn Red rule. Other type on Sign White is Cedar Ink or Meadow Green. Every stall sign keeps the colours of cedar_commons_plate_card.pdf: Sign White ground, Cedar Ink stall number, Meadow Green rule and trader name. The recovered mark is one flat ink, Cedar Ink or Meadow Green, in market-mark.svg and wherever it is placed, as the cedar_commons_apron.jpg print is a single dark green ink. Beyond the wordmark rule, Barn Red and Harvest Gold are small accents, such as arrows, together no more than 5% of the designed area.
Opacity: Flat inks throughout, no tints. Every palette colour prints solid, at 100%, with no tint, screen, halftone, transparency, gradient, shadow or blend mode, because it has to print cheaply on coroplast and vinyl. No scrim, gradient or overlay of any colour, black and white included, is laid over a photograph.
Forbidden: No refined tint palette and no tint or screen of any ink; no metallic, foil or gloss effect, Harvest Gold included, which prints as a flat ink; no Harvest Gold type on Sign White. No colour outside the five palette hexes, #3F7D44, #B23A2E, #E0A526, #FBFAF5 and #23301F, for type, grounds, panels, rules, arrows, icons or the recovered mark.
Photography: Photographs keep their own corrected colour and are never recoloured toward the palette. No colour sampled from a photograph, such as the canvas of cedar_commons_apron.jpg, is used for type, grounds, panels, rules or the recovered mark. cedar_commons_site_info_tent.jpg, shot in warmer light than the other site frames, is brought to the same morning look as cedar_commons_site_entrance.jpg and cedar_commons_site_vendor_row.jpg, not warmed or tinted toward Harvest Gold."
SB3-042-VEC,Static Union - Manufacturing artwork system,Vector & Print,Static Union,"Two drops a year, made to be worn out","Independent streetwear label making garments and, from this autumn, small goods (pins, patches, stickers) for a young direct and wholesale audience.","Founded 2016, Portland, Oregon. An eight person independent label run out of one studio.","Static Union is a small Portland label that puts out two considered drops a year and sells them direct and through roughly forty specialist stockists. The marks came out of the founder's own hand and the early tee runs, and they have been carried on garments for two seasons. Autumn is the first move into small goods, so the same marks now have to survive being made rather than printed.","Buyers roughly 17 to 30 who follow small labels, shop drops rather than seasons, and buy direct or from specialist streetwear stockists. They notice when a pack does not match.","Accessible independent streetwear. Stickers at 4 dollars, pins at 14, patches at 18, wholesale to about forty stockists. Priced to be cheap enough to collect and good enough to keep, never luxury.","understated, durable, self-made, unfussy, loyal, graphic","Union Black #141414 · mandatory in production-guide.pdf and pin-art.svg. All type and rules on the Bone pages of production-guide.pdf, as the one ink of su_hangtag_2025.pdf; a solid panel behind an artwork whose production ground is dark; one of the two soft enamel colours of the Arc Badge Enamel Pin in su_smallgoods.csv. Never the only colour carrying a mark on a dark ground.
Bone #EDE7DA · mandatory in production-guide.pdf and pin-art.svg. The page ground of production-guide.pdf, as the stock of su_hangtag_2025.pdf; the knock-through bar that cuts the STATIC UNION wordmark in the guide; any type on a Union Black panel; the second soft enamel colour of the Arc Badge Enamel Pin in su_smallgoods.csv; a thread colour that can carry a mark on a dark ground, as the pale thread woven on su_woven_label_photo.jpg.
Bolt Red #C0392B · mandatory in sticker-art.svg; optional accent elsewhere. The bolt of the Bolt Icon Sticker, as su_copy.txt item 12 and su_smallgoods.csv give it; an accent thread in the Eagle & Bolt Patch, as the red accents of su_mark_eagle_bolt.png; can carry a mark on a dark ground, as in the Bolt Icon Enamel Pin colourway Black nickel / Bolt Red in su_smallgoods.csv. In production-guide.pdf only inside artworks and colour swatches, never type, a ground or a rule.
Rail Gold #C79A3B · mandatory in pin-art.svg; optional elsewhere. The metal line plate of the Arc Badge Enamel Pin, standing for its polished rail gold metal (su_copy.txt item 6, su_smallgoods.csv), drawn as flat colour; can carry a mark on a dark ground, as in the Arc Badge Patch colourway Union Black twill / Rail Gold in su_smallgoods.csv. In production-guide.pdf only inside artworks and colour swatches, never type, a ground or a rule.
Slate #4A5560 · optional. The STATIC UNION lettering and the inner stripe bars of su_mark_union_stripe.png, where the lettering sits on the Union Black banner, so Slate can carry a mark on a dark ground. In production-guide.pdf only inside artworks and colour swatches, never type, a ground or a rule.","Static Union sets every display line in Caslon Doric Condensed Black, caps, tracked -12 units so the counters nearly close: 42 pt on 44 pt for a hangtag, 30 pt on 33 pt for section heads, 14 pt on 15 pt on a patch, 34 px on 36 px on screen. At every one of those sizes the Bone bar, three quarters of a cap height thick, runs through the middle of the wordmark and cuts every letter, so the name reads as a struck block first. The display is never artificially condensed. Body is Basis Grotesque Regular at 9.5 pt on 13 pt, tracking 0, held to 65 characters a line. Part codes, sizes and prices are Basis Grotesque Mono Regular at 8 pt on 11 pt, tracking +0.04 em, always with tabular figures so they align down a pack sheet.","A Bone bar three quarters of a cap height thick runs straight through the middle of the wordmark, cutting every letter, so the name reads as a struck solid block before it reads as words.","Direct, plain, a little dry, talking to its own buyers rather than advertising. A line the brand would write: ""Autumn small goods. Twelve pieces, made to last, gone when they are gone.""",Make a small number of things properly and stand behind the drop. A pack that does not match is not a pack.,"There is no proper brand kit. The four marks that matter survive only as whatever files people happened to send back over three years: two came from a printer, one exists only as a photograph of a woven cap label because the file is gone, and one came out of an old tee artwork folder. They look fine on screen and have been used for two years, but there are no editable masters.","Distribution: In production-guide.pdf, page grounds are Bone and all type and rules are Union Black, as on su_hangtag_2025.pdf (one Union Black ink on Bone stock); a solid Union Black panel may stand behind an artwork whose production ground is dark, and any type on it is Bone. Bolt Red, Rail Gold and Slate appear in the guide only inside reproduced artworks and in swatches that name an artwork's colour, never as type, a ground or a rule. In the artworks each colour follows its item's production colours: the Bolt Icon Sticker's bolt is Bolt Red; the Arc Badge Enamel Pin's metal line plate is Rail Gold and its enamel is Union Black and Bone. On a dark ground a mark is carried by any palette colour except Union Black: Bone, as the pale thread woven on su_woven_label_photo.jpg; Rail Gold and Bolt Red, as in su_smallgoods.csv (Arc Badge Patch: Union Black twill / Rail Gold; Bolt Icon Enamel Pin: Black nickel / Bolt Red); Slate, as the lettering of su_mark_union_stripe.png on its Union Black banner. Union Black never carries a mark alone on a dark ground.
Opacity: Every palette colour is used solid, at 100% opacity, in every artwork and on every page of the guide. No tint, transparency, gradient, shadow, bevel, shine or blend mode is applied to any colour; metal, thread and vinyl are shown as flat colour, never imitated with a gradient or texture; and no scrim or overlay of any colour, black and white included, is laid over an artwork.
Forbidden: No colour outside the five palette hexes for any artwork fill or stroke, or for type, grounds, panels, rules, swatches or icons in the guide; the one exception is the sticker's kiss-cut line, a non-printing production stroke. No colour is sampled from a photograph. Union Black never carries a mark alone on a dark ground.
Photography: The four artworks carry no photograph. A supplied photograph shown in production-guide.pdf is a reference only: it keeps its own colour and never stands in for the adapted artwork on its page (su_hangtag_2025.pdf frames su_woven_label_photo.jpg on its face in the same way). No artwork colour is sampled from fabric, bench light or the cutting mat; colours are matched to palette hexes. Each artwork keeps its own production colours and is not recoloured toward the guide's Bone and Union Black."
SB3-043-VEC,Maison Serault - Wordmark and monogram master set,Vector & Print,Maison Serault,"Worn for years, not seasons",Independent European fine jewelry house making and selling pieces through its own boutique and a small number of stockists.,"An independent European house run by its founder, selling from one boutique plus a handful of stockists.","Maison Serault is a small fine jewelry house built around its founder's own hand. Pieces are made and sold through the boutique and a few trusted stockists, and everything leaves in packaging people keep. The house is changing box suppliers, and the new supplier needs proper artwork before it will quote.","Buyers roughly 30 to 55 purchasing as a gift or for themselves, plus a small number of stockists. They value discretion and craft over logos.","Fine jewelry from 600 to 4,000 dollars. Positioned as an independent house: hairline refinement, high contrast, a small mark on a large quiet field, never mass market and never loud.","understated, precise, deliberate, warm, unadorned, enduring","Serault Ink #1B2A2E · mandatory wherever type sits on Card Cream. Every line of type on Card Cream: the piece name, reference, metal, price and care copy, as on serault_enclosure_card_press.pdf, and the address block and any body text on the stationery. It may also be the one flat colour of wordmark.svg, monogram.svg or a mark printed in ink. Never a ground or panel.
Warm Brass #B08D4C · mandatory for the foil monogram on the packaging label. The foil: the supplier's foil in serault_supplier_specs.txt and the monogram on serault_enclosure_card_press.pdf, so the monogram foil-blocked on the label and any mark foil-blocked elsewhere. It may also be the one flat colour of wordmark.svg or monogram.svg. Never set type, a ground or a panel.
Card Cream #EFE9DC · mandatory as the ground of the packaging label and of both stationery pages. The card and page ground: the Card Cream the supplier names for the enclosure card in serault_supplier_specs.txt and the ground of serault_enclosure_card_press.pdf. Never a fill inside wordmark.svg or monogram.svg, which stay transparent.
Boutique Charcoal #2A2724 · reserved for the box board; not used in these four deliverables. The very dark box board named in serault_supplier_specs.txt, on which the Warm Brass foil sits. It is not a ground, panel, type, rule or mark colour in wordmark.svg, monogram.svg, the packaging label or the stationery, and serault_enclosure_card_press.pdf does not use it.
Soft Stone #C9BEA8 · optional accent. Hairline rules and the border of the piece window only, as on serault_enclosure_card_press.pdf. Never type, a mark, a ground or a panel.","Maison Serault sets its name in Marian 1800 Regular, caps, tracked 0.30 em: 96 pt on 104 pt in the boutique window and 14 pt on 16 pt on a packaging label, with the identical 0.4 pt hairline at both, which is the whole point of the mark. Marian has no weight range, so the step between those two is made by size and empty field, never by weight, and it is never emboldened or outlined. At either size the wordmark holds exactly one third of the sheet width, centred in otherwise empty field. Body is Graphik Regular at 9.5 pt on 14 pt, tracking 0, held to 65 characters a line. Care copy is Graphik Regular at 6.5 pt on 9 pt, tracking +0.03 em.","One unvarying 0.4 pt hairline at every size, from a 14 pt packaging label to a 96 pt window, caps tracked 0.30 em and holding exactly one third of the sheet width in otherwise empty field.","Spare, assured, unhurried. A line the house would write: ""Each piece is finished by hand and meant to outlive its first wearer.""","Discretion and permanence. A decision made about the mark now sits on packaging for the next ten years, so it has to be right.","The working files are gone. The wordmark survives only as one flat export from 2019 whose source files were never sent, a phone photograph of brushed brass letters on the boutique wall, and a daylight photograph of the monogram foil blocked on an old card. The three disagree about the house colour, and there is no vector master of either mark.","Distribution: The packaging label and both stationery pages have a Card Cream ground and nothing else; wordmark.svg and monogram.svg have no ground and stay transparent. On Card Cream, every line of type is Serault Ink, as on serault_enclosure_card_press.pdf. Marks are not type: the foil monogram on the label is Warm Brass, the supplier's foil, and every other wordmark or monogram, in wordmark.svg, monogram.svg, on the label or on the stationery, is one flat colour, Serault Ink or Warm Brass. Soft Stone is for hairline rules and the piece-window border only, no more than 5% of the designed area, never a ground, panel, type or mark. Boutique Charcoal is the box board and is not used in these four deliverables.
Opacity: Every palette colour is used solid, at 100% opacity. No tint, transparency, gradient, shadow or blend mode is applied to any palette colour, and no scrim, gradient or overlay of any colour, black and white included, is laid over a photograph. Foil is shown as a flat Warm Brass fill, as on serault_enclosure_card_press.pdf.
Forbidden: In these four deliverables no colour other than Serault Ink #1B2A2E, Warm Brass #B08D4C, Card Cream #EFE9DC and Soft Stone #C9BEA8 is used for any ground, type, mark, rule or icon; Boutique Charcoal #2A2724 is kept for the box board. No gradient, bevel, glow or drop shadow on any mark or type, and no emboldened or hollow outline lettering: the brand is a small mark on a large quiet field, never loud.
Photography: No photograph appears in any deliverable: serault_wordmark_export_2019.png, serault_wall_sign.jpg and serault_card_monogram.jpg are recovery sources only, and none is placed on the label or the stationery. Every mark is flat vector artwork in one palette colour."
SB3-044-VEC,Ironway Run Club - Numbering and club mark system,Vector & Print,Ironway Run Club,Legible beats clever,"Volunteer run community road running club with its own spring race, printing kit and race bibs for its members.","Founded 1994 by Del in Providence, Rhode Island. A volunteer run club with roughly thirty eight members on the books.","Ironway Run Club is a volunteer community running club in Providence with about thirty eight members. Its identity is the numbering the founder drew by hand in 1994, which the members treat as the club itself, and a screen printed club mark that survives on an old singlet. Each spring the kit goes to the heat transfer shop and every member runs the club's own Founders Five race with a bib.","Members aged roughly 22 to 68, half of whom pin a bib on in the dark before a wet April race. Volunteers, not customers.","A forty dollar per season volunteer club with no sponsor. Everything printed must be cheap at volume and survive weather: one colour throughout, nothing that adds a plate or a pass, and nothing that looks like a paid entry event.","plain, hardy, communal, hand-made, practical, unpretentious","Rail Navy #1F2A44 · mandatory: the one ink on every bib and the one colour of the club mark. Everything printed on a bib, the drawn number, club mark, club name, member name and details, on Bib White, as on ironway_bib_2025.pdf; the single colour of club-mark.svg, the navy the mark is printed in on ironway_singlet_mark.jpg; one of the two allowed fills for a glyph master. It is also the colour of the new singlet in ironway_kit_swatch.jpg.
Bib White #F4F2EC · mandatory on every bib, as the ground only. The paper ground of every bib, as on ironway_bib_2025.pdf. Never an ink: nothing is printed in it, and no glyph master or club mark is drawn in it.
Marshal Orange #D46A1E · optional: cut film and glyph masters only. The shop's stock Marshal Orange transfer film, the one flat colour the numbers and club letters are cut in and pressed onto the Rail Navy singlet, as ironway_kit_shop_note.txt and the chip on ironway_kit_swatch.jpg show; one of the two allowed fills for a glyph master. Never on a bib or the club mark.
Iron Grey #5B5F63 · optional: supporting previews only. Not an ink on any commissioned file: no bib, glyph master or club mark uses it, since each prints in one ink. It may appear only in supporting previews, which the brief welcomes but which cannot replace the named files.","Ironway keeps the founder's hand at the top of the scale. The bib numeral is Del's 1994 hand drawn numbering at 120 pt on 126 pt, spacing taken off the original sheet, and it is never set in Antwerp. Directly above it sits the club name in Antwerp Bold caps at 14 pt on 16 pt, tracking +0.08 em, which is the near nine to one jump the club is recognised by; Antwerp Bold also carries race titles, and Antwerp Bold Italic is reserved for the race year and nothing else. Member names are Benton Sans Bold at 24 pt on 27 pt. Details and body run in Benton Sans Regular at 10 pt on 13 pt, tracking 0, held to 65 characters a line, and fine print in Benton Sans Regular at 8 pt on 11 pt, tracking +0.04 em. One ink throughout.","A nine to one size jump on every bib, the hand drawn race numeral at 120 pt sitting under a 14 pt Antwerp Bold club name, with italic reserved for the race year and nothing else.","Friendly, plain, volunteer to volunteer. A line the club would write: ""Founders Five is on. Pin your bib, mind the puddles, we will see you at the line.""","The founder's hand is the club, so it is kept faithfully. Legible beats clever, and every member gets the same thing for their forty dollars.","No digital brand files exist. The numbering survives only as a phone photograph of the founder's original ink sheet on drafting paper, and the club mark only as a photograph of it screen printed on an old singlet. Nobody knows who made the mark and there is no file of either. Last year's bib survives as the printer's returned press PDF.","Distribution: Every commissioned file uses exactly one ink. Each bib is Rail Navy on a Bib White ground and nothing else, as on ironway_bib_2025.pdf: the drawn number, club mark, club name, member name and details are all Rail Navy. club-mark.svg is Rail Navy alone on a transparent ground. Each numeral and letter master is one flat fill, Rail Navy or Marshal Orange, on a transparent ground. Marshal Orange is the kit film on the Rail Navy singlet and never prints on a bib. Iron Grey appears only in supporting previews.
Opacity: Every palette colour is used solid, at 100% opacity. No tint, screen, halftone, transparency, gradient, shadow, outline or blend mode is applied to any colour on a bib, the club mark or a glyph, and no photograph, scan or raster image is placed on a bib: the club mark is the delivered vector, never the raster photograph of the singlet mark placed at the head of ironway_bib_2025.pdf.
Forbidden: No second ink on any file: no Marshal Orange, Iron Grey or other colour on a bib, and no second colour, outline, shade or keyline on a glyph or the club mark, which ironway_kit_shop_note.txt allows as one flat shape only. No colour outside the four palette hexes.
Photography: No photograph appears in any delivered file. ironway_numbering_sheet.jpg, ironway_singlet_mark.jpg and ironway_kit_swatch.jpg are sources to trace or judge against: the drafting paper, printed grid, jersey, knit texture and fold shadow never carry into a glyph or the club mark. Glyph strokes and counters are judged in Marshal Orange on the navy of ironway_kit_swatch.jpg, never on white."
SB3-045-VEC,Marchfield Exchange - Crest and engraving geometry system,Vector & Print,The Marchfield Exchange,A building worth the address,"A listed 1911 commercial building, managed by a property agent, let as office suites to professional firms, with a heritage sign programme.","Building completed 1911 in Portland, Maine. Fourteen lettable suites, overseen by a managing agent and a building board.","The Marchfield Exchange is a listed 1911 commercial building let to law, architecture and accountancy firms. The building itself, its stone entrance and brass fittings, is the reason tenants take space here. Its house crest is original to 1911, and the sign programme is being rebuilt as one coherent system that respects the building's character.","Professional firms choosing a building with a stone entrance and brass fittings, and a building board approving the spend. Tenants who read signage as a signal of how the building is kept.","A listed heritage building letting at 45 to 75 dollars per square foot. The programme is engraved brass and stone appropriate metalwork, deep margins and generous clear space. Anything that would look at home on a retail park reads as neglect at this rent.","traditional, dignified, quiet, authoritative, generous, considered","Marchfield Brass #A9863F · mandatory in the Brass reproduction proof; optional elsewhere. The flat field that stands for satin brass behind the crest in the Brass reproduction proof, as marchfield_sign_survey.txt asks proofs to be judged on brass. It may also be the flat ground of the suite plate, entrance plaque and directory artwork, standing for the brass face, and it may be the one colour of crest-reversed.svg. Never type or a line, and never the crest outside crest-reversed.svg.
Limestone #D8CFBE · optional. A light colour for crest-reversed.svg, the crest drawn to sit on a dark ground, or the page ground in the Brass reproduction proof. Never engraved and never type on a light ground.
Slate Ink #2C3439 · mandatory. The one engraving ink, as on marchfield_suite_plate_2019.pdf: every engraved element of the suite plate, entrance plaque and directory artwork (crest, building name, MCMXI, suite numbers, tenant names), the single colour of crest-master.svg and engraving.svg, the crest on the brass field of the proof, and the proof's text, where only a flag label may be Oxblood instead.
Oxblood #5E2A2A · optional accent, Brass reproduction proof only. The marks and labels that flag a detail under the 0.50 mm stroke limit in the proof, where Slate Ink may be used instead. Never engraved, never a ground, never the crest.
Facade Grey #7C7468 · mandatory for the bolt-centre guide marks on the entrance plaque artwork; optional accent elsewhere. Guide marks that are never engraved: the bolt-centre marks and any margin or dimension lines on the artwork, and captions or dimension lines in the proof. Never the crest, the building name, a suite number or a tenant name.","The Marchfield Exchange sets the building name in Scotch Modern Display Roman caps, letterspaced 0.16 em: 96 pt on 104 pt on the entrance plaque and the same setting at 14 pt on 18 pt on a suite plate. On both, the crest sits above the name and MCMXI sits below it in Scotch Modern oldstyle figures at one quarter the name's cap height, about 17 pt at plaque size, with all three centred on one vertical axis and the date never dropped. Directory names are Scotch Modern Roman small caps at 28 pt on 40 pt, tracking 0.10 em, never bold, with suite numbers alongside in Sackers Gothic Medium at 30 pt on 40 pt. Body is Scotch Modern Roman at 10 pt on 15 pt, tracking 0, held to 65 characters a line. Fine print is Sackers Gothic Medium at 9 pt on 12 pt, tracking 0.12 em.","The crest, the building name and MCMXI in oldstyle figures at one quarter the cap height always stack on a single vertical axis, and the date is never dropped.","Formal, measured, understated. A line the agent would write: ""The Marchfield Exchange. Established 1911. Professional suites in the heart of the city.""","The building's history is the asset, so the crest is recovered rather than reinvented, and the programme is kept editable so the agent can update a tenant name without a designer.","No drawing, plate or digital file of the crest exists, and the original architect's practice closed in 1961. The crest survives in exactly two places: engraved on the weathered brass entry plaque, photographed on the wall, and printed on a 1950s tenant letterhead, scanned. The suite plates survive only as the 2019 sign shop's single press PDF.","Distribution: Everything engraved, the crest, the building name, MCMXI, suite numbers and tenant names, is Slate Ink, the one engraving ink of marchfield_suite_plate_2019.pdf. On the suite plate, entrance plaque and directory artwork the ground is either left unprinted, as the white proof ground of that file, or flat Marchfield Brass for the brass face, and nothing else. crest-master.svg and engraving.svg are Slate Ink alone on a transparent ground; crest-reversed.svg is one single palette colour that reads on a dark ground, Limestone or Marchfield Brass. In the proof the crest sits in Slate Ink on a flat Marchfield Brass field, pages are unprinted or Limestone, and text is Slate Ink, except that a mark or label flagging a detail under the 0.50 mm limit may be Oxblood. Facade Grey is only for guide marks that are not engraved and Oxblood only for flags in the proof, together no more than 5% of any page.
Opacity: Every palette colour is used solid, at 100% opacity. No tint, transparency, gradient, shadow, sheen, texture or blend mode is applied to any colour, and no scrim, gradient or overlay of any colour, black and white included, is laid over a photograph.
Forbidden: No gold foil, chrome, bronze or other metallic or reflective effect on any type, line, crest or ground: brass is shown only as flat Marchfield Brass. No colour outside the five palette hexes for type, lines, the crest, marks or grounds, apart from the unprinted white ground of the artwork, as on marchfield_suite_plate_2019.pdf.
Photography: No photograph is placed in the crest exports, the engraving artwork, the suite plates, the entrance plaque or the directory artwork, which are vector engraving artwork. marchfield_plaque.jpg and marchfield_letterhead.jpg are tracing references only: no colour is sampled from them, and the brass in marchfield_plaque.jpg is shown as flat Marchfield Brass. Any view of marchfield_facade.jpg in the proof keeps its own colour and is not recoloured toward the palette."
SB3-046-LAY,Kantyna Nova - Private dining menu and campaign system,Layout & Data,Kantyna Nova,One seating. One menu. One evening.,"An eighteen seat chef's tasting room with a private dining side, one seating a night, in Portland, Maine.","Opening November 2026, Portland, Maine. A two person house: Marta runs the room, the chef cooks, and there will not be a third.","Kantyna Nova is a single table set once a night: one tasting, one wine flight, cooked and served by the two people who built it. The room is dark and quiet by design, so the plate is the only thing lit. Nothing is rushed, nothing is upsold, and the evening is the point rather than the meal.","Guests thirty to fifty five who book the room as their occasion, not their dinner. They value intention over abundance and read a dark, spare room as confidence rather than as coldness.","One hundred and eighty five dollars for the tasting, ninety five more for the wine pairing. Held back and expensive without raising its voice: above a neighbourhood bistro, deliberately short of a destination tasting palace an eighteen seat opening cannot fill. Price is never a feature.","restrained, quiet, assured, warm, precise, unhurried","Cellar Black #14110F · mandatory. The ground of every designed surface and the picture surround, as on kantyna_pairing_card_press.pdf. The only colour used as a ground or panel.
Warm Bone #E9E2D4 · mandatory. Type on Cellar Black: display lines, headings, names, course titles and course lines, descriptions and body text, and the producer and price of each wine on the menu, as the guest name and course on kantyna_pairing_card_press.pdf. Never a ground or panel.
Aged Brass #A6875A · mandatory. The 0.5 pt hairline rule under every opening small caps line, and the wine set in italic: the whole wine designation on each card, as on kantyna_pairing_card_press.pdf, and the wine after each producer on the menu. Never a ground, panel or body text.
Deep Claret #5A2233 · optional accent. Thin dividers and small marks only. Never a ground, panel, type colour or the hairline under the opening line.
Ash Stone #7C7468 · mandatory where an allergen line is set. The allergen line, as on kantyna_pairing_card_press.pdf, and optionally quiet fine print such as hours and house notes. Never a ground, panel, heading or display line.","Kantyna Nova runs on two families and four steps. Step 01, display, is EB Garamond Regular 400 in true small caps at 40 pt on 44 pt leading, tracked 120 units, sitting six points above a 0.5 pt Aged Brass hairline rule that runs the full measure. Step 02, subheading, is the same EB Garamond small caps at 26 pt on 30 pt leading, tracked 120 units, which is the guest name on the place card and sets at 16 pt as a course title on the menu, with the dish line at 13 pt; italic appears here only when the line is wine. Step 03, body, is Neue Frutiger Book 450 at 14 pt on 21 pt leading, tracking zero, set to a maximum of 65 characters. Step 04, fine print, is Neue Frutiger Book 450 at 9.5 pt on 14 pt leading tracked 15 units, carrying menu descriptions and hours, with the price inline at the end of the description in EB Garamond old style figures at 9.5 pt, never in lining figures and never in a column of its own.","Every surface opens with a single line of EB Garamond true small caps tracked 120 units sitting six points above a 0.5 pt Aged Brass hairline rule that runs the full measure, with italic reserved for the wine alone.","First person plural, plain and understated, never salesy. Example line the brand would write: 'One seating a night. Sit down and let the evening happen.'","Two makers, one honest evening. Restraint as generosity, and food worth looking at.","No formal brand kit exists yet. The course titles and the approved copy are set, there is a single handheld photograph of the finished room, and the owners photographed every plate themselves in the room during service. The private dining printer holds the pairing card press file. The identity is being set now for the first time.","Distribution: Cellar Black is the only ground and panel colour and surrounds every picture, as on kantyna_pairing_card_press.pdf. On Cellar Black, display lines, headings, names, course lines, descriptions and body text are Warm Bone; the whole wine designation on each card is Aged Brass italic, as on kantyna_pairing_card_press.pdf; the allergen line is Ash Stone, which may also carry quiet fine print such as hours. The hairline under each opening small caps line is Aged Brass. Deep Claret is an optional accent for thin dividers and small marks only, no more than 5% of the designed, non-photographic area. A price takes the colour of the line it ends. On page 2 of the menu, where a wine line mixes colours, the producer is Warm Bone roman, the wine after it is Aged Brass italic, and the price is Warm Bone.
Opacity: Every palette colour is used solid, at 100% opacity. No tint, transparency, gradient, shadow or blend mode is applied to any palette colour, and no scrim, gradient or overlay of any colour, black and white included, is laid over a photograph: type sits on solid Cellar Black or directly on the photograph's own dark surround.
Forbidden: No colour outside the five palette hexes for type, panels, rules, buttons or icons. Aged Brass is the flat #A6875A, never a metallic, foil, gradient or shine effect. No price is picked out in a colour of its own, and no colour but Cellar Black is used as a ground or panel.
Photography: Photographs keep their own colour and are never tinted, washed or duotoned toward the palette. The blown highlights in kantyna_plate_04.jpg, kantyna_plate_07.jpg, kantyna_plate_08.jpg and kantyna_plate_10.jpg are not painted in, textured or tinted toward Warm Bone."
SB3-047-LAY,Corner & Cure - Cold-case label system,Layout & Data,Corner & Cure,Sandwiches worth leaving the block for.,"A fast casual neighbourhood deli counter with a cold case and a marketplace storefront, on a corner in Brooklyn, New York.","Brooklyn, New York; canonical context for the repeat-client series.","Corner & Cure is the repeat client for this benchmark series. The canonical client context is Brooklyn, New York, and this commission covers phase 2: counter refit, cold-case labels and signage.","Walk up trade, mostly twenty to forty five, three visits a week, deciding in about eight seconds at the counter or six on a phone. They want appetite and honesty, not polish.","Twelve to sixteen dollars for a sandwich or a bowl. Impulse priced but not cheap: the price is the offer and sits large and proud, while the whole shop works to look like a place that is worth it rather than a bargain or a franchise.","warm, loud, gritty, neighbourly, honest, unfussy","Deli Red #B4382C · mandatory. The solid panel or device the price is reversed out of in Butcher Cream, as the price roundel on cornerandcure_label_press.pdf, set directly beneath the item name. Never body text, the allergen line or a full ground.
Counter Mustard #D9A536 · optional accent. Thin rules, dividers and small non-text accents only; no supplied brand file uses it. Never a ground, a panel or type.
Butcher Cream #F2E7CE · mandatory. The label ground, as on cornerandcure_label_press.pdf, any text panel on a tile, and all type reversed out of Deli Red or Pickle Green, the price included, as the price and tag pills on cornerandcure_label_press.pdf.
Slate Char #2A2622 · mandatory. The item name, size and allergen or dietary wording set on Butcher Cream, and thin keylines and photo borders, as the item name, keyline and photo border on cornerandcure_label_press.pdf. Never a ground or panel.
Pickle Green #4E6B3A · optional accent. Dietary-tag pills only, carrying Butcher Cream type, as the tag strip on cornerandcure_label_press.pdf. Never a ground, the item name or the price.","Corner & Cure runs on two families and four steps, quoted at 90 mm label size. Step 01, display, is the price: Vollkorn Black 900 caps at 36 pt on 38 pt leading, tracked minus 10 units, with no dollar sign, sitting directly beneath the item name at two and a half times its size. Step 02, subheading, is the item name in Vollkorn Black 900 caps at 14 pt on 16 pt leading, tracked 20 units because caps at that size need the air, and the ampersand is the only italic anywhere in the system. Step 03, body, is Benton Sans Regular at 8 pt on 12 pt leading, tracking zero, set to a maximum of 65 characters, carrying hours and loyalty rules. Step 04, fine print, is Benton Sans Regular at 6.5 pt on 9 pt leading tracked 15 units for allergen lines, which are never set in Vollkorn. On the 1200 px tile the same top pair runs 84 px name over 210 px price.","The price carries no dollar sign and is set in Vollkorn Black directly beneath the item name at two and a half times its size, so the number is always the loudest thing on the surface.","Plainspoken, neighbourhood, a little brash and generous. Example line the brand would write: 'Pulled together, piled high, see you at the counter.'","A family corner shop, second generation. Real food for regulars, made with the hand of a place, not a chain.","There is no digital version of the sign: the name survives only as a board hand painted by a sign painter twenty years ago and screwed to the wall over the slicer. Everything else was shot on the owner's phone over the counter. A two page written note holds the voice, hours, loyalty rules and section names, and the label printer holds a press file.","Distribution: Every label has a Butcher Cream ground, as on cornerandcure_label_press.pdf. On a tile, Butcher Cream is the only colour that may carry Slate Char type. Apart from Butcher Cream grounds and text panels, the only panels are the Deli Red device the price is reversed out of and Pickle Green dietary-tag pills. On Butcher Cream, all type is Slate Char; on Deli Red and Pickle Green, all type is Butcher Cream. Counter Mustard is for thin rules and small non-text accents only, no more than 5% of the designed, non-photographic area, never a ground, a panel or type.
Opacity: Every palette colour is used solid, at 100% opacity. No tint, transparency, gradient, shadow or blend mode is applied to any palette colour or any type, and no scrim, gradient or overlay of any colour, black and white included, is laid over a photograph: a text panel sits over or beside the photograph as a solid block.
Forbidden: No colour outside the five palette hexes (#B4382C, #D9A536, #F2E7CE, #2A2622 and #4E6B3A) for type, panels, rules, keylines, buttons or icons. The painted sign from cornerandcure_board_sign.jpg is exempt, as the photography rule says.
Photography: Photographs keep their own corrected colour and are never tinted or recoloured toward the palette. The pale cream butcher paper under the counter shots stays paper, not repainted Butcher Cream #F2E7CE. The painted sign from cornerandcure_board_sign.jpg is used as painted: its lettering, knife device and board may keep the colour they were photographed with, and the palette's type-colour and opacity rules do not apply to it."
SB3-048-LAY,Lumora Laboratories - Retail launch and paid social system,Layout & Data,Lumora Laboratories,A laboratory with taste.,"Clinical dermo-cosmetic actives, direct to consumer plus a specialty chain counter rollout, based in Los Angeles, California.","Los Angeles, California; canonical context for the repeat-client series.","Lumora Laboratories is the repeat client for this benchmark series. The canonical client context is Los Angeles, California, and this commission covers phase 2: skincare counter launch for the parent range.","Women twenty eight to forty five, ingredient literate, who read the INCI list before the claim and treat whitespace and evidence as signs of seriousness.","Forty six to eighty dollars per SKU. Premium but not luxurious: near monochrome grounds, evidence led hierarchy, and a price that sits quietly beside the specification. Deliberately clear of both the fourteen dollar mass aisle and the two hundred and fifty dollar luxury counter, either of which would misread the clinical claim.","clinical, precise, credible, restrained, modern, trustworthy","Lab Ink #1C2530 · mandatory. Product names, claims, prices and the shopping action, as the name, claim and price are set on lumora_counter_card.pdf; may also set the active concentration display; the fill or outline of a shopping button. Never a ground or panel, except the fill of a shopping button.
Clean White #F7F8F8 · mandatory. The ground of every output, as on lumora_counter_card.pdf. Never a type colour, except the label of a Lab Ink shopping button.
Slate Grey #5B6670 · mandatory where an INCI line or a size appears. INCI lines, sizes and the small brand line, as on lumora_counter_card.pdf, which also sets the active line in Slate Grey, so it may set the active concentration display. Never a ground, a panel, a product name or a claim.
Mineral Mist #DCE2E4 · optional. Only the specification panel behind the active and INCI lines, as on lumora_counter_card.pdf, solid or at 55% on Clean White, which renders #E8ECED. Never type, never the page ground.
Clinical Blue #3E6E8E · mandatory wherever an active concentration appears. The 1 px rule the width of the column under the active concentration, and hairline rules, as the rule on lumora_counter_card.pdf. Never type, a ground, a panel or a button.","Lumora Laboratories runs on Spectral for display and the IBM Plex pair for text, quoted at screen size. Step 01, display, is the active concentration in Spectral Medium 500 at 112 px on 118 px leading, tracked minus 10 units, hung flush left so the percent sign falls into the margin, above a 1 px Clinical Blue rule the width of the column. Step 02, subheading, is the product name in Spectral Medium 500 at 56 px on 62 px leading, tracked minus 5 units, which is exactly half the concentration and never more; the counter card sets the same row at 28 pt. Step 03, body, is the claim in IBM Plex Sans Regular at 32 px on 46 px leading, tracking zero, set to a maximum of 65 characters. Step 04, fine print, is the INCI line in IBM Plex Sans Regular at 16 px on 24 px leading tracked 10 units, set exactly as cleared. Every figure anywhere in the system, in a claim or in the fine print, sets in IBM Plex Mono Regular.","The active concentration is always the largest element on the surface, set in Spectral Medium at exactly twice the product name, hung flush left so the percent sign falls into the margin above a 1 px Clinical Blue rule.","Precise and evidence first, no hyperbole. Example line the brand would write: 'Formulated around actives, at concentrations we publish.'","Clinical credibility earned through disclosure. Actives and concentrations named, nothing oversold.","The wordmark is approved but exists only as a flat web scale PNG of the letterforms in one deep ink on white, exported by the founders' first designer, with no vector source on hand. The six products were photographed in house on a pale sweep across two sessions. The regulatory cleared INCI lines and claims are fixed and cannot be edited, and the specialty chain has supplied its approved counter card press file.","Distribution: Clean White is the ground of every output. Type sits on Clean White or on the Mineral Mist specification panel, as on lumora_counter_card.pdf, or directly on a photograph with no scrim under it; the only Clean White type is the label of a Lab Ink shopping button. Product names, claims, prices and the shopping action are Lab Ink; INCI lines, sizes and the brand line are Slate Grey, as on lumora_counter_card.pdf; the active concentration display is Lab Ink or Slate Grey. A shopping button is Lab Ink with a Clean White label, or a Lab Ink outline with a Lab Ink label. Clinical Blue appears only as rules, the 1 px rule under each concentration included, and Mineral Mist only as the specification panel; neither is ever type.
Opacity: Every palette colour is used solid, at 100% opacity, with one exception taken from lumora_counter_card.pdf: the specification panel behind the active and INCI lines may be Mineral Mist at 55% opacity on Clean White, which renders #E8ECED. No other tint, transparency, gradient, shadow or blend mode is applied to any palette colour, and no scrim, gradient or overlay of any colour, black and white included, is laid over a photograph.
Forbidden: No colour outside the five palette hexes, or #E8ECED for the Mineral Mist panel at 55%, for type, panels, rules, buttons or icons, and no gold, silver, metallic or foil colour and no gradient effect in type, panels, rules, buttons or icons: the brand is premium but not luxurious and stands deliberately clear of the luxury counter. Photographs are governed by the photography rule. lumora_wordmark_approved.png keeps its own ink.
Photography: Photographs keep their own product colour and are graded to one neutral white balance, never recoloured toward the palette: the amber glass in lumora_range_frame_01.jpg and lumora_range_frame_02.jpg stays amber, and no sweep is left or tinted toward Clinical Blue or Mineral Mist to match the design."
SB3-049-LAY,Northgrove - Wholesale lookbook and hang-tag system,Layout & Data,NORTHGROVE,Cut and sewn to outlast the season.,"Heritage workwear with cast metal hardware, wholesale to independent stockists plus direct sale, made in Burlington, Vermont.","Burlington, Vermont; canonical context for the repeat-client series.","NORTHGROVE is the repeat client for this benchmark series. The canonical client context is Burlington, Vermont, and this commission covers phase 2: wholesale lookbook, hang tags and launch collateral.","Buyers and wearers twenty eight to forty five who value provenance and construction over logos, and who read fabric and make before they read a brand mark.","Seventy four to one hundred twenty eight dollars per piece, mid premium wholesale and direct. Muted grounds, full frame photography that shows cloth and seam, and copy that leads on material and make. Deliberately clear of both the twenty four dollar fast fashion grid and the price free editorial luxury a buyer cannot work from.","heritage, honest, grounded, considered, local, durable","Charcoal #33352F · mandatory. The NORTHGROVE wordmark, style names, look titles, section heads, body copy, prices and fine print on Oat Cotton, as on northgrove_hangtag.pdf. On the lookbook's inner pages it may also be a solid panel that carries Oat Cotton type; never a panel on the cover or on a hang tag.
Workshop Olive #5E6844 · mandatory for the leaf glyph. The leaf glyph beside the wordmark, always, as on northgrove_hangtag.pdf; otherwise only the colourway line and small labels such as FABRIC and MAKE. Never a ground, a panel or body copy.
Oat Cotton #D8CDB6 · mandatory. The solid ground of every hang tag, edge to edge, as on northgrove_hangtag.pdf, and the main page ground of the lookbook; also any type reversed out of a Charcoal panel.
Forge Rust #9A5A38 · optional accent. The short rule above the price, as on northgrove_hangtag.pdf, and other hairline rules. Never type, a ground or a panel.
Cast Pewter #8C8A85 · optional accent. Hairline rules, dividers and keylines only. Never type, a ground or a panel.","NORTHGROVE runs on Literata for display and Freight Sans Pro for text. Step 01, display, is the wordmark and look title in Literata Bold 700 caps at 30 pt on 33 pt leading, letterspaced to fill the exact measure of whatever carries it, roughly 420 units on a lookbook page and 180 units on a 38 mm hang tag, and never at default tracking. Step 02, subheading, is the section head in Literata Bold 700 caps at 18 pt on 21 pt leading tracked 60 units, a fixed value because only the wordmark spans; the hang tag style name sets at 11 pt in the same row. Step 03, body, is the fabric note in Freight Sans Pro Book at 9.5 pt on 14 pt leading, tracking zero, set to a maximum of 65 characters. Step 04, fine print, is Freight Sans Pro Book at 7.5 pt on 11 pt leading tracked 15 units on the hang tag, with the linesheet grid one step up in Freight Sans Pro Medium at 8.5 pt in tabular figures.","The wordmark is always letterspaced to fill the exact measure of whatever carries it, so the tracking changes from piece to piece but the name spans edge to edge every time.","Understated and maker focused, provenance before promotion. Example line the brand would write: 'Ten pieces, cut and sewn in Burlington, meant to be worn hard.'","Locally made, built to last. Provenance and construction over logos, and partnerships that stay neighbourly.","The NORTHGROVE wordmark and olive leaf glyph are set. The whole capsule was shot flat, overhead, on a mid gray backdrop across two mornings, with the cast hardware shot separately on the bench. The collaborating club has no artwork left: its crest survives only as a photograph of an old wool pennant on a wall. Last season's hang tag exists as the printer's press file, same size and stock this year.","Distribution: Every hang tag is a solid Oat Cotton ground, as on northgrove_hangtag.pdf, and Oat Cotton is the lookbook's page ground. The lookbook cover, like every hang tag, is a solid Oat Cotton ground; Charcoal panels sit on the lookbook's inner pages only. On Oat Cotton, the wordmark, style names, titles, heads, body copy, prices and fine print are Charcoal, and the colourway line and small labels may be Workshop Olive, as on northgrove_hangtag.pdf. On Charcoal, all type is Oat Cotton. The leaf glyph is always Workshop Olive. Forge Rust and Cast Pewter are for rules, dividers and keylines only, together no more than 5% of the designed, non-photographic area.
Opacity: Every palette colour is used solid, at 100% opacity. No tint, transparency, gradient, shadow or blend mode is applied to any palette colour, and no scrim, gradient or overlay of any colour, black and white included, is laid over a photograph.
Forbidden: No colour outside the five palette hexes for type, grounds, panels, rules or icons.
Photography: Photographs keep their own corrected colour and are never recoloured toward the palette: a garment whose colourway shares a palette name (Charcoal, Workshop Olive, Oat Cotton, Forge Rust, Cast Pewter) keeps its own cloth colour. The ten flat-lays, northgrove_flatlay_01.jpg to northgrove_flatlay_10.jpg, read as one shoot on one neutral mid gray backdrop, as the brand assets note describes the shoot (flat, overhead, on a mid gray backdrop). The cast hardware in northgrove_hardware_01.jpg, northgrove_hardware_02.jpg, northgrove_hardware_03.jpg and northgrove_hardware_04.jpg keeps true metal tone with no cast, as northgrove_copy.txt asks. The Kestrel Lane crest from kestrel_pennant.jpg is the club's mark, not a NORTHGROVE design element, and may keep its own thread colours."
SB3-050-LAY,Maison Valcere - Brand story deck and campaign document,Layout & Data,Maison Valcere,One object at a time.,"Independent fine-jewellery house, made to order and sold by appointment, with a small stockist channel.","Founded 2014, in a room above a bookshop in Montreal, Quebec. Four people, one bench.","Maison Valcere is a four-person high-jewellery house working to order for marriages and milestones. Twenty two references sit in the current book, most cut and set in-house and shown by appointment above the shop. The house sells quiet, considered pieces to clients who return once a decade, not once a season.","Clients aged 35 to 60 buying for a marriage or a milestone, plus a short list of premium stockists. Considered, appointment-led buyers who research before they visit and expect the metal, stone and carat answered without asking.","Pieces run 900 to 6,500 dollars, positioned as appointment fine jewellery well above a mall counter and just below the named international maisons. Price is shown discreetly or not at all; the room and the book carry the value.","quiet, exacting, unhurried, neoclassical, discreet, assured","House Black #0B0B0D · mandatory. The house name, headings and body text on Bench Ivory, as the piece name and spec lines on valcere_spec_card_PRINT.pdf and the wordmark in valcere_copy.txt; the only dark ground, which the reversed wordmark sits on.
Bench Ivory #F4F1EA · mandatory for any light ground or panel; the only light ground permitted. The light ground for pages and panels, as on valcere_spec_card_PRINT.pdf, and the ground the wordmark sits on in House Black. Never a type colour.
Signature White #FFFFFF · mandatory where type is reversed on House Black. Type reversed out of House Black, the wordmark included, as valcere_copy.txt sets it. Never a ground or panel.
Fine Grey #8A8A8F · optional accent. Reference codes, small labels and fine print on Bench Ivory, as the reference line on valcere_spec_card_PRINT.pdf. Never a ground, a panel, the house name or body text.
Warm Gold #C6A15B · optional accent. Hairline rules only, as the single rule on valcere_spec_card_PRINT.pdf. Never type, a ground, a panel or a fill.","Maison Valcère runs on Cormorant Garamond for display and Apercu for text, quoted at deck size. Step 01, display, is the house name in Cormorant Garamond Light 300 caps at 44 pt on 48 pt leading tracked 160 units, always stacked, MAISON over VALCÈRE, with the lower line letterspaced to the exact width of the upper so the pair locks into one hairline block and the grave accent stays intact; the same block sets at 96 pt on the A2 poster and 64 px on the feed ad. Step 02, subheading, is Cormorant Garamond Light 300 caps at 22 pt on 26 pt leading tracked 120 units, exactly half the deck display and the only size invented here. Step 03, body, is Apercu Regular at 11 pt on 16 pt leading, tracking zero, set to a maximum of 65 characters, and 22 px on 32 px leading on screen. Step 04, fine print, is Apercu Regular at 8.5 pt on 13 pt leading tracked 20 units. Nothing in display is ever heavier than Light, and Apercu carries every figure, carat, reference and millimetre.","The house name always stacks on two lines, MAISON over VALCÈRE, in Cormorant Garamond Light caps tracked 160 units with the second line letterspaced to the exact width of the first so the pair locks into one hairline block.","Plain, precise, never salesy. States materials and provenance and stops. Example line: ""Eighteen karat white gold, set with a single old-cut stone, made to your hand.""","One object per canvas, honest materials, and a mark that reads as ours at every size. Restraint is the house, not decoration.","The original wordmark artwork left with the designer who set it a decade ago. The only surviving version is a photograph of an old printed swing tag, so the mark has to be recovered from that before it can be used again. No usable logo files, colour references or type spec survive; these guidelines are being reconstructed this season.","Distribution: Grounds and panels are Bench Ivory or House Black and nothing else. On Bench Ivory, the house name, headings and body text are House Black, and reference codes, labels and fine print may be Fine Grey, as on valcere_spec_card_PRINT.pdf. On House Black, all type is Signature White, as the reversed wordmark in valcere_copy.txt. The wordmark is House Black on Bench Ivory or Signature White on House Black only. Warm Gold is for hairline rules only. Fine Grey and Warm Gold together cover no more than 5% of the designed, non-photographic area.
Opacity: Every palette colour is used solid, at 100% opacity, as on the house's own spec card. No tint, transparency, gradient, shadow or blend mode is applied to any palette colour, and no scrim, gradient or overlay of any colour, black and white included, is laid over a photograph: type sits on a solid ground or on a solid panel beside or over the photograph.
Forbidden: No colour outside the five palette hexes for type, grounds, panels, rules, buttons or icons. No Warm Gold, gold, metallic, foil or glow effect on any type, and no icon, symbol or ornament: the identity is purely typographic (valcere_copy.txt).
Photography: Photographs keep their own corrected colour and are never recoloured toward the palette: the bench sweep is not tinted Bench Ivory, yellow gold is not pushed toward Warm Gold, and the sapphire, emerald, ruby and aquamarine keep their own hue."
SB3-051-LAY,Nordheim Atelier - Showroom line-card system,Layout & Data,Nordheim Atelier,Cloth first.,"Independent designer atelier producing a small autumn winter ready-to-wear collection, sold to press and to a wholesale buyer list.","Founded 2019, a small atelier in Copenhagen, Denmark. A handful of people, twelve looks a season.","Nordheim Atelier is a designer-led studio in Copenhagen making a tight seasonal collection in wool, shearling and gabardine. FW26 is twelve looks, sold to press and to roughly thirty independent stores. The house builds one editorial look each season and carries it across everything a buyer and an editor see.","Fashion press and independent-store buyers aged 30 to 55. Readers who value cloth and construction over gloss, and who judge a collection on whether the range holds together.","Garments run 600 to 2,400 dollars, positioned as couture-adjacent designer ready-to-wear. Prices live only on the linesheet where buyers expect them; the collateral never discounts or shouts, since a sale treatment would strip the perceived value in a single spread.","restrained, editorial, documentary, material, rigorous, quiet","Ink #111112 · mandatory. All record type on Paper: the look name, fabric composition, colourway value and prices, as on nordheim_linecard_2025_PRINT.pdf; and the wordmark lockup, which nordheim_letterpress_card.jpg prints in one deep ink. Never a ground or panel.
Paper #EDEBE6 · mandatory. The ground of every card, as on nordheim_linecard_2025_PRINT.pdf. The only ground or panel colour.
Cool Grey #6E7075 · mandatory where a caption or field label is set. Captions and field labels such as Colourway, Wholesale and Retail, as on nordheim_linecard_2025_PRINT.pdf. Never the look name, fabric composition, colourway value or prices, and never a ground or panel.
Halftone Grey #B9B7B2 · optional accent. Hairline dividers and small marks only. Never a ground, panel or type colour.
Bone #DAD5CC · optional accent. Hairline dividers between the fabric, colourway and price blocks, never directly above or below the look name. Never a ground, panel or type colour.","Nordheim Atelier runs two faces. Bitter ExtraBold carries the top of the scale: season titles at 34 pt on 37 pt leading, all caps tracked plus 40 units to match the wordmark, and look names at 20 pt on 23 pt with tracking pulled back to minus 4 units. The wordmark itself keeps its double rule, NORDHEIM pinned between two 0.4 pt hairlines set 3 mm apart with ATELIER floating in the band, and that lockup is never given to a title or a look name. Soehne Buch 400 carries the text: fabric notes at 8.5 pt on 12.5 pt, tracking 0, measure held to 65 characters, and captions at 7.5 pt on 11 pt tracked plus 12 units in Cool Grey. Prices are the one exception, Bitter Medium oldstyle figures at 11 pt, on the linesheet only. Online the lookbook heading runs 44 px on 48 px.","The wordmark is always pinned between two 0.4 pt hairline rules set 3 mm apart, with ATELIER floating in the band between them, so the double rule reads before the letterforms do.","Spare and factual, closer to an investigative magazine than a catalogue. Names the fabric and the maker and leaves the rest. Example line: ""Undyed Gotland wool, cut on the straight, made in Copenhagen.""","One collection, not twelve pictures. The cloth is the argument, grayscale and printed texture serve it, and the range must read as one hand.","The wordmark exists in only one place: a single letterpress card from the first season, photographed. The original artwork is gone. The mark is a compound lockup (wordmark, a hairline rule, and ATELIER in small caps) and has to be recovered whole from that photograph. No live logo files or type spec survive.","Distribution: Paper is the ground of every card and the only ground or panel colour, as on nordheim_linecard_2025_PRINT.pdf. On Paper, the wordmark lockup, the look name, fabric composition, colourway value and prices are Ink; captions and field labels such as Wholesale and Retail are Cool Grey. Bone and Halftone Grey are for hairline dividers and small marks only, together no more than 5% of the designed, non-photographic area, and no divider runs directly above or below the look name.
Opacity: Every palette colour is used solid, at 100% opacity; no tint, transparency, gradient, shadow or blend mode; no scrim, gradient or overlay of any colour, black and white included, laid over a photograph.
Forbidden: No colour outside the five palette hexes for type, panels, rules or icons, and no sale, discount or shouted treatment: no price is set above 11 pt, emboldened, boxed, burst or picked out in a colour of its own.
Photography: Every photograph takes the one neutral greyscale treatment, with no colour cast, and is never tinted or duotoned toward Paper, Bone or any other palette colour. The figure and garment come from the supplied frame, with nothing painted in, generated or extended."
SB3-052-LAY,Harbor Crest Realty - Open-house card campaign,Layout & Data,Harbor Crest Realty,Your first move up.,Residential real estate brokerage listing family homes across a suburban county.,"Founded 2011, in Rosewood, Calderon County. A nine-agent brokerage listing around forty homes a season.","Harbor Crest Realty is a nine-person residential brokerage in Rosewood, listing suburban family homes for owners and guiding first move-up buyers through them. The firm runs a steady volume of listings a year and wants one repeatable kit that makes every listing look like it came from the same firm.","Move-up buyers aged 30 to 45 making their first step up from a starter home, scrolling listings on a phone. Also the sellers who list with the firm and the six agents who work open houses.","Homes centre on the mid-market, with 14 Marlowe Crescent at 625,000 dollars and a 2.5 percent listing side. Positioned as sophisticated but approachable, not luxury and not discount: warm, legible, honest, with real facts and real room sizes shown plainly.","warm, straightforward, local, trustworthy, approachable, practical","Harbor Navy #1F3A5F · mandatory. The price figures, the address headline and agent-name headings (as the name on harbor_crest_open_house_card.pdf), and the wordmark as on the sign and business card in harbor_crest_basis.png. May also set room facts and body text. Never a ground or panel.
Crest Slate #4A5A6A · mandatory where a contact or licence line is set. The contact line (which may carry the agent name, as in type step 04), the licence line and the office and detail lines, as on harbor_crest_open_house_card.pdf. May also set room facts and body text. Never a ground or panel.
Warm Sand #E8DFCF · one of the two ground colours; optional. A ground or band: the ground of the sign and business card in harbor_crest_basis.png, and the footer band behind the contact lines on harbor_crest_open_house_card.pdf. Never type or a rule.
Paper White #FBFAF7 · one of the two ground colours; optional. The card and page ground, as on harbor_crest_open_house_card.pdf. Never type or a rule.
Signal Copper #C07A3E · mandatory wherever the price appears. Rules only. The 2 pt rule that runs the full measure directly under the price is mandatory there, and the 2 pt full-measure rule appears only under the price. A thinner copper rule, such as the 0.75 pt rule under the name on harbor_crest_open_house_card.pdf, is optional. Never type, a ground, a panel or an icon.","Harbor Crest Realty leads with the number. Sanchez Bold sets the price at 54 pt on 58 pt, tracking minus 5 units, tabular lining figures in Harbor Navy, sitting on a 2 pt Signal Copper rule that spans the full measure, and that figure is always exactly three times the address. The address headline follows in the same face at 22 pt on 25 pt, tracking minus 3 units, sentence case and never capitals, with the agent name at 14 pt on 17 pt; online the address runs 40 px on 46 px. Source Sans 3 Regular takes over below: room facts at 9.5 pt on 13.5 pt, tracking 0, measure held to 65 characters, and the contact and licence line at 8.5 pt on 12 pt tracked plus 10 units in Crest Slate.",Every card carries the price as one oversized navy line of tabular lining figures resting directly on a 2 pt Signal Copper rule that spans the full measure.,"Plain, welcoming, benefit-led without hype. Speaks like a neighbour who knows the street. Example line: ""Four bedrooms, a garden that backs onto the ravine, and an open house this Sunday.""","Consistency across every listing, honesty in the photography, and collateral the brokerage can rebuild itself for the next home. The agent relationship is the product.","The firm is not rebranding. A current sign and business card are already in the field and are supplied as the basis, so the new kit must match what is out there rather than replace it. The open house card artwork is held by the printer as a press PDF; there is no central brand file beyond the sign and card reference.","Distribution: Grounds and panels are Paper White or Warm Sand only, as on harbor_crest_open_house_card.pdf (Paper White ground, Warm Sand footer band) and on the sign and business card in harbor_crest_basis.png (Warm Sand). Type sits on those grounds; type over a photograph sits on a solid Paper White or Warm Sand panel, never directly on photographic pixels. The price, the address headline, agent-name headings and the wordmark are Harbor Navy; the contact line, the licence line and the office and detail lines are Crest Slate, as on harbor_crest_open_house_card.pdf; room facts and other body text are Crest Slate or Harbor Navy. Paper White and Warm Sand are never type colours. Signal Copper appears only as rules and stays a thin accent: the 2 pt full-measure rule appears only under the price, a thinner rule, such as the 0.75 pt rule on the printer's card, is optional, and copper is never a ground, panel, type colour or icon.
Opacity: Every palette colour is used solid, at 100% opacity. No tint, transparency, gradient, shadow or blend mode is applied to any palette colour, and no scrim, gradient or overlay of any colour, black and white included, is laid over a photograph: type over a photograph sits on a solid Paper White or Warm Sand panel, never directly on the photograph.
Forbidden: No colour outside the five palette hexes for type, panels, rules, buttons or icons. Signal Copper prints flat #C07A3E as on harbor_crest_open_house_card.pdf; the sheen on the photographed business card in harbor_crest_basis.png is not reproduced, and no foil, metallic, gradient or shine effect is used, since nothing in the kit reads as luxury; no sale burst, starburst or price flash, since nothing reads as discount.
Photography: Photographs keep their own corrected colour and are never tinted, washed or duotoned toward the palette; agent portraits keep their own colour."
SB3-053-LAY,Verranza Coastal Retreats - In-villa seasonal collateral,Layout & Data,Verranza Coastal Retreats,"The whole house, the whole coast.",Boutique luxury vacation-rental collection managing whole-property villas on the southern French coast.,"Liguria, Italy; canonical context for the repeat-client series.","Verranza Coastal Retreats is the repeat client for this benchmark series. The canonical client context is Liguria, Italy, and this commission covers phase 2: booking collateral and in-villa season cards.","Guests aged 40 to 65 booking a whole villa for a birthday, an anniversary or a multi-generation gathering, plus the travel agencies and private clients who book on their behalf. They have stayed in the real houses and will recognise anything that is not true.","Villas run 1,800 to 4,200 dollars a night depending on season, positioned against boutique hotels rather than other rentals. The grammar is generous space and quiet architecture, with rates carried in a discreet table rather than announced, so the collection never reads as an aggregator listing.","quiet, warm, believable, generous, unhurried, assured","Verranza Stone #D8C9B4 · optional accent. One panel behind the season note, carrying Warm Charcoal type, as on verranza_season_card.pdf. Never the card ground, a type colour, a rule or the bar.
Deep Olive #4E5A43 · optional accent. Hairline rules only, such as the hairline along the top edge of the note panel on verranza_season_card.pdf. Never a ground, panel, type colour or the bar.
Coast Blue #6E8CA0 · mandatory. The one bar, 24 mm long and 3 pt deep, centred directly beneath the villa name on every card, and nothing else: never type, a panel, or any other rule or bar.
Warm Charcoal #33302B · mandatory. All type: villa name, season line, nightly rate, minimum stay and season note, on Linen or on the Verranza Stone panel, as on verranza_season_card.pdf. Never a ground or panel.
Linen #F3EEE4 · mandatory. The card ground and the only ground colour, as on verranza_season_card.pdf.","Verranza Coastal Retreats sets villa names in Aleo Light at 28 pt on 32 pt, all caps tracked plus 120 units, 46 px on 56 px online, with the Coast Blue bar, 24 mm long and 3 pt deep, centred directly beneath and beneath nothing else. The season line sits below in the same face at 16 pt on 19 pt tracked plus 40 units; the brief named no size for it, so it is pitched proportionate between the villa name and the body, and it never carries the bar. Freight Sans Pro Book sets amenity copy at 9.5 pt on 14 pt, tracking 0, measure held to 65 characters, and rate conditions at 7.5 pt on 11 pt tracked plus 10 units in Warm Charcoal. The rate ladder uses Freight Sans Pro Medium tabular figures at 9 pt on 13 pt, and no rate is ever larger than the villa name.","A Coast Blue bar exactly 24 mm long and 3 pt deep sits centred under the villa name and under nothing else, the one fixed measure in an otherwise airy page.","Calm, warm, understated. Describes what the house actually is at that hour, never oversells. Example line: ""Warm stone, a long terrace, and the pool in real afternoon light.""","Believable before impressive. One collection, not three holidays. Natural light, real shadow, honest water, and no fake high dynamic range or dyed pools.","The collection has a printed in-villa season card whose artwork is held by its printer as a press PDF, and a written owner note recording what the previous editor got wrong. There is no lost wordmark here; the constraint is photographic consistency across three villas shot on two trips by two people, with the second batch already worked on by an editor no longer used. The collection's one graphic mark is a small hand inked cove motif an artist drew for the founders, which survives only as a flatbed scan of the original inking and as the mark etched on Maison Aubine's door glass; it has never been redrawn or digitised, and the foil printer and the glass etcher need it as vector artwork. The contractual welcome provision left in every house exists only as a short still life set the manager shot on a villa's limestone counter.","Distribution: Linen is the card ground and the only ground colour. Verranza Stone may be used for one panel behind the season note and for nothing else. All type is Warm Charcoal, set on Linen or on the Verranza Stone panel, as on verranza_season_card.pdf. Coast Blue is only the one 24 mm by 3 pt bar centred under the villa name. Deep Olive is for hairline rules only. Deep Olive and Coast Blue together stay under 5% of the designed, non-photographic area.
Opacity: Every palette colour is used solid, at 100% opacity. No tint, transparency, gradient, shadow or blend mode is applied to any palette colour, and no scrim, gradient or overlay of any colour, black and white included, is laid over a photograph.
Forbidden: No colour outside the five palette hexes for type, panels, rules, buttons or icons. No Coast Blue anywhere but the bar under the villa name, and no type in Verranza Stone, Deep Olive, Coast Blue or Linen.
Photography: Photographs keep their own corrected colour and are never tinted, washed or duotoned toward the palette, and no pool water in any photograph is recoloured to Coast Blue or any other palette colour."
SB3-054-LAY,Nimbadesk - B2B sell-sheet system,Layout & Data,Nimbadesk,"Support desk, minus the drama.",B2B help desk software sold per seat to IT and operations leads at fifty to five hundred person firms.,"Founded 2024, Denver, Colorado, an eleven person team fourteen months into private beta.","Nimbadesk is help desk software for the internal IT and operations teams that keep mid sized companies running. We replace the tangle of shared inboxes and half configured legacy tools with one queue, clear ownership and reporting a director can actually read. We sell to the person who has to defend the line item, so everything we show is real: real screens, real numbers, real periods.","IT and operations leads aged thirty to fifty at fifty to five hundred person firms who sign annual contracts and route the invoice past a finance director. They evaluate carefully, compare tiers before reading copy, and distrust hype.","Per seat tiers at 29, 79 and 249 dollars, with enterprise annual near 18,000. Mid market: above the free consumer tools, well below the enterprise suites, priced to be defended rather than impulse bought.","confident, evidence led, restrained, credible, plainspoken","Nimbus Ink #16233A · mandatory. Headlines, body text and the product name on Paper or Mist, as the name and company lines on nimbadesk_badge_2026.pdf, and published figures unless they are set in Signal Blue; may also be a solid panel carrying Paper type, as the navigation rail in nimbadesk_ui_03.png carries the Nimbadesk name in white.
Signal Blue #2E6BE6 · mandatory. Accent bands, rules, buttons and published figures: the edge band and the rule under the company line on nimbadesk_badge_2026.pdf, a button fill with a Paper label, as the New ticket button in nimbadesk_ui_01.png, and a figure on Paper or Mist, as the KPI figures 1,245, 3.5 hrs, 982 and 4.7/5 on white cards in nimbadesk_ui_03.png. Never a ground, a headline or body text.
Slate #5B6B82 · mandatory where a footnote appears. Footnotes, which the type system sets in Slate, and secondary lines such as roles and captions, as the role line on nimbadesk_badge_2026.pdf; the mono measurement line may be Slate or Nimbus Ink. Never a ground, a panel, a figure or a headline.
Mist #EEF2F8 · optional. A secondary ground or panel, such as the backing behind a capture or a headshot, as the photo-well backing on nimbadesk_badge_2026.pdf. Never type.
Paper #FFFFFF · mandatory. The main ground, as on nimbadesk_badge_2026.pdf, and every line of type or button label set on Nimbus Ink or Signal Blue.
Verify Green #1FA971 · optional accent. Small status marks only, such as a tick, as Verify Green marks resolved tickets in nimbadesk_ui_10.png and the satisfaction trend in nimbadesk_ui_09.png. Never a ground, a panel, a figure, a headline or body text.","Nimbadesk builds the page around the figure. Zilla Slab Bold sets the published number at 64 pt on 68 pt, tracking minus 8 units, tabular figures, and its measurement window sits flush left directly beneath it in IBM Plex Mono Medium at 9 pt on 12 pt tracked plus 5 units, so a figure never stands alone. Sell sheet headlines take the same slab at 28 pt on 32 pt, tracking minus 5 units, and launch headlines run 72 px on 78 px. Inter Regular sets body at 10 pt on 14.5 pt, tracking 0, measure held to 65 characters, or 18 px on 28 px on screen, and footnotes at 7.5 pt on 11 pt in Slate.","Every published number is a heavy slab figure with its measurement period set in mono directly beneath it, flush left, so a figure never appears on its own.","Direct, specific, understated. Numbers carry the argument and every claim states its period. Example line the brand would write: ""Thirty one teams moved their queue to Nimbadesk this year. Here is what changed, and over what window.""","Evidence over theatre, and software a finance director would sign off without flinching.","No source files exist. The mark was generated by our first designer with an AI tool and delivered only as a flat picture, which is the single copy anywhere. There is no vector, no guideline document and no defined weight. Screenshots were captured ad hoc across the year at whatever scale the display was set to.","Distribution: Grounds are Paper, with Mist as a secondary ground or panel and Nimbus Ink as an optional solid panel. On Paper or Mist, headlines, body text and the product name are Nimbus Ink, as the name on nimbadesk_badge_2026.pdf; published figures are Nimbus Ink or Signal Blue, as nimbadesk_ui_03.png sets its KPI figures in Signal Blue on white cards; roles, captions and the mono measurement line are Nimbus Ink or Slate, as the role line on the badge; footnotes are Slate. On Nimbus Ink or Signal Blue, all type is Paper. Signal Blue is only for bands, rules, buttons and figures, and Verify Green only for small status marks; together they cover no more than 10% of the designed, non-photographic area (about 5% on the badge), neither is ever a ground or the colour of a headline or body text, and Verify Green is never a figure.
Opacity: Every palette colour is used solid, at 100% opacity, as every fill on nimbadesk_badge_2026.pdf is. No tint, transparency, gradient, shadow or blend mode is applied to any palette colour, and no scrim, gradient or overlay of any colour, black and white included, is laid over an interface capture or a photograph.
Forbidden: No colour outside the six palette hexes for type, panels, rules, buttons or icons: not the lighter sky blue of the gradient inside nimbadesk_logo_v4.png, and not the amber or red of the status badges inside the captures. The Nimbadesk mark keeps its own colours, and none of them is borrowed for the design.
Photography: Interface captures and booth headshots keep their own colour and content and are never recoloured toward the palette. The Verify Green, amber and red status colours inside the captures belong to the real screens: they are not counted against the palette and not changed. Faces keep the skin tones of their own frames, and the warm beige and pale grey office walls behind the headshots are not tinted toward Mist or Signal Blue."
SB3-055-LAY,Alderwood Scholars Fund - Multi-center appeal campaign,Layout & Data,Alderwood Scholars Fund,Twenty years of after school.,An education charity running five after school learning centres and a small scholarship fund across greater Providence.,"Founded 2006, greater Providence, Rhode Island, four staff, a volunteer board and five centres.","Alderwood Scholars Fund runs five after school learning centres and a scholarship fund for students across greater Providence. This winter marks our twentieth year. The year end appeal carries roughly half our giving, and it works because donors trust that the money reaches the students rather than the overhead. We show our numbers plainly, name where every dollar went, and let the work speak.","Mission motivated donors aged forty five to seventy who give because they believe in the work. Several read the overhead ratio before the narrative and reward organisations that look like they spend on students, not on production.","Average gift 45 dollars, major asks 5,000 to 50,000. Community scale and grassroots: careful and credible rather than glossy, every visible dollar of production reading as an in house afternoon rather than an agency retainer.","careful, plainspoken, trustworthy, warm, unshowy","Evergreen #1E4034 · mandatory. The main banner ground, as on alderwood_banner_2025_press.pdf; headings and the opening figure of every headline, set on Warm Stone or Cream; and the single ink of the crest master, as on eastgate_crest_sign.jpg.
Lamplight Gold #C8922E · mandatory for the donation line. The 34 px donation line and the tagline, set on Evergreen, plus hairline rules and the keyline beside a photograph, as the tagline, rule and photo keyline are on alderwood_banner_2025_press.pdf. Never a ground, panel, heading or body text.
Brick #9A4B34 · optional accent. The narrow edge bar of a text panel, as on alderwood_banner_2025_press.pdf, and other small accents. Never a ground, panel or type.
Warm Stone #EDE6D8 · optional light ground. The light text panel that carries the headline, the centre name and the centre details, as on alderwood_banner_2025_press.pdf. Cream may serve instead.
Ink #2A2723 · mandatory where body text sits on Warm Stone or Cream. Body copy, the address, hours and coordinator lines, captions and spend-table figures on Warm Stone or Cream, as the details are on alderwood_banner_2025_press.pdf. Never a ground or panel; its one tint is the 35% keyline around a Warm Stone panel.
Cream #FBF7EF · mandatory where type sits on Evergreen. Type reversed out of Evergreen, as the wordmark is on alderwood_banner_2025_press.pdf, and the recovered crest when it sits on Evergreen; also an optional light ground in place of Warm Stone.","Alderwood Scholars Fund opens every headline with a number. Arvo Bold sets banner headlines at 96 px on 104 px, tracking minus 10 units, with the opening figure at 140 px, two and a half times the cap height of the words beside it, baseline aligned and in Evergreen. Appeal headings follow in the same face at 32 px on 38 px, tracking minus 5 units, which is the 24 pt print heading carried onto the banner. Source Sans 3 Regular sets body at 28 px on 38 px, tracking 0, measure held to 65 characters, and captions at 20 px on 28 px tracked plus 15 units. The donation line sets 34 px in Lamplight Gold, the spend table uses 26 px tabular figures, and no dollar figure is ever italic.","Every headline opens with its figure set in Arvo Bold at two and a half times the cap height of the words beside it, baseline aligned in Evergreen, so the number lands before the sentence.","Plain, specific, quietly proud. It credits students and staff, states periods on every figure, and never begs. Example line the brand would write: ""Last year, ninety students finished the programme. Here is where your gift went, line by line.""","Money goes to students, and the books reconcile in public.","The crest was drawn by a trustee in 2006 and the artwork files are long gone. The only surviving version is the enamel crest on the front wall of the Eastgate centre, which we have as a single handheld photograph. There is no vector, no guideline sheet and no recorded palette or type.","Distribution: Grounds and panels are Evergreen, Warm Stone or Cream and nothing else; Lamplight Gold, Brick and Ink are never grounds or panels. On Evergreen, type is Cream, or Lamplight Gold for the donation line and the tagline, as the wordmark and tagline are on alderwood_banner_2025_press.pdf; Lamplight Gold type sits on Evergreen only. On Warm Stone or Cream, headings and the opening figure are Evergreen, and body copy, centre details, captions and table figures are Ink, as on that file. Because the opening figure is always Evergreen, a figure-led headline sits on Warm Stone or Cream. The recovered crest is Evergreen on a light ground, or reversed in Cream on Evergreen. Lamplight Gold (donation line, tagline, hairline rules, keylines) and Brick (panel edge bar) together cover no more than 5% of the designed, non-photographic area.
Opacity: Every palette colour is used solid, at 100% opacity, with one exception taken from alderwood_banner_2025_press.pdf: a hairline Ink keyline around a Warm Stone text panel at 35% opacity. No other tint, transparency, gradient, shadow or blend mode is applied to any palette colour, and no scrim, gradient or overlay of any colour, black and white included, is laid over a photograph: a text panel sits beside or over the photograph as a solid block.
Forbidden: No colour outside the six palette hexes for type, panels, rules, buttons, icons or the crest, and no metallic, foil, gloss, bevel, glow, drop shadow or 3D effect on any of them: production stays plain, careful and credible rather than glossy.
Photography: Photographs keep their own natural colour and are never tinted, duotoned or overlaid toward Evergreen, Lamplight Gold or any other palette colour; a cool fluorescent frame such as waterman_row_02.jpg is never pushed further toward green. Cropping to fit the banner and neutral colour correction are allowed; nothing is generated, extended, added or removed."
SB3-056-LAY,Lanternwood Folk Fest - Performer credential system,Layout & Data,Lanternwood Folk Fest,"Three stages, one field, after dark.","An independent three stage folk and roots music festival held on a farm outside Burlington, sixth edition.","outside Burlington, Vermont; canonical context for the repeat-client series.","Lanternwood Folk Fest is the repeat client for this benchmark series. The canonical client context is outside Burlington, Vermont, and this commission covers phase 1: performer passes and on-sale campaign.","A discovery led crowd aged eighteen to forty, scene literate rather than corporate, who buy on atmosphere and word of mouth and expect the field weekend to feel real rather than packaged.","Weekend general admission 145 dollars, VIP 320, roughly four thousand weekend tickets. Mid tier independent: energetic and coherent, a credible VIP tier without tipping into either luxury restraint or bargain flyer chaos.","energetic, warm, handmade, scene literate, unpretentious","Night Field #1B2A2E · mandatory. The solid ground of every credential, edge to edge, in the place of last year's dark ground on lanternwood_pass_2026.pdf. The only ground; never type.
Lantern Amber #E8A13A · optional accent. A full-width bar behind the role word, with the role word in Dusk Ink, in the place of last year's role bar on lanternwood_pass_2026.pdf; small labels such as Stages and Days on Night Field; and the lantern's three window panes in the festival mark, painted yellow on lanternwood_banner_mainstage.jpg. Never the ground or body text.
Ember Red #C24634 · mandatory. The 3 pt rule beneath the person's name and beneath any typeset festival name, as the type system requires; may also fill a full-width role bar with the role word in Bone. Never type, the ground or a panel.
Meadow #6E8B5B · optional accent. Hairline rules and dividers; may also fill a full-width role bar with the role word in Bone. Never type, the ground or a panel.
Bone #F2EAD9 · mandatory. All type set on Night Field (the name, act, role word, access areas, days on site and sponsor lines) except small labels, which may be Lantern Amber, in the place of last year's cream type on lanternwood_pass_2026.pdf; the role word on an Ember Red or Meadow role bar, reversed out as last year's was; and the festival mark reversed out of Night Field.
Dusk Ink #12181B · mandatory where type sits on Lantern Amber. The role word, or any other type, set on a Lantern Amber bar. Never type on Night Field, where it sits too close in value to read, and never the ground.","Lanternwood Folk Fest runs four steps. Step 01, display, is Syne Extra at 30 pt on 32 pt leading, force justified and tracked out to roughly +200 units so the single line touches both trim edges and sits on a 3 pt Ember Red rule, with the poster setting the same row at 240 px on 250 px; a performer name never wraps to a second line. Step 02, subheading, is Public Sans Regular at 13 pt on 16 pt with +40 tracking for roles, with access areas one step down at 10 pt on 14 pt. Step 03, body, is Public Sans Regular at 8.5 pt on 12 pt, tracking 0, flush left and ragged right to a maximum of 65 characters. Step 04, fine print, is Roboto Mono Regular at 9 pt on 12 pt with +30 tracking, used only for credential numbers and set times.","Every performer name and the festival name is force justified, tracked out until the single line touches both trim edges of the card, sitting on a 3 pt Ember Red rule.","Warm, direct, a bit of grit. It talks up the discovery stages as loudly as the headliners and keeps sponsor and billing lines exactly as agreed. Example line the brand would write: ""Gates at five. Three stages till late. Come early for the names you will be bragging about next year.""","Give the discovery acts the poster space, and keep the weekend feeling like a field rather than a brand.","Our designer left in 2024 and took the logo files. The mark now survives only as a photograph of the painted canvas banner that has hung over the main stage since 2022. There is no vector, no source file and no written type or colour spec. Last year's photography was shot by two volunteers on two cameras with no brief.","Distribution: Night Field is the only ground: every credential is solid Night Field from edge to edge. On Night Field, all type and the festival mark are Bone; small labels may be Lantern Amber, and the lantern's window panes in the mark may be Lantern Amber or knocked out to the Night Field ground. A full-width bar behind the role word may be Lantern Amber (role word in Dusk Ink), Ember Red or Meadow (role word in Bone), one colour per role. Otherwise Ember Red is only the 3 pt rule beneath each name line and Meadow only hairline rules and dividers. Lantern Amber, Ember Red and Meadow together cover no more than 10% of the credential's area and are never the ground.
Opacity: Every palette colour is used solid, at 100% opacity. No tint, transparency, gradient, shadow, glow or blend mode is applied to any palette colour, and no scrim, gradient or overlay of any colour, black and white included, is laid over a photograph.
Forbidden: No colour outside the six palette hexes for type, grounds, bars, panels, rules, icons or the festival mark; no metallic, foil or gradient finish on any of them; and no type in Dusk Ink on Night Field, or in any colour that sits close in value to the ground beneath it.
Photography: A credential carries no photograph unless that person's own headshot is supplied, and a supplied headshot keeps its own colour, never recoloured toward the palette. The festival mark is lifted from the painting on lanternwood_banner_mainstage.jpg as flat artwork in palette colours; the banner's canvas weave, stains, shading and charcoal-green paint are not carried onto the credential."
SB3-057-LAY,Umbra Loft - After Dark event campaign,Layout & Data,Umbra Loft,"Downstairs, after dark.",An independent two hundred and fifty capacity basement live music room programming a nine night autumn jazz and after dark series.,"Founded 2021, a basement room under a former textile mill in Providence, Rhode Island, a small independent team.","Umbra Loft is a two hundred and fifty capacity basement room under an old mill in Providence, programming jazz and after dark nights for a crowd that finds us through friends and phones at eleven at night. This autumn we are running nine nights as one series rather than nine separate shows. It has to look like one thing, and it has to look like the room it actually is: dark, close and made by hand.","A scene literate, discovery driven crowd aged twenty one to thirty five, reached almost entirely on a phone late at night, who read polish as inauthentic and reward work that plainly comes from the room.","Tickets 18 to 32 dollars, capacity 250. Independent basement scale: deliberately made and high contrast, credible at a headline ticket without ever reading as corporate or sponsored programming.","dark, high contrast, raw, atmospheric, handmade, underground","Pitch #0E0E10 · mandatory. The main ground of every poster, post and deck page, and always the solid ground under an act block (type rule: Bone White on Pitch), as on umbra_seasoncard_autumn.pdf. Never type.
Ash #2A2A2E · optional. A secondary solid panel only, such as the frame behind a photograph on umbra_seasoncard_autumn.pdf, or behind a table or chart in the deck. Never type and never the ground under an act block.
Sodium #E4863B · mandatory for every date line. The date line directly above each act block (type rule and step 02), as on umbra_seasoncard_autumn.pdf; it may also set the advance price and hairline rules, as that card does. Never a ground or a panel.
Cold Signal #3F7C8C · optional accent. Hairline rules, dividers and chart marks, or one of the two colours of a photograph's treatment. Never type, a ground or a panel.
Bone White #E9E4D8 · mandatory. Every act name (type rule: Bone White on Pitch), and every other line of type apart from the Sodium date line and advance price: titles, headings, support, door, set, body, billing, table and fine-print lines, as on umbra_seasoncard_autumn.pdf. Never a ground or a panel.
Blood #8E2B24 · optional accent. Hairline rules, dividers and chart marks, or one of the two colours of a photograph's treatment. Never type, a ground or a panel.","Umbra Loft runs four steps. Step 01, display, is Sora ExtraBold caps at 180 pt on 148 pt leading with -10 tracking, that leading being 0.82 of the size, and every act name is broken onto exactly two lines whatever its length so the block closes into one solid mass of caps, Bone White on Pitch; the post size is 150 px on 123 px by the same 0.82 rule. Step 02, subheading, is Sora ExtraBold caps at 46 pt on 50 pt with +20 tracking for the date line, set in Sodium directly above the act block. Step 03, body, is Archivo Narrow Regular at 11 pt on 15 pt, tracking 0, to a maximum of 65 characters, and billing and tables take the same setting. Step 04, fine print, is Archivo Narrow SemiBold caps at 9 pt on 13 pt with +30 tracking, reserved for the door line.","Every act name is set in Sora ExtraBold caps and broken onto exactly two lines whatever its length, with leading closed to 0.82 of the size so the two lines almost collide into one solid block.","Terse, atmospheric, unvarnished. It names the act, the night and the door and gets out of the way. Example line the brand would write: ""Doors 8. Downstairs. Two sets, one room, cash on the night.""","Everything comes from this room, on these nights, and it should never look like a bank's jazz sponsorship.","We build the look from our own archive, six photographs shot on six nights under six touring rigs, no two matching. Three headline acts sent their wordmarks only as photographs of tour shirts and a tote, which their managers say is all that survives. There is no defined palette, type or treatment yet, and last season's printed card exists only as the press PDF our printer returned.","Distribution: Grounds and panels are Pitch or Ash and nothing else; Pitch is the main ground and always the ground under an act block. Every act name is Bone White on Pitch with its date line directly above it in Sodium, as the type rules require. Every other line of type, titles, headings, support, door, set, body, billing, table and fine-print lines included, is Bone White; the advance price may be Sodium, as on umbra_seasoncard_autumn.pdf. Pitch and Ash are never type. Cold Signal and Blood are accents for hairline rules, dividers and chart marks only, together no more than 5% of the designed, non-photographic area, never type, a ground or a panel. Any palette colour may be one of the two colours of a photograph's treatment.
Opacity: Every palette colour is used solid, at 100% opacity, for type, grounds, panels, rules, chart marks and recovered act wordmarks: no tint, transparency, gradient, shadow, glow or blend mode, and no scrim, gradient or overlay of any colour, black and white included, laid over a photograph. The translucent type and rule of last season's umbra_seasoncard_autumn.pdf (printed at 86%, 78%, 70% and 55% opacity) are not carried over. The one place two palette colours mix is inside a photograph, in its two-colour treatment.
Forbidden: No colour outside the six palette hexes for type, grounds, panels, rules, chart marks, icons or recovered act wordmarks; a recovered act wordmark takes one solid palette colour. No sponsor logo or corporate partner mark, since the type rules forbid anything that reads as corporate or sponsored programming.
Photography: Every photograph carries the series two-colour and grain treatment: rendered in two palette colours with visible grain, never in full colour, and the nine night release posts share one pair so six different rigs read as one series. Photographs are used as shot, with nothing generated, extended, added or painted in."
SB3-058-LAY,Marisol Cove - Shoulder-season hospitality campaign,Layout & Data,Marisol Cove,The quiet side of the coast.,"A fourteen room boutique hotel on the bluff above a cove, selling nights and the dining room to couples and small groups.","Founded 2014, on the Mendocino coast of Northern California, run by two owners with nine staff.","Marisol Cove is a small clifftop hotel built around a path down to a private beach and a dining room people plan a trip for. There is no pool and no spa, and the point of the place is the light, the water and being left alone. The autumn and winter shoulder season is the first the owners are pushing properly.","Couples and small groups aged 30 to 55, experience led rather than amenity led, who book for the setting and the food and return in the quiet months.","Rooms run 340 to 620 dollars a night. Boutique premium, above a coastal inn and well below a resort or private estate. The rate is carried by the setting, not by facilities.","Serene, Understated, Warm, Coastal, Considered, Honest","Bluff Sand #E7DBC8 · mandatory as the ground of every offer card and brochure page and of any text panel. The solid ground of every offer card and brochure page, as on marisol_rate_card_press.pdf, and of any text panel on the key visual or booking story; also type set directly on a dark area of a photograph.
Cove Grey Blue #6E8894 · optional accent. The hairline rules beneath headlines and the tagline, and a decorative wave rule such as the one above the footer of marisol_rate_card_press.pdf. Never the wordmark's own wave rule, which takes the colour of its letters. Never type: that card's Cove Grey Blue rate lines break the rule that a rate is never coloured. Never a ground or panel.
Cypress #465448 · optional accent. Small labels only, such as a sleeps line, an INCLUDES label or the contact line, as on marisol_rate_card_press.pdf. Never a rate, headline, room name, ground or panel.
Warm Ink #2C2621 · mandatory on Bluff Sand for the wordmark and its wave rule, headlines, room names, body text, rates and captions. On Bluff Sand: the wordmark and its wave rule in one ink, as painted on marisol_sign_photo.jpg, and headlines, room names, body text, rates and captions, as the room name and Includes text are on marisol_rate_card_press.pdf. Never a ground or panel.
Dusk Clay #C39A82 · optional accent. Thin keylines only, as on marisol_rate_card_press.pdf. Never type, a ground or a panel.","Marisol Cove runs four steps. Step 01, display, is Urbanist Light small caps at 36 pt on 40 pt leading tracked to 240 units, with a single 0.4 pt hairline rule beneath trimmed to the exact width of that tracked line; the key visual sets the same row at 88 px on 96 px and the tagline at 34 px on 42 px, each with its own width matched hairline. Step 02, subheading, is Freight Sans Pro Medium at 16 pt on 22 pt with +60 tracking, used for room names only and never given the 240 tracking or the hairline. Step 03, body, is Freight Sans Pro Book at 10 pt on 16 pt with tracking 0 to a maximum of 65 characters, and the body is never tracked. Step 04, fine print, is Freight Sans Pro Book at 8 pt on 12 pt with +20 tracking for rates and captions, with figures left in Book weight.","The wordmark and every headline are Urbanist Light small caps tracked to 240 units, with a single 0.4 pt hairline rule cut to the exact width of the tracked line sitting beneath it.","Calm, plain and specific. It describes what is actually there and lets the reader picture it. Example line the brand would write: An hour before sunset the light comes off the water and the whole cove goes gold. That is when to walk down.","One place under one light. Every guest facing piece should read as the same specific cove, honest about a fourteen room hotel rather than dressed up as something grander.","The logo file was lost with the designer who drew it in 2019. The mark, a small caps wordmark over a hairline wave rule, survives only as the painted sign at the entrance, which the owners have photographed. Room photography is the owners' own phone frames plus licensed stock. No usable brand files remain beyond the sign photo.","Distribution: Grounds and panels are Bluff Sand and nothing else, as on marisol_rate_card_press.pdf. On Bluff Sand, the wordmark, headlines, room names, body text, rates and captions are Warm Ink, and a rate is never given a colour of its own. Cypress sets small labels only (a sleeps line, an INCLUDES label, the contact line). The wave rule beneath the wordmark takes the colour of its letters, as marisol_sign_photo.jpg paints both in one ink. Cove Grey Blue is for the hairline rules beneath headlines and the tagline and for a decorative wave rule such as the one above the footer of marisol_rate_card_press.pdf; Dusk Clay is for thin keylines. Type set directly on a photograph is Warm Ink or Bluff Sand. Cypress, Cove Grey Blue and Dusk Clay together cover no more than 5% of the designed, non-photographic area.
Opacity: Every palette colour is used solid, at 100% opacity; no tint, transparency, gradient, shadow or blend mode; no scrim, gradient or overlay of any colour, black and white included, laid over a photograph: a text panel sits over or beside the photograph as a solid Bluff Sand block.
Forbidden: No colour outside the five palette hexes for type, panels, rules, buttons or icons; no colour and no bold on a rate, which stays Warm Ink in the body's Book weight; no burst badge or savings callout, as the plain marisol_rate_card_press.pdf card has none.
Photography: Photographs keep their own corrected colour and are never recoloured toward the palette: no Bluff Sand, Cove Grey Blue or Dusk Clay wash over a frame, and the cove's water and sky are not pushed toward Cove Grey Blue. A colour that belongs to the room, such as a painted wall, stays that colour when a cast is corrected."
SB3-059-LAY,Lumen Quarterly - Autumn editorial issue,Layout & Data,Lumen Quarterly,An issue you keep.,"An independent arts and culture quarterly, published four times a year around one long photo essay and its writing.","Published by Lumen House Press, a two person imprint in Portland, Maine, founded 2016.","Lumen Quarterly is a print magazine about art, craft and the people who make things along the coast. Each issue turns on one photo essay and about two thousand words of reporting. Readers pay for it because it is good to hold and worth keeping on a shelf, not for news.",Design literate readers aged 30 to 55 who buy the object as much as the article and renew a subscription because the magazine is made with care.,"Eighteen dollars a single copy, sixty dollars a year. An independent object priced above a newsstand title and below an art book, sold on typographic craft rather than volume.","Literary, Tactile, Measured, Curious, Crafted, Unhurried","Uncoated Paper #F3EEE3 · mandatory. The ground of every page of the issue and of every plate card, as on lumen_spring_issue_press.pdf and lumen_platecard_template.pdf; the only solid ground.
Masthead Ink #1F3A3C · mandatory. The masthead, the essay headline, the byline and the pull-quote text in the issue, and the plate numeral and title on each card, as on lumen_spring_issue_press.pdf and lumen_platecard_template.pdf. Never a ground or panel.
Charcoal #26262A · mandatory. Body text, the standfirst and captions in the issue, and the caption sentence on each card, as on lumen_spring_issue_press.pdf and lumen_platecard_template.pdf; it may also carry an issue caption's credit line, set with its caption. Never a ground or panel.
Rule Grey #9C968B · mandatory for folios and hairline rules, and for the credit line and issue line on each plate card. Hairline rules and folios (lumen_style_guide.pdf: ""Rule Grey carries hairlines and folios.""), and the credit line and the issue line on each plate card, as on lumen_platecard_template.pdf. An issue caption's credit line may be Rule Grey or Charcoal, since lumen_spring_issue_press.pdf prints no credit lines. Never a ground, panel, body text or caption.
Signal Ochre #B4762E · mandatory as the standfirst tint band; otherwise an optional accent. The band behind the standfirst over lumen_autumn_essay_01.jpg, the essay's opening photograph, at 20% opacity, as on lumen_spring_issue_press.pdf; pull-quote marks in the issue; the hairline plate rule on each card, as on lumen_platecard_template.pdf. Never text other than pull-quote marks, a ground or a panel.","Lumen Quarterly runs four steps. Step 01, display, is the masthead: Epilogue Black caps at 64 pt on 68 pt leading, letterspaced to roughly +180 units so the word spans the exact measure of the text column, with QUARTERLY beneath in Epilogue Medium caps at a quarter of that cap height tracked to the identical width so both lines start and end flush, always flush left and never centred. Step 02, subheading, is the essay opener in Epilogue Black at 40 pt on 44 pt with -5 tracking, flush left and never letterspaced to the measure. Step 03, body, is Arnhem Blond at 10 pt on 15 pt with tracking 0, set to the house 62 character measure. Step 04, fine print, is Arnhem Blond at 8 pt on 12 pt with +15 tracking for captions and plate lines, with plate numerals left Roman.","The masthead is always two letterspaced lines locked to one width, LUMEN in Epilogue Black over QUARTERLY in Epilogue Medium at a quarter of the cap height, both starting and ending flush.","Considered, warm and exact, written like an essay rather than a pitch. Example line the brand would write: He has built the same hull the same way for forty years, and he still stops to look at the grain before the first cut.","Every issue should feel like the same magazine. Continuity of type, measure and picture treatment is the identity, and the reader should recognise Lumen before reading a word.","The house style guide was made by the magazine's first designer, who has left, and it is now a couple of issues out of date on type. The masthead artwork inside the guide is a flattened screenshot, so the only proper record of the wordmark is the printed cover, which has been scanned. The printer also returned last season's press file.","Distribution: Every ground is Uncoated Paper or a photograph; no palette colour fills a page, panel or card ground. Masthead Ink carries the masthead, headline, byline, pull quotes and each card's plate numeral and title; Charcoal carries body text, the standfirst and captions; Rule Grey carries hairlines and folios, and on the cards the credit line and issue line; an issue caption's credit line is Rule Grey or Charcoal; Signal Ochre carries only the standfirst band and pull-quote marks in the issue and the plate rule on the cards, as on lumen_spring_issue_press.pdf and lumen_platecard_template.pdf. Rule Grey and Signal Ochre together cover no more than 5% of the designed, non-photographic area, the standfirst band aside.
Opacity: Every palette colour is used solid, at 100% opacity, with no tint, transparency, gradient, shadow or blend mode, and no scrim, gradient or overlay of any colour, black and white included, is laid over a photograph. One exception, which lumen_spring_issue_press.pdf already prints: a band of Signal Ochre #B4762E at 20% opacity behind the standfirst. In autumn-issue.pdf it sits over lumen_autumn_essay_01.jpg, the essay's opening photograph. Nowhere else, and never on a plate card.
Forbidden: No colour outside the five palette hexes (#F3EEE3, #1F3A3C, #26262A, #9C968B and #B4762E) for type, rules, panels or icons; no brightened version of any ink (lumen_style_guide.pdf: ""Ink on uncoated; do not brighten.""); no tint or transparency other than the standfirst band.
Photography: Photographs keep their own corrected colour and are never recoloured toward a palette colour. lumen_style_guide.pdf: ""One light per feature"" and ""Warm, unhurried. No HDR look, no crushed blacks."" The blown window in lumen_autumn_essay_02.jpg stays as photographed and is never filled with Uncoated Paper, another palette colour or invented detail."
SB3-060-LAY,Aldervale Mutual - District insurance counter-card run,Layout & Data,Aldervale Mutual,Owned by the people we cover.,A policyholder owned mutual life insurer selling whole life and final expense through appointed producers.,central Vermont; canonical context for the repeat-client series.,"Aldervale Mutual is the repeat client for this benchmark series. The canonical client context is central Vermont, and this commission covers phase 1: producer sales and compliance kit.","Households aged 35 to 60 with modest savings, buying because they do not want to leave a burden. They trust plainness and distrust anything that reads like a sales pitch.","Premiums run 45 to 180 dollars a month, drop in comparison irrelevant. A regulated mutual at a modest, accessible band, deliberately not a private wealth manager and not a discount direct response mailer.","Sober, Trustworthy, Plain spoken, Institutional, Steady, Respectful","Ink Navy #1E2A3A · mandatory. The producer name and the Disclosure Text, as on countercard_2026_print.pdf, and any premium. Never a ground, panel or rule.
Slate #4A5560 · mandatory where the license line and office sit. The license line and the office, as on countercard_2026_print.pdf, and optionally any premium. Never a ground, panel or rule.
Document Paper #F4F2EC · mandatory. The card ground and the only ground or panel colour, as on countercard_2026_print.pdf. Never type or a rule.
Mist Grey #C7CBC8 · optional accent. Thin dividers or a keyline only. Never type, a ground, a panel or either of the two Heritage Green rules.
Heritage Green #3C6B54 · mandatory. The two 1 pt rules of the signature move, each the full card width: the one the producer name sits on and the identical one directly above the Disclosure Text. countercard_2026_print.pdf uses it for its two hairlines only. Never type, a panel, the ground or a premium.","Aldervale Mutual runs four steps. Step 01, display, is the producer name in Lexend SemiBold sentence case at 20 pt on 23 pt leading with -5 tracking, sitting directly on a 1 pt Heritage Green rule that runs the full card width. Step 02, subheading, is the district line in Lexend SemiBold at 11 pt on 14 pt with +20 tracking, immediately under that rule. Step 03, body, is Miller Text Roman at 9 pt on 13 pt with tracking 0 to a maximum of 65 characters, while premiums and all figures break out into IBM Plex Sans Regular at 10 pt on 13 pt as tabular lining figures aligned in a column, never italicised, emboldened or coloured. Step 04, fine print, is the disclosure in Miller Text Roman at 6.5 pt on 9 pt with +15 tracking, sitting directly beneath the second 1 pt Heritage Green rule so the card is bracketed top and bottom in green.","The producer name sits directly on a 1 pt Heritage Green rule that runs the full card width, and the same rule repeats above the disclosure, so every piece is bracketed top and bottom in green.","Sober, plain and reassuring, written the way a trusted advisor speaks across a table. No exclamation, no urgency. Example line the brand would write: A whole life policy is a promise that holds its value, and the premium you start with is the premium you keep.","Nothing may read as an advertisement, and everything must survive the kitchen table. Compliance and honesty come before flourish, and the material should feel as dependable as the carrier behind it.","The printer who built the counter cards has closed, so the only counter card artwork that survives is the flat press PDF that went to press. Producer headshots are self submitted from personal phones and vary widely. Compliance owns the disclosure language and updates it when a state changes its rules.","Distribution: Document Paper is the card ground and the only ground or panel colour, as on countercard_2026_print.pdf. All type is Ink Navy or Slate: the producer name and the Disclosure Text in Ink Navy and the license line and office in Slate, as on countercard_2026_print.pdf; any premium in either. Heritage Green is only the two 1 pt rules that bracket the card. Mist Grey is only for thin dividers or a keyline. Heritage Green and Mist Grey together cover no more than 5% of the designed, non-photographic area.
Opacity: Every palette colour is used solid, at 100% opacity. No tint, transparency, gradient, shadow or blend mode is applied to any palette colour, and no scrim, gradient or overlay of any colour, black and white included, is laid over a photograph.
Forbidden: No colour outside the five palette hexes for type, panels, rules, buttons or icons. No type in Heritage Green, Mist Grey or Document Paper, no premium picked out in any colour, bold or italic, and no burst or starburst callout in any colour, as compliance_note.txt rules out.
Photography: Photographs keep their own natural colour and skin tones and are never tinted, duotoned or recoloured toward the palette. Neutralising a phone's warm or cool cast is allowed; pushing a suit, a face or a wall toward Ink Navy, Slate, Heritage Green or Mist Grey is not."
SB3-061-LAY,Anvil and Oak - Gym opening member collateral,Layout & Data,Anvil and Oak,"Coached strength, nothing soft.",An independent strength and functional training studio selling coached memberships and drop in sessions.,"Providence, Rhode Island; canonical context for the repeat-client series.","Anvil and Oak is the repeat client for this benchmark series. The canonical client context is Providence, Rhode Island, and this commission covers phase 1: studio opening identity and member cards.","People aged 25 to 45 choosing coached strength work over a commodity gym, here to get strong, who value programming detail and competence over amenities.","Memberships run 110 to 185 dollars a month with a 28 dollar drop in. Roughly double a chain gym, priced on coaching. Confident and specific, neither a soft boutique wellness studio nor a discount chain.","Confident, Grounded, Unpretentious, Disciplined, Industrial, Direct","Anvil Black #14161A · mandatory. The dark ground of every card and spotlight, and the only ground a display stack or athlete name sits on (type rule: Bone reversed out of Anvil Black). It stands where meetcard_press.pdf uses its own near black #171310.
Iron #2C2F35 · optional. A second dark for panels, such as behind the lift figures or around a portrait, where meetcard_press.pdf uses its steel-olive panel #3A3C33. Bone body text, figures and labels may sit on it; display stacks and athlete names do not. Never a type colour.
Brass #B8863B · mandatory. The 2 pt rule locked tight under the last line of every display stack and athlete name, as meetcard_press.pdf rules its name in its own brass. Optionally the field labels, fine print or the one colour of the mark. Always flat; never a ground, panel, quote, body text or lift figure.
Ember #B5462E · optional accent. Dividers and small marks only, together no more than 5% of the designed, non-photographic area. Never type, a ground, a panel, the mark or the rule under a stack.
Bone #E9E3D9 · mandatory. Every display stack and athlete name, reversed out of Anvil Black, and the body copy, quotes and lift figures, where meetcard_press.pdf uses its cream #EDE6D6. Optionally the field labels, fine print or the one colour of the mark. Never a ground or panel.","Anvil and Oak runs a four step scale on two faces it already owns. Step 01, display and H1, is Right Grotesk Compact Black at 104 px on 112 px leading, Black weight, tracking -10 units, set as the justified cap stack, Bone out of Anvil Black, closed by a 2 pt Brass rule tight under the last line; 104 px is the screen and large format size, the card sizes below are in points. Step 02, subheading and H2, is the athlete name in Right Grotesk Compact Black at 34 pt on 37 pt, Black, tracking -8 units, taking the same justified stack and the same 2 pt Brass rule. Step 03, body, is Atlas Grotesk Regular at 9.5 pt on 13 pt, tracking 0, held to a maximum of 65 characters, with lift figures in Atlas Grotesk Medium tabular at 28 pt. Step 04, fine print, is Atlas Grotesk Regular field labels at 7.5 pt on 10 pt caps tracked 120 units, with the 28 pt tabular figure sitting directly beneath its label. The display face is never tracked positive.","Every name and headline is a justified stack of Right Grotesk Compact Black caps, all lines sized to the identical width so the type forms one solid rectangle, closed by a 2 pt Brass rule locked tight under the last line.","Direct, plain and sure of itself, the way a good coach cues a lift. No hype, no percentages shouted. Example line the brand would write: Show up, do the work, add weight. We handle the programming so you can focus on the bar.","One mark, everywhere, complete and on the dark ground. The identity is the recovered wall mark used consistently, and the studio should always read as coached strength at its true price.","There is no logo file. The mark, an anvil silhouette inside a ring of lettering with an oak sprig crossing the anvil's horn, exists only as the sign painter's hand painted work on the studio's brick wall, which the coaches have photographed. Athlete portraits were shot by the coaches over three evenings and are not consistent. The old printer's press file is all that survives of the athlete card.","Distribution: Grounds and panels are Anvil Black or Iron and nothing else; display stacks and athlete names sit on Anvil Black. Display stacks and athlete names are Bone, each closed by its 2 pt Brass rule. Body copy, quotes and lift figures are Bone. Field labels and fine print are Bone or Brass. The mark is one solid colour, Bone or Brass, on the dark ground. Ember is an optional accent for dividers and small marks only, no more than 5% of the designed, non-photographic area. No type sits on a light ground.
Opacity: Every palette colour is used solid, at 100% opacity. No tint, transparency, gradient, shadow or blend mode is applied to any palette colour, and no scrim, gradient or overlay of any colour, black and white included, is laid over a photograph: the 20% multiply tint of #3A3C33 and the dark gradient footer strip that meetcard_press.pdf lays over its photograph are not carried over.
Forbidden: No colour outside the five palette hexes for type, panels, rules, buttons, icons or the mark, including the near matches meetcard_press.pdf prints (#171310, #EDE6D6, #A87B3A and #3A3C33). Brass is the flat #B8863B, never a metallic, foil, gradient or shine effect. No dark type on a light ground, and no brick texture or wall colour carried into the mark.
Photography: Portraits keep their own corrected colour, graded to one shared white balance with no colour cast, and are never tinted, duotoned or washed toward Brass, Ember, Iron or the #3A3C33 photo-panel tint of meetcard_press.pdf to make them match."
SB3-062-LAY,Apexguard - Product label and dealer collateral system,Layout & Data,Apexguard Surface Systems,Protection you can measure.,"Paint protection film, window tint and ceramic coating supplied to dealer groups and to independent installers who buy film by the roll.","Charlotte, North Carolina; canonical context for the repeat-client series.","Apexguard Surface Systems is the repeat client for this benchmark series. The canonical client context is Charlotte, North Carolina, and this commission covers phase 2: dealer labels and channel collateral.","Dealer group principals and fixed operations managers aged 35 to 55 deciding whether to put us on their reconditioning line, and independent installer owners aged 28 to 50 who buy film by the roll and post their own work. Behind both sits a vehicle owner aged 30 to 55 protecting a sixty thousand dollar car.","Full PPF installs 1,800 to 6,000 dollars, tint packages 400 to 1,200 dollars, film by the roll to installers 900 to 4,200 dollars. Premium performance tier, well above discount tint shops and deliberately not tuner.","Precise, Confident, Restrained, Technical, Modern, Credible","Graphite Black #191C21 · mandatory. All type on Titanium White (SKU, tier name, roll size, performance labels and figures, warranty, price), as on rolllabel_2025_PRINT.pdf, and the one dark ground or panel colour, which carries Titanium White type and the reversed mark.
Titanium White #F3F4F5 · mandatory. The label stock and main ground, as on rolllabel_2025_PRINT.pdf, and all type reversed out of Graphite Black.
Steel Grey #6C7178 · optional secondary neutral. Small section heads on Titanium White only: the SURFACE SYSTEMS line and the PERFORMANCE and WARRANTY heads, which rolllabel_2025_PRINT.pdf draws as 72% and 65% tints of Graphite Black. Never a ground, panel, figure or main type.
Silver Line #B9BEC4 · optional secondary neutral. Table row rules and dividers on Titanium White, where rolllabel_2025_PRINT.pdf draws its row rules as a 16% tint of Graphite Black. Never type, a ground, a panel or a figure.
Guard Bronze #B08A54 · mandatory: at least one hairline rule on every label and on the brochure, as the one bronze rule of rolllabel_2025_PRINT.pdf. Hairline rules only, at least one on each label and in the brochure: the 0.5 pt hairline under the APEXGUARD wordmark wherever the wordmark is set as type, and any other accent rule. Never type, a ground, a panel or a fill.","Apexguard runs a four step scale on the two faces it already owns. Step 01, display and H1, is Excon Bold at 40 pt on 44 pt, Bold, tracking -10 units. Step 02, subheading and H2, is the SKU in Excon Bold at 30 pt on 33 pt, tracking 20 units, with tier names one rank down at 16 pt on 19 pt in the same face and tracking. Step 03, body, is Whitney Book at 9.5 pt on 13.5 pt, tracking 0, held to a maximum of 65 characters, with spec tables one rank down at 8 pt on 11 pt using tabular lining figures. Step 04, fine print, is Whitney Book warranty copy at 7 pt on 10 pt, tracking 15 units. The measured number carries through every step: against the 8 pt spec label the figure is Excon Bold at 24 pt, three times the label, with its unit on the same baseline at 8 pt, one third of the figure. The wordmark stands outside the scale as Excon Bold caps tracked 120 units over a 0.5 pt Guard Bronze hairline, and a figure is never italicised.","Every performance figure is set in Excon Bold at three times its label size with the unit locked to the same baseline at exactly one third of the figure, so value and unit read as a single measured object.","Plain, exact, performance led. States numbers and lets them carry. Example line the brand would write: Ten year warranty, self healing topcoat, 92 percent clarity retained. No exclamation points, no percentage flashes, no hype.","Performance stated honestly and warranted as written. One brand across every surface, from the top of a dealer deck to the end of a film box.","The rebrand mark was drafted for us by an earlier round and no working file survives. What we hold is a flat raster export of the drafted master mark and a phone photograph of the installer shop card that was printed from an earlier revision of it. The mark has to be recovered as real artwork before the rollout can carry it, and the three tier marks brought alongside so the family reads as one.","Distribution: Grounds and panels are Titanium White or Graphite Black and nothing else. On Titanium White, type is Graphite Black, as on rolllabel_2025_PRINT.pdf, with Steel Grey only for small section heads such as PERFORMANCE, WARRANTY and the SURFACE SYSTEMS line. On Graphite Black, type is Titanium White only. Silver Line is for table rules and dividers only. Guard Bronze is the one accent and is mandatory: at least one hairline rule on every label and on the brochure, as the one bronze rule of rolllabel_2025_PRINT.pdf, including the 0.5 pt hairline under a typeset wordmark; hairline rules only, never type, a ground or a panel, and under 5% of the designed, non-photographic area. The Apexguard mark keeps its one supplied ink, dark on light grounds and white on Graphite Black, and is not counted as type.
Opacity: Every palette colour is used solid, at 100% opacity. No tint, transparency, gradient, shadow or blend mode is applied to any palette colour, and no scrim, gradient or overlay of any colour, black and white included, is laid over a photograph. Where rolllabel_2025_PRINT.pdf draws heads at 72% and 65% and row rules at 16% of Graphite Black, use solid Steel Grey for the heads and solid Silver Line for the rules.
Forbidden: No chrome, bevel, foil, sheen or other metallic effect on any type, panel, rule or icon (Guard Bronze is a flat ink), no heavy gradient, starburst or percentage flash, and no colour outside the five palette hexes for type, panels, rules, buttons or icons. The Apexguard mark prints in one flat ink, as supplied, never two-tone, gradient or metallic: dark on light grounds, white on Graphite Black. That supplied mark ink is exempt from the hex list.
Photography: Photographs keep their own corrected colour and are never tinted, duotoned or desaturated toward Graphite Black, Steel Grey or Guard Bronze. The dark window tint in bay_frame_06.jpg still reads as tint, not plain grey glass, and the clear film edge in bay_frame_04.jpg stays clear and glossy, not a grey wash."
SB3-063-LAY,Kilnmore - Wholesale relaunch campaign,Layout & Data,Kilnmore,Made to be used.,A small matte glaze ceramics studio selling direct through its own online storefront and wholesale to independent home goods stockists.,"Portland, Maine; canonical context for the repeat-client series.","Kilnmore is the repeat client for this benchmark series. The canonical client context is Portland, Maine, and this commission covers phase 2: wholesale line sheets and storefront launch.","Direct buyers aged 28 to 50 who own two or three considered kitchen objects and are choosing between us and a comparable studio line, and independent home goods stockists whose buyers judge a range on whether the line sheet is legible and complete enough to order from.","Mugs 34 dollars, bowls 42 dollars, serving platter 96 dollars, four piece dinner set 180 dollars. Wholesale at roughly half of retail. Considered studio ceramics, not impulse marketplace and not gallery austerity.","Calm, Honest, Warm, Considered, Unfussy, Tactile","Bench Linen #EAE4D8 · mandatory. The ground of every page, tile and canvas and the only ground or panel colour, as on linesheet_2025_PRINT.pdf; the ground the wordmark always sits on. Never a type colour.
Kiln Ink #2B2723 · mandatory. The wordmark and its 0.5 pt rule, and all primary type: names, headings, body copy, specification values and retail prices, as on linesheet_2025_PRINT.pdf. Hairline rules may carry it at 16% or 35% (see opacity). Never a ground or panel.
Oatmeal #D8C8A9 · optional accent. Only as a small flat swatch naming the Oatmeal glaze, as the glaze swatch on linesheet_2025_PRINT.pdf. Never a ground, panel, rule or type colour.
Ash Grey #8C8B84 · optional secondary type colour. Specification labels, piece codes, small labels, wholesale prices and the footer line, as on linesheet_2025_PRINT.pdf, a hairline rule at 55% (see opacity), and a small swatch naming the Ash glaze. Never a ground, panel, heading, name or body copy.
Cobalt Slip #3A4E6B · optional accent. Only as a small flat swatch naming the Cobalt Slip glaze. Never a ground, panel, rule or type colour.","Kilnmore runs a four step scale on the three faces it already owns. Step 01, display and H1, is Panchang Medium at 72 px on 79 px, Medium, tracking -5 thousandths, used for the storefront banner headline only and never set beside the wordmark; the line sheet steps below are in points. Step 02, subheading and H2, is the range name in Panchang Medium caps at 18 pt on 21 pt, tracking 40 thousandths, a size invented because none was stated and set proportionate between the banner and the copy. Step 03, body, is Tiempos Text Regular at 11 pt on 16 pt, tracking 0, held to a maximum of 65 characters, with item names one rank down at 10 pt on 15 pt in the same face. Step 04, fine print, is Suisse Int'l Regular specs at 8 pt on 11 pt, tracking 15 thousandths, with tabular figures so wholesale prices align, and storefront dimension figures in the same face at 22 px. The wordmark stands outside all four steps at its held 11 pt, caps letterspaced 220 thousandths, Kiln Ink on Bench Linen over a 0.5 pt rule, and a wholesale price is never set in italic.","The wordmark is never enlarged: it is always 11 pt Panchang Medium caps letterspaced 220 thousandths of an em at the head of the page over a 0.5 pt rule, a small wide word with air inside it.","Plain and warm, the studio talking about its own work. Example line the brand would write: Thrown and glazed in small batches, made to be used every day. No sale language, no urgency, no exclamation points.","Honest materials shown plainly, and one line that reads as one line across every piece and every page.","The mark is a brush drawing inked years ago onto an unglazed clay tile, and the only version that exists is a photograph of that tile on the bench. There is no working file. The mark has to be recovered from the photograph as artwork the studio can use at any size before the relaunch can carry it. The written guideline survives, plus a phone snap of the shop counter kept as a warmth reference.","Distribution: Bench Linen is the only ground and panel colour, as on linesheet_2025_PRINT.pdf. On it, the wordmark and its 0.5 pt rule, names, headings, body copy, specification values and retail prices are Kiln Ink; specification labels, piece codes, small labels, wholesale prices and the footer line may be Ash Grey, as on the same sheet. Oatmeal and Cobalt Slip appear only as a small flat swatch naming that glaze; Ash Grey appears only as the secondary type colour listed above, a 55% hairline rule, or a swatch naming the Ash glaze; glaze swatches together cover no more than 5% of the designed, non-photographic area. Type set on a photograph sits on its pale linen backdrop in Kiln Ink.
Opacity: Every palette colour is used solid, at 100% opacity, with one exception taken from linesheet_2025_PRINT.pdf: hairline rules other than the rule under the wordmark, which stays solid Kiln Ink as that sheet prints it, may be Kiln Ink at 16% or 35% or Ash Grey at 55% on Bench Linen, as that sheet prints them, which render #CBC6BB, #A7A299 and #B6B3AA. No other tint, transparency, gradient, shadow or blend mode is applied to any palette colour or to type, and no scrim, gradient or overlay of any colour, black and white included, is laid over a photograph.
Forbidden: No colour outside the five palette hexes, or #CBC6BB, #A7A299 and #B6B3AA for the tinted hairline rules the opacity rule allows, for type, panels, rules, buttons, swatches or icons, bare clay included. No bright exclamation colour, price flash, badge or countdown (brand_notes.txt). No metallic, foil or gradient effect. Oatmeal and Cobalt Slip never set type, and no glaze colour is a ground or panel.
Photography: Photographs keep their own corrected colour and are never tinted, washed or duotoned toward the palette: no glaze is recoloured to the Oatmeal #D8C8A9, Ash Grey #8C8B84 or Cobalt Slip #3A4E6B hexes. Every capture is corrected to the even daylight of the overcast morning (range_capture_01.jpg, range_capture_02.jpg, range_capture_03.jpg, range_capture_04.jpg, range_capture_05.jpg, range_capture_06.jpg and range_capture_07.jpg), and oatmeal stays oatmeal, ash stays ash, cobalt slip stays cobalt and bare clay stays warm, as brand_notes.txt asks."
SB3-064-LAY,Northwind Advisory - Team page and recruitment collateral,Layout & Data,Northwind Advisory Partners,"Stewardship, first and last.","Boutique institutional wealth advisory serving endowments, foundations and around forty families.","Founded 2009, Boston, Massachusetts, eight advisers on one floor on Federal Street.","Northwind Advisory Partners advises endowments, foundations and around forty families on the long term stewardship of institutional and family capital. We are eight people on one floor, and most mandates we win begin with a trustee reading our team page and deciding whether we look like a firm they can place a hundred million dollars with. The brand exists to signal exactly that: a fiduciary, uniform, unshowy, credentialled, judged by a committee rather than an audience.","Endowment trustees, foundation investment committees and families with twenty million dollars and up. Readers aged 45 to 75, most of them reading printed pages and reviewing a credentials table before a mandate is placed.","Billed 350 to 600 dollars an hour. Boutique institutional tier: understated and fiduciary, deliberately not luxury editorial personal branding and not startup about us.","Sober, Uniform, Credible, Understated, Precise, Enduring","Federal Navy #1E2A3A · mandatory. Names, headings, body and contact lines on Paper White, as on adviser_card_2024_press.pdf (name, dial and email); the mark on light grounds, where the navy #1D2A3A of the supplied northwind_mark_transparent.svg counts as Federal Navy; and the one dark ground or panel, which carries only Paper White type.
Paper White #F5F3EE · mandatory. The main page ground, as on adviser_card_2024_press.pdf, and all type set on Federal Navy; the reversed mark on Federal Navy may be Paper White or keep the white #FFFFFF of the supplied northwind_mark_reversed.svg.
Slate Grey #5B646E · optional accent. Secondary type on Paper White only, such as the sector or practice line under a name, as on adviser_card_2024_press.pdf, and fine-print labels. Never a ground or panel.
Compass Brass #9C8452 · mandatory under every name. The 0.5 pt under rule beneath every adviser and firm name (the signature move), the designations line, and the mark in its brass colourway, as on adviser_card_2024_press.pdf. Flat ink only; never a ground, panel or body text.
Conference Grey #C9CBC9 · optional accent. Hairline rules and dividers, such as the row rules of the credentials table, and the flat ground behind a portrait cut out of its backdrop. Never type, and never a page ground or text panel.","Northwind runs a four step scale on the two faces it already owns. Step 01, display and H1, is the recruitment headline in Cabinet Grotesk Medium at 56 px on 62 px, Medium, tracking -10 thousandths, set in sentence case so it never reads as a name and never takes the brass rule. Step 02, subheading and H2, is the adviser name in Cabinet Grotesk Medium caps at 28 px on 32 px, tracking 60 thousandths, sitting above a 0.5 pt Compass Brass rule that runs exactly one third of the name's width, with designations following in Miller Text small caps at 62 percent, so CFA sets at roughly 17 px. Step 03, body, is Miller Text Roman at 10.5 pt on 15 pt, tracking 0, held to a maximum of 65 characters, with credentials one rank down at 9 pt on 12.5 pt using tabular figures. Step 04, fine print, is Miller Text Roman labels at 7.5 pt on 10.5 pt caps tracked 80 thousandths, a small echo of the tracking on the names. 56 px and 28 px are the web sizes, the body and credentials sizes are for the printed page. A designation such as CFA is never italicised and is reproduced exactly as the practice system holds it.","Every name carries a brass under rule: Cabinet Grotesk Medium caps tracked 60 thousandths sitting above a 0.5 pt Compass Brass rule that runs exactly one third of the name's width, with designations following in Miller Text small caps.","Measured, plain, institutional. Speaks of stewardship and process, never of performance promises. Example line the firm would write: We advise a small number of institutions and families on capital they intend to hold for generations. No superlatives, no exclamation points.","Fiduciary stewardship above all, and a uniform, sober face that reads as one firm rather than eight individuals.","The firm mark is a compass rose and wordmark. Two versions survive and neither is a working file: a flat raster export pulled off the old website, and a photograph of the letterpressed card the mark was originally cut for. The mark has to be recovered as placeable artwork with its counters intact before the rebuilt pages can carry it. A third rendering survives on a foil-blocked presentation folder that carries the compass rose alone at large scale, and the only standalone emblem the old web developer ever produced is a fuzzy favicon that blurs at any size, so the mark cannot ship as one lockup: it has to be rebuilt as a working family across formats, from letterhead down to the browser icon, with its counters holding at every reproduction size. Regulated credential designations must be reproduced exactly as the practice system holds them.","Distribution: Page grounds and text panels are Paper White or Federal Navy only; Conference Grey may be a ground only behind a cut-out portrait. On Paper White, names, headings, body and contact lines are Federal Navy, designations may be Compass Brass and secondary lines Slate Grey, as on adviser_card_2024_press.pdf. On Federal Navy, all type is Paper White. The mark is Federal Navy, the navy #1D2A3A of the supplied northwind_mark_transparent.svg, or Compass Brass on Paper White; and Paper White, the white #FFFFFF of the supplied northwind_mark_reversed.svg, or Compass Brass on Federal Navy. Compass Brass is limited to the name under rules, the designations and the mark, and never exceeds 5% of the designed, non-photographic area.
Opacity: Every palette colour is used solid, at 100% opacity. No tint, transparency, gradient, shadow or blend mode is applied to any palette colour, and no scrim, gradient or overlay of any colour, black and white included, is laid over a photograph.
Forbidden: No metallic, foil or shine effect on the mark, type, rules, panels, buttons or icons, in keeping with a brand that is understated and deliberately not luxury; and no colour outside the five palette hexes for type, panels, rules, buttons or icons. The mark alone may keep the navy #1D2A3A of the supplied northwind_mark_transparent.svg or the white #FFFFFF of the supplied northwind_mark_reversed.svg.
Photography: Photographs keep their own corrected colour and are never tinted, duotoned or recoloured toward Federal Navy, Compass Brass or any other palette colour. The eight portraits are corrected to one shared neutral balance rather than graded toward the palette."
SB3-065-LAY,[memorial subject] Memorial - Service print and remembrance set,Layout & Data,In Memory of [memorial subject],"Kept, not brightened.",A private heritage and memorial keepsake commissioned by a family for a service and to keep afterwards.,"Commissioned 2024 by the Fernwood family, Brattleboro, Vermont, for a service of around sixty people at the Congregational hall.","This is a family memorial keepsake for [memorial subject], who died at ninety four. It is a book, not a photo album: plates with captions, a contents page, and the granddaughter's eulogy laid out in the middle, alongside a framed page and a small card for mourners to take home. The visual voice is set by two things: the family's wish that nothing be brightened or invented, and the funeral home pieces made for Walter's late wife in 2019, which the new work should sit beside on the shelf.","The family and around sixty mourners aged 45 to 75, most of them reading printed pages rather than screens, many of whom remember the people in the photographs.","Heritage and memorial commission, 300 to 600 dollars. Neither a luxury commemorative volume with gilt and foil, nor a discount photo book with grids and script headings. What the money buys is restraint.","Quiet, Dignified, Restrained, Warm, Honest, Classical","Archive Cream #EFE9DC · mandatory. The ground of every piece: each keepsake card, the framed page, every page of the memory book and the share card, as on keepsake_card_2019_press.pdf and framed_page_2019_press.pdf. The only ground and panel colour. Never type.
Ink Brown #3A322A · mandatory. Names and dates: the guest name on each keepsake card, Walter Fernwood's name and years line and any date, as on keepsake_card_2019_press.pdf and framed_page_2019_press.pdf; may also carry headings, the eulogy, contents and captions. Never a ground or panel.
Slate Charcoal #4C4A46 · mandatory where a relationship line or verse appears. The relationship line on each keepsake card and any verse on the framed page, as on keepsake_card_2019_press.pdf and framed_page_2019_press.pdf; may also carry the eulogy, contents and captions. Never a ground or panel.
Mount Grey #9A948A · mandatory as the keyline round the photograph on every keepsake card and on the framed page. The fine keyline round the photograph at the head of each keepsake card and round the framed page's portrait, as on keepsake_card_2019_press.pdf and framed_page_2019_press.pdf; optional round plates in the memory book. Never type, a ground or a panel.
Muted Sage #7E8574 · mandatory as the point that joins Walter's two years. Only the small point between Walter Fernwood's two years in his name line, per the signature move. Never letters or figures, a ground, a panel, a keyline or a rule.","The Fernwood keepsake runs a four step scale on the two faces the book already uses. Step 01, display and H1, is the share card name line in Familjen Grotesk Light at 64 px on 70 px, Light, caps letterspaced 300 thousandths, centred on one line with the years joined by a small Muted Sage point and set at the foot of the card; inside the book the same line holds at caption scale, 9 pt on 13 pt. Step 02, subheading and H2, is the plate section head in Familjen Grotesk Light caps at 16 pt on 19 pt, tracking 120 thousandths, a size invented because none was stated and set proportionate above the eulogy and below the share card line. Step 03, body, is the eulogy in Adobe Caslon Pro Regular at 12 pt on 18 pt, tracking 0, held to a maximum of 65 characters, with contents entries in the same face at 10 pt on 15 pt. Step 04, fine print, is captions in Familjen Grotesk Light at 9 pt on 13 pt, tracking 30 thousandths, with folios in the same face at 8 pt on 11 pt. The name line is never promoted to a heading at any size, and no script face appears anywhere in the book.","Walter's name and his two years always sit alone at the foot of the page, centred on one line in Familjen Grotesk Light caps letterspaced 300 thousandths of an em, the years joined by a small Muted Sage point rather than a rule.","Plain, gentle, unsentimental. Lets the photographs and the family's own words carry. Example line the book would write: The company toured for eleven seasons, and this is his father's hand on the back of the card. No cheerfulness, no exclamation points.","Nothing invented and nothing brightened. Honesty to the photographs as they are, and a keepsake the family can keep editing until the day of the service.","There is no brand file. The look is inherited from the funeral home's two 2019 press files (a keepsake card and a framed page) that the family wants matched so the pieces sit together on the shelf, and from the family's own scans, eulogy and typed transcriptions. The funeral home's designer has retired and left only flat press files. Damage in the scans is to be shown honestly, handled by crop and placement rather than painted over.","Distribution: Archive Cream is the only ground and panel colour, and photographs sit on it inside their margins. All type sits on Archive Cream, never over a photograph, and is Ink Brown or Slate Charcoal, apart from the Muted Sage point between the years: guest names, Walter Fernwood's name and years line and any date in Ink Brown; relationship lines and verse in Slate Charcoal, as on keepsake_card_2019_press.pdf and framed_page_2019_press.pdf; the eulogy, contents, section heads, captions and folios take either. Mount Grey is for photograph keylines and Muted Sage for the point between the years, together no more than 5% of the designed, non-photographic area, never a ground.
Opacity: Every palette colour is used solid, at 100% opacity. No tint, transparency, gradient, shadow or blend mode is applied to any palette colour, and no scrim, gradient or overlay of any colour, black and white included, is laid over a photograph.
Forbidden: No gold, gilt, foil or other metallic effect on any type, keyline, rule, panel or icon (price positioning: ""Neither a luxury commemorative volume with gilt and foil""), and no colour outside the five palette hexes (#EFE9DC, #3A322A, #4C4A46, #9A948A and #7E8574) for type, keylines, rules, panels or icons.
Photography: Photographs keep their own corrected colour: a print's own cast may be corrected toward neutral, but no photograph is brightened, or tinted, toned or recoloured toward a palette colour."
SB3-066-LAY,Harborline Realty - Weekly listing sheet system,Layout & Data,Harborline Realty,"The mid coast, sold well.","Independent residential brokerage selling coastal Maine homes, from corner lot starters to waterfront point estates, to local and out of state buyers.","Founded 2009, harbour front office on the mid coast of Maine, eight agents under principal [record subject].","Harborline is a small owner run brokerage that lists the whole mid coast book, a three hundred and twenty thousand dollar starter one week and a waterfront estate the next. It runs on repeat referrals and reputation in town, and prints a fresh listing sheet for every active property each Monday. [record subject] built it to feel like the place it sells, not a national franchise.","Two buyers in one weekly run: estate buyers over fifty with liquid capital who read restraint as credibility, and first time buyers under thirty five who need price, bed count and open house time to land at a glance.","One brokerage spanning a 320 thousand dollar starter to a 4.5 million dollar point estate; the sheet has to flex between the two without either register looking wrong. Weekly production retainer, roughly 700 to 1,600 dollars a month.","grounded, trustworthy, coastal, understated, dependable","Cream (window mark) #F4ECDD · mandatory. The sheet ground, as on listingsheet_2025_press.pdf, and the only ground or panel colour. It is the cream the mark is painted in on the office window (officesign_photo.jpg); on the Cream sheet it is never a type or mark colour.
Deep Harbour Navy #12324A · mandatory. The headline, the description and the price, as on listingsheet_2025_press.pdf. It may also colour the mark. Never a ground or panel.
Weathered Rope Tan #B48A54 · optional accent. The mark only, as one of its three permitted colours. Never a rule or hairline, since the type system allows no rule but the price's, and never a ground, panel, label or line of record text.
Sea Slate #5C6E74 · mandatory. The address, the beds, baths and square feet strip, the agent line and the reference code, as on listingsheet_2025_press.pdf. It may also colour the mark. Never a ground, panel or rule.
Buoy Red #A6392E · mandatory. Only the 2 pt rule directly under the price, cut to the price figure's exact width, as the signature move sets it. Never type, the price itself, a ground, a panel, the mark or any other rule.","Harborline runs two faces and no more. Step 01 is the asking price in Bradford Regular at 46 pt on 50 pt, tracking -0.01 em, in tabular lining figures, dropping to 28 pt on 31 pt in the estate register; the 2 pt Buoy Red rule sits directly under it, cut to that figure's exact width. Step 02 is the listing headline in Bradford Regular at 24 pt on 27 pt, tracking -0.005 em, 61 px on screen. Step 03 is body in Söhne Buch at 10 pt on 14 pt, tracking 0, measure held to 65 characters. Step 04 is the agent line in Söhne Buch at 8.5 pt on 12 pt, tracking 0.02 em, with the spec strip one step above it at 9.5 pt on 13 pt. Nothing in the system is ever ruled except the price.","A 2 pt Buoy Red rule sits directly under the asking price, cut to that figure's exact width, and nothing else in the system is ever ruled.","Plain, grounded, mid coast. We describe the house, not ourselves, and never oversell. Example line the brand would write: 'Corner lot, three beds, a short walk to the harbour. Open Sunday, one to three.'","Honesty about price and condition, and one consistent office look across every listing no matter who shot the photograph.","The original logo artwork was lost years ago. The only surviving version of the mark, a rope ring around a lighthouse with the letters H and R, is the one painted in cream on the office window. There are no brand guidelines or type specimen; the retired printer's last press file is the sole reference for the listing sheet.","Distribution: Cream is the ground and the only ground or panel colour, as on listingsheet_2025_press.pdf. On Cream, the headline, description and price are Deep Harbour Navy, and the address, beds, baths and square feet strip, agent line and reference code are Sea Slate, as on listingsheet_2025_press.pdf. Buoy Red is only the 2 pt price rule. The mark is one solid colour: Deep Harbour Navy, Sea Slate or Weathered Rope Tan, and Weathered Rope Tan is used nowhere but the mark. Buoy Red and Weathered Rope Tan together cover no more than 5% of the designed, non-photographic area.
Opacity: Every palette colour is used solid, at 100% opacity. No tint, transparency, gradient, shadow or blend mode is applied to any palette colour, the mark is never a ghosted or transparent watermark, and no scrim, gradient or overlay of any colour, black and white included, is laid over a photograph.
Forbidden: No colour outside the five palette hexes for type, panels, rules, buttons, icons or the mark. No rule or hairline of any colour except the Buoy Red price rule. No red type, red price, red panel or red ground: principal_note.txt names a loud, red franchise storefront as what Harborline is not.
Photography: Photographs keep their own natural colour and are never tinted, duotoned or recoloured toward the palette. Correcting a frame's tone or cast is allowed; pushing a photograph toward Deep Harbour Navy, Sea Slate, Weathered Rope Tan, Cream or Buoy Red is not."
SB3-067-LAY,Cedarline Institute - Cohort credential system,Layout & Data,Cedarline Institute,Learning that holds up.,Independent continuing professional education institute running a community evening programme and an employer funded executive programme from two campus buildings.,"Founded 1978, two campus buildings in Vermont, cohort run by registrar Helen Abbott.","Cedarline teaches working adults across two very different registers: an accessible community evening course and a high cost executive programme bought by employers. Each autumn cohort finishes with a ceremony where every candidate leaves with a certificate in hand and a file in their inbox the same evening. The Institute trades on being trusted rather than flashy, and on the two credentials reading honestly for what they cost.","Community students in their twenties and thirties whose certificate is read by family at home, and executive candidates whose employer funded credential ends up framed in an office where their own clients see it.","Two credentials an order of magnitude apart: a 180 dollar community certificate and a 9,000 dollar employer funded executive credential. Neither can come off the press looking like the other. Cohort run posts around 600 to 1,500 dollars fixed.","credible, warm, measured, established, unpretentious","Cedar Green #33503C · mandatory. The institute line CEDARLINE INSTITUTE, as both press files set it; and a seal reproduced as flat artwork, alone or with Engraved Gold. Never a ground, panel or body text.
Warm Certificate Cream #F3EBD8 · mandatory. The ground of every credential, solid from edge to edge, as on adulted_2024_press.pdf and exec_diploma_2019_press.pdf. The only ground; never type.
Deep Ink #1E2620 · mandatory. The candidate name, credential title, award statement, any honours line, signatory names and signature lines, all on Warm Certificate Cream, as both press files set them. Never a ground or panel.
Engraved Gold #9A7B33 · mandatory. The 0.4 pt hairline beneath the institute line on every credential, as the type system requires; border rules, such as the double rule on exec_diploma_2019_press.pdf; and a seal reproduced as flat artwork. Never type, a ground or a panel.
Slate Grey #5A6066 · optional accent. Fine print only, such as the credential code or programme code, as the credential number is set on adulted_2024_press.pdf. Never the candidate name, the title, a rule or a ground.","Cedarline sets step 01, the candidate name, in Terza Light at 42 pt on 46 pt with tracking at 0 for the executive credential, 56 px on screen, and in Terza Medium at 30 pt on 34 pt, 40 px on screen, for the community certificate; it is the only element on the sheet above 24 pt and it is never letterspaced. Step 02 is the institute line, CEDARLINE INSTITUTE in Terza Medium small caps at 13 pt on 15 pt tracked 0.22 em, sitting on a 0.4 pt Engraved Gold hairline that runs the full measure. Step 03 is the award statement in Freight Text Pro Book at 11 pt on 16 pt, tracking 0, measure held to 65 characters. Step 04 is the credential code in Freight Text Pro Book at 8.5 pt on 12 pt, tracking 0.02 em, in oldstyle figures.","CEDARLINE INSTITUTE is always set in Terza Medium small caps tracked 0.22 em on a 0.4 pt Engraved Gold hairline running the full measure, with the candidate name the only element on the sheet above 24 pt.","Measured and earned, never boastful. We state what was completed and who signed it. Example line the brand would write: 'Completed the autumn programme in professional practice. Signed at Cedarline Institute, Vermont.'","Each credential must be honest about its price, and every candidate name spelled and accented correctly right up to the ceremony morning.","The seal die went to the printer that closed and cannot be recovered. The only surviving seal is the one blind embossed into an old certificate, plus a raking light photograph of that impression. Two dead press files remain, last year's community certificate and the 2019 executive diploma; there is no digital seal artwork.","Distribution: Warm Certificate Cream is the only ground, solid from edge to edge, as on both press files; no other colour is a ground, panel or block. On it, every line of type is Deep Ink, except the institute line CEDARLINE INSTITUTE in Cedar Green and fine print such as the credential code, which may be Slate Grey as on adulted_2024_press.pdf. Engraved Gold is for rules and borders: the 0.4 pt hairline under the institute line on every credential, and any border rule. A seal reproduced as flat artwork is solid Cedar Green, Engraved Gold or both. Cedar Green, Engraved Gold and Slate Grey together cover no more than 5% of the sheet.
Opacity: Every palette colour is used solid, at 100% opacity. No tint, transparency, gradient, shadow, glow or blend mode is applied to any palette colour, and no bevel, emboss effect or drop shadow is added to the seal. The one exception is the seal photograph: placed as adulted_2024_press.pdf places it, it may keep that file's Multiply blend so its cream stock sits into the cream ground.
Forbidden: No colour outside the five palette hexes for any type, rule, border, ornament or flat seal. Engraved Gold is a flat ink colour: no gradient, foil or metallic effect imitates gold, and no type is set in it.
Photography: Neither press file carries a photograph other than the seal. Where the seal is placed as a photograph, as on adulted_2024_press.pdf, it keeps its own colourless cream relief and is never tinted or recoloured toward Cedar Green, Engraved Gold or any other palette colour. Any other photograph keeps its own corrected colour and is never recoloured toward the palette."
SB3-068-LAY,Meridian Summit - Conference badge and wayfinding system,Layout & Data,Meridian Summit,"The people who run the grid, and the people who fund it.","Invitation only annual executive summit for regional transmission operators, infrastructure investors and utility policy staff, produced by Meridian Council.","Established 2016, produced from Providence, Rhode Island; one closed door summit a year, two days, eighteen seats.","Meridian Council runs a single invitation only summit each year for the small group that plans and pays for the electrical grid. It is deliberately intimate, closed door, and expensive, and everything a delegate touches at the venue is meant to feel like it cost what the seat cost. The summit works across three tracks, Operators who run the network, Capital who fund it, and Policy who regulate it.","Eighteen delegates aged forty to sixty five who run regional transmission networks, sit on infrastructure funds or write utility policy, and have been to two hundred conferences already. For half the room the title is the reason they are in it.","Twenty four hundred dollars a seat, eighteen seats, invitation only. The register must read heavy, quiet and photo forward; anything bright or colour blocked reads as a name sticker at this price. Comparable commissions run 1,600 to 3,200 dollars fixed.","authoritative, discreet, restrained, heavyweight, precise","Deep Ink Navy #1B2733 · mandatory. The solid ground of every badge's type panel, as on badge_2026_PRINT.pdf, and of every direction sign. The only colour a ground or panel carrying type may be.
Warm Stone #DED6C7 · mandatory where an organisation line sits or a portrait is cut out. The organisation line in small caps on Deep Ink Navy, as on badge_2026_PRINT.pdf, and the plain ground behind every cut-out portrait in a badge's portrait panel, the panel fill under the photograph in badge_2026_PRINT.pdf. May also carry the access category or a detail line. Never a ground for type.
Engraved Brass #A98544 · mandatory. The summit mark, in one flat colour, and every track label, held as spacing and brass in small caps, as on badge_2026_PRINT.pdf. May carry a sign's arrow or a small label. Never a ground, panel, block or band.
Graphite #3C4148 · optional accent. Hairline rules and dividers on Deep Ink Navy only, solid. Never type, a ground or a panel, and never the tinted check-in square badge_2026_PRINT.pdf draws with it.
Paper Off White #F5F2EC · mandatory. The delegate name on every badge, set on Deep Ink Navy as on badge_2026_PRINT.pdf, and each sign's destination line. May also carry the access category, a detail line or a sign's arrow. Type and arrows only; never a ground or panel.","Meridian splits the system down the middle: names are serif, numerals never are. Step 01 is the door card name in Tiempos Fine Regular at 60 pt on 62 pt, tracking -0.01 em, 96 px on the closing slides. Step 02 is the badge name in Tiempos Fine Regular at 22 pt on 24 pt, tracking -0.005 em, set exactly as registered. Step 03 is the detail line in Founders Grotesk Regular at 10 pt on 15 pt, tracking 0 and measure held to 65 characters, with every seat, room, time and year in Founders Grotesk Mono tabular at that size. Step 04 is the organisation in Founders Grotesk Regular small caps at 8.5 pt on 12 pt tracked 0.12 em, with the track label one step below at 7 pt on 10 pt at the same tracking, carried as spacing and brass rather than a block.","Names are serif and numerals never are: every seat, room, time and year is set in Founders Grotesk Mono tabular while every name is Tiempos Fine, with nothing set in between.","Spare and precise. We name who is in the room and why, and let the restraint do the talking. Example line the brand would write: 'Two days. Eighteen seats. A closed working session, not a stage.'","Names and organisations exactly as registered, nothing shortened or abbreviated, and restraint carried as the signal of credibility.","There is no working file for the badge; last year's was made by the venue's print bureau from artwork nobody kept. The only clean version of the summit mark that survives is the engraving on the brass lectern plate, photographed under the room's downlights. The registration board, the two session door cards and the closing slides do not exist yet.","Distribution: Grounds and panels are solid Deep Ink Navy and nothing else, except that Warm Stone is the plain ground behind every cut-out portrait in a badge's portrait panel, as the panel fill under the photograph in badge_2026_PRINT.pdf. On Deep Ink Navy, the delegate name and a sign's destination are Paper Off White; the organisation is Warm Stone; track labels and the summit mark are Engraved Brass; the access category and any detail line are Paper Off White or Warm Stone; an arrow is Paper Off White or Engraved Brass. Graphite is an optional accent for hairline rules and dividers only, no more than 5% of the designed, non-photographic area. No type sits on a light ground.
Opacity: Every palette colour is used solid, at 100% opacity. No tint, transparency, gradient, shadow or blend mode is applied to any palette colour, and no scrim, gradient or overlay of any colour, black and white included, is laid over a photograph. The check-in square badge_2026_PRINT.pdf draws in #3C4148 at about 35% tint over the navy (#27303A) is not carried over.
Forbidden: No colour outside the five palette hexes for type, panels, rules, icons, arrows or the mark, including the #27303A square and #333D47 border badge_2026_PRINT.pdf draws. Nothing bright and no colour block anywhere in the design, no block or band behind a track label, and no metallic, foil, gradient, reflection or shine effect on Engraved Brass or any other colour.
Photography: Portraits keep their own colour, balanced to the one neutral white balance the whole set shares, and each is cut out onto the plain Warm Stone ground; they are never tinted, duotoned or recoloured toward Deep Ink Navy, Engraved Brass or Warm Stone to make them match."
SB3-069-LAY,Halden and Roe - Marlow trade catalog,Layout & Data,Halden and Roe,Thrown and glazed in Vermont.,Small hand thrown stoneware house selling the Marlow range wholesale to independent homeware shops and interior stylists.,"Founded 2011, a small studio in Brattleboro, Vermont; everything thrown and glazed on site, sold through two reps.","Halden and Roe is a maker led stoneware house where every piece in the Marlow range is thrown and glazed by hand in the back room. It sells to buyers who order from a printed book rather than a website, one piece to a page, the way it always has. The glazes are the whole product, so the book has to let a reactive oatmeal, a gloss celadon and a matte slate tell themselves apart.","Independent homeware shop owners and interior stylists aged thirty to fifty five, who buy around forty lines a season across a dozen makers and can tell a thrown piece from a cast one across a room.","Trade 38 to 410 dollars a piece, retailing 100 to 900. The book must read airy and slow, the glaze given room to be the subject and the trade price stated plainly and once; any tight grid or shouted price collapses the margin the house runs on. Comparable work runs 2,000 to 4,000 dollars fixed.","tactile, quiet, honest, unhurried, crafted","Oatmeal Cream #E6DCC6 · optional ground. The page ground of the trade sheets and of the cover and contents, as the alternative to the book's own paper #EFE7D6 printed on catalog_page_2026_PRINT.pdf. Never type, a rule or the price.
Gloss Celadon #8FA499 · optional accent. Hairline rules and dividers only. Never type, a ground or a panel, and never a colour target for the Gloss Celadon glaze in a photograph.
Matte Slate #4A4E4C · optional secondary type colour. The glaze name and any caption or description line, as the caption under the piece name on catalog_page_2026_PRINT.pdf. Never a ground or panel, and never a colour target for the Matte Slate glaze in a photograph.
Kraft Tan #B79C74 · optional accent; the colour of any hairline rule between spec rows. Hairline rules between the spec rows, as on catalog_page_2026_PRINT.pdf, and dividers. Never type, a ground or a panel.
Studio Ink #24211C · mandatory. The piece name, the spec block and MRL code, and the trade price, as on catalog_page_2026_PRINT.pdf, and all other type, the contents included, unless a rule allows Matte Slate. Never a ground or panel.","Halden and Roe gives each page one piece and plenty of air. Step 01 is the product name in Ogg Text Regular at 22 pt on 26 pt, tracking -0.005 em, roman always. Step 02 is the glaze name in Ogg Text Italic at 14 pt on 17 pt, tracking 0, 29 px on screen, set directly beneath the product name and the only italic anywhere in the book. Step 03 is the description in Lyon Text Regular at 10 pt on 16 pt, tracking 0 and measure held to 65 characters, with the trade price stated once in Lyon Text Regular at 11 pt on 16 pt. Step 04 is the spec block and MRL code in Atlas Grotesk Regular at 8 pt on 12 pt, tracking 0.02 em.","The glaze name is the only italic in the whole book, set in Ogg Text Italic directly under the roman product name, so the glaze is the first word the eye finds.","Plain and material. We describe the glaze and the making, not the marketing. Example line the brand would write: 'Oatmeal breaks pale over the rim and pools brown in the throwing rings. Thrown and glazed in Brattleboro.'","The glaze is the product and must read true on the page, and the book stays airy with one piece to a page and space around it.","The printer laid out the trade book page three seasons ago and it is the only reference we have; nobody here can open or drive that file. The maker's stamp exists only impressed into the base of the pots, with no drawing of it anywhere, so a single photograph of a bowl foot is the only source for the footer mark.","Distribution: Grounds are warm paper and nothing else: the book's own paper #EFE7D6, as on catalog_page_2026_PRINT.pdf, or Oatmeal Cream #E6DCC6; never pure white, behind the footer stamp included, and no panel of another colour. All type is Studio Ink #24211C, as the piece name, spec block and price on catalog_page_2026_PRINT.pdf, except that the glaze name and any caption or description may be Matte Slate #4A4E4C, as that page's caption. Kraft Tan #B79C74 and Gloss Celadon #8FA499 are for hairline rules and dividers only, together no more than 5% of the designed, non-photographic area; the spec-row rules on catalog_page_2026_PRINT.pdf are Kraft Tan.
Opacity: Every palette colour is used solid, at 100% opacity. No tint, transparency, gradient, shadow or blend mode is applied to any palette colour, and no scrim, gradient or overlay of any colour, black and white included, is laid over a photograph.
Forbidden: No colour outside the five palette hexes (#E6DCC6, #8FA499, #4A4E4C, #B79C74 and #24211C) for type, rules, panels, icons or a drawn (not photographed) footer mark, the warm paper ground #EFE7D6 of catalog_page_2026_PRINT.pdf aside; no pure white ground; no box, star, burst or colour panel behind the trade price, which the type system states plainly and once and never shouts.
Photography: Photographs keep their own corrected colour and are never recoloured toward the palette. The glazes are not matched to the palette colours that share their names: a Gloss Celadon glaze stays green-grey, not pushed toward #8FA499 or blue, and a Matte Slate glaze stays matte, not flattened to #4A4E4C (glaze_note.txt: celadon ""must not be pushed blue""; slate ""must stay matte""). No part of a piece is generated or redrawn."
SB3-070-LAY,Aldervale Mutual - Personalized autumn renewal mailer,Layout & Data,Aldervale Mutual Assurance,Cover from people who know your town,"A regional mutual carrier writing home and farm cover, sold face to face through local producers across rural Vermont.",central Vermont; canonical context for the repeat-client series.,"Aldervale Mutual Assurance is the repeat client for this benchmark series. The canonical client context is central Vermont, and this commission covers phase 2: personalised renewal mailer.","Homeowners and farm owners aged forty to seventy in small Vermont towns, many insured here for decades, who value a known producer and a fair renewal over the lowest online quote.","Average home policy runs 1,100 to 1,900 dollars a year. Mid market and relationship led, not a discount carrier and not a private wealth boutique. Communications stay restrained: one photograph, generous margins, the offer stated once and quietly, the producer named larger than the offer.","Steady, Neighbourly, Plain spoken, Unhurried, Trustworthy","House Green #21473A · mandatory. The mark's shield ring and oak leaf, as on aldervale_producer_card.jpg and aldervale_renewal_card_2025.pdf; keylines and rules, such as the portrait frame on aldervale_renewal_card_2025.pdf; short labels such as that card's “Your renewal” line; any heading not set in Slate Ink; and any band or panel, which carries only Oat Paper type. Bands and panels together cover no more than 25% of the designed, non-photographic area.
Warm Grey #8B8378 · mandatory in the mark's wordmark, otherwise optional. The ALDERVALE MUTUAL wordmark, and small supporting lines at 10 pt or smaller, such as the regulatory line, as on aldervale_renewal_card_2025.pdf, where on each side every Warm Grey line is set smaller than every Slate Ink line. Never the salutation, address, producer name, body, offer, a heading, a panel or a ground. A due date set as a step 02 heading is Slate Ink or House Green, not Warm Grey.
Oat Paper #F3EDE1 · mandatory. The ground of every mailer and the ground the mark sits on, as on aldervale_renewal_card_2025.pdf, and any type reversed out of House Green.
Slate Ink #2A2926 · mandatory. The salutation, address, producer name, body and offer on Oat Paper, as on aldervale_renewal_card_2025.pdf, and any heading not set in House Green. Never a ground or panel.","Aldervale reads as correspondence, not marketing. Step 01 is the producer's name in Pitch Semibold at 26 pt on 29 pt, tracking -0.01 em, 34 px on screen, ending in a comma because it is the opening clause of a sentence. Step 02 is headings in Pitch Medium at 16 pt on 19 pt, tracking 0, sentence case. Step 03 is body in Chronicle Text G1 Roman at 11 pt on 16 pt, tracking 0 and measure held to 65 characters, 16 px on 24 px on screen, beginning in lower case where it picks the producer's name up, with the offer stated once at 12 pt on 16 pt. Step 04 is the address and policy line in Chronicle Text G1 Roman at 10 pt on 14 pt, tracking 0.015 em.","The producer's name is set in Pitch Semibold at 26 pt as the opening clause of a sentence that carries on into the body, so it always ends in a comma and the line beneath it begins in lower case.","Warm, direct and adult. We write to the household, never at the market, and we never oversell. Example line the brand would write: ""Your renewal is due in October, and your producer, will be glad to walk it through with you.""","Continuity and knowing the policyholder. Households should feel written to by a carrier that still knows them, and the mark is never placed over a photograph.","The original design files are gone: the designer retired and took her drive, so the last renewal card survives only as the printer's press PDF. The mark exists cleanly only where it was printed on a producer's business card. One 2019 style guide page (house green, warm grey, the two type families, clear space, and the rule that the mark never sits on a photograph) is all the written guidance that remains.","Distribution: Oat Paper is the ground and covers most of the designed, non-photographic area, as on aldervale_renewal_card_2025.pdf; House Green is the only other colour that may form a band or panel, and House Green bands and panels together cover no more than 25% of the designed, non-photographic area (aldervale_renewal_card_2025.pdf has none). On Oat Paper, the salutation, address, producer name, body and offer are Slate Ink, and headings are Slate Ink or House Green; House Green is also for the mark's shield ring and oak leaf, keylines, rules and short labels. Warm Grey is only for the mark's wordmark and small supporting lines at 10 pt or smaller, such as the regulatory line, as on the card, where on each side every Warm Grey line is smaller than every Slate Ink line; it is never the address, the producer name, a heading, the offer, a panel or a ground, and a due date set as a step 02 heading is Slate Ink or House Green. On House Green, all type is Oat Paper.
Opacity: Every palette colour is used solid, at 100% opacity. No tint, transparency, gradient, shadow or blend mode is applied to any palette colour, and no scrim, gradient or overlay of any colour, black and white included, is laid over a photograph: the portrait sits in its frame as a solid photograph, with no fade into the ground.
Forbidden: No colour outside the four palette hexes for type, panels, rules, keylines, buttons or icons. The mark is never recoloured: its shield ring and oak leaf stay House Green and its wordmark Warm Grey, as printed on aldervale_renewal_card_2025.pdf.
Photography: Portraits keep their own colour and are never tinted, duotoned or recoloured toward House Green or Oat Paper. In the four meeting-room frames, aldervale_producers/ada_fenwick.jpg, aldervale_producers/harlan_pease.jpg, aldervale_producers/merritt_dolan.jpg and aldervale_producers/roy_latimer.jpg, the pale collar is never repainted or recoloured to separate it from the cream wall behind it."
SB3-071-LAY,Lanternwood Folk Fest - Festival programme and wayfinding,Layout & Data,Lanternwood Folk Fest,Two days of roots on the farm,"A ticketed two day roots and Americana music festival, staged on a working farm and run by a volunteer committee.","outside Burlington, Vermont; canonical context for the repeat-client series.","Lanternwood Folk Fest is the repeat client for this benchmark series. The canonical client context is outside Burlington, Vermont, and this commission covers phase 2: keepsake programme and venue wayfinding.","A roots and Americana crowd broadly thirty to sixty, many of them returning regulars who keep the programme, willing to pay for something that feels made rather than mass produced.","Sixty five pounds a day. A considered keepsake register: photographs given real room, editorial type with a proper hierarchy, generous margins, one act to a page breathing rather than a dense fair handout, and never a near empty boutique arts brochure.","Warm, Homemade, Rooted, Unpretentious, Crafted","Lantern Amber #C6822E · mandatory in the programme; optional on the signs. Act names and section heads on Weathered Cream, as the act name on lanternwood_programme_2025_pages.pdf; rules, as on lanternwood_programme_2023_page.pdf; the lantern of the crest, amber on lanternwood_banner_photo.jpg and on both printed pages. Never a programme ground, panel or biography text. On a sign: its solid ground, with Barn Charcoal or Laurel Deep type and arrow; or its type and arrow on a Weathered Cream, Laurel Deep, Field Green or Barn Charcoal ground.
Field Green #3B5137 · optional. The stage, day and set time line on Weathered Cream, as on lanternwood_programme_2025_pages.pdf, and section heads; the laurel ring of the crest, green on lanternwood_banner_photo.jpg and on both printed pages. Never a programme ground, panel or biography text. On a sign: its solid ground, with Weathered Cream or Lantern Amber type and arrow; or its type and arrow on a Weathered Cream ground.
Weathered Cream #EFE6D2 · mandatory in the programme; optional on the signs. The solid ground of every programme page, as on both printed pages and the cream canvas of lanternwood_banner_photo.jpg. On a sign: its solid ground, with Lantern Amber, Laurel Deep, Field Green or Barn Charcoal type and arrow; or its type and arrow on a Laurel Deep, Field Green or Barn Charcoal ground.
Barn Charcoal #2C2823 · mandatory in the programme; optional on the signs. Biographies and running text on Weathered Cream, as on both printed pages; may set the stage, day and set time line, as on lanternwood_programme_2023_page.pdf. On a sign: its solid ground, with Weathered Cream or Lantern Amber type and arrow; or its type and arrow on a Weathered Cream or Lantern Amber ground.
Laurel Deep #1F3A2E · optional. Act names and section heads on Weathered Cream, as the act name on lanternwood_programme_2023_page.pdf; the crest's arched wordmark, as on both printed pages. Never biography text. On a sign: its solid ground, with Weathered Cream or Lantern Amber type and arrow; or its type and arrow on a Weathered Cream or Lantern Amber ground.","Lanternwood Folk Fest runs on Yeseva One Regular with Source Serif 4 Regular underneath it. Step 01, the act name, is Yeseva One Regular at 42 pt on 46 pt leading with tracking at 0. Step 02, the section head, is Yeseva One Regular at 18 pt on 21 pt, tracking 0. Step 03, the biography, is Source Serif 4 Regular at 10.5 pt on 15 pt, tracking 0, set to a maximum of 65 characters a line. Step 04, the set time, stays in Yeseva One Regular at 14 pt on 17 pt, tracking 0, which is exactly one third of the 42 pt act name and is the move that makes a stage board recognisable. Yeseva One is never letterspaced at any size. Beyond these four steps the same face sets the wayfinding destination at 120 pt with a 48 pt direction line, and screen listings at 64 px on 70 px.","Set times are set in Yeseva One rather than a sans, at exactly one third the act name size, so every stage board and every programme page shows a clock wearing the same flared serifs as the act above it.","Friendly, plain and a little handmade, the voice of a committee that runs the thing itself. Example line the brand would write: ""Grab a pint, find your stage, and we will see you down the front.""","The programme is the keepsake, and the crest is how regulars recognise the festival. Both should feel handmade but properly made, worthy of the wall they end up on.","No working files survive. The previous designer moved to Canada, leaving only two printed programme pages held by the printer (last year's and the year before) plus last year's printed cover. The crest has never existed as a file: it lives only as paint on the canvas banner over the main gate, photographed for reference. Fonts and colours must be inferred from the printed pages.","Distribution: Every ground and panel in the programme is solid Weathered Cream, as on both printed pages; photographs sit on it and no other colour forms a ground or panel. On Weathered Cream, biographies and running text are Barn Charcoal; act names and section heads are Lantern Amber or Laurel Deep (section heads may also be Field Green); stage, day and set time lines are Field Green or Barn Charcoal; rules are Lantern Amber. The crest keeps the amber lantern and green laurel ring painted on the gate banner, printed in Lantern Amber and Field Green on both printed pages. In the programme, Lantern Amber and Field Green are for type, rules and the crest only, never a ground or panel, together no more than 5% of a page's designed, non-photographic area. No supplied file shows a sign, so a wayfinding sign may take any one palette colour as its one solid ground, with type and arrow that contrast with it: on Weathered Cream, Lantern Amber, Laurel Deep, Field Green or Barn Charcoal; on Lantern Amber, Barn Charcoal or Laurel Deep; on Laurel Deep, Field Green or Barn Charcoal, Weathered Cream or Lantern Amber.
Opacity: Every palette colour is used solid, at 100% opacity, as every fill on both printed pages is. No tint, transparency, gradient, shadow or blend mode is applied to any palette colour, and no scrim, gradient or overlay of any colour, black and white included, is laid over a photograph: type sits on the solid Weathered Cream ground beside or below the photograph.
Forbidden: No colour outside the five palette hexes for type, grounds, panels, rules, arrows or icons, and no gradient, glow or metallic effect on any of them. Photographs and the crest reproduced from lanternwood_banner_photo.jpg are judged by their own checks.
Photography: Photographs keep their own corrected colour and are never recoloured toward the palette: no sepia, duotone, Weathered Cream wash or Lantern Amber tint is laid over a press photo to make it look like a keepsake, and the warm late-afternoon light of lanternwood_press_photo_04.jpg is not pushed further toward Lantern Amber."
SB3-072-LAY,Girdermark - Technical data-sheet and bin-label library,Layout & Data,Girdermark Components,"Flat, accurate, in stock","A B2B distributor of OEM elevator & electrical replacement components, sold to service technicians, maintenance supervisors and electrical contractors.","Cleveland, Ohio; canonical context for the repeat-client series.","Girdermark Components is the repeat client for this benchmark series. The canonical client context is Cleveland, Ohio, and this commission covers phase 2: data-sheet and bin-label library.",Working buyers aged thirty five to sixty who have specified this class of part for twenty years and judge a supplier by whether the picture and the numbers match.,"Parts from 400 to 9,000 dollars. A flat, even, technical register: one neutral photographic ground, the whole part in frame, generous spec setting, prices plain in the run of the page. Never bright consumer tool styling and never dark cinematic hero work. The bin label answers to a picker at arm's length, so it is bigger, blunter and carries less.","Precise, Technical, Dependable, No nonsense, Industrial","Girder Blue #1C3A5E · mandatory beneath every part number. Only the 2 pt rule locked directly beneath each part number at the part number's own measure, as the type system sets it and label_2026_PRESS.pdf prints it. Never type, a ground or a panel.
Signal Amber #D8A233 · optional accent. Neither press PDF uses it. At most a small marker or a short rule, no more than 5% of the designed, non-photographic area. Never type, a ground, a panel, or a flash or highlight on a price.
Steel Grey #6E747A · optional secondary. Spec field labels and small panel titles, hairline dividers, the footer rule, the keyline around the part photograph and the certification-strip keyline, as sheet_2026_PRESS.pdf prints them, and the picture keyline, as label_2026_PRESS.pdf prints it. Never a ground, panel, part number, spec value or price.
Warehouse White #F4F5F6 · mandatory. The only designed, non-photographic ground and panel colour of every data sheet and bin label, as sheet_2026_PRESS.pdf and label_2026_PRESS.pdf print it; the ground the house mark sits on. Never a type colour.
Ink Black #1A1C1E · mandatory. The house mark in one ink, the part number, description, spec values, ordering code, prices and footer line; on the sheet the two full-width header rules and the mark and ordering-panel keylines, as sheet_2026_PRESS.pdf prints them; on the label the mark keyline, as label_2026_PRESS.pdf prints it. Never a ground or panel.","Girdermark Components sets Saira Condensed Black over IBM Plex Sans Regular. Step 01, the part number, is Saira Condensed Black at 30 pt on 33 pt on the sheet and 36 pt on 40 pt on the bin label, optically tracked to fill the exact panel measure edge to edge with a 2 pt Girder Blue rule locked beneath at that same measure, and 96 px on screen. Step 02, the sheet header, is Saira Condensed Black at 18 pt on 20 pt tracked 0.02 em, a size supplied here because the prose names the role but no number. Step 03, the spec row, is IBM Plex Sans Regular at 9 pt on 12 pt, tracking 0, tabular figures on, a maximum of 65 characters a line, with prices in the same face at 14 pt sitting plain in the run of the page. Step 04, the revision and source line, is IBM Plex Sans Regular at 7 pt on 10 pt tracked 0.03 em, again a supplied size. Nothing is ever italicised.","The part number is optically tracked to fill the exact measure of its panel, edge to edge, with a 2 pt Girder Blue rule locked directly beneath it at that same measure.","Blunt, factual and useful. No marketing adjectives, no styling in the words. Example line the brand would write: ""Sixteen active parts this season. Specs, codes and prices are exactly as our system holds them.""","Accuracy above all: the picture and the spec must agree, values are never reworded to fit, and anything that will not fit is raised before it prints.","The division owns none of its own artwork. The spec sheet and the bin label exist only as the flat press PDFs the printer and the label house return. The house mark was lost in an office move and survives only in the printed sheet header and cast into an aluminium nameplate riveted to an old traction machine in the back, photographed for reference. Part photography was shot in house on the bench over several months and does not match.","Distribution: Warehouse White is the only designed, non-photographic ground and panel colour on every sheet and label, as on sheet_2026_PRESS.pdf and label_2026_PRESS.pdf. On it, the house mark, part number, description, spec values, ordering code, prices and footer line are Ink Black; spec field labels and small panel titles may be Steel Grey, as on sheet_2026_PRESS.pdf. On the sheet the two full-width header rules and the mark and ordering-panel keylines are Ink Black; hairline dividers, the footer rule, the photograph keyline and the certification-strip keyline are Steel Grey, as on sheet_2026_PRESS.pdf. On the label the mark keyline is Ink Black and the picture keyline Steel Grey, as on label_2026_PRESS.pdf. The 2 pt rule beneath every part number is Girder Blue. Signal Amber is an optional small accent, no more than 5% of the designed, non-photographic area, and never type, a ground or a panel.
Opacity: Every palette colour is used solid, at 100% opacity, as both press PDFs print them. No tint, transparency, gradient, shadow or blend mode is applied to any palette colour, and no scrim, gradient or overlay of any colour, black and white included, is laid over a photograph.
Forbidden: No colour outside the five palette hexes for type, panels, rules, keylines, markers or icons. No dark ground or panel, since the brand never does dark cinematic hero work; no badge, burst, colour flash or highlight panel on a price, since it never does bright consumer tool styling; no gradient, glow, gloss or metallic effect. Girder Blue and Signal Amber never set type.
Photography: Photographs keep each part's own true colour and finish and are never tinted or duotoned toward the palette. Every part sits whole in frame on one neutral photographic ground, the same on every sheet and label."
SB3-073-LAY,SEVE Botanicals - Cosmetic launch label system,Layout & Data,SEVE Botanicals,"Clean beauty, honestly made",An independent clean beauty house running a prestige apothecary skincare line at counter and a mass everyday colour line on peg.,"A small independent clean beauty house in Portland, Oregon, launching nineteen SKUs across two lines this autumn.","SEVE Botanicals makes clean, plant led beauty under one house across two very different shelves. Seve Atelier is the apothecary line, sold over a counter, where restraint and an honest ingredient line are the proof of quality. Seve Everyday is the drugstore line on a peg, where a shade has to win in four seconds. Same mark, same values, two registers.","Two buyers under one house: a thirty to fifty five year old counter customer paying for restraint and reading the ingredient list as proof, and a sixteen to thirty five year old drugstore shopper scanning a peg for a shade at arm's length.","Two load bearing tiers. Seve Atelier runs 48 to 85 dollars: quiet, generous negative space, one considered accent, the mark small and confident, the swatch a single honest chip. Seve Everyday runs 6 to 14 dollars: claim forward and shade forward, the shade name and swatch winning at arm's length, the mark holding while small and busy. The same treatment cannot serve both.","Clean, Modern, Botanical, Considered, Honest","Deep Botanical #22352B · mandatory. The label ground, solid from edge to edge, that carries the Warm Gold wordmark, the bottle photograph and the swatch chip, as on serum_label_PRESS.pdf; and the shade name set on Bone Card. Never body text.
Soft Sage #A9B79E · optional accent. Hairline rules only, such as the rule under the wordmark and the divider above the net contents on serum_label_PRESS.pdf. Never type, a ground or a panel.
Warm Gold #C2A15A · mandatory for the wordmark. The wordmark, flat on Deep Botanical as on serum_label_PRESS.pdf (the carton wordmark has no dark version), and the hairline borders of the packshot well and swatch chip. Never a ground, panel, shade name or body text.
Bone Card #F6F1E7 · mandatory. The text panel that carries the shade name, ingredient line, net contents, batch line and claim, as on serum_label_PRESS.pdf; and any type other than the wordmark set on Deep Botanical.
Charcoal Ink #23211E · mandatory where the ingredient line sits on Bone Card. Every line of type on Bone Card other than the shade name, the ingredient line, net contents, batch line and claim included, as serum_label_PRESS.pdf sets its ingredient paragraph and net weight. Never a ground or panel.","SEVE Botanicals sets Rozha One Regular against Inter. Step 01, the wordmark, is Rozha One Regular at 11 pt over 7 pt on 10 pt leading, the upper line tracked 0.42 em and the lower at 0, always stacked on two lines so the mark reads as a small square block of high contrast capitals. Step 02, the shade name, is Rozha One Regular at 15 pt on 17 pt for Atelier and 22 pt on 24 pt for Everyday, tracking 0 and 0.01 em respectively, with ecommerce at 40 px on 44 px. Step 03, the claim, is Inter Semibold at 9 pt on 13 pt, tracking 0, a maximum of 65 characters a line. Step 04, the ingredient line, is Inter Regular at 5 pt on 6.5 pt tracked 0.02 em and is compliance copy, set exactly as written. The wordmark is never set on one line.","The wordmark always stacks on two lines, SEVE above BOTANICALS, the upper line tracked to 0.42 em so both lines lock to one identical width and the mark reads as a small square block of high contrast capitals.","Calm, botanical and precise, never gushing. Compliance copy stays exactly as written. Example line the brand would write: ""One house, two shelves, every shade drawn from the real product.""","Honesty on the shelf: the swatch is the real shade, the ingredient line is exactly as compliance wrote it, and each tier must look right at its own price while staying recognisably one house.","The wordmark was drawn years ago by a designer the house has lost touch with and survives only foil blocked on an old carton, with no dark version at all. The only layout owned is last season's serum label as the flat press PDF the label printer returned. Photography is minimal: one physical sample bottle shot on a phone on kitchen marble, plus nineteen shade drawdowns done on card by the window the same afternoon.","Distribution: Grounds and panels are Deep Botanical or Bone Card and nothing else: Deep Botanical is the label ground and Bone Card the text panel, as on serum_label_PRESS.pdf. On Deep Botanical, the wordmark is Warm Gold and any other type is Bone Card. On Bone Card, the shade name is Deep Botanical and every other line of type, the ingredient line, net contents, batch line and claim included, is Charcoal Ink. Warm Gold is the wordmark and the hairline borders of the packshot well and swatch chip; Soft Sage is hairline rules only. Together the two cover no more than 5% of the designed, non-photographic area, and neither is ever a ground, panel, shade name or body text.
Opacity: Every palette colour is used solid, at 100% opacity. No tint, transparency, gradient, shadow or blend mode is applied to any palette colour, and no scrim, gradient or overlay of any colour, black and white included, is laid over the bottle photograph or the swatch chip.
Forbidden: No colour outside the five palette hexes for any type, ground, panel, rule, border or icon, including the grey #4B4A44 batch line and the #1B2B23 well fill left on serum_label_PRESS.pdf. Warm Gold is a flat ink: no foil, metallic, gradient or shine effect imitates the gold foil of carton_foil.jpg on any type, rule or border.
Photography: The bottle photograph and the swatch chips keep their own colour and are never recoloured toward the palette. The polished gold collar in sample_packshot_06.jpg is photography, not design, so the no-foil rule does not reach it; each swatch chip carries its own drawdown card's shade, never tinted toward a palette colour."
SB3-074-LAY,Rivermeadow Trust - Year-end donor acknowledgement system,Layout & Data,Rivermeadow Trust,"Land held in common, kept for good","A small accredited land trust that holds conservation easements and stewards preserves in one Connecticut valley, funded by a few hundred local giving households.","Founded 1994, based in the Sedgewater valley, Litchfield County, Connecticut. Four staff, roughly nine hundred acres under easement, a few hundred giving households.","Rivermeadow protects the meadows, hollows and river bends of one valley by holding easements and caring for a handful of small preserves. Many of our donors granted the land we now steward, so the relationship is personal and long. We exist so the fields stay fields for the people who walk them.","Local giving households aged 45 to 78, land literate, many of them easement grantors who know the fields by name. Gifts run from 25 dollars to 25,000, a broad community base plus a small leadership circle that carries most of the campaign.","A community land trust, not a national charity. Two registers live in one base: a warm community of small and mid gifts, and a leadership circle giving four and five figures. Every dollar should read as spent on the land, not on ourselves.","rooted, warm, quietly serious, neighbourly, unhurried, trustworthy","River Slate #2E4A45 · mandatory. The trust mark recovered from the Fenn Hollow plaque, the letterhead wordmark, the header rule and the signatory's name: wordmark, rule and signatory as on rivermeadow_letter_community.pdf and rivermeadow_letter_leadership.pdf, wordmark and rule as on rivermeadow_receipt.pdf. It may also set the donor household name. Never a ground or panel.
Meadow Green #6E7F4E · optional accent. The tagline, small labels such as NAME & ADDRESS and GIFT SUMMARY on rivermeadow_receipt.pdf, and the river of the trust mark. Never a ground, panel, letter text or receipt text.
Heron Grey #8C9AA3 · optional accent. Hairline keylines around a photograph, as on rivermeadow_letter_leadership.pdf and rivermeadow_receipt.pdf. Never a ground, panel or type colour.
Bronze Patina #7A6A3F · mandatory wherever a giving level name appears, so on every letter. Giving level names only, set in Chivo Bold capitals as the type system requires. Never a ground, panel, rule, body text or the mark.
Cream Stock #F3EEE2 · mandatory on every letter. The ground of every letter, as on rivermeadow_letter_community.pdf and rivermeadow_letter_leadership.pdf. A receipt may use it or the unprinted white of rivermeadow_receipt.pdf. Never a type colour.
Field Ink #2A2622 · mandatory. The salutation, the letter paragraphs and amounts, as on rivermeadow_letter_community.pdf and rivermeadow_letter_leadership.pdf; the address, the gift summary lines and the statutory wording, as on rivermeadow_receipt.pdf; and the address and gift count on a letter. It may also set the donor household name. Never a ground or panel.","Rivermeadow Trust sets Chivo against Adobe Caslon Pro. Step 01, the donor household name, is Chivo Light at 30 pt on 33 pt with 0.01 em negative tracking, standing alone above the salutation as the largest thing on the sheet. Step 02, the giving level name, is Chivo Bold capitals at 11 pt on 13 pt tracked 0.18 em in Bronze Patina. Step 03, the letter, is Adobe Caslon Pro Regular at 11 pt on 15.5 pt, tracking 0, a maximum of 65 characters a line, and 18 px on 28 px on the web. Step 04, the statutory receipt wording, is Adobe Caslon Pro Regular at 8.5 pt on 12 pt tracked 0.02 em, a size supplied here because the prose gives none, with receipt amounts holding at 12 pt with tabular figures. Letter headings set Adobe Caslon Pro Semibold at 16 pt on 19 pt, and nothing on the sheet, heading, amount or giving level, is ever allowed to outsize the donor name.","The donor household's name is the largest thing on the sheet, Chivo Light at 30 pt, standing alone above the salutation and never outsized by a heading, an amount or a giving level.","Plain, grateful and specific, the voice of a neighbour rather than an institution. It names the field, not the fund. Example: We kept forty more acres in hay this year because you asked us to.","Permanence of the land, and a personal duty of thanks to every household that gives, whatever the size of the gift.","The original logo files left with our first designer and are gone. The mark now survives only on the cast bronze donor plaque at the Fenn Hollow trailhead, of which we hold one photograph. Approved letter copy, giving level names and thresholds, and the statutory receipt wording still exist as plain text.","Distribution: Every letter sits on a Cream Stock ground; a receipt sits on Cream Stock or the unprinted white of the paper, as on rivermeadow_receipt.pdf. No colour forms any other ground, panel or band. Field Ink sets the salutation, letter paragraphs, amounts, addresses, gift counts, gift summary lines and statutory wording. River Slate sets the trust mark, letterhead wordmark, header rule and signatory's name. The donor household name is Field Ink or River Slate. Bronze Patina sets giving level names and nothing else. Meadow Green (tagline, small labels, the river of the trust mark) and Heron Grey (keylines around photographs) together cover no more than 5% of the designed, non-photographic area.
Opacity: Every palette colour is used solid, at 100% opacity. No tint, transparency, gradient, shadow or blend mode is applied to any palette colour, and no scrim, gradient or overlay of any colour, black and white included, is laid over a photograph: a photograph sits in its frame with no fade into the ground.
Forbidden: No colour outside the six palette hexes for type, rules, keylines, panels or the mark. No metallic, foil, gloss, emboss or bevel effect on any type, rule or mark, Bronze Patina included: every dollar should read as spent on the land, not on a national charity's treatment.
Photography: Preserve photographs keep their own colour and are never tinted, duotoned or recoloured toward the palette. A frame may be straightened or cropped, but not recoloured."
SB3-075-LAY,Emberwell Brew House - Live insert and taproom collateral,Layout & Data,Emberwell Brew House,"Good coffee, kept close","An independent fourteen room brew house and coffee group across New England, with two flagship kitchens and four counter service coffee rooms.","Founded 2013, first room in Portsmouth, New Hampshire. Fourteen rooms across New England, two flagship kitchens, four counter service rooms, one shared coffee program.","Emberwell runs fourteen rooms under one name and one coffee program, each in a secondary New England town where it is the good room rather than the cheap one. Same room, same welcome, but every store pays its own rent, so the estate is one brand at fourteen prices.",Morning trade aged 30 to 55 that comes in early and lingers for two hours. Guests who read a menu the way they read a good book and treat loud pricing as a sign they are in the wrong kind of room.,"Upper middle independent. Plates 14 to 26 dollars, drinks 4.50 to 7. Not a chain and never wanting to read like one: type led, generous, prices set quietly at the end of a line. No combos, no starbursts, no value language.","warm, cozy, elevated, unhurried, independent, considered","Ember #B4552D · mandatory in the mark's kettle; optional accent elsewhere. The kettle in the house mark, as on emberwell_insert_spring_prior.pdf and emberwell_counter_card_prior.pdf; elsewhere thin rules and leader dots, section heads and the on-now line. Never a price, the name heading a menu line, a ground or a panel.
Roast #3B2A21 · mandatory. The brand name heading each piece, the dish or drink name heading each menu line, and the ring lettering of the mark, as on emberwell_insert_spring_prior.pdf and emberwell_counter_card_prior.pdf. Never a ground or panel.
Kettle Brass #A8823F · mandatory in the mark's ring; used nowhere else. The ring of the house mark only, as on emberwell_insert_spring_prior.pdf and emberwell_counter_card_prior.pdf. Never type, a rule, a price, a ground or a panel.
Steam #D8CBB8 · optional accent. Where used, one solid panel behind the drinks list, as on emberwell_insert_spring_prior.pdf and emberwell_counter_card_prior.pdf. Never type, a rule or the page ground.
Warm Cream #F4EDE0 · mandatory. The page ground of every insert and card, edge to edge, as on emberwell_insert_spring_prior.pdf and emberwell_counter_card_prior.pdf.
Slate Ink #2B2622 · mandatory. The allergen statement and the street address and hours, as on emberwell_insert_spring_prior.pdf and emberwell_counter_card_prior.pdf; also the tagline and descriptions. Never a ground or panel.","Emberwell Brew House sets Kanit against Freight Text Pro. Step 01, the counter card headline, is Kanit SemiBold at 34 pt on 38 pt with 0.01 em negative tracking, and 28 px on 34 px on screen. Step 02, the section head, is Kanit SemiBold at 24 pt on 27 pt, tracking 0. Step 03, the description and price, is Freight Text Pro Book at 9.5 pt on 13 pt, tracking 0, a maximum of 65 characters a line, tabular figures on, with dish names above it at 13 pt in the same face and italic reserved for seasonal lines. Step 04, the town line, is Kanit ExtraLight capitals at 10 pt on 14 pt tracked 0.50 em across the full measure at the foot of every piece. A price is never coloured and never emboldened; it simply ends the line.","Every piece is signed at the foot with the room's town set in Kanit ExtraLight capitals tracked 0.50 em across the full measure, the one widely spaced line on the page and the only thing that changes from room to room.","Warm and plainspoken, a room talking rather than a brand selling. Short lines, no adjectives stacked for effect. Example: The stout is on until the barrel is done, then it is not.","One consistent welcome across the estate, and honest local pricing that a guest never has to question from one town to the next.","Our old logo file is gone. The cleanest surviving version of the mark is the enamel pin on the apron, of which we hold a close photograph. Approved dish names, descriptions, the drinks list, seasonal line names and the fixed allergen statement all survive as plain text, alongside the public store roster.","Distribution: Warm Cream is the page ground of every piece, as on both of last season's press files. Steam, where used, is the only panel colour: one solid panel behind the drinks list. Roast and Slate Ink carry the running text: the brand name heading each piece and the dish or drink name heading each menu line in Roast; the allergen statement, address and hours in Slate Ink; descriptions, the tagline and the town line in Roast or Slate Ink. Every price takes the colour of its own line, Roast or Slate Ink. The mark is reproduced flat, as on both press files: Ember kettle, Roast ring lettering, Kettle Brass ring. Ember is otherwise for thin rules, leader dots, section heads and the on-now line; Kettle Brass is only the mark's ring. Ember and Kettle Brass together cover no more than 5% of the designed, non-photographic area.
Opacity: Every palette colour is used solid, at 100% opacity, the Steam panel and the mark included. No tint, transparency, gradient, shadow or blend mode is applied to any palette colour, and no scrim, gradient or overlay of any colour, black and white included, is laid over a photograph.
Forbidden: No colour outside the six palette hexes for type, panels, rules, buttons, icons or the mark. No price in Ember, Kettle Brass or any other accent, and no bold price, since a price is never coloured and never emboldened. No starburst, burst or badge shape of any colour.
Photography: Each insert's photograph is one of the supplied dish and drink frames; no stock, generated or AI-extended image stands in, since the brief declares no Stock exception. It keeps its own corrected colour and is never tinted, duotoned or recoloured toward the palette; the dishes, drinks and walnut counter are not pushed toward Ember, Roast or Warm Cream."
SB3-076-LAY,Cellar & Cru - Autumn shelf-talker campaign,Layout & Data,Cellar & Cru,Wine worth the walk down the side street,An independent fine wine merchant selling across the counter to retail customers and to restaurant buyers building by the glass lists.,"Established 2009, on a side street off the main shopping run in Edinburgh, Scotland. A small counter operation, one or two on the floor, an owner who buys the list himself.","Cellar & Cru is a merchant, not a shop that happens to sell wine. The owner tastes and chooses every line, and the selection changes with the season. When there is one of us on the floor and eleven people in, the shelf card is how a wine sells itself, so the card carries the grower, the region, the vintage, our note, the score and the price.","Confident domestic drinkers and restaurant buyers aged 40 to 65 who read a shelf card the way a reader reads a review, and who treat visual noise as a signal about the wine behind it.","Independent fine wine. Bottles from 14 pounds to 220. The card is restrained and led by grower, region and vintage: generous white space, the score present but small, the price plain in the run of the line. Never the supermarket aisle, never fashion brand minimalism that hides the vintage.","restrained, knowledgeable, understated, confident, grower led, unshowy","Cellar Ink #23282B · mandatory. All type: the wine name, grower, region, vintage, style, buyer note and price, as talker_2025_PRINT.pdf sets them, and the wordmark. The key and vine device is this one solid ink, as it is printed in one ink on mark_card.jpg. Never a ground or panel.
Claret #6B2434 · optional accent. Only the short rule under the wine name, as on talker_2025_PRINT.pdf. Never type, the price, a score, a ground or a panel.
Vine #4A5A3C · optional accent. Optional. No supplied brand file gives it a role on the talker. If used, only as a small non-type accent, never type, the price, a score, a ground, a panel or any part of the key and vine device.
Brass Key #9A7B3F · mandatory. Only the hairline under the wordmark, 0.2 mm thick and exactly 32 mm long, as the signature move sets it. Never type, a panel or a ring, and never a metallic or foil effect.
Chalk White #F1ECE1 · mandatory. The card ground throughout, as on talker_2025_PRINT.pdf, and the only ground or panel colour. Never type on the card.
Stone Grey #9B958A · optional accent. Small labels, the score line, the picture keyline and the foot rule, as on talker_2025_PRINT.pdf. Never the wine name, the buyer note, the price, a ground or a panel.","Cellar & Cru runs two faces across four steps. Step 01 is the wine name in Eczar Regular 400 at 17 pt on 20 pt, tracking -0.01 em. Step 02 is the wordmark, CELLAR & CRU in Eczar Medium 500 caps at 7.5 pt on 10 pt tracked 0.30 em, fitted to a 32 mm measure above a Brass Key hairline 0.2 mm thick and 32 mm long, and set at 22 px on screen. Step 03 is the buyer's note, Eczar Regular 400 at 8.5 pt on 11.5 pt, tracking 0, held to a maximum of 65 characters a line. Step 04 is the fine print, Akzidenz-Grotesk Next Regular at 7 pt on 10 pt in letterspaced small caps tracked 0.12 em for region, vintage and score, with the price in the same face at 9 pt tabular lining, plain in the run of the line. The hairline and its 32 mm measure never scale with the type.","The wordmark is CELLAR & CRU in Eczar Medium caps tracked 0.30 em above a Brass Key hairline that is always exactly 32 mm long, never scaled with the type.","Direct, measured and honest, the owner describing a wine as if standing beside you. It says what a wine is and is not, without hyperbole. Example: A co-op red that drinks well above its price, so long as you open it an hour before.","A selection chosen by one buyer with a point of view, and a shop floor that sells wine honestly even when nobody is free to talk.","The original mark artwork went with the designer who moved abroad. The only clean version we hold is a photograph of the letterpressed compliments card he had made for us, carrying the mark at about 45mm. The autumn list, buyer's notes, scores and prices arrive from the till export.","Distribution: Chalk White is the card ground and the only ground or panel colour, as on talker_2025_PRINT.pdf. On it, all type is Cellar Ink, the price included, as talker_2025_PRINT.pdf sets its wine name, record values, note and price; small labels and the score line may be Stone Grey. The key and vine device is Cellar Ink, printed in one ink as on mark_card.jpg. Brass Key is only the hairline under the wordmark. Claret is only the short rule under the wine name. Vine, if used, is only a small non-type accent. Stone Grey, Claret and Vine together cover no more than 5% of the designed, non-photographic area.
Opacity: Every palette colour is used solid, at 100% opacity. No tint, transparency, gradient, shadow or blend mode is applied to any palette colour, the key and vine device is never a ghosted or transparent watermark, and no scrim, gradient or overlay of any colour, black and white included, is laid over a bottle photograph.
Forbidden: No colour outside the six palette hexes for type, rules, keylines, the key and vine device or panels. No price or score is set in Claret, Vine or Brass Key or reversed out of a ring, badge or panel: the type rules never colour, embolden or enlarge a price or a score. No metallic, foil or gradient effect on any colour.
Photography: Bottle photographs keep their own colour and are never tinted, duotoned or recoloured toward the palette: no bottle, label or wine is pushed toward Claret, Vine, Brass Key or Chalk White. Correcting a frame's white balance is allowed; restyling it is not."
SB3-077-LAY,Vanguard Motors - Forecourt sales card system,Layout & Data,Vanguard Motors,"Bought carefully, sold plainly",An independent prestige used vehicle dealership selling to retail buyers and part exchange customers from a single forecourt.,"Established 2006, one forecourt in Harrogate, North Yorkshire. A small independent holding about fourteen cars at a time, buying selectively rather than to volume.","Vanguard holds around fourteen carefully bought cars at a time and sells to people who have already decided roughly what they want and are choosing where to buy it. The card in the windscreen is the first thing a buyer meets, before anyone walks out, so it has to answer their two questions honestly: what is this car, and what does it cost.","Private retail buyers aged 35 to 60 who have narrowed the choice online, driven a distance to see one specific car, and are deciding whether this dealer is careful.","Independent prestige used. Cars from 18,000 pounds to 95,000. Photograph forward and quiet: one large honest picture of the actual car, a short spec of what differs between examples, the price plainly set and the finance line legible but secondary. Never the budget lot register, never a manufacturer brochure with no price.","careful, quiet, plain spoken, prestige, dependable, unshowy","Midnight #161B26 · mandatory. The ground filling every card, as on windowcard_2025_PRINT.pdf, and the only ground or panel colour. Never a type colour.
Vanguard Steel #4A5560 · optional accent. Hairline rules and keylines only, such as the rule under the headline on windowcard_2025_PRINT.pdf. Never a ground, panel or type colour.
Chrome Silver #B7BEC4 · mandatory. The shield, reproduced in pale ink on Midnight as on windowcard_2025_PRINT.pdf, and secondary type on Midnight such as the year, the model line, the name lockup, the spec block, the stock number or the registration. Never a ground, panel or the price.
Brushed Pewter #8A8E93 · mandatory. The line carrying the mileage, transmission and fuel, and the finance footer with its monthly figure, as on windowcard_2025_PRINT.pdf. Never a ground, panel, the price or display type.
Signal White #F2F3F1 · mandatory. The price, as on windowcard_2025_PRINT.pdf, and display or spec type on Midnight such as the stacked VANGUARD MOTORS name, the model line, the spec block, the stock number or the registration. Never a ground or panel.
Marque Red #8C2A2E · optional accent. A thin rule or small mark only. Never a ground, panel or type colour, and never on the price, which the type system says is never coloured.","Vanguard Motors runs two faces across four steps. Step 01 is the stacked marque in Righteous Regular 400 caps, VANGUARD at 42 pt on 46 pt tracked 0.18 em with MOTORS beneath at exactly one third the size, 14 pt, tracked 0.42 em so both lines measure the same width; on screen the marque sets at 64 px and the two lines are never set as one. Step 02 is the model line in Righteous Regular 400 at 34 pt on 38 pt, tracking -0.01 em. Step 03 is the spec in Suisse Int'l Regular at 11 pt on 15 pt, tracking 0, held to a maximum of 65 characters a line, with the price in the same family at Medium 48 pt tabular lining and the mileage at 10 pt. Step 04 is the finance footer in Suisse Int'l Regular at 7.5 pt on 10 pt tracked 0.02 em, legible but secondary to the price.","The name is always stacked on two lines, VANGUARD over MOTORS at exactly one third the size, with the tracking on each line set so both lines measure the same width.","Factual, unhurried and confident, a dealer who lets the car and the spec do the talking. No exclamation, no urgency. Example: One owner, full history, the colour it says on the card and the colour it is on the forecourt.","Cars bought with care and sold without spin, and a forecourt where the card and the vehicle always agree.","The shield artwork is long gone. The only clean version we hold is a photograph of the pressed and painted aluminium plate above the office door, weathered by several winters, carrying the shield at about 180mm. The current stock, specs and prices arrive from the stock feed, and the finance wording is fixed by the broker.","Distribution: Midnight fills every card and is the only ground or panel colour, as on windowcard_2025_PRINT.pdf. On Midnight, the price is Signal White and the shield is Chrome Silver, as there; the line carrying the mileage, transmission and fuel, and the finance footer with its monthly figure, are Brushed Pewter, as there; every other line of type, the stacked VANGUARD MOTORS name, the year, the model line, the spec block, the stock number and the registration, is Signal White or Chrome Silver. Vanguard Steel and Marque Red are for hairline rules, keylines and small marks only, together no more than 5% of the designed, non-photographic area.
Opacity: Every palette colour is used solid, at 100% opacity. No tint, transparency, gradient, shadow or blend mode is applied to any palette colour, and no scrim, gradient or overlay of any colour, black and white included, is laid over the car photograph: the type sits on solid Midnight beneath it.
Forbidden: No colour outside the six palette hexes for type, panels, rules, buttons or icons. No chrome, brushed-metal, foil, gradient or shine effect: Chrome Silver and Brushed Pewter are flat colours. No colour on the price but Signal White, and no price burst, starburst, flash or sale badge, the budget lot register the type system rules out.
Photography: Photographs are not recoloured toward the palette: they are never tinted or graded toward Midnight or any other palette colour, and a silver car is not recoloured toward Chrome Silver nor a white one toward Signal White. A highlight clipped to white stays as shot: no palette colour, texture or panel detail is painted into it."
SB3-078-LAY,Continental Cup - Squad press and partner kit,Layout & Data,Continental Cup 2026,"The whole squad, under the lights.","Officially licensed collectible trading cards for a touring North American and European club football tournament, sold into grocery, newsstand and hobby channels through a national licensing partner.","touring competition, Western Europe and North America; canonical context for the repeat-client series.","Continental Cup 2026 is the repeat client for this benchmark series. The canonical client context is touring competition, Western Europe and North America, and this commission covers phase 2: squad press run and partner files.","Collectors aged sixteen to forty five who buy officially licensed sets beside other marquee cards, in grocery aisles, at newsstands and in hobby shops. They notice when a card in the pack looks like it came from somewhere else.","A flagship licensed pack retailing around fourteen dollars, positioned above community and league sets and below fine-art prints. It must read as a marquee cup collectible, saturated and cinematic, never as a cheap programme or a gallery piece.","dramatic, floodlit, high-contrast, premium, collectible, energetic","Pitch Black #0B0E12 · mandatory. The full-bleed main field around and below the portrait and the name band fade, as on cup26_teamset_2025_PRINTER.pdf, and the Bungee Regular figure of every squad number under its Floodlight Gold inline, as the signature move sets it.
Floodlight Gold #E7B24C · mandatory. The Bungee Inline core stripe of every squad number, the player name, as on cup26_teamset_2025_PRINTER.pdf, and the tournament mark reversed out of the dark field, as on cup26_teamset_2025_PRINTER.pdf. Always flat colour.
Deep Field Green #123A2A · optional accent. Not used on cup26_teamset_2025_PRINTER.pdf. Thin rules or a small band without type only. Never type, never the main field, and never laid over the pitch in a photograph.
Steel Rule #8A94A0 · optional type colour, set year and fine print only. The set year, as on cup26_teamset_2025_PRINTER.pdf, and any fine print, on the dark field. Never a ground or panel, the player name or the squad number.
Card White #F4F1EA · mandatory. The position, club and set year line on the Pitch Black field, as the position and club line on cup26_teamset_2025_PRINTER.pdf; may also carry the reversed mark or fine print, or form a solid band behind the squad number so its Pitch Black figure stays visible. Never the main field.
Kit Crimson #B4232B · optional accent. The thin separator rule between the portrait and the name band, as on cup26_teamset_2025_PRINTER.pdf. Never type, a ground or a panel, and never painted onto a jersey in a photograph.","Continental Cup 2026 runs two faces across four steps. Step 01 is the squad number in Bungee Regular 400 caps at 96 pt on 104 pt, tracking -0.01 em, set in Pitch Black with Bungee Inline 400 registered exactly on top in Floodlight Gold so the figure carries a gold core stripe; partner graphics run it at 220 px and a number is never printed without its Inline layer. Step 02 is the surname in Bungee Regular 400 all caps at 40 pt on 44 pt, tracking -0.01 em, or 84 px on partner graphics. Step 03 is the position, club and set year line in Trade Gothic LT Condensed No. 18 Regular at 12 pt on 17 pt, tracking 0, held to a maximum of 65 characters a line and set at 28 px on screen. Step 04 is the fine print in the same face at 8 pt on 11 pt tracked 0.04 em.","Every squad number is Bungee Regular in Pitch Black with Bungee Inline locked exactly on top in Floodlight Gold, so each figure carries a gold core stripe down its centre.","Bold, terse, terrace-proud. Copy is short and declarative. Example line the brand would write: 'Eighteen players. One set. Every card earns its place in the sleeve.'","A licensed set is a promise: every player is who the card says, and the look holds across the whole squad rather than favouring a hero. Consistency in the sleeve is the product.",There is no surviving design file or logo artwork. The tournament mark now exists only on printed things: the sole reference is a handheld photograph of a pitch-side sponsor board carrying the mark in one deep ink on a pale board. It has to be recovered as usable artwork before it can be placed at any size.,"Distribution: The main field is Pitch Black #0B0E12, full-bleed behind the portrait, as on cup26_teamset_2025_PRINTER.pdf; no other colour is the page or image ground, except that a solid Card White #F4F1EA band may sit behind the squad number. On the field, the player name is Floodlight Gold #E7B24C, the position, club and set year line is Card White #F4F1EA with the set year allowed in Steel Rule #8A94A0, as on cup26_teamset_2025_PRINTER.pdf, and every squad number is a Pitch Black Bungee Regular figure with a Floodlight Gold Bungee Inline on top. So that figure stays visible, not only its gold stripe, the squad number may sit over the photograph or on that solid Card White band. The tournament mark is reversed out in one solid colour, Floodlight Gold as on cup26_teamset_2025_PRINTER.pdf or Card White. Kit Crimson #B4232B and Deep Field Green #123A2A are accents for thin rules and small bands without type, together no more than 5% of the designed, non-photographic area.
Opacity: Every palette colour is used solid, at 100% opacity. The one exception is the name band of cup26_teamset_2025_PRINTER.pdf: a Pitch Black #0B0E12 fade rising from clear to solid off the lower part of the portrait, behind the name and the position, club and set year line. No other tint, transparency, gradient, shadow, glow or blend mode is applied, and no other scrim or overlay of any colour, black and white included, is laid over a photograph.
Forbidden: No gradient, bevel, emboss, glow, drop shadow, foil or other metallic effect on any type, rule, panel or the mark, apart from the one Pitch Black name-band fade the opacity rule allows; gold is always flat Floodlight Gold #E7B24C. No colour outside the six palette hexes (#0B0E12, #E7B24C, #123A2A, #8A94A0, #F4F1EA and #B4232B) for type, panels, rules, the mark or icons.
Photography: Photographs keep their own corrected colour and are never recoloured toward the palette: no jersey is repainted or filled with flat Kit Crimson, no pitch is recoloured toward Deep Field Green, and no part of a portrait is tinted gold. No face or body is generated, redrawn or replaced."
SB3-079-LAY,Ferncroft Nursery - Spring plant tag system,Layout & Data,Ferncroft Nursery,Grown for the people who ask where it came from.,"Retail horticulture: an heirloom specialty nursery and garden centre selling perennials, herbs, shrubs and a short specimen list from its own benches across four planting departments.","A small heirloom grower in Litchfield County, Connecticut, selling from its own benches, with a growing office and four department benches each tended by a different person.","Ferncroft Nursery grows heirloom and specialty stock for gardeners who read the botanical name first. Everything is sold off the bench with a tag that reads like a plant person wrote it. Spring opening is the last Saturday of April, and every plant on the rack needs its tag by then.","Gardeners aged thirty five to sixty five who buy for provenance, read the Latin name, and ask where the stock was grown. They distrust a rack where one tag looks like a different shop.","An heirloom specialty grower at eighteen to ninety five dollars a plant, above the six dollar big-box rack and below a fine-press botanical print. The tag is provenance-led and botanical-forward: the Latin carries, the price sits small, the photograph is a supporting note.","heirloom, provenance-led, botanical, quiet, trustworthy, seasonal","Slate Grey #4A4E48 · mandatory. Type: the common name, the pot size and the price, as on ferncroft_hangtag_2025_PRINTER.pdf and ferncroft_benchtag_2025_PRINTER.pdf; it may also carry the nursery mark. Never a ground, band or panel.
Fern Green #3E5A34 · mandatory. The botanical Latin and the care icon row, as on ferncroft_hangtag_2025_PRINTER.pdf and ferncroft_benchtag_2025_PRINTER.pdf; it may also carry the nursery mark. Never a ground, band or panel, and never any other line of tag copy.
Bench Cream #EFE9DC · mandatory. The tag ground and the only ground colour, as on ferncroft_hangtag_2025_PRINTER.pdf and ferncroft_benchtag_2025_PRINTER.pdf. Never a type colour and never the nursery mark.
Terracotta #B0623D · optional accent. Hairline rules, one small ornament or the nursery mark only; neither 2025 printer PDF uses it. Never tag copy, a panel or a ground.
Bark Brown #6B4E36 · mandatory. The care line, as on ferncroft_hangtag_2025_PRINTER.pdf and ferncroft_benchtag_2025_PRINTER.pdf; it may also carry the nursery mark. Never a ground, band or panel, and never any other line of tag copy.
Sage #9AA988 · optional accent. A panel or mount framing the photograph or its picture area, a hairline rule, or the nursery mark. Never tag copy, never the tag ground, never laid over the photograph.","Ferncroft Nursery runs two faces across four steps. Step 01 is the common name in Trirong Light 300 at 28 pt on 31 pt, tracking -0.01 em, on the 148 by 210 mm hangtag, or 14 pt on the 55 by 85 mm department tag. Step 02 is the botanical Latin in Trirong Light Italic 300 at 15 pt on 17 pt, tracking 0, sitting on the next baseline under the common name with no space between them at exactly 54 percent of its size, or 9 pt on the department tag; italic is used for nothing else. Step 03 is the care copy in National 2 Regular at 9 pt on 13 pt, tracking 0, held to a maximum of 65 characters a line and set at 16 px on screen. Step 04 is the pot size and price in National 2 Regular at 8 pt on 11 pt tracked 0.02 em, sitting small so the Latin carries the tag.","The botanical Latin sits on the next baseline under the common name in Trirong Light Italic at exactly 54 percent of its size with no space between them, and italic is used for nothing else.","Warm, knowledgeable, unhurried, the voice of a grower. Example line the brand would write: 'Slow to establish, then generous for decades. Give it morning sun and patience.'","Provenance and honesty on the bench: the name on the tag is the right name, and the whole rack reads as one careful hand. Restraint signals quality here.","There are no design files. The two tags the printer ran last spring survive only as press PDFs, and the nursery mark exists only routed and painted into the slate sign at the gate, captured in one handheld photograph. The mark and the printed care icons have to be recovered before they can go anywhere new.","Distribution: Bench Cream is the tag ground and the only ground colour. Tag copy takes three colours, as on ferncroft_hangtag_2025_PRINTER.pdf and ferncroft_benchtag_2025_PRINTER.pdf: the common name, pot size and price in Slate Grey, the botanical Latin in Fern Green, the care line in Bark Brown. The care icons are Fern Green. The nursery mark (fern frond and FERNCROFT NURSERY lettering) is one solid palette colour other than Bench Cream; the type-colour limits govern tag copy, not the mark. Sage may frame the photograph or its picture area as a panel or mount, run as a hairline rule, or carry the mark. Terracotta is for hairline rules, one small ornament or the mark, no more than 5% of the designed, non-photographic area. Neither accent is ever tag copy or the ground.
Opacity: Every palette colour is used solid, at 100% opacity. No tint, transparency, gradient, shadow or blend mode is applied to any palette colour, and no scrim, gradient or overlay of any colour, black and white included, is laid over a photograph.
Forbidden: No colour outside the six palette hexes for type, panels, rules, icons or the nursery mark. No tag copy in Sage, Terracotta or Bench Cream, and no nursery mark in Bench Cream. No ground in Slate Grey, Fern Green, Bark Brown, Sage or Terracotta, and no band, block or panel in Slate Grey, Fern Green, Bark Brown or Terracotta.
Photography: Photographs keep their own corrected colour and are never tinted, washed or duotoned toward the palette. Foliage keeps the green of its own frame: the plants on dark wet bench timber in ferncroft_variety_03.jpg, ferncroft_variety_08.jpg, ferncroft_variety_10.jpg and ferncroft_variety_15.jpg are not warmed until their leaves turn yellow."
SB3-080-LAY,Marrow and Vane - Exhibition wall-label system,Layout & Data,Marrow and Vane,The work carries the room.,Arts and culture: a mid-career commercial gallery mounting selling exhibitions of contemporary work for collectors and institutional curators.,"A commercial gallery in Philadelphia hanging across three rooms, run by a director with a small registrar and installation team.",Marrow and Vane is a Philadelphia gallery that mounts selling shows for collectors and curators. The house look is austere and generously spaced: the label and the checklist stay quiet so the work carries the room. Their autumn exhibition hangs forty one works by nine artists across three rooms.,"Collectors and institutional curators, plus a press list. Readers who scan a medium line for provenance and expect the gallery to signal seriousness through restraint rather than through decoration.","Works from six thousand to eighty five thousand dollars. At this level the label is small, quiet type high on a large card with unprinted stock beneath, no rules, no colour, no logo on the card. It must read as a selling show, not a community group show and not a museum survey.","austere, institutional, restrained, considered, confident, quiet","Gallery White #F6F4EF · mandatory on every wall label and installer page; optional checklist ground. The card ground of every wall label and installer page, solid and edge to edge as on mv_spring_labels_press.pdf, and optionally a checklist page ground. Never type.
Warm Grey Ground #D8D3C8 · optional ground, checklist only. A solid checklist ground, such as the panel the gallery mark sits on. Never on a wall label or installer page, which keep the Gallery White card, and never type.
Ink Black #1A1A18 · mandatory. Every line of type on the labels, installer pages and the checklist: artist, title, medium, year, dimensions, credit, section headings and the press line, as mv_spring_labels_press.pdf sets its story, except accession numbers, which the type system sets in Graphite. Never a ground or panel.
Brass #9C7A3C · optional accent, checklist mark only. At most the flat, solid ink of the MARROW & VANE mark on the checklist. Never type, a rule, a ground or a panel, and never on a wall label or installer page.
Graphite #55565A · mandatory for accession numbers. The accession number on every wall label, installer page and checklist entry, as the type system rule sets it, and nothing else. Never a ground or panel.","Marrow and Vane runs two faces across four steps. Step 01 is the artist's name in Rowdies Light 300 caps at 9.5 pt on 11 pt, with tracking fitted per name so the line measures exactly 78 mm on the 105 by 148 mm label and 120 mm on the A4 checklist, and every label ends its top line flush at the same point; Rowdies is used for nothing else. Step 02 is the title beneath it in Lyon Text Regular Italic at 9.5 pt on 13 pt, tracking 0. Step 03 is the medium, date and dimensions in Lyon Text Regular at 8 pt on 12 pt, tracking 0, held to a maximum of 65 characters a line, running at 9 pt on 13 pt on the A4 checklist and 15 px on screen. Step 04 is the accession number in Lyon Text Regular at 7 pt on 10 pt tracked 0.02 em, set in Graphite. There is no bold anywhere, ever.","The artist's name is the only thing in the display face, set in Rowdies Light caps with the tracking fitted per name so the line always measures exactly 78 mm and every label ends its top line flush at the same point.","Spare, precise, factual. The gallery states rather than sells. Example line the brand would write: 'Nine artists. Three rooms. Eighteen September through the second of November.'",Restraint as respect for the work: the label serves the art and the record is accurate to the last accession number. The institution shows its seriousness by staying quiet.,"There is no layout file for the labels; only the printer's spring press PDF survives as the look to keep. The gallery mark exists as an etched brass plate beside the door and a single photograph of it, and has to be recovered as real artwork before it can sit on the checklist.","Distribution: Wall labels and installer pages: the ground is Gallery White and nothing else; every line of type is Ink Black except the accession number, which is Graphite; there is no rule, panel, mark or coloured type (the director: no rule, no colour, no mark), so the only other colour on the card is the artwork photograph. Checklist: grounds are Gallery White or Warm Grey Ground; type is Ink Black and accession numbers Graphite; Brass appears at most as the flat ink of the gallery mark, no more than 5% of any page's designed, non-photographic area, and is never type, a rule, a ground or a panel.
Opacity: Every palette colour is used solid, at 100% opacity. No tint, transparency, gradient, shadow or blend mode is applied to any palette colour, and no scrim, gradient or overlay of any colour, black and white included, is laid over an artwork photograph or over the gallery mark.
Forbidden: No colour outside the five palette hexes (#F6F4EF, #D8D3C8, #1A1A18, #9C7A3C and #55565A) for any type, ground, panel, rule or mark. No rule, coloured type or panel, logo or mark on a wall label or installer page. No metallic, foil, brushed or gradient effect imitating the brass plate of mv_brass_plate.jpg on the mark or on any type, and the mark is never a photograph or cut-out of the plate.
Photography: Artwork photographs keep the work's own corrected colour and are never tinted, duotoned or recoloured toward a palette hex: the gold leaf in 2013-041.jpg and 2013-101.jpg is not matched to Brass, and no photograph is washed toward Gallery White or Warm Grey Ground. The director's 'no colour' governs the designed card, not the reproduction of the work."
SB3-081-MOT,Ember and Oak - Restaurant launch reel system,Motion & Audio,Ember and Oak,What fire does to good meat.,"Food and beverage: a wood fired neighbourhood grill serving walk-in trade and delivery, opening a second room.","A single-room wood fired grill on the west side of Providence, Rhode Island, opening its second room in launch week, run by a small owner-operator team.","Ember and Oak is a wood fired grill on the west side of Providence, one hearth you can see from every table, mains around thirty four dollars. Launch week opens the second room. The brand is fire, char and appetite: warm, loud and alive, built to make somebody hungry in the first two seconds.","Walk-in diners on the west side deciding in the time it takes to scroll past, plus delivery orders. Neighbourhood people who want a room that feels alive, not a tasting menu and not a value grill.","A casual premium wood fired grill, mains around thirty four dollars. The grade runs warm, the cut is fast, the food fills the frame and the type is bold and immediate. Never moody fine dining, never a discount grill with a deal burned across the frame.","warm, high-energy, appetite-first, unpretentious, loud, hearth-lit","Charcoal #1C1815 · mandatory. The ink of the mark, as in emberoak_mark.png; a solid ground for closing cards and type panels, carrying Cream type and the mark in Cream; and the type and mark colour on Flame Yellow grounds, as type_system step 02 sets (Charcoal on Flame Yellow), and on Cream grounds, as emberoak_mark.png sets the mark.
Ember Orange #D9622B · mandatory wherever a dish name is set. The solid 12 px hot bar behind the baseline of every dish name's lower line, the type_system signature move; otherwise only thin rules or dividers. Never type, a ground or a panel.
Flame Yellow #F0A93B · optional ground. A solid closing-card ground or type panel carrying Charcoal type and the mark in Charcoal, as type_system step 02 sets (Charcoal on Flame Yellow). Never a type colour.
Oak Brown #7A4A2E · optional accent. Thin rules and dividers only. Never type, a ground or a panel.
Cream #F1E7D4 · mandatory where type or the mark sits on Charcoal or directly on footage; optional ground. Type and the mark reversed out of Charcoal, as type_system step 02 sets (Cream on Charcoal), and any type set directly on footage. Also a solid ground for a closing card or panel carrying the mark and type in Charcoal, as emberoak_mark.png sets them; never under a price or room line. The cream square baked into emberoak_mark.png is never carried over as part of the mark.
Char Red #8E2B22 · optional accent. Thin rules and dividers only. Never type, a ground or a panel.","Ember and Oak runs on two faces. Dish names set in Red Hat Display Black capitals at 112 px on 120 px leading, tracked minus 0.020 em, always over two lines, with a 12 px Ember Orange bar burning behind the baseline of the lower line and stopping flush with its final letter. Under it the price and room line sets in Atlas Grotesk Bold at 56 px on 62 px, tracked minus 0.010 em. Descriptions set in Atlas Grotesk Regular at 34 px on 44 px with tracking at zero and no more than 65 characters a line, and fine print such as hours and delivery sets in Atlas Grotesk Regular at 22 px on 30 px, tracked plus 0.030 em. Printed menus and window cards hold the same relationship at 34 pt names and 10 pt body on 14 pt. A dish name is never set in lowercase.","Every dish name sets in Red Hat Display Black capitals over two lines with a twelve px Ember Orange bar burning behind the baseline of the lower line and stopping flush with its final letter, so the name always looks like it is resting on something hot.","Warm, direct, hungry. Short lines with heat in them. Example line the brand would write: 'The chop, the char, the fire you can see from your table. Second room now open.'","Appetite and honesty: show the real food from the real service, and make the room feel like what it is. The reel should read like the room smells.","The mark survives only as a small raster: a two word lockup inside a thin ring, sitting on a cream square baked into the picture rather than behind it. It has to be recovered as clean, placeable artwork before it can go on the end card or the window poster.","Distribution: Grounds and panels are Charcoal, Flame Yellow or Cream, and every closing card has one of them as a solid ground. Type and the mark are Cream on Charcoal and Charcoal on Flame Yellow, as type_system step 02 sets, and Charcoal on Cream, as emberoak_mark.png sets the mark; type set directly on footage is Cream. A price or room line sits only on a solid Charcoal or Flame Yellow panel (type_system step 02), never on Cream or directly on footage. Ember Orange is the hot bar behind every dish name and is never type, a ground or a panel. Beyond the hot bars, Ember Orange, Oak Brown and Char Red are accents for thin rules and dividers only, together no more than 5% of the designed, non-footage area.
Opacity: Every palette colour is used solid, at 100% opacity. No tint, transparency, gradient, glow, shadow, outline or blend mode is applied to any palette colour, type, bar or the mark, and no scrim, vignette, gradient or overlay of any colour, black and white included, is laid over footage or a still: type that needs separation from the footage sits on a solid panel in the colours the distribution rule sets. A colour grade applied to the footage itself is not an overlay. Cuts and dissolves between shots are transitions, not tints; colour and opacity are judged on a settled frame.
Forbidden: No colour outside the six palette hexes for type, bars, panels, rules, buttons or icons, and no discount or deal flash, badge or burst in any colour, which the type rules forbid.
Photography: Footage and stills keep their own colour under the warm grade the brand positioning sets. A warm colour grade is allowed; a flat palette-colour overlay, tint or duotone that replaces their own colours is not. No detail is painted, generated or extended into footage or stills."
SB3-082-MOT,Ironwood Kitchen - Product launch video package,Motion & Audio,Ironwood Kitchen,"Real lunch, in the case by half ten",Fast casual grab and go: high protein meal prep bowls sold from a counter case and by office park delivery.,"Founded 2019, Providence, Rhode Island, two counters and three office park delivery routes run by a small kitchen crew.","Ironwood Kitchen builds honest, high protein bowls for the office lunch run, in the fridge case by mid morning and gone by early afternoon. We are a working kitchen, not a tasting room. The promise is simple: food you would actually eat at your desk, twelve dollars, nothing invented and nothing dressed up.","Office workers 24 to 45 on a weekday lunch run with roughly eleven minutes to spend, buying on macros, speed and trust rather than on spectacle.","Twelve dollars a bowl, the everyday middle of grab and go. Above a supermarket meal deal, well below a chef counter. We are not a tasting menu and never pretend to be one.","bright, plain spoken, fast, clean, honest, unfussy","Bench White #F6F5F1 · mandatory. The main ground and panel colour, as on ironwood_linesheet_2027.pdf; the ground under every bowl name and price line; and the type colour on Field Green.
Ink Charcoal #23262A · mandatory. Type only: the bowl name (as on ironwood_linesheet_2027.pdf), any closing line, the allergen line and the macro figures, all on Bench White. Never a ground or panel.
Field Green #3F7D4E · optional. A solid ground for a closing line set in Bench White (type system step 02), and the allergen line colour on Bench White, as on ironwood_linesheet_2027.pdf. Never a bowl name, price or macro figure.
Salsa Clay #E2593B · mandatory for the price figure. The price figure “$12” and nothing else, the only use ironwood_linesheet_2027.pdf makes of it, set level with the bowl name as the type system asks. Never a ground, panel, bowl name or body text.
Steel Grey #9AA0A6 · optional, fine print only. Fine print on Bench White only, such as counter, route or time details (type system step 04), as the slug on ironwood_linesheet_2027.pdf. Never the allergen and macro line, a name, a price, a ground or a panel.","Ironwood Kitchen sets everything in Schibsted Grotesk and separates the levels by weight. The bowl name and its price share one baseline in Schibsted Grotesk Bold at 88 px on 96 px leading, tracked minus 0.020 em, one em apart, name in Ink Charcoal and figure in Salsa Clay. The closing line sets in Schibsted Grotesk Medium at 72 px on 80 px, tracked minus 0.015 em. The allergen and macro line sets in Schibsted Grotesk Regular at 28 px on 38 px with tracking at zero and no more than 65 characters a line, and fine print such as counter and route times sets in Schibsted Grotesk Regular at 20 px on 28 px, tracked plus 0.040 em. Case labels print names at 22 pt and body at 9 pt on 12 pt. The price is never printed smaller than the name.","The bowl name and the price sit on one shared baseline at exactly the same size, name in Ink Charcoal and price in Salsa Clay one em apart, so the twelve dollars is drawn as large as the food it buys.","Direct, warm, counter honest, one thought per line. Example: ""Twelve bucks, in the case by half ten, gone by two. That is the whole promise.""","Feed people well and tell the truth about what is in the bowl. The allergen line and the macros are not marketing, they are the deal.","No brand kit survives. The wordmark exists only as a flat picture on a white ground, exported by a designer who has since left, with no vector file and no source anywhere. Everything else is a photograph or a spreadsheet.","Distribution: Grounds and panels are Bench White or Field Green and nothing else. On Bench White, the bowl name, any closing line and body are Ink Charcoal, the price figure is Salsa Clay, the allergen line is Ink Charcoal or Field Green (as ironwood_linesheet_2027.pdf sets it; Field Green on Bench White counts as full contrast for the allergen line only), the macro figures are Ink Charcoal, and fine print may be Steel Grey. On Field Green, all type is Bench White, the ironwood_wordmark.png wordmark excepted. The bowl name and price line and the allergen and macro line always sit on Bench White. Salsa Clay covers the price figure alone and Steel Grey fine print alone. All on-screen type sits on a solid Bench White or Field Green ground or panel, never straight on footage or a still.
Opacity: Every palette colour is used solid, at 100% opacity. No tint, transparency, gradient, shadow, glow or blend mode is applied to any palette colour or type, and no scrim, gradient or overlay of any colour, black and white included, is laid over footage or a still: type over a shot sits on a solid Bench White or Field Green panel. Cuts and short dissolves between shots are transitions, not tints; colour and opacity are judged on a settled frame.
Forbidden: No colour outside the five palette hexes for type, panels, rules, buttons or icons; the supplied footage, the bowl stills and the ironwood_wordmark.png letterforms are the only exceptions. No Steel Grey on the allergen and macro line. No badge, roundel or sticker behind the price. No outline, glow, drop shadow, gradient, bevel or metallic effect on any type or panel.
Photography: The footage and the bowl stills keep their own colour and are never recoloured toward the palette; any correction keeps each dish's food colours true to life."
SB3-083-MOT,Halden Greens - Creator ad and social cutdowns,Motion & Audio,Halden Greens,"Greens, without the sales pitch","Direct to consumer daily greens powder sold online on a monthly subscription, creator seeded.","Founded 2023, Portland, Oregon, online only, a small founder led team with a growth lead and three seeded creators.","Halden Greens is a daily greens powder people actually keep drinking, sold by subscription to buyers who have already been let down by a supplement that promised too much. We grow by putting the product in real kitchens and letting real people talk, not by looking like an advert. That distrust of polish is the brand.",Health literate adults 25 to 40 who are specifically wary of supplement marketing and trust a friend's recommendation over a glossy campaign.,"Fifty nine dollars a month on subscription. Priced as a considered daily habit, above the fifteen dollar tub and below the studio shot premium brands. The money is real, so the look must never be.","plain, sceptical friendly, unpolished, honest, warm, low key","Halden Green #2E5E45 · mandatory. The solid closing panel of every ad, the fixed brand green panel that every cutout holds against, carrying the subscription line and the wordmark. The wordmark's 2 px rule wherever the wordmark sits off this panel. Never a hook or caption colour and never a caption box.
Mint Lid #BFE3CB · optional accent. Small marks and dividers only, echoing the tub's pale mint lid. Never type, a caption box or a panel.
Kitchen Cream #F4F1E8 · mandatory. All type on the Halden Green closing panel, the subscription line and the wordmark letters included, and the wordmark's 2 px rule on that panel; hook and caption type set straight on footage or on a Counter Charcoal box; and the light caption box that carries Counter Charcoal type.
Counter Charcoal #1F2320 · mandatory where type sits on Kitchen Cream. Hook and caption type on a Kitchen Cream box, as the current tub sets its dark wordmark on cream, or set straight on footage, and the dark caption box that carries Kitchen Cream type. Never the closing panel.
Clay Accent #C77B4E · optional accent. Small marks and dividers only. Never type, a caption box or a panel.","Halden Greens sets everything in Figtree and everything in lowercase. Hooks set Figtree Regular at 62 px on 76 px leading, tracked minus 0.010 em. The subscription line sets Figtree SemiBold at 46 px on 56 px with tracking at zero, and at that same step sits the one exception in the system, the wordmark HALDEN GREENS in Figtree Regular capitals tracked plus 0.180 em on a 2 px Halden Green rule exactly as wide as the word GREENS. Captions set Figtree Regular at 40 px on 58 px, tracking zero, no more than 65 characters a line, and the compliance line sets Figtree Regular at 26 px on 34 px, tracked plus 0.030 em. The tub prints 11 pt on 15 pt. No hook is ever set in capitals, and no capital opens a sentence anywhere.","The wordmark is the only text in the system ever set in capitals, tracked wide over a two px Halden Green rule the exact width of the word GREENS, while every hook and caption stays lowercase even at the start of a sentence.","Conversational, honest to a fault, a little self aware, never hype. Example: ""We are not going to tell you it changed our life. It is greens. You drink them in the morning.""","Say only what we can stand behind. Claims live inside the category compliance sheet, and anything the sheet forbids does not run, however good the line.","The wordmark exists only as a flat export, dark disjoint letters on white, with no vector source. The brand green panel is fixed and every cutout has to hold against it. Some earlier photography still shows a previous tub label and should not be reused.","Distribution: Halden Green is the one full ground: the solid closing panel. On it, all type, the subscription line and the wordmark letters included, is Kitchen Cream, and so is the wordmark's 2 px rule, because a Halden Green rule cannot show on Halden Green; that is the only place the rule is not Halden Green. Hooks and captions are Kitchen Cream or Counter Charcoal and nothing else; a box behind one is solid Kitchen Cream carrying Counter Charcoal type, or solid Counter Charcoal carrying Kitchen Cream type, as the current tub sets its dark wordmark on cream. Mint Lid and Clay Accent are optional accents for small marks and dividers only, never type, a box or a panel, together no more than 5% of the designed, non-photographic area.
Opacity: Every palette colour is used solid, at 100% opacity. No tint, transparency, gradient, shadow, glow or blend mode is applied to any palette colour, and no scrim, gradient, vignette or overlay of any colour, black and white included, is laid over the footage: any box behind a hook or caption is a solid block.
Forbidden: No gradient, glow, drop shadow, metallic, glossy or 3D effect on any type, box, panel, rule or icon, and no countdowns, no stacked badges, no burst text, because nothing in the type may look polished enough to read as an advert. No colour outside the five palette hexes for type, boxes, panels, rules or icons.
Photography: Footage keeps its own colour and exposure and is never tinted, filtered or graded toward Halden Green or any palette colour. The bright kitchens in halden_creator_clip_01.mp4, halden_creator_clip_02.mp4, halden_creator_clip_03.mp4, halden_creator_clip_04.mp4 and halden_creator_clip_05.mp4 stay bright and the dark grounds in halden_founder_broll_01.mp4, halden_founder_broll_02.mp4, halden_founder_broll_03.mp4 and halden_founder_broll_04.mp4 stay dark: no take is brightened or darkened to carry a caption. The tub is never recoloured."
SB3-084-MOT,Sable and Finch Realty - Property listing tour package,Motion & Audio,Sable and Finch Realty,"The North Shore, unhurried",Residential real estate: a boutique agent team listing coastal single family homes on Massachusetts' North Shore.,"Founded 2016, Marblehead, Massachusetts, a four agent residential team running four or five listings a month.","Sable and Finch Realty sells character homes along the North Shore to move up families who are choosing carefully between a small number of houses. We present a property the way a buyer wants to feel about it: calm, warm and reassuring. Our work is quiet on purpose, because at this price calm reads as confidence.","Move up buyers roughly 35 to 48 with children, weighing this house against three or four comparable homes in the same school district, who need the facts on screen and the feeling in the frame.","Homes around and above 1.2 million dollars, the established coastal middle of the market. Presentation sits between a fast starter home listing and a near silent luxury film, and must read as neither.","calm, warm, considered, trustworthy, unhurried, understated","Sable Ink #2B2724 · mandatory. The address and body type on Shell, as on sablefinch_open_house_card.pdf; fine print (type system step 04); and the caption band behind caption type over footage, solid or at the one permitted 62% tint.
Finch Gold #C9A24B · mandatory, for the town rule alone. The 3 pt town rule, 120 px wide and flush left, directly beneath the address. Otherwise only the Sable and Finch mark's own colour, its wordmark included, as in sablefinch_mark_scan.png. Never a line of type outside the mark, a panel, a band, a button or any other rule.
Shell #EFE9DE · mandatory. The ground of every caption panel and of the end card, as on sablefinch_open_house_card.pdf, and all type set on the Sable Ink caption band. Never replaced by plain white.
Harbor Slate #3E5567 · optional secondary type colour. The town word, fact lines and fine print on Shell, as on sablefinch_open_house_card.pdf. Never a ground, panel or band.
Sea Mist #8FA79E · optional accent. Hairline dividers and the tagline “The North Shore, unhurried” on Shell, as on sablefinch_open_house_card.pdf. Never fine print, a ground, a panel or a band.","Sable and Finch Realty pairs Manrope with National 2. The address sets in Manrope Light at 58 px on 64 px leading, tracked minus 0.010 em, in sentence case, and 30 pt in print. Directly beneath it the town sets in Manrope Medium capitals at 20 px on 26 px, tracked plus 0.300 em, on a 3 pt Finch Gold rule 120 px wide and flush left. Property facts set in National 2 Regular at 30 px on 42 px with tracking at zero and no more than 65 characters a line, with the price one step up at 34 px in National 2 tabular figures. The disclosure sets in National 2 Regular at 20 px on 28 px, tracked plus 0.020 em. No line other than the town is ever set in capitals.","Under every address the town name sets in Manrope Medium capitals at a third the address size, tracked very wide, sitting on a short flush left Finch Gold rule, so a viewer first registers a small gold bar carrying one very quiet, very spread word.","Warm, measured, reassuring, never a hard sell. Example: ""Two streets back from the water, shingled, and the porch light is already on.""","Honest presentation of a real property. Every figure a buyer relies on, the price, the bed and bath count, the school district and the disclosure line, must be exactly right on every piece.","There is no packaged brand kit. Last season's open house card survives only as the printer's press PDF, and the on screen captions have always been rebuilt by hand each listing. Colour and type live in prior collateral rather than in a guideline anyone can hand over.","Distribution: Grounds and panels are Shell, solid, or a Sable Ink caption band, solid or at the one permitted tint; nothing else is a ground, and no type is set straight onto footage. On Shell, the address is Sable Ink, the town word, fact lines and fine print are Sable Ink or Harbor Slate, and the tagline may be Sea Mist, as on sablefinch_open_house_card.pdf. On the Sable Ink band, all type is Shell. Finch Gold is the town rule alone, plus the mark's own gold as in sablefinch_mark_scan.png. Sea Mist and Finch Gold together cover no more than 5% of the designed, non-footage area.
Opacity: Every palette colour is used solid, at 100% opacity, with one exception taken from sablefinch_open_house_card.pdf: a Sable Ink #2B2724 caption band at 62% opacity may sit directly behind caption type laid over footage, carrying Shell type. No other tint, transparency, gradient, shadow, glow or blend mode is used, and no other scrim, vignette or overlay of any colour, black and white included, is laid over footage or stills.
Forbidden: No Finch Gold on any line of type, panel, band, button or rule other than the 3 pt town rule (the Sable and Finch mark keeps its own gold); no gold, bronze, copper or other metallic effect; no plain white panel in place of Shell; and no colour outside the five palette hexes for type, panels, bands, rules, buttons or icons.
Photography: Footage and stills keep their own colour: they are graded only so the takes match one another, never tinted or recoloured toward the palette, and no sky, window, wall or room is repainted, filled, extended or regenerated."
SB3-085-MOT,Sterling Row - Residence launch film and viewing package,Motion & Audio,Sterling Row,Nine residences. No hurry.,"Luxury residential: full floor residences in a converted warehouse block, sold through a single broker's video channel.","Founded 2022, a converted warehouse block of nine full floor residences, sold one at a time through one broker's channel of three or four videos a month.","Sterling Row is nine full floor residences in a converted warehouse block, starting just over four million dollars, sold to buyers who are not in a hurry and have seen everything. The channel is where most buyers first meet the broker, so every piece has to feel made by one hand. Restraint is the whole proposition: these buyers are reassured, not persuaded.","Ultra high net worth buyers, typically on their third or fourth property, reassured by evidence and calm rather than by benefit claims, who still need the floor, the square footage and the exposure before they ask to view.","Full floor residences from just over four million dollars, the top of the market. Presentation sits near neutral and deliberately small: anything that looks like a promotion reads, at this tier, as a building that is struggling to sell.","restrained, prestige, quiet, assured, precise, understated","Near Black #14161A · mandatory. On screen, the solid ground of every text card, and of every panel that carries type, in both films: type_system steps 02 and 03 set every figure and word on Near Black. On sterlingrow_spec_sheet.pdf it is the unit name type.
Cast Brass #B08D57 · mandatory wherever a figure appears. Every figure, with the figure line it sits in (type_system step 02, sample Floor 9 · 4,300 square feet), set in Geist Mono on Near Black as the signature move sets, and hairline rules, as the two rules on sterlingrow_spec_sheet.pdf. Never other words, a card ground or a panel. The recovered wordmark is excepted and judged by the wordmark checks.
Stone Grey #6E7378 · optional word colour: every word on Near Black outside the figure line is Stone Grey or Warm White. Labels, secondary standing text and any disclosure line on Near Black (type_system step 03), as sterlingrow_spec_sheet.pdf uses it for spec labels and disclosure lines. Never figures, a card ground or a panel.
Warm White #F2F1ED · optional word colour: every word on Near Black outside the figure line is Warm White or Stone Grey. Words on Near Black, such as the tagline, the residence name and exposure, and the viewing action (type_system step 03: Stone Grey or Warm White on Near Black). It is the print ground of sterlingrow_spec_sheet.pdf, but never a card ground on screen, where every step sits on Near Black.
Slate #2C333A · optional, with no required on-screen use. On sterlingrow_spec_sheet.pdf it sets the availability note and fills the panel behind the photograph. On screen it may fill a solid panel that carries no type, and it never colours a word or figure, since type_system step 02 sets figures in Cast Brass and step 03 sets words in Stone Grey or Warm White.","Sterling Row sets words in Geist Regular and numbers in Geist Mono, and never mixes the two. The opening card sets Geist Regular at 42 px on 48 px leading, tracked minus 0.010 em, and 11 pt in print. Every floor, square footage, price and date sets in Geist Mono at 26 px on 32 px, tabular, tracking zero, in Cast Brass on Near Black and ranged on one right edge. Labels and standing text set Geist Regular at 20 px on 30 px, tracked plus 0.060 em, no more than 65 characters a line, and the fixed disclosure sets Geist Regular at 16 px on 22 px, tracked plus 0.020 em. No numeral is ever set in the text face, wherever it falls.","No numeral is ever set in the text face: every floor, square footage, price and date sets in Geist Mono with tabular spacing in Cast Brass, aligned on one right edge, so the figures read as a narrower, engraved species of type beside the quiet text.","Spare, composed, confident without pressure. Example: ""Nine residences. Full floor. Sold one at a time, to buyers in no hurry.""","Discretion and accuracy. The developer's restraint rules and disclosure lines are contractual, and the brand is protected by never looking like it is selling.","The only surviving version of the wordmark is a handheld photograph of the cast brass plaque mounted in the lobby, lit from one side. There is no vector file and no clean scan. The developer's spec sheet exists only as a printed PDF, and the disclosure wording is fixed and cannot be changed.","Distribution: On screen, Near Black is the only ground for type: every text card, and every panel that carries type, is solid Near Black, and no type is set directly on footage (type_system steps 02 and 03 set every figure and word on Near Black). Every figure, with the step 02 figure line it sits in, is Cast Brass in Geist Mono; every other word is Warm White or Stone Grey, either one or both. Cast Brass is otherwise used only for hairline rules, as on sterlingrow_spec_sheet.pdf, and those rules cover no more than 5% of the designed, non-footage area of any card; Cast Brass figures are type and are not counted. Slate is optional with no required on-screen use: it never colours a word or figure, and it may fill a solid panel that carries no type, as it fills the panel behind the photograph on sterlingrow_spec_sheet.pdf. The recovered wordmark is judged by the wordmark checks, not by these type colour, effect or palette rules.
Opacity: Every palette colour is used solid, at 100% opacity. No tint, transparency, gradient, glow, shadow or blend mode is applied to any palette colour or type, and no scrim, vignette, gradient or overlay of any colour, black and white included, is laid over footage. A panel is a solid, fully opaque area of a palette colour, Near Black wherever it carries type, laid over part of a shot that otherwise fills the frame, such as a lower third: it is not an overlay, whereas any translucent, gradient or feathered area over footage is. Footage shrunk inside Near Black bands, with or without type in them, is a letterbox or pillarbox, not a panel. A card or line may cut or fade in and out as a whole; colour and opacity are judged on a settled frame.
Forbidden: No colour outside the five palette hexes for type, cards, panels or rules. Apart from the recovered wordmark, no metallic, foil, glow, shadow or gradient effect on any type, Cast Brass figures included, which stay flat #B08D57. Nothing that looks like a promotion, which the type rules forbid: no price on screen and no large benefit caption in any colour.
Photography: Footage keeps its own colour: the brick and oak keep their natural warmth under one grade that sits near neutral and slightly cool, as sterlingrow_brand_note.txt sets (clean whites, no crushed blacks, no warm saturated push). White walls, cabinets and window light read the same near-neutral white in every shot, so no shot drifts into a different colour world; the natural colour of brick, oak and sky is not a grade shift. No palette colour is laid over footage as a tint, duotone or colour wash, and no pixels are generated or extended to reframe a clip; cropping to the delivery ratio is allowed."
SB3-086-MOT,Meridian Academy - Lesson video package,Motion & Audio,Meridian Academy,Practical skills for people who already have a job.,Professional education (self-paced online academy),"Founded 2021 in Portland, Oregon. A four person team running one course.","Meridian Academy sells a single self-paced program, Operations Analytics for Working Managers, at two hundred and ninety dollars. Our learners are thirty to fifty, mid-career, watching lessons late at night after their own workday. We are not a bootcamp and we are not a university. We teach one useful thing well and we respect the viewer's time and intelligence.","Working managers aged thirty to fifty, paying with their own money, fitting the course around a full-time job. They want a working skill, not a transformation story, and they distrust anything that feels like marketing.","Mid-market. A two hundred and ninety dollar considered purchase. The register sits between an impulse-priced tutorial and a formal institution: competent, quiet, self-funded professional development.","Plain, Adult, Calm, Credible, Unhurried","Deep Slate #2E3A45 · mandatory. The lesson-card ground behind the Cream Stock numeral and topic (type system step 01), a ground around a framed screen panel, and type or the crest set on Cream Stock, as the deep ink on meridian_certificate_print.jpg.
Cream Stock #F4EFE4 · mandatory. The lesson numeral and all type or crest set on Deep Slate (type system step 01), and the light ground for teaching cards and the crest, as the cream stock of meridian_certificate_print.jpg.
Ink Charcoal #1C232A · optional type colour. Teaching-card, label and fine-print type on Cream Stock grounds, as a darker alternative to Deep Slate. Never a ground or panel.
Muted Sage #7C8A78 · optional accent. Hairline rules and the frame line around a screen panel only. Never a ground, panel or type colour.
Warm Grey #B7B0A4 · optional accent. Hairline rules and the frame line around a screen panel only. Never a ground, panel or type colour.","Meridian Academy runs two faces and four steps. Step 01, display, is the lesson numeral in Larish Neue Medium at 280 px on 294 px leading, tracking -12 units, Cream Stock on Deep Slate and cropped by the left frame edge. Step 02, the subheading, is the lesson topic in Larish Neue Medium at 96 px on 104 px leading, tracking -8 units, stacked beside the numeral and dropping to 72 px on the vertical cutdown. Step 03, body, is Untitled Sans Regular at 54 px on 68 px leading, tracking 0, set to a maximum of 65 characters a line on teaching cards. Step 04, fine print, is Untitled Sans Regular captions at 38 px on 48 px leading, tracking +8 units, with the lesson label one step above it in Untitled Sans Medium at 34 px. Certificates sit outside the screen scale: the crest sets in Larish Neue small caps at 22 pt, tracked 120 units, over a 1.5 pt rule, and never in a sans.","Every lesson card opens with an oversized Larish Neue lesson numeral in Cream Stock on Deep Slate, cropped by the left frame edge so a third of the figure runs off screen with the topic stacked beside it.","Direct, warm, matter of fact. Speaks to a peer, not a beginner. Short sentences, no hype, no exclamation. The tone of a good colleague explaining something over coffee.","Respect for the learner's time, honesty about what the course does and does not cover, and production that is clear and quiet rather than loud.","Brand files are largely gone. When we changed studios the original crest design file was lost, and the mark now survives only on the completion certificates we had printed two years ago: an enclosed laurel ring with small caps type set inside it and a rule beneath, in one deep ink on cream stock. We would like it recovered as artwork we can use at any size. No usable logo vector, colour spec sheet or type licence exists on our side.","Distribution: Grounds and panels are Deep Slate or Cream Stock and nothing else. The lesson card is Deep Slate with the numeral and all its type in Cream Stock, as the type system sets the numeral. On Deep Slate, all type and the crest are Cream Stock. On Cream Stock, type and the crest are Deep Slate or Ink Charcoal, as meridian_certificate_print.jpg prints the crest in one deep ink on cream stock. Type is never set directly over footage: it sits on a solid Deep Slate or Cream Stock ground beside, above or below the footage. Muted Sage and Warm Grey are for hairline rules and the frame line of a screen panel only, together no more than 5% of the designed, non-footage area, never a ground, panel or type colour.
Opacity: Every palette colour is used solid, at 100% opacity, on every held frame. No tint, transparency, gradient, shadow, glow or blend mode is applied to any palette colour, and no scrim, gradient or overlay of any colour, black and white included, is laid over the screen or lecture footage. A straight cut or a plain fade between two shots is a transition, not a tint.
Forbidden: No colour outside the five palette hexes for type, grounds, panels, rules, frames or icons, plain white and black included. No gradient, glow, drop shadow or other effect on any type, panel or the crest. The crest is never set in a sans, and no line carries an exclamation mark.
Photography: The supplied footage (meridian_lesson4_lecture.mp4, meridian_screencast_01.mp4, meridian_screencast_02.mp4, meridian_screencast_03.mp4, meridian_screencast_04.mp4 and meridian_screencast_05.mp4) keeps its own colour and is never tinted, duotoned or graded toward the palette. The crest from meridian_certificate_print.jpg is shown as clean artwork in one solid palette colour, never as a cut-out of the photographed certificate."
SB3-087-MOT,Norvant - Product explainer motion system,Motion & Audio,Norvant,Workflow automation for finance and operations.,"Technology, B2B SaaS (workflow automation)","Founded 2022 in Minneapolis, Minnesota. An eleven person company with no in-house designer.","Norvant is workflow automation built for finance and operations teams. Seats are one hundred and forty dollars a month, and nothing gets bought without three people signing off, so everything we put out has to look like it was made by people who know what they are doing. We are a small team shipping a serious tool, and our March release is the work the whole company has been building toward.","A buying committee of three in finance and operations, with a procurement review mid-cycle. They are looking for evidence of seriousness and real numbers, and they lengthen the cycle the moment something feels like consumer marketing.","Considered B2B mid-market. One hundred and forty dollars per seat per month, committee-approved. Not self-serve impulse software, and not heavyweight enterprise. A tool an operations lead can adopt in an afternoon and defend to a controller.","Serious, Precise, Quiet, Credible, Grown-up","Slate #33404B · mandatory. A solid ground for title, claim and closing cards; the release name and headings on Paper White, as the city heading on norvant_launch_card_2025.pdf; and the mark on light grounds, cut in slate as on norvant_reception_sign.jpg.
Amber #E0A02C · mandatory accent, the only accent. Rules, underlines and small labels, as the seat-tier line on norvant_launch_card_2025.pdf, or a solid panel the mark is reversed out of. Never a claim, the release name, a heading or a ground for type.
Ink Near-Black #191F24 · mandatory where claim or body text sits on Paper White. Claim cards, body text and the registration address on Paper White, as the venue, date and host lines on norvant_launch_card_2025.pdf. Never a ground or panel.
Paper White #F6F4EF · mandatory. The main light ground, as on norvant_launch_card_2025.pdf; all type set on Slate; and the mark reversed out of Slate or Amber.
Cool Grey #8A929A · optional, secondary type only. Fine print and secondary lines on Paper White, such as the address, host title and standing line on norvant_launch_card_2025.pdf. Never a ground, panel, claim, heading or the release name.","Norvant runs a wedge serif over a grotesk and a mono, in four steps. Step 01, display, is PP Right Serif Medium at 110 px on 118 px leading, tracking -6 units, carrying headings and the release name, dropping to 84 px on the vertical cutdown and 30 pt on the printed event card. Step 02, the subheading, is PP Right Serif Medium at 72 px on 80 px leading, tracking -4 units; this is the one invented size, set proportionate between the 110 px heading and the 54 px claim card because the brief names no subheading. Step 03, body, is Söhne Buch at 54 px on 70 px leading, tracking 0, on claim cards held to 65 characters a line, with the registration address at 40 px and print body at 9.5 pt on 13.5 pt. Step 04, fine print, is Söhne Mono tabular at 32 px on 44 px leading, tracking +6 units, and it takes every number, date, seat count and price in the system, including figures that fall inside a serif line, at 9 pt in print. A claim card and a figure are never set in PP Right Serif.","No figure is ever a serif: every number, date, seat count and price is set in Söhne Mono tabular, so an otherwise all serif frame is interrupted only by machine set digits.","Plain, specific, confident without selling. States what the product does and lets the facts carry it. No stock smiles, no superlatives. Tells people directly what is and is not true.","Seriousness you can verify, restraint over noise, and plain honesty about what we could and could not do.","Brand files went with the agency that made them. The mark now survives only as the sign on our reception wall: a hexring glyph beside the wordmark, cut in slate on a brushed metal panel. Last year's regional event card exists only as the print-ready file we sent to the printer. We need the mark recovered as scalable artwork and this year's card run rebuilt from last year's file so it matches. No editable logo source, colour build or master template remains on our side.","Distribution: Grounds, cards and panels are Paper White, as the ground of norvant_launch_card_2025.pdf, or Slate; Amber is a ground only behind the reversed mark. Any fill beside or around footage that does not fill the frame, such as a pillarbox beside the portrait founder take, is a solid Paper White or Slate ground. On Paper White, the release name and headings are Slate, and claims and body text are Ink Near-Black; fine print and the registration address may be Ink Near-Black or Cool Grey. On Slate, all type and the mark are Paper White; nothing but the reversed Paper White mark sits on Amber. Amber is the one accent, for rules, underlines and small labels: outside a mark panel, no more than 5% of the designed area of any frame.
Opacity: Every palette colour is used solid, at 100% opacity, in every held frame. No tint, transparency, gradient, shadow, glow or blend mode is applied to any palette colour, and no scrim, darkening, gradient, vignette or overlay of any colour, black and white included, is laid over footage: text sits on a solid palette card or panel, or directly on the footage. A fade in or out of a whole card or shot during a transition is allowed.
Forbidden: No colour outside the five palette hexes (#33404B, #E0A02C, #191F24, #F6F4EF and #8A929A) for type, cards, panels, rules or the mark; no second accent colour beside Amber; no metallic, glow, bevel, gradient or drop-shadow effect on any type, rule or the mark.
Photography: Footage keeps its own natural colour; a neutral correction or matching grade between clips is allowed, but footage is never tinted, duotoned or washed toward Slate or Amber, and Elise Marchetti's skin tones and the daylight window wall in norvant_founder_take.mp4 stay natural."
SB3-088-MOT,SentinelMesh - Product demo and narration package,Motion & Audio,SentinelMesh,Catch the risky moment. Coach it away.,"Enterprise cybersecurity software (human cyber risk platform, SaaS)","Founded 2022 in Denver, Colorado. Roughly 40 people, venture-backed, entering its first full launch quarter.","SentinelMesh reduces human cyber risk for regulated enterprises. The platform watches for the risky moment, runs an adaptive simulation, and coaches the person in real time, closing the gap between security policy and daily behavior. We sell to CISOs and IT directors on annual contracts and we win on trust, precision, and proof that the product does what we say.","CISOs, IT directors, and the security engineers reading over their shoulder at mid-market and enterprise organizations. Technical, skeptical, and short on patience for hype.","Premium enterprise. Annual contracts from 40,000 to 90,000 dollars. Everything we ship has to read as a considered purchase a security leader can defend internally, never as a self-serve consumer app.","Precise, Restrained, Credible, Quietly confident, Grown-up","Sentinel Navy #0B1B2B · mandatory. The main ground, the brand's dark navy ground: always the ground the shield mark sits on, the ground of the closing card, and the ground of any panel carrying a claim card or lower third over footage.
Deep Slate #16283A · optional. A secondary solid ground or panel, such as a lower-third panel, carrying Paper White or Cloud Grey type. Never type.
Signal Cyan #2FB6C4 · mandatory as the cursor rule. The 4 px cursor rule beneath each claim card, and beneath the closing card when no claim card is in frame, once per frame. The brand's one accent: never type, a ground, a panel or an icon.
Cloud Grey #D9DEE3 · optional. Interface labels, fine print and, if wanted, the product name, as in the pale grey of the wordmark on the trade show banner. Never a ground, a claim or the closing card.
Paper White #F5F7F8 · mandatory. The claim cards, the closing card and any lower third; the product name and fine print may also use it; and the colour the shield mark is reversed out in. Never a ground or panel.","SentinelMesh runs a squared technical grotesque over a humanist sans, in four steps. Step 01, display, is PP Formula Condensed Medium at 84 px on 92 px leading, tracking -6 units, for the closing card on the 1920 frame, dropping to 64 px on the square cut and 28 pt in print. Step 02, the subheading, is PP Formula Condensed Medium at 56 px on 62 px leading, tracking -4 units, for claim cards, and it is the step that carries the signature: a 4 px Signal Cyan underscore beneath the line, overrunning the final letter by exactly one character width. Step 03, body, is Whitney Book at 34 px on 46 px leading, tracking 0, for lower thirds held to 65 characters a line, with print body at 9.5 pt on 14 pt. Step 04, fine print, is Whitney Book interface labels at 28 px on 38 px leading, tracking +10 units, with Whitney tabular figures on every number at every step. The cyan rule never appears twice in one frame.","Every claim card carries a 4 px Signal Cyan cursor rule beneath it that overruns the final letter by exactly one character width, like a terminal cursor that has stopped moving.","Plain, exact, and calm. We state what the product does and let it read as cleared rather than sold. We avoid fear language, exclamation, and buzzwords. One accent, one idea per line.","Trust earned through evidence, restraint over spectacle, clarity for a technical buyer, and claims that are cleared before they are spoken.","Our designer built the original identity and left the company, and that working file left with him. What survives is a flat export of the mark on white and a phone photo of our trade show banner, neither of which is the source artwork. The mark needs to be rebuilt as usable artwork that sits correctly on our dark navy ground.","Distribution: Grounds and panels are Sentinel Navy or Deep Slate and nothing else; Sentinel Navy is the main ground and always the ground behind the shield mark. The claim cards, the closing card and any lower third are Paper White; the product name is Paper White or Cloud Grey, as in the pale grey of the wordmark on the trade show banner; interface labels and fine print are Paper White or Cloud Grey. Signal Cyan is the one accent: the 4 px cursor rule alone, once per frame, never type, a ground, a panel or an icon. The shield mark is reversed out light, in Paper White, on Sentinel Navy.
Opacity: Every palette colour is used solid, at 100% opacity. No tint, transparency, gradient, shadow, glow or blend mode is applied to any palette colour, type, rule or the mark, and no scrim, gradient or overlay of any colour, black and white included, is laid over the footage; any panel laid over a shot is solid Sentinel Navy or Deep Slate. Cuts and short dissolves between shots are transitions, not tints; colour and opacity are judged on a settled frame.
Forbidden: No colour outside the five palette hexes for type, panels, rules, buttons or icons; the supplied footage, and pure white #FFFFFF on the mark only, are the only exceptions. No second cyan rule in a frame, and no cyan type, ground, panel or icon. No glow, drop shadow, gradient, bevel, outline or metallic effect on any type, rule, panel or the mark: precision over spectacle.
Photography: The screen captures and the office footage keep their own colour and are never recoloured toward the palette: no navy or cyan grade over the office clips. The dark navy chrome of the interface stays dark navy wherever it appears, in sentinelmesh_demo_raw_screen_01.mp4, sentinelmesh_demo_raw_screen_02.mp4, sentinelmesh_demo_raw_screen_03.mp4, and in sentinelmesh_still_02_lobby_wall.jpg or sentinelmesh_still_05_overshoulder.jpg if either is used: never lifted toward grey."
SB3-089-MOT,Voltcast - Podcast short and audio treatment,Motion & Audio,Voltcast,Real tests. No press releases.,"Independent consumer-technology review channel (media, sponsor-funded)","Started 2020 in Portland, Oregon. A two-person operation with a mid six-figure subscriber base, publishing several times a week.","Voltcast is an independent consumer-tech review channel run by two people out of Portland. We buy or borrow the gear, run it hard, and say what we actually think. Episodes go out long-form to the main feed plus vertical and square shorts. About a third of the revenue is sponsor money, so the grid has to look like one channel and the sponsor read has to be exactly right.","Enthusiast buyers and everyday shoppers who want an honest verdict before they spend. They follow us because we are not the manufacturer, and they can tell the difference.","Mid-tier creator economy. A sponsor integration is worth a few thousand dollars and renewal depends on how the segment looks. The channel has to read as a credible independent reviewer, never as broadcast gloss and never as raw phone-shot filler.","Independent, Plain-spoken, Hands-on, Trustworthy, Unfussy","Volt Orange #F26A1B · mandatory: the only accent. The verdict word on both films, set on Card Charcoal (type system step 01), plus thin accent rules and small highlights, as the rule along the top of the spec card in voltcast_e42_select_09.jpg; apart from the verdict word and the cover's optional ground, no more than 5% of the designed, non-photographic area. Never body text or a panel, and never a ground on either film; on the cover it may be one solid ground behind the photograph.
Card Charcoal #181A1D · mandatory where the verdict sits. The solid ground behind the verdict on both films (signature move) and the main ground or panel behind other type, as the spec card in voltcast_e42_select_09.jpg. The type colour on any Panel White panel and on the cover's optional Volt Orange ground.
Bench Grey #3A3E44 · optional. Secondary solid panels and hairline dividers on Card Charcoal grounds. Never the verdict, never an accent.
Panel White #F2F2EF · mandatory where type other than the verdict sits on Card Charcoal or Bench Grey. Unit names, the episode label, body text and figures on Card Charcoal or Bench Grey, as the column heads and figures in voltcast_e42_select_09.jpg. May also be a light solid panel, with Card Charcoal type on it. Never the verdict.
Muted Steel #8A9199 · optional. Secondary labels and units on Card Charcoal, as the units beside the figures in voltcast_e42_select_09.jpg, and hairline dividers. Never a ground, a panel or the verdict.","Voltcast runs a grotesk over Inter, in four steps. Step 01, display, is the verdict in PP Radio Grotesk Bold at 96 px on 101 px leading on the 1080 square, tracking -15 units, one word only, all caps, Volt Orange on Card Charcoal, optically scaled until it touches both card margins at four times the body size, and 120 px on the vertical. Step 02, the subheading, is the episode label in PP Radio Grotesk Medium at 40 px on 46 px leading, tracked 80 units, all caps. Step 03, body, is Inter Regular at 30 px on 42 px leading, tracking 0, for body and sponsor copy held to 65 characters a line, with spec figures stepping up to Inter Medium tabular at 34 px and the print sheet at 9 pt. Step 04, fine print, is the disclosure in Inter Regular at 24 px on 34 px leading, tracking +10 units, which is the floor of the system and never goes smaller. The verdict never runs to two words.","The verdict is one word only, all caps in PP Radio Grotesk Bold, tracked minus 15 units and optically scaled until it touches both card margins, Volt Orange on Card Charcoal.","Direct, dry, and unhyped. We talk like a person who has actually used the thing. Sponsor copy runs as written and the disclosure line is exact. We never oversell.","Independence from the manufacturers we cover, honesty about what we tested, consistency across the grid, and respect for the audience that trusts the verdict.","The channel bug exists only as a flat export on white and we have no editable brand kit. On-screen cards get rebuilt from scratch every episode, which is the problem we want solved. We need the bug prepared as reusable artwork and the card set delivered as a file we can reopen and change each week.","Distribution: Grounds and panels are Card Charcoal, with Bench Grey for secondary panels and Panel White for any light panel; Muted Steel is never a ground or panel. Volt Orange is never a ground or panel on either film; on the cover it may be one solid ground behind the photograph, and is otherwise never a ground or panel there either. The verdict is Volt Orange on a solid Card Charcoal ground on both films. On Card Charcoal or Bench Grey, all other type is Panel White, with Muted Steel for secondary labels and units, as on voltcast_e42_select_09.jpg. On Panel White, and on the cover's optional Volt Orange ground, type is Card Charcoal. Volt Orange is the only accent: apart from the verdict word and the cover's optional ground, it appears only as thin accent rules and small highlights, together no more than 5% of the designed, non-photographic area.
Opacity: Every palette colour is used solid, at 100% opacity, on every held frame. No tint, transparency, gradient, shadow, glow or blend mode is applied to any palette colour, any type or the channel bug, and no scrim, gradient or overlay of any colour, black and white included, is laid over the footage or the cover photograph. A straight cut or a plain fade between two shots is a transition, not a tint.
Forbidden: No colour outside the five palette hexes for type, grounds, panels, rules or icons; the one exception is the channel bug, placed in the ink of voltcast_bug_transparent.svg or voltcast_bug_reversed.svg as supplied. No second accent colour, no glow, drop shadow, bevel or other broadcast-gloss effect on any type, panel or the bug, and no Meridian VPN logo on any output in this pack.
Photography: The supplied footage (voltcast_e42_master.mp4, voltcast_e42_bench_02.mp4, voltcast_e42_panel_03.mp4, voltcast_e42_load_04.mp4 and voltcast_e42_carry_05.mp4) and the cover photograph keep their own colour and are never tinted, duotoned or graded toward the palette; colours inside the picture, such as a unit's orange accent stripe, are not design colours."
SB3-090-MOT,DAYDRIFT - Vertical interview short series,Motion & Audio,DAYDRIFT,"Two chairs, one long conversation.","Independent long form interview podcast with a YouTube channel, one guest per episode, made and recorded in the show's own room.","Started 2021 in Portland, Oregon. A two person show: two hosts, one room, nine episodes a season.","DAYDRIFT is a slow, unhurried interview show built around one guest and one real conversation that runs the better part of an hour. It is made by two people in a room they know well, funded by a small paying membership and one renewing sponsor. The promise is intimacy: you are sitting in on a talk between people who like each other, not watching a broadcast.","Regular listeners aged thirty to fifty, most of them listening at work through the day. About two hundred paying members at eight dollars a month, plus a few thousand free listeners who click through to the channel page.","Membership at eight dollars a month with one modest renewing sponsor. Squarely independent: above hobby, well below a network production. The look must read considered and hand made, never broadcast and never scrappy meme.","warm, unhurried, considered, hand made, domestic, sincere","Lamplight Amber #C68A4E · optional accent. Hairline rules and the keyline around a picture window only, as on daydrift_card_2025.pdf. Never a ground, card, panel or type colour, and never a tint or grade laid on the footage.
Deep Room Brown #3A2E26 · mandatory where a ground, card or panel is used, or where type sits on Foam Cream. Episode titles and the show name on Foam Cream, as the title on daydrift_card_2025.pdf and the one deep ink on daydrift_mic_flag.jpg, and the dark ground or card that type and the show name are reversed out of in Foam Cream.
Foam Cream #EDE4D3 · mandatory. The light ground and picture-window fill, as on daydrift_card_2025.pdf, and every line of type or show name set on Deep Room Brown or directly over the lamplit footage.
Slate Ink #2B2B2E · mandatory where a guest name, credit or the sponsor line sits on Foam Cream. The guest name, credits and the sponsor line on Foam Cream, as the guest credit and sponsor line on daydrift_card_2025.pdf. Never a ground, card or panel.
Muted Sage #7C8471 · optional accent. A recording date on Foam Cream, as the date on daydrift_card_2025.pdf, and small dividers only. Never a ground, card, panel, title or guest name.","DAYDRIFT runs a warm high contrast serif over a humanist sans, in four steps. Step 01, display, is Romie Regular at 64 px on 78 px leading, tracking -5 units, for episode titles and cover topics on the 1080 by 1350 covers, rising to 72 px on trailers and setting 24 pt on 29 pt in print. Step 02, the subheading, is Romie Italic at 44 px on 52 px leading, tracking -2 units, for the guest name directly under the title, and it is the only slanted type anywhere in the show. Step 03, body, is Cronos Pro Light at 34 px on 48 px leading, tracking 0, for credits and cover copy held to 65 characters a line, with print copy at 9 pt. Step 04, fine print, is Cronos Pro Light at 26 px on 36 px leading, tracking +10 units, for dates and the sponsor line. The show name is never typeset at any step; it stays the flag artwork.","Italic is reserved for exactly one thing, the guest name in Romie Italic under every episode title, the only slanted type anywhere in the show.","Plain, warm and a little understated, the way two friends actually talk. We never oversell a guest. Example line the brand would write: ""Episode eight. We sat down with her for an hour and did not want it to end.""","Honesty and warmth over polish. The show would rather be small and real than slick, and it wants a look it can keep running itself next season without re commissioning.","There are no brand files left. The show name only survives as artwork on the foam flag on the microphone, drawn years ago by a friend who has since moved away and left no source file. Last season's printed episode card exists only as the print file the printer returned. Everything else has to be rebuilt from those.","Distribution: Grounds, cards and panels are Foam Cream or Deep Room Brown and nothing else. On Foam Cream, the episode title and the show name are Deep Room Brown, and the guest name, credits and the sponsor line are Slate Ink, as on daydrift_card_2025.pdf; a recording date may be Muted Sage. On Deep Room Brown, and wherever type sits directly over the lamplit footage, all type and the show name are Foam Cream. Lamplight Amber (hairline rules and picture-window keylines) and Muted Sage (a date line or small dividers) together cover no more than 5% of the designed, non-footage area and are never a ground, card, panel, title or guest name.
Opacity: Every palette colour is used solid, at 100% opacity, on the covers and on every held frame of the films. No tint, transparency, gradient, shadow, glow or blend mode is applied to any palette colour, and no translucent scrim, gradient or tinted overlay of any colour, black and white included, is laid over the footage or a frame taken from it: a text card sits over or beside the footage as a solid block. A straight cut or a plain fade between shots is a transition, not a tint.
Forbidden: No colour outside the five palette hexes for type, grounds, cards, panels, rules, keylines or the show name, plain white and black included. No gradient, glow or drop shadow on any type, card or the show name, and the show name is never shown as a photograph of the foam flag.
Photography: The supplied footage (daydrift_ep02.mp4, daydrift_ep02_room_02.mp4, daydrift_ep05.mp4, daydrift_ep05_table_02.mp4, daydrift_ep08.mp4 and daydrift_ep08_room_02.mp4) and any frame taken from it are never tinted, duotoned or graded toward the palette, Lamplight Amber included: the lamplit rooms are not warmed further to match it. A correction confined to the lamp side of daydrift_ep08.mp4 is allowed."
SB3-091-MOT,STATIC FOX - Thumbnail and animated channel package,Motion & Audio,STATIC FOX,Co op disasters and bad decisions.,"Mid tier comedy gaming YouTube channel: co op gameplay, reaction humour and a weekly members stream.","Running since 2019 out of Manchester, England. One creator with a home setup, six uploads a month plus a Sunday members stream.","STATIC FOX is a loud, fast comedy gaming channel built on co op chaos and the creator's on camera reactions. Around four hundred thousand subscribers watch for the disasters, the bad calls and the running jokes. The videos land once people click, so the whole brand fight happens on the thumbnail, in the feed, at a glance.","Mostly fifteen to twenty five, watching in a crowded feed on phones. They want energy and payoff, not taste. Income comes from advertising and channel memberships.","Mid tier creator funded by ad revenue and memberships. The work has to be loud, saturated and heavy on the face and the moment, because that is what wins the click at this level. Restrained and tasteful reads as the wrong channel; pure noise stops reading as one channel at all. Loud and coherent is the line.","loud, chaotic, playful, irreverent, high energy, unpretentious","Fox Orange #FF5A1F · mandatory. The channel's lead colour, the orange of Scrap's fur in staticfox_scrap_render.png and of the fox-head emblem in staticfox_patch.jpg. In every design it appears in the type, panels, shapes or background, not only inside Scrap: a title fill, Inter type on Jet Black, a solid panel or ground, or a shape.
Static Purple #7A2FF2 · optional. Solid grounds, panels and shapes behind the title and Scrap, echoing Scrap's purple headset. Carries Signal White or Acid Signal type, and is itself an Inter type colour on Signal White. Never a title fill or outline.
Acid Signal #B6FF2E · optional accent. Title-word fills, Inter lines on Jet Black or Static Purple, and small highlight shapes. Never a ground or panel; leaving title-word fills aside, no more than 10% of the designed, non-footage area.
Jet Black #101014 · mandatory wherever a title is set. The hard outline on every title word, as the type system requires; also dark grounds and panels, and Inter type on Fox Orange or Signal White grounds.
Signal White #FFFFFF · optional. Title-word fills, Inter type on Jet Black or Static Purple, and light grounds or panels.","STATIC FOX runs two faces. Step 01, Display / H1, is Univers 59 Ultra Condensed capitals at 190 px on 200 px leading, tracking -0.01 em, carrying the setup words, for example WE HAD ONE JOB, and dropping to 96 px on long copy. Step 02, Subheading / H2, is the payoff word in Univers 83 Extra Black Extended at 150 px on 165 px leading, tracking -0.015 em, for example NOPE, set as the last row of that same stack and never condensed. Step 03, Body, is Inter SemiBold 600 at 54 px on 62 px leading, tracking 0, max 65 characters, for tags and the end card. Step 04, Fine print, is Inter SemiBold 600 at 40 px on 52 px leading, tracking +0.03 em, for credits, with merch at 14 pt on 18 pt. Every word of the title carries a hard black outline.","A width flip inside one family: the setup words are set in Univers 59 Ultra Condensed and the final payoff word jumps to Univers 83 Extra Black Extended, so a narrow stack of capitals suddenly fattens on the last word.","Fast, funny, self deprecating and a bit chaotic, always in on the joke. Example line the brand would write: ""We had one job. We did not do the job. New one up now.""","Repeatability and independence. The creator wants a set that looks like one channel and a file they can keep editing themselves, so they never have to pay for a new one when a title changes.","The mascot, Scrap the fox in a headset, was drawn two years ago and survives only as a flat shaded render on a dark panel, with no clean cutout. The merch fox head emblem's original file is long gone and exists only as a photo of the embroidered patch on the creator's hoodie. There is no brand kit; titles and catchphrases live in a text file.","Distribution: Grounds and panels are solid Jet Black, Static Purple, Fox Orange or Signal White, and so are shapes, apart from small Acid Signal highlight shapes. Title words (Univers) are filled Signal White, Acid Signal or Fox Orange, the palette colours that reach 4.5:1 against the hard Jet Black outline every title word carries. Inter lines are Signal White, Acid Signal or Fox Orange on Jet Black; Signal White or Acid Signal on Static Purple; Jet Black or Static Purple on Signal White; Jet Black on Fox Orange, the pairs that reach 4.5:1. Fox Orange appears in the type, panels, shapes or background of every design, not only inside Scrap. Acid Signal is an accent: title fills, Inter lines and small highlight shapes only, never a ground or panel; leaving title-word fills aside, it covers no more than 10% of the designed, non-footage area.
Opacity: Every palette colour is used solid, at 100% opacity: no tint, partial transparency, blur, gradient or blend mode on type, outlines, panels or shapes, and no scrim or colour wash of any colour, black and white included, over a capture frame. A hard, unblurred offset shadow or second stroke in a solid palette colour is allowed. In the films, elements may animate position, scale or opacity, with motion blur, while they move; every held frame, and the final end card, is solid and unblurred. A cut or plain fade between shots is a transition, not a tint.
Forbidden: No colour outside the five palette hexes for type, outlines, panels, shapes, icons or backgrounds.
Photography: Capture frames keep their own corrected colour and are never recoloured or washed toward the palette; no capture is pushed toward Static Purple #7A2FF2 or any other palette hex. Scrap keeps the orange fur and purple headset drawn in staticfox_scrap_render.png."
SB3-092-MOT,NIGHTFORM - Low Beam music release package,Motion & Audio,NIGHTFORM,Music for the drive home.,"Self released independent electronic music. Streaming first, with physical vinyl and cassette editions through independent record shops.","A solo project running since 2020 in Portland, Oregon. One artist who writes, produces and releases everything without a label.","NIGHTFORM is a self released electronic project built on mood: late, atmospheric, cinematic tracks that sound like driving at night. The next single, Low Beam, is bought on feeling and on the sense that one person made the whole thing, so every visual has to carry the same nocturnal weight as the music.",Streaming listeners roughly nineteen to thirty four who follow the mood. Physical buyers pay twelve to twenty eight dollars for vinyl and cassette through independent shops.,"Independent, no label, priced as a self released record. The look has to be dark, grainy and slightly rough, never bright, clean and commercial, which would read as a car advert or a stock reel. Total blackness is the other failure: the road still has to be legible on a phone in daylight.","cinematic, nocturnal, moody, understated, atmospheric, self made","Sodium Amber #C77A2E · optional accent. A thin rule, such as the rule beneath the wordmark on nightform_card_2024.pdf. Never a ground, a panel or a line of type.
Asphalt Black #0C0E12 · mandatory where type sits on a Tunnel White board. All type on a Tunnel White board, as on nightform_card_2024.pdf, and a solid dark ground or panel behind Tunnel White type. Never a type colour over footage.
Tunnel White #E8E4DC · mandatory. The colour of every line of type on the films and the cover, set over night footage or a solid Asphalt Black, Wet Slate or Low Beam Grey panel: the title that pairs with the wordmark as the second of the two white lines, the release line, captions, credits and fine print. A ground only on printed board, as the board of nightform_card_2024.pdf. The wordmark itself keeps the white of nightform_wordmark.png.
Wet Slate #1E2530 · optional. A solid dark ground or panel behind Tunnel White type, in place of Asphalt Black. Not a type colour on a dark ground, where it would not read.
Low Beam Grey #4A4F58 · optional. Rules, dividers or a solid panel behind Tunnel White type. Not a type colour on a dark ground, where it would not read.","NIGHTFORM runs Folio for display and Söhne for text. Step 01, Display / H1, is Folio Medium capitals at 96 px on 104 px leading, letterspaced 0.24 em, for example LOW BEAM, optically fitted to the exact width of the recovered wordmark above it and set at 30 pt on 33 pt on the sleeve. Step 02, Subheading / H2, is the same Folio Medium capitals at 72 px on 80 px leading, still 0.24 em and still width fitted, for the teaser, for example OUT FRIDAY. Step 03, Body, is Söhne Buch 400 at 30 px on 42 px leading, tracking 0, max 65 characters, carrying credits and formats, 8.5 pt on 12 pt in print. Step 04, Fine print, is Söhne Buch 400 at 22 px on 30 px leading, tracking +0.04 em, numerals tabular lining, 7 pt on 10 pt in print. A title never breaks onto two lines.","The track title is set in Folio Medium capitals letterspaced 0.24 em and optically fitted to the exact width of the recovered wordmark above it, so every release reads as two white lines of identical measure, one tight and one airy.","Spare and evocative, closer to a liner note than a sales line. Example line the brand would write: ""Low Beam. Recorded from the passenger seat, north of the city, around eleven at night.""","One person, one mood, made without a label. The artist changes the words up to the drop date and cannot re commission, so anything text bearing has to stay editable.","The wordmark survives only as a flat exported picture: separated white capitals on a solid black square, from a source file no one still has. It has to be recovered as usable artwork. The previous release's sleeve card exists only as the printer's press PDF, and the whole visual identity for this single comes out of one forty five second night take.","Distribution: On the films and the cover, grounds are night footage or a solid Asphalt Black, Wet Slate or Low Beam Grey panel, and every line of type is Tunnel White, while the wordmark keeps the white of nightform_wordmark.png. A Tunnel White ground belongs only to printed board, where type is Asphalt Black with a thin Sodium Amber rule beneath the wordmark, as on nightform_card_2024.pdf. Sodium Amber is a thin rule or divider only, never a ground, a panel or type; Sodium Amber and Low Beam Grey rules and dividers together take no more than 5% of the designed, non-footage area.
Opacity: Every palette colour is used solid, at 100% opacity; no tint, transparency, gradient, shadow or blend mode; no scrim, gradient, vignette or overlay of any colour, black and white included, laid over footage or a photograph.
Forbidden: No colour outside the five palette hexes for type, panels, rules or icons (the recovered wordmark keeps its own artwork); no texture or distress on any type, since nothing is ornamented or distressed; no bright, clean, commercial treatment of type or ground.
Photography: Footage keeps its own colour and is not recoloured toward the palette hexes: sodium lamps stay amber and the road stays its own colour. It is never lifted into a bright, clean commercial look; a darker, grainier grade toward the brand's night look is allowed as long as the road still reads on a phone in daylight. The near-black low-key ground of nightform_low_beam_take.mov is not flattened to Asphalt Black."
SB3-093-MOT,Emberline - Food channel thumbnail and motion package,Motion & Audio,Emberline,"A good kitchen, every day.","Daily food and craft television show on a regional daytime slot, with promos cut for the short video feeds and a same day turnaround.","On air since 2018, produced in Providence, Rhode Island. A small daily production crew that shoots in the morning, cuts in the afternoon and posts the promo before anyone leaves.","Emberline is a bright, friendly daily food and craft show built around one host, a sunny studio kitchen and an accessible dish or make each day. It is free to watch and mainstream in the best sense: warm, unfussy and appetising. Because the promo ships every single day, the brand lives or dies on a look that can be reached again tomorrow by whoever is at the desk.","Mainstream daytime viewers skewing thirty five to sixty five, watching on a mid range television and on their phones. The show is free and the products featured run ten to thirty dollars.","Regional daytime, free to watch, everyday products. The look must be lively, clean and appetising, never moody, filmic or corporate, and never a two hundred dollar tasting menu with deep shadows and fine type. Hard broadcast punch is the other failure: it stops the food looking edible.","bright, warm, friendly, appetising, accessible, dependable","Ember Coral #E8623D · mandatory. The house colour: the thumbnail's ground behind the dish and the fills behind on-screen straps, as emberline_rundown.md sets them; on the programme cards, the segment-number disc; and the Emberline bug's mark, as on emberline_card_template.pdf. Type on it is Fresh Cream. Never body text or a card note.
Fresh Cream #FBF4E7 · mandatory. The ground of every programme card and of any text panel, as on emberline_card_template.pdf; the panel or pill behind the Emberline bug, as in emberline_bug_grab.png; and all type reversed out of Ember Coral.
Herb Green #5FA05A · mandatory on the programme cards, for the time and card note. The time line and card note on Fresh Cream, as on emberline_card_template.pdf. Elsewhere optional, for small type on Fresh Cream only. Never a ground, panel or fill.
Warm Charcoal #33302B · mandatory where titles, segment names or the strap sit on Fresh Cream. Titles, segment names, the strap line and the show name set on Fresh Cream, as the segment name and strap on emberline_card_template.pdf. Never a ground, panel or fill.
Sunlit Butter #F2C14E · optional accent. The inner ember of the Emberline bug, as on emberline_card_template.pdf, and small accents such as an underline or divider. Never a ground, panel, fill or line of type.","Emberline runs Optima nova for display and Omnes for text. Step 01, Display / H1, is Optima nova Demi at 150 px on 165 px leading, tracking -0.01 em, for example a title reading Weeknight gratin, on the table in an hour, with its first letter at 262 px, 1.75 times the cap height, on the shared baseline and hung left outside the block. Step 02, Subheading / H2, is Optima nova Demi at 96 px on 106 px leading, tracking -0.005 em, for the endboard and show name, with spoken straps in Omnes Semibold 600 at 84 px on 100 px. Step 03, Body, is Omnes Regular 400 at 36 px on 48 px leading, tracking 0, max 65 characters, for card notes, 11 pt on 15 pt in print. Step 04, Fine print, is Omnes Regular 400 at 24 px on 32 px leading, tracking +0.03 em, 8 pt on 11 pt in print. Optima is never condensed to fit.","Every title carries a single oversized initial, the first letter set at 1.75 times the cap height of the rest on the shared baseline and hung left outside the text block so one big flared letter always breaks the margin.","Upbeat, plain and welcoming, like a host talking to a regular viewer. Example line the brand would write: ""Today on Emberline: a white bean and rosemary gratin you can have on the table in under an hour.""","Repeatability and warmth. What the show is actually buying is a look and a written recipe a different editor can run tomorrow, so the brand stays consistent day after day without drift.","There is no clean brand kit. The typefaces the on air package used survive only as a previous designer's note written from memory, in loose form. The house colour is recorded twice with two different values, one from the on air graphics package and one from the print kit, with nothing saying which governs, so it must be settled before use.","Distribution: Grounds, panels and fills are Fresh Cream or Ember Coral, solid, and nothing else; every programme card sits on Fresh Cream. On Fresh Cream, titles, segment names and the strap are Warm Charcoal, the show name is Warm Charcoal or Ember Coral as in the bug's wordmark, and the time and card notes are Herb Green, as on emberline_card_template.pdf. On Ember Coral, all type is Fresh Cream, as the segment number reversed out of the disc. On-screen text over footage sits on an Ember Coral strap fill or a Fresh Cream panel, never straight on the picture. Sunlit Butter is a small accent, no more than 5% of the designed, non-photographic area, never a ground or a line of type.
Opacity: Every palette colour is used solid, at 100% opacity, with one exception taken from emberline_card_template.pdf: a Fresh Cream #FBF4E7 pill at 92% opacity may sit behind the Emberline bug where the bug is placed over a photograph or footage, as the bug and its pill sit inside the photo panel on emberline_card_template.pdf. No other tint, transparency, gradient, shadow, glow or blend mode is used, and no translucent scrim, vignette, gradient, tint or shadow of any colour, black and white included, is laid over footage or photographs; solid Ember Coral strap fills and solid Fresh Cream panels carrying type, and the bug with its pill, may sit over them.
Forbidden: No colour outside the five palette hexes for type, panels, fills, rules, buttons or icons. No Warm Charcoal or other dark ground, panel or fill, which reads moody or corporate, and no gradient, glow or drop shadow on type.
Photography: Footage and stills keep their own colour. They may be corrected for white balance and exposure, but are never tinted or recoloured toward the palette, never graded moody, filmic or low-key, and never given hard broadcast punch (heavy sharpening, crushed blacks, oversaturation) that stops the food looking edible. The gratin keeps its own golden crust and white glazed dish."
SB3-094-MOT,Halden Diaries - Season recap video package,Motion & Audio,The Halden Diaries,an ordinary week filmed,"Independent daily vlog channel, self shot and self edited, patron supported, entering its first sponsored season.","Founded 2021, Portland, Maine, a one person channel run entirely by its creator Nate Halden.","The Halden Diaries is a self shot, self edited vlog in which Nate Halden films an ordinary week in his own flat and puts out one episode every Sunday. The channel promises intimacy over production: the same rooms, the same face, the same unhurried attention week after week. Season two is its first with a sponsor, and the whole point is that the sponsor changed nothing about how the week feels.","Loyal rather than large, aged 24 to 38, patrons who pay 6 dollars a month for closeness and receive a printed card set at each season end. They buy the feeling of a friend filming his week, not a studio production.","Patron subscriptions at 6 dollars a month with a printed card set mailed at season end, first sponsored season attached. Sits deliberately between a phone edit and a studio channel: domestic warmth held to a professional standard.","warm, unhurried, lived in, honest, homemade but careful, quietly consistent","Board Ink #2B2A33 · mandatory. All type on Warm Paper or Limewashed Pine grounds: the week numeral, episode title, date, standfirst and captions, as on halden_patron_card_2025.pdf, where only the channel address may instead be Window Sage. The HALDEN wordmark and its hairline rule, painted in this one deep ink on halden_desk_board.jpg, and the redrawn board rule. May also be a solid panel or card ground, as the picture-box backing on halden_patron_card_2025.pdf.
Limewashed Pine #EDE6D6 · optional. A secondary light ground, the limewashed pine the wordmark is painted on in halden_desk_board.jpg; carries Board Ink type and the wordmark. Never a type colour.
Kitchen Terracotta #C06A47 · optional accent. Hairline rules only, such as the rule under the title on halden_patron_card_2025.pdf, including the redrawn board rule. Never type, a ground, a panel or the wordmark.
Window Sage #8B9B82 · optional accent. The channel address only, set on a Warm Paper or Limewashed Pine ground, as the letter-spaced URL along the foot of halden_patron_card_2025.pdf. Never any other type, a rule, a ground or a panel.
Evening Dusk #6E7480 · optional accent. Rules and dividers only. Never type, a ground, a panel or the wordmark.
Warm Paper #F6F2E9 · mandatory. The main light ground of every cover and of each film's closing card, as the ground of halden_patron_card_2025.pdf; all type set on Board Ink; and, with Board Ink, the colour of any type set directly on footage or a photograph.","The Halden Diaries runs Avenir Next for display and Freight Text Pro for text. Step 01, Display / H1, is Avenir Next Demi Bold at 260 px on 273 px leading, tracking -0.02 em, carrying the week number as a single numeral, for example 14, with the redrawn board rule beneath it at 2 px cut to that numeral's exact width. Step 02, Subheading / H2, is Freight Text Pro Book 400 at 44 px on 58 px leading, tracking +0.01 em, carrying the episode title, for example The week the radiator won, roughly one sixth the numeral. Step 03, Body, is Freight Text Pro Book 400 at 44 px on 58 px leading, tracking 0, max 65 characters, for card copy, 10 pt on 14 pt in print. Step 04, Fine print, is Avenir Next Regular 400 at 28 px on 38 px leading, tracking +0.04 em, sentence case, with on screen captions in the same face at 44 px on 56 px and 8 pt on 11 pt in print. HALDEN is never set in Avenir Next.","An extreme size jump on every cover: the week number as one Avenir Next Demi Bold numeral at 260 px with the episode title beneath at 44 px, the redrawn board rule between them cut to the exact width of that numeral.","First person, plain, unhurried, a little self deprecating. He writes the way he talks to camera. Example line: 'An ordinary week, filmed. Thanks for staying with it.'","Intimacy and honesty: one man filming his own week, kept that way even with a sponsor in the room.","No brand files have ever existed. The channel name lives only as a board Nate hand painted on limewashed pine before the first episode, one deep ink with a painted hairline rule beneath it, and it survives only as a handheld photograph. The wordmark HALDEN has to be recovered from that photograph as usable artwork. There is no logo file, no colour spec and no prior guideline.","Distribution: Grounds, cards, panels and plates are Warm Paper, Limewashed Pine or Board Ink and nothing else; Warm Paper is the main ground of every cover and of each film's closing card, as on halden_patron_card_2025.pdf. On Warm Paper or Limewashed Pine, the week numeral, episode title, date, standfirst and captions are Board Ink, and the channel address is Board Ink or Window Sage, as on the card. On Board Ink, all type is Warm Paper. Type set directly on footage or a photograph is Warm Paper or Board Ink. The HALDEN wordmark and its hairline rule are always Board Ink on Warm Paper or Limewashed Pine, as painted on halden_desk_board.jpg. Window Sage is used only for the channel address, and Kitchen Terracotta and Evening Dusk only for rules; together these three accents cover no more than 5% of the designed, non-photographic area of any cover or frame, and none is ever a ground.
Opacity: Every palette colour is used solid, at 100% opacity, on every cover and in every held frame. No tint, transparency, gradient, shadow, glow or blend mode is applied to any palette colour, and no scrim, darkening, gradient, vignette or overlay of any colour, black and white included, is laid over footage or a photograph: text sits on a solid palette card, panel or plate, or directly on the picture. A fade in or out of a whole card or shot during a transition is allowed.
Forbidden: No colour outside the six palette hexes (#2B2A33, #EDE6D6, #C06A47, #8B9B82, #6E7480 and #F6F2E9) for type, cards, panels, plates, rules or the wordmark; no metallic, glow, bevel, gradient or drop-shadow effect on any type, rule or the wordmark; and no pine grain, board edge, hanging string, wall or lamp light from halden_desk_board.jpg carried into the wordmark artwork.
Photography: Footage keeps its own colour, or a neutral white-balance correction of it. Stills used on the covers are pulled to one neutral white point, so the three covers read as one season, without turning the flat into a studio. Nothing is tinted, duotoned or washed toward a palette colour, and halden_still_03.jpg and halden_still_05.jpg are never pushed toward Kitchen Terracotta."
SB3-095-MOT,Anvil and Oak Strength - Movement coaching clip library,Motion & Audio,Anvil and Oak Strength,"strength, taught plainly","Subscription strength training app with a coached movement library, sold direct to home gym subscribers.","Providence, Rhode Island; canonical context for the repeat-client series.","Anvil and Oak Strength is the repeat client for this benchmark series. The canonical client context is Providence, Rhode Island, and this commission covers phase 2: coached movement video library.","Subscribers aged 30 to 52 with a home or garage gym, already lifting and paying for instruction rather than motivation. They can tell a coach from a cheerleader and buy the difference.","49 dollars a month, coached strength, extended a quarter at a time. Positioned as a working coach's studio: clearly above a 9 dollar mass fitness app and deliberately clear of a clinical or rehabilitation register.","competent, grounded, unhurried, honest, craftsman like, quietly confident","Anvil Iron #2B2B2E · mandatory. Movement names and cue text on a Chalk or Whitewash Wall ground, the “STRENGTH” line and the certification seal on a light ground, all as on anvil_oak_exercise_card_2025.pdf; and the solid dark panel or ground that carries Chalk or Whitewash Wall type beside or over footage.
Oak #6B4A2E · mandatory for the wordmark on a light ground. The wordmark “ANVIL & OAK” on Chalk or Whitewash Wall, and cue numerals if cues are numbered, both as on anvil_oak_exercise_card_2025.pdf. Never a ground, a panel, a movement name or cue text.
Whitewash Wall #EDE8DF · optional. A second light value: a light ground or panel carrying Anvil Iron type, or type, the wordmark and the seal reversed out of Anvil Iron. Chalk stays the main light ground and still appears. Never a rule or an accent.
Chalk #F4F2ED · mandatory. The main light ground, as the card ground on anvil_oak_exercise_card_2025.pdf, for title frames, cue panels and the closing wordmark frame; and type, the wordmark and the seal reversed out of Anvil Iron.
Ember Rust #A6552F · mandatory wherever a movement name is set. The 3 px rule under the lower row of every movement name, cut to that row's exact width (the signature move). Never type, a ground, a panel or an icon.
Steel Grey #8A9099 · optional accent. Secondary lines, such as a muscle-group line as on anvil_oak_exercise_card_2025.pdf, and fine print, on Chalk or Whitewash Wall. Never a movement name, a cue, a ground or a panel.","Anvil and Oak Strength runs Trade Gothic for display and Benton Sans for text. Step 01, Display / H1, is Trade Gothic Bold Condensed No. 20 capitals at 96 px on 60 px leading, tracking -0.01 em, carrying movement names on the wide reel, for example ROMANIAN DEADLIFT forced onto two flush left rows, the leading being 0.86 of the 70 px cap height, with a 3 px Ember Rust rule under the lower row at that row's exact width, and 34 pt on 21 pt on the printed card. Step 02, Subheading / H2, is the same face at 72 px on 45 px leading, tracking -0.01 em, for the square cutdown, for example FRONT SQUAT, again on two rows under the rust rule. Step 03, Body, is Benton Sans Medium 500 at 48 px on 67 px leading, tracking 0, max 65 characters, carrying coaching cues at 1.4 spacing, 56 px on 78 px in the vertical cutdown and 10.5 pt on 15 pt in print. Step 04, Fine print, is Benton Sans Medium 500 at 28 px on 38 px leading, tracking +0.04 em, numerals tabular lining, 8 pt on 11 pt in print. A movement name is never set on one line.","Every movement name is forced onto two lines whatever its length, flush left with leading at 0.86 of the cap height so the rows almost touch, and a 3 px Ember Rust rule pinned under the lower line at exactly that line's width.","Direct, instructional and calm. Speaks like a coach giving a cue, not a brand selling one. Example line: 'Brace, hinge, drive through the floor. That is the whole lift.'","Competence and honesty: real bodies doing real work, taught by people who actually lift.","The wordmark and the in house certification seal survive only as stitching on a canvas gym bag patch, held now as one handheld photograph. Both have to be recovered from that photograph as artwork before they can go on the cards and the library sheet. The seal is a compound ring lockup, type set around a central anvil glyph inside a ruled ring. There is no vector file, no colour spec and no prior guideline.","Distribution: Grounds and panels are Chalk, Whitewash Wall or Anvil Iron and nothing else; Chalk is the main light ground, as on anvil_oak_exercise_card_2025.pdf. On Chalk or Whitewash Wall, movement names, cues, the “STRENGTH” line and the seal are Anvil Iron, the wordmark “ANVIL & OAK” is Oak, and secondary lines and fine print are Anvil Iron or Steel Grey, as on the card. On Anvil Iron, all type, the wordmark and the seal are Chalk or Whitewash Wall. Ember Rust is the 3 px rule under each movement name and nothing else. All designed type, the wordmark and the seal sit on a solid ground or panel, never straight on footage, as the card keeps its type off the photograph. Ember Rust and Steel Grey together cover no more than 5% of the designed, non-footage area of any frame.
Opacity: Every palette colour is used solid, at 100% opacity. No tint, transparency, gradient, shadow, glow or blend mode is applied to any palette colour, type, rule, the wordmark or the seal, and no scrim, gradient, vignette or overlay of any colour, black and white included, is laid over the footage: a name or cue over a shot sits on a solid Chalk, Whitewash Wall or Anvil Iron panel. Cuts and short dissolves between shots are transitions, not tints; colour and opacity are judged on a settled frame.
Forbidden: No colour outside the six palette hexes for type, panels, rules, icons, the wordmark or the seal, pure white #FFFFFF and pure black included. No glow, drop shadow, gradient, bevel, outline or metallic effect on any type, rule, panel, the wordmark or the seal. No Ember Rust type, ground, panel or icon.
Photography: The supplied takes keep their own colour and are never recoloured toward the palette: the whitewashed board wall in the footage stays as it was shot, not tinted to Whitewash Wall or Chalk, no take is warmed toward Oak or Ember Rust, and any correction only neutralises a colour cast."
SB3-096-MOT,Vitale Labs - Wellness editorial video package,Motion & Audio,Vitale Labs,clear about what we know,"Direct to consumer supplement line sold on subscription, with a short form educational video series.","Founded 2018, Denver, Colorado, a small direct to consumer supplement company with an in house presenter.","Vitale Labs is a small Denver supplement line sold direct to consumers on subscription. Its presenter, Dr. [record subject] Reuter, fronts a short explainer series, The Balance Brief, that turns one cleared claim per episode into a calm, credible watch. The brand's whole positioning is restraint: it speaks to buyers who have been burned by overclaiming, and it rewards being believed over being loud.","Wellness curious buyers aged 30 to 50, cautious about health claims and burned by overclaiming before. They reward evidence and plain speech, and they close the tab on hype.","Bottles around 40 dollars a month on subscription. Positioned between a discount gummy stack and a 200 dollar longevity clinic: credible and warm, never clinical and never hyped.","credible, warm, calm, careful, unhurried, trustworthy","Lab Ink #23282B · mandatory. All type on Off White or Warm Neutral grounds, the cleared sentence after its initial included, as the episode number on the Soft Amber dot of balance_card_2025.pdf; the one dark ground, as beneath the portrait on balance_card_2025.pdf; and the only permitted scrim colour.
Warm Neutral #E7E0D4 · optional, secondary ground and secondary type. A light ground for cards that do not carry the cleared sentence, such as the closing card; and credit, label or detail lines on Lab Ink, as the presenter and air date lines on balance_card_2025.pdf. Never the ground of the cleared sentence.
Sage #7E8F6E · mandatory where the cleared sentence appears. The 2 px rule closing the cleared sentence, as the rule on balance_card_2025.pdf; otherwise only small labels, as the footline on balance_card_2025.pdf. Never a ground, card, panel or body text.
Clay #B5765A · mandatory where the cleared sentence appears. The one oversized initial dropped three lines deep at the start of the cleared sentence; otherwise only the short link, as on balance_card_2025.pdf. Never a ground, card, panel or body text.
Off White #F6F3EC · mandatory where the cleared sentence appears. The solid ground the cleared sentence stands alone on; a ground for other cards; and type on Lab Ink, as the title and claim on balance_card_2025.pdf.
Soft Amber #D9A24E · optional accent. Only a small episode-number dot carrying the number in Lab Ink, as on balance_card_2025.pdf. Never type, a rule, a ground, a card or a panel.","Vitale Labs runs a four step scale. Step 01, display, is Garamond Premier Pro Display Regular 400 at 64 px on 76 px leading with tracking of minus 10 units: the cleared sentence alone on Off White, one oversized Clay initial dropped three lines deep, a 2 px Sage rule closing it. Step 02, subheading, is the same face and weight at 58 px on 68 px with tracking of minus 8 units for the vertical cutdown, carrying the same initial and rule. Step 03, body, is Whitney Book at 30 px on 44 px, tracking 0, set to a maximum of 65 characters, with the presenter credit at the same 30 px in Whitney Medium. Step 04, fine print, is Whitney Medium at 24 px on 30 px with tracking of plus 40 units for the episode label, credits and reviewer line. The printed episode card sets the sentence at 28 pt on 34 pt. The sentence is never set in caps or italic, and Garamond Premier is only ever used at its Display optical size.",Every episode opens on the cleared sentence standing alone on Off White with one oversized Clay initial dropped three lines deep and a 2 px Sage rule closing it.,"Measured, warm and plain. States what is known and stops there. Example line: 'One change, explained clearly. No promises we cannot keep.'",Credibility over reach: never a claim the reviewer did not clear.,"The brand runs on the artwork its printer used last season. The episode card exists as the press PDF the printer worked from, and the per episode details live in a supplied sheet. Type and colour direction are inherited from that card rather than from a formal guideline, and the regulatory reviewer's cleared claim lines are fixed and cannot be reworded.","Distribution: Grounds, cards and panels are solid Off White, Warm Neutral or Lab Ink and nothing else. The cleared sentence stands alone on Off White, never on Warm Neutral, Lab Ink or footage. On Off White or Warm Neutral, type is Lab Ink, as the episode number on the Soft Amber dot of balance_card_2025.pdf, except the Clay initial of the cleared sentence and a Clay short link. On Lab Ink or its permitted scrim, type is Off White or Warm Neutral, as the title, claim, presenter and detail lines on balance_card_2025.pdf, with a small Sage label or a Clay short link allowed, as its footline and link. Sage, Clay and Soft Amber are accents (the Sage rule, the Clay initial, a Clay short link, small Sage labels, a small Soft Amber episode-number dot): together no more than 5% of the frame in any frame, and never a ground, card, panel or body text.
Opacity: Every palette colour is used solid, at 100% opacity, with one exception taken from balance_card_2025.pdf: in the lower part of the frame, behind type laid over footage (the opening lower third, the presenter credit or a closing line), a Lab Ink #23282B scrim may rise from clear at its top edge to no more than 93% opacity at the frame's bottom edge, as the card's scrim does behind its lower copy. No other tint, transparency, gradient, shadow, glow or blend mode is applied to any palette colour or type, and no other scrim, vignette or overlay of any colour, black and white included, is laid over footage. The cleared sentence sits on solid Off White, never on the scrim. A whole card or shot may cut or fade in and out during a transition; colour and opacity are judged on a held frame.
Forbidden: No colour outside the six palette hexes (#23282B, #E7E0D4, #7E8F6E, #B5765A, #F6F3EC and #D9A24E) for type, grounds, cards, panels, rules or devices, pure white #FFFFFF and pure black #000000 included; no metallic, glow, bevel or drop-shadow effect on any type, rule or device; no scrim in any colour but Lab Ink.
Photography: Footage and stills keep their own colour and are never tinted, duotoned or washed toward Sage, Clay, Soft Amber or any palette colour; the white lab coat stays a clean neutral white. Where balance_still_07.jpg, balance_still_08.jpg or balance_still_09.jpg is used, the faint green-tinged LED cast on the lab coat is not pushed further green, toward Sage, by a global warm correction."
SB3-097-MOT,Pulsevault - Event recap package,Motion & Audio,Pulsevault,made in the room,"Independent monthly warehouse club night, promoted social first to a door paying crowd.","Founded 2022, Cleveland, Ohio, an independent monthly warehouse night run by a small promoter crew.","Pulsevault is an independent monthly club night in a Cleveland warehouse, run by a small crew and promoted almost entirely on social in the days after each event. Door is 20 to 30 dollars, the room is late teens to twenties, and the night lives or dies on what goes up before the next tickets drop. Its audience follows the night, not the venue, and can smell something made by an agency from across the room.","Late teens to twenties, following the night rather than the venue. They read agency polish as proof the night has been bought and is no longer theirs.","A 20 to 30 dollar door at an independent monthly night. Positioned deliberately rough: loud and immediate, kept clear of both a 100 dollar festival brand and a homemade flyer nobody made.","loud, immediate, raw, rough on purpose, honest, high energy","Blackout #0C0C0F · mandatory. The only ground: the event recap cover, the next-event announcement and any title or closing card in the films sit on Blackout, as pulsevault_lineup_card_press.pdf does, and it is the only colour a photograph or footage may be screened with behind type. Never a type colour.
Stage Magenta #E0247C · mandatory in the Didot event line, where it floods the counters. The counters of the event line, and small chips with light type reversed out, as the billing pill on pulsevault_lineup_card_press.pdf. Never a line of type, a ground or a panel larger than a chip.
Laser Cyan #17C6D6 · optional accent. Numerals, secondary lines and thin rules, as the slot number on pulsevault_lineup_card_press.pdf. Never a ground or panel.
Flood Amber #E8933A · optional accent. Thin rules and dividers only; no supplied brand file sets it as type. Never type, a ground or a panel.
Concrete #4A4A50 · optional secondary type colour. Set times, secondary lines and fine print on Blackout, as the set-time line on pulsevault_lineup_card_press.pdf. Never a ground or panel.","Pulsevault runs a four step scale. Step 01, display, is Linotype Didot Headline Bold at 150 px on 156 px leading with tracking of minus 25 units: the cover event line, blown up until the hairlines almost vanish and cropped by the trim on both edges, with Stage Magenta flooding the counters. Step 02, subheading, is Aktiv Grotesk Medium at 96 px on 102 px with tracking of minus 10 units for the headliner, because Didot sets the event line and nothing else, with the date line at 48 px on 56 px in the same Medium. Step 03, body, is Aktiv Grotesk Regular at 54 px on 76 px, tracking 0, to a maximum of 65 characters, carrying the running order and set times, with support act names at the same 54 px in Medium. Step 04, fine print, is Aktiv Grotesk Regular at 30 px on 38 px with tracking of plus 40 units for the ticket line and address. The printed lineup card sets the event line at 40 pt on a layout that never changes. The painted wall mark is never re-typeset.","The event line is blown up until the hairlines almost vanish and it runs off both edges, so the trim crops the letters rather than the type fitting the frame.","Direct and hyped but never fake, written the way the crew actually talks. Example line: 'Saturday. Warehouse. Tickets Tuesday. Do not sleep on it.'","It belongs to the crowd: made by the people who run the night, not bought in.","Pulsevault has never had a logo file. The mark exists only hand painted on the brick beside the entrance and survives as one photograph taken at the end of the night under a single floodlight. The wordmark has to be recovered from that photograph as artwork the night can reuse, and it has to hold on a cover that is close to black. There is no colour spec and no prior guideline. The one thing the night reprints unchanged is a plain lineup card its print shop runs a small batch of each month, supplied as last month's flat press artwork: the running order and the per act details change every date, the layout does not.","Distribution: Blackout is the only ground: the cover, the next-event announcement and every title or closing card in the films sit on Blackout, as pulsevault_lineup_card_press.pdf does, and a photograph or footage may sit on it, screened darker with Blackout behind type. On Blackout, the event line and act names are the warm off-white #F2ECE0 of the card's masthead and act name; the date, ticket, doors, door and age lines are warm off-white, Laser Cyan or Concrete; slot numbers may be Laser Cyan and set times Concrete, as on the card. Stage Magenta fills the event line's counters and small chips carrying light type (#F7EEF4 on the card's billing pill). Laser Cyan, Flood Amber and Concrete together cover no more than 5% of the designed, non-photographic area and are never a ground or panel; Flood Amber is never type.
Opacity: Every palette colour, and the card's warm off-white, is used solid at 100% opacity on type, chips, panels and rules, with no tint, transparency, gradient, glow or blend mode. The one overlay allowed is the one pulsevault_lineup_card_press.pdf uses, which screens its full-bleed floor still dark behind the type: a photograph or footage may be screened darker with Blackout #0C0C0F alone, which darkens it without changing its hues. No overlay, wash or gradient of any other colour, white included, is laid over a photograph or footage. A card or line may cut or fade in or out as a whole; colour and opacity are judged on a settled frame.
Forbidden: No colour outside the five palette hexes for type, chips, panels, rules or icons, except the warm off-white of pulsevault_lineup_card_press.pdf (#F2ECE0, and #F7EEF4 in its billing pill) and the painted wordmark's own paint as recovered from pulsevault_wall_mark.jpg. No light or white ground. No glow, gloss, bevel, chrome, metallic or 3D effect on any type, chip, rule or the wordmark, since nothing may read as agency polish.
Photography: Footage and stills keep their own recorded light and colour and are never tinted or recoloured toward the palette. A picture may be screened darker with Blackout behind type; nothing else is laid over it, and no crowd, room or light is generated, extended or replaced."
SB3-098-MOT,Velvet Hour - Social film and story cutdowns,Motion & Audio,Velvet Hour,"One night a month, sit down and listen.","Arts, culture and live music (monthly ticketed jazz and folk night)","Founded 2021 in the back room of a bar, Providence, Rhode Island. Tiny: two organisers, ninety seats, one night a month.","Velvet Hour is a monthly ticketed jazz and folk night held in the ninety seat back room of a Providence bar. Two sets, no support, one camera in the same corner every month. The night sells intimacy and musicianship to people who read a lineup carefully, so everything we make should feel like a good room rather than a club or a concert hall.","Lineup literate adults roughly thirty to sixty who pay eighteen to twenty five dollars to sit close and listen. Locals who follow the acts, not a party crowd.","Mid, intimate. An eighteen to twenty five dollar ticket. Never budget club, never black tie concert hall.","Warm, Unhurried, Intimate, Editorial, Understated","Lamp Cream #EFE3C8 · mandatory. Every act name, the venue name, billing, door time, price and body type set on Back Room Green or over footage, as on velvet_hour_listing_card_printer.pdf; the one ink of the moth and lamp mark, as painted on velvet_hour_lampbox.jpg; and the ground of a small-print strip, as the footer strip of velvet_hour_listing_card_printer.pdf.
Back Room Green #243026 · mandatory. The main ground: the poster ground, the film end card and any solid panel, as the card ground of velvet_hour_listing_card_printer.pdf and the board the mark is painted on in velvet_hour_lampbox.jpg. Not a type colour.
Warm Ink #1C1A17 · mandatory where type sits on Lamp Cream. Small print and all type on a Lamp Cream ground, as the footer paragraph of velvet_hour_listing_card_printer.pdf, and the plain well behind a photograph, as its photo well. Never type on Back Room Green.
Ember Amber #C8873F · optional accent. Hairline rules and the date line, as the rule above the act name and the date on velvet_hour_listing_card_printer.pdf. Always flat. Never a ground, a panel or an act name.
Dust Rose #B6837C · optional accent. The tagline “One night a month, sit down and listen.” only, set small, as the kicker line on velvet_hour_listing_card_printer.pdf. Never a ground, a panel or an act name.","Velvet Hour runs a four step scale. Step 01, display, is Adobe Caslon Pro Regular 400 at 96 pt on 104 pt leading, tracking minus 5 units on the given name and 120 units on the true small caps surname: the headline act stacked on two lines, given name above surname, so the second line falls quieter than the first. Step 02, subheading, is the same face and stack at 48 pt on 54 pt for support acts, tracking minus 3 units on the given name and 120 units on the small caps surname, with the date line beneath at 24 pt on 30 pt in National 2 Regular. Step 03, body, is National 2 Regular at 11 pt on 16 pt, tracking 0, to a maximum of 65 characters, with the ticket line in National 2 Medium at the same size. Step 04, fine print, is National 2 Regular at 8 pt on 12 pt with tracking of plus 25 units. The film title card carries the same two line stack at 54 px on 64 px. An act name is never set in the sans.","Every act name stacks on two lines, given name above surname, with the surname in true Caslon small caps tracked 120 units so the second line falls quieter than the first.","Plain, affectionate, low key. Talks about the room and the players, never hypes. Short sentences, no exclamation, lets the act's face and the music do the work.","Story first, no gimmicks. Clean, coherent, honest to the room. We would rather look like a place people sit and listen than like a night that is trying too hard.","Our mark, a moth over a lamp inside a hairline arc of small caps type, was made by the designer who set up the night, and the source file went with them when they left. All that survives is the mark painted in one cream ink on the dark green lamp box by the door, which is why it has to be rebuilt from that as real artwork. No brand typeface was ever formally chosen, so the type system is open for you to set.","Distribution: Back Room Green is the main ground for the poster, the film end card and any solid panel, as on velvet_hour_listing_card_printer.pdf. Lamp Cream is a ground only for a small-print strip, where all type is Warm Ink, as that card's footer. On Back Room Green and over footage, act names, the venue name, billing, door time, price and body are Lamp Cream; the date line may be Ember Amber and the tagline Dust Rose, as on the card. The mark is drawn in flat Lamp Cream on Back Room Green, as painted on velvet_hour_lampbox.jpg. Ember Amber and Dust Rose are accents for hairline rules, the date line and the tagline only, together no more than 5% of the designed, non-photographic area, never a ground, a panel or an act name.
Opacity: Every palette colour is used solid, at 100% opacity. No tint, transparency, gradient, shadow, glow or blend mode is applied to any palette colour, any type or the mark, and no scrim, vignette, gradient or overlay of any colour, black and white included, is laid over footage or a photograph: type sits straight on the footage or on a solid Back Room Green card or panel. In the films a card or line may cut or fade in and out as a whole; colour and opacity are judged on a settled frame.
Forbidden: No gold, foil, metallic sheen, glow, drop shadow or other display gimmick on any type, rule, panel or the mark, as the brand's own typography note rules out (“No display gimmicks, no gold foil gestures.”); Ember Amber is always a flat colour. No colour outside the five palette hexes for type, grounds, panels, rules or the mark.
Photography: Footage and photographs keep their own colour and are never tinted, duotoned or washed toward the palette. The six takes keep the warm lamp light and the green room as filmed. The act photographs keep natural skin: next_month_act_01.jpg is not pushed grey or orange, and the printed halftone dots in next_month_act_04.jpg are not resampled into a moire. A bar still such as velvet_hour_still_07.jpg keeps natural skin under its warm cast, not taken grey by a whole-frame neutral balance."
SB3-099-MOT,Milepost Driving Academy - Scenario clip training library,Motion & Audio,Milepost Driving Academy,"Calm, thorough, road ready.",Driver education and road safety training (accredited in car and classroom academy),"Established 2009 in Burlington, Vermont. Small: two instructors, roughly sixty learners a term.","Milepost is an accredited driving academy in Vermont running in car lessons and a classroom course. Two instructors, about sixty learners a term, mostly sixteen to nineteen with a steady number of adult beginners. Our reputation is that we are calm and thorough, and every learner leaves certain about what they are looking at. Everything we make has to earn the trust of a nervous learner and the parent paying for the course.","Learners sixteen to nineteen plus adult beginners, with the purchase decision usually made by a parent. People who want reassurance that the school is careful and legitimate.","Mid, accredited and dependable. Sixty dollars an hour. Not a budget app, not a premium driving experience brand.","Calm, Thorough, Clear, Accountable, Neutral","Signal Green #2E6B4F · mandatory. The scenario number, with its 3 px Caution Amber rule beneath (type system signature move), and the scenario title, as on milepost_guide_2019.pdf, always on Route White. Never a ground, a panel, step text or callout text.
Route White #F7F7F4 · mandatory. The only ground: every text card and text panel, as the page ground of milepost_guide_2019.pdf. All type sits on it, never directly on road footage.
Slate Text #2A2E33 · mandatory where steps, the callout or captions sit on Route White. Step lines, the callout and captions on Route White, as on milepost_guide_2019.pdf, and the stop glyph, drawn like the single dark ink of milepost_glyph_sheet.jpg. Never a ground or panel.
Caution Amber #E4A11B · mandatory as the 3 px rule beneath every scenario number. Thin rules only: the 3 px rule directly beneath the scenario number, and at most a short rule above the callout, as on milepost_guide_2019.pdf. Never type, a ground, a panel or a fill.
Sky Grey #9AA6AE · optional accent. A footer or accreditation line and hairline rules only, as the footer of milepost_guide_2019.pdf. Never a ground, a panel, step text or callout text.","Milepost runs a four step scale. Step 01, display, is Baskerville Display PT Regular at 72 px on 80 px leading with tracking of minus 10 units for the scenario title, and the scenario number sets in the same face at three times that size, 216 px, in Signal Green with a 3 px Caution Amber rule directly beneath it. The vertical cutdown title runs 64 px on 72 px, and the school name is the only other Baskerville setting, in Bold. Step 02, subheading, is Inter Semibold at 56 px on 64 px with tracking of minus 5 units for callouts, because Baskerville is reserved for the school name and scenario titles. Step 03, body, is Inter Regular at 44 px on 58 px, tracking 0, to a maximum of 65 characters. Step 04, fine print, is Inter Regular at 32 px on 42 px with tracking of plus 20 units for captions and the accreditation line. Inter carries tabular lining figures at every size, the printed guide sets body at 11 pt on 16 pt, and a step is never set in italic or caps.","Every scenario carries its number set in Baskerville Display PT at three times the title size, in Signal Green, with a 3 px Caution Amber rule directly beneath it.","Calm, instructive, reassuring. One idea at a time, numbered where it helps, no slang and no drama. Speaks plainly to a beginner and to the parent reading over their shoulder.","Certainty over style. A learner and a parent must always be sure what they are looking at. Nothing stylised, nothing that reads as styling over substance, consistency that shows the school is careful.","Everything a learner currently sees from us dates to 2019 and looks it. The printer holds the press file for the guide, but the source files for our simplified sign shapes are gone: they only survive as a photograph of a sheet our first designer printed and taped to the wall, so those glyphs have to be recovered from that. No brand typeface was ever locked, so the type system is open for you to set to our legibility standard.","Distribution: Route White is the only ground: the scenario number, title, steps and callout sit on a solid Route White card or panel, never directly on road footage, as milepost_guide_2019.pdf keeps its type off the photograph. On Route White, the scenario number and scenario title are Signal Green, and step lines, the callout and captions are Slate Text, as on milepost_guide_2019.pdf. Caution Amber is for thin rules only and Sky Grey for a footer or accreditation line and hairlines only; together they take no more than 5% of the designed, non-photographic area and are never a ground, a panel, step text or callout text.
Opacity: Every palette colour is used solid, at 100% opacity, once a card or panel is fully on screen. No tint, transparency, gradient, shadow, glow or blend mode is applied to any palette colour, and no scrim, gradient or overlay of any colour, black and white included, is laid over the road footage: text sits on a solid Route White card or panel.
Forbidden: No colour outside the five palette hexes for type, panels, rules or glyphs, so no red stop sign glyph, and no gradient, glow, outline, drop shadow or metallic effect on any type, panel, rule or glyph: nothing is stylised.
Photography: Road footage and road stills keep their own filmed colour and are never tinted or graded toward the palette. The warm low-sun cast of milepost_road_still_01.jpg and milepost_road_still_02.jpg is not pushed toward Caution Amber, the cool fog of milepost_road_still_03.jpg and milepost_road_still_04.jpg is not pushed toward Sky Grey, and the painted road markings in every take keep the colours they were filmed in."
SB3-100-MOT,FOLD & GRAIN Studio - Dual-client sizzle and service package,Motion & Audio,FOLD & GRAIN Studio,One take. Everything you need to sell it.,Product photography studio moving from a day rate practice to a fixed price productized service,"Founded 2020 in Portland, Oregon. Three people: Nina (art direction and shooting), plus a retoucher and a studio assistant.","FOLD & GRAIN shoots small brands' products the way those brands actually sell them, in a row, as a range, rather than one hero at a time. For six years we sold days. We are now selling a product: one continuous take per client and, out of that single take, the shot board, the short films and the platform cuts a small brand needs to launch. Our work sits behind pantry goods at eight dollars and sterling silver at a hundred and eighty, and the whole point is that the same method tunes to each. Precision, repeatability and honesty about what a shoot can and cannot yield are the studio's stock in trade.","Small and independent product brands (pantry, personal care, jewellery, homeware) launching or refreshing a web store and needing a full range shot to look like one afternoon. Founders who buy a fixed price and a fixed turnaround, not a day rate.","Repositioning from roughly fifteen hundred dollars a day to a fixed twenty two hundred to thirty five hundred dollars per client run. Mid-market, productized, premium to a freelancer but well under an agency.","Exacting, Plainspoken, Craft-first, Unfussy, Quietly confident","Paper White #F5F1E8 · mandatory. The ground of every Cobbleway Provisions board page and of any card or panel carrying Cobbleway Provisions material, as the pale warm sweep the Cobbleway pass was shot on; and the colour of type set on Ink Black or on the dark Lunara Silver footage, apart from Slate Grey mono specs and Lunara prices.
Ink Black #1A1A17 · mandatory. Type on Paper White or on the pale Cobbleway Provisions footage: headings, body, captions, prices and the FOLD & GRAIN wordmark, apart from Slate Grey mono specs and Kraft Tan small labels; and the ground of every Lunara Silver board page and of any card or panel carrying Lunara Silver material, as the dark slab the Lunara pass was shot on.
Kraft Tan #C7A879 · optional accent, Cobbleway Provisions material only. Hairline rules, dividers and small labels on Cobbleway Provisions deliverables and the Cobbleway example of the service page, echoing the kraft cartons. Never a ground, card, panel, heading, body text or price, and never in Lunara Silver material.
Slate Grey #6D7378 · optional accent. Sohne Mono Buch specs and parameters on either ground, Lunara Silver prices, which the approved copy asks to be understated, and hairline rules and dividers. Never a ground, card, panel, heading, body text or the wordmark.","FOLD & GRAIN runs a four step scale. Step 01, display, is Engravers LT Std Bold Face, caps only, at 72 px on 78 px leading with tracking of plus 60 units for the service page headline, and 180 units on the stacked wordmark, which always sets FOLD above GRAIN with the ampersand small and centred between them. Because Engravers is a caps only face, display tracking opens rather than tightens. Step 02, subheading, is the same face at 34 px on 40 px with tracking of plus 90 units for section and board headings; no size existed for this role, so it is set proportionate to the 72 px headline and the 28 pt printed board title. Step 03, body, is Neue Haas Grotesk Text 55 Roman at 18 px on 28 px, tracking 0, to a maximum of 65 characters. Step 04, fine print, is Sohne Mono Buch at 14 px on 20 px with tracking of plus 15 units, carrying specs, parameters and prices in tabular figures. In print the board title runs 28 pt, captions and prices 12 pt and mono specs 8 pt on 12 pt. The wordmark is never set in the mono.","The wordmark always stacks on two lines, FOLD above GRAIN with the ampersand set small and centred between them, tracked 180 units so it reads as a struck stamp rather than a line of type.","Direct, specific, no salesmanship. We name what a shoot can deliver and what it cannot, and we write our recipes so an assistant could run them. Sentences are short and concrete.","Repeatability over one-off flourish, honesty about limits, and price-appropriate craft: a treatment right for one band is wrong for another, and saying so is the service.","FOLD & GRAIN has a consistent working look built up over six years but never a codified system. There is a set wordmark and studio colours in practice, no written guidelines. This engagement, which includes the studio's own service page, is where the identity gets formalized for the first time.","Distribution: Grounds, cards and panels are Paper White or Ink Black and nothing else. Cobbleway Provisions material sits on Paper White, as the pale warm sweep it was shot on; Lunara Silver material sits on Ink Black, as its dark slab. On Paper White or the pale Cobbleway footage, type is Ink Black; on Ink Black or the dark Lunara footage, type is Paper White. Slate Grey may carry mono specs and parameters on either ground and Lunara prices; Kraft Tan may carry hairline rules, dividers and small labels in Cobbleway material only. The two accents together take no more than 5% of the designed, non-photographic area and are never a ground, card or panel.
Opacity: Every palette colour is used solid, at 100% opacity. No tint, transparency, gradient, shadow, glow or blend mode is applied to any palette colour or type, and no scrim, gradient, vignette or overlay of any colour, black and white included, is laid over footage or a photograph: type sits directly on the picture or on a solid palette card or panel. A fade in or out of a whole shot or card at a film transition is allowed.
Forbidden: No colour outside the four palette hexes (#F5F1E8, #1A1A17, #C7A879 and #6D7378) for type, cards, panels, rules, icons or the FOLD & GRAIN wordmark, and no Kraft Tan anywhere in Lunara Silver material.
Photography: Footage and frame grabs are never tinted, duotoned or washed toward a palette colour, and the palette rules above do not apply to their pixels. The Cobbleway Provisions sweep is not pushed toward Kraft Tan or orange; the Lunara Silver slab keeps its own dark stone texture, is not flattened to Ink Black, and the silver is not warmed."
