Task code,Task name,Family,Legacy ID,Client brief,Outputs,Assets,Auto verifiers,Human verifiers,S3 prefix,Review page,Release status
SB3-001-PHO,Aurelian Skin - Ecommerce skincare image system,Photo & Image,PHOTO-01,"Make eight skincare products look like one launch, not eight shoots

Our launch range needs to look as considered online as it does on the shelf. At the moment the eight bottles look as though they belong to different brands.

What we need back
- Skincare product-page module: 8 named exports. The photograph shows the product named on this module. The bottle label remains legible at the delivered size. Each module carries that product's name, cleared claim, price and full INCI, and the benefit is visually subordinate to the product name.
- Skincare range launch key visual: 1 named export. The composition names Aurelian Skin and carries its brand mark, recovered as artwork from the photographed carton. The launch line is our brand tagline, reproduced word for word; any product claim shown is that product's cleared claim, and nothing stronger. The product range, all eight launch products shown together, is the primary visual focus.
- Retailer launch carousel: 5 named exports. The opening page names the range, Aurelian Skin, and carries its brand mark recovered from the photographed carton. The closing page ends on one plain shopping action that sends the reader to buy the range, in our measured voice, with no urgency, discount or price-promotion wording. The product sequence has a clear narrative.

Use the supplied approved copy and factual records. A product is named by its retail name alone: an internal warehouse note that travels with a name in our files stays off every customer-facing image. Permission restrictions in the owner's notes take precedence over inclusion in a source table.

Use the attached brand identity and the source files listed in the asset manifest. The output register defines exact filenames, pages, sizes and record bindings. Supporting previews are welcome but cannot replace those files.",17,21,56,325,s3://annotationprod/creative-ai-benchmark/v3.1/tasks/SB3-001-PHO__aurelian-skin-ecommerce-skincare-image-system/,https://dhigdec.github.io/creative-ai-benchmark/gatsby-v5/#PHOTO-01,held
SB3-002-PHO,Corner & Cure - Spring dish launch photography,Photo & Image,PHOTO-02,"Spring dish photography and a reusable printed card set for Corner & Cure

The spring dishes are ready. The photographs and printed cards are not. We run Corner & Cure, a neighbourhood cafe, and need someone comfortable moving between food retouching and small-format print production.

The commission

 Spring dish counter card: 11 named exports. The hero photograph shows the named dish. Each card carries its dish's name, description, allergen line, provenance line (our grower credit) and price, and the description is readable at printed size. The plate retains natural food texture. The restaurant name, Corner & Cure, is visible on every card.

Use the supplied approved copy and factual records. Dish names keep the capitals Danny writes in the till copy; our 'no capitals' rule means never all capitals or small capitals. Permission restrictions in the owner's notes take precedence over inclusion in a source table.

Use the attached brand identity and the source files listed in the asset manifest. The output register defines exact filenames, pages, sizes and record bindings. Supporting previews are welcome but cannot replace those files.",12,14,103,255,s3://annotationprod/creative-ai-benchmark/v3.1/tasks/SB3-002-PHO__corner-and-cure-spring-dish-launch-photography/,https://dhigdec.github.io/creative-ai-benchmark/gatsby-v5/#PHOTO-02,held
SB3-003-PHO,Cedarline and Vale - Ridgeway Lane listing image system,Photo & Image,PHOTO-03,"Bring a mixed-light property shoot together for Ridgeway Lane

Property: Ridgeway Lane
Source: twelve room photographs
Use: listing gallery, portal crops and tall lead-room placements

Deliverables
1. Ridgeway Lane listing brochure: 1 named export. The cover identifies the actual property. The room sequence explains the property layout. Every property claim agrees with the supplied listing facts. The contact page includes the approved agent details.
2. Property portal hero: 1 named export. The hero shows the front of the house at Ridgeway Lane, from the shoot's entry exterior frame, rather than a stock property. The architectural verticals look plausible.
3. Room announcement: 3 named exports. Each post shows the Ridgeway Lane room in its name, from that room's own frame of the shoot; the Bedroom post shows the primary bedroom. The enquiry action is visible.

Use the supplied approved copy and factual records. Permission restrictions in the owner's notes take precedence over inclusion in a source table.

Use the attached brand identity and the source files listed in the asset manifest. The output register defines exact filenames, pages, sizes and record bindings. Supporting previews are welcome but cannot replace those files.",8,16,21,122,s3://annotationprod/creative-ai-benchmark/v3.1/tasks/SB3-003-PHO__cedarline-and-vale-ridgeway-lane-listing-image-system/,https://dhigdec.github.io/creative-ai-benchmark/gatsby-v5/#PHOTO-03,held
SB3-004-PHO,Verranza Coastal Retreats - Villa collection image system,Photo & Image,PHOTO-04,"Three villas, one recognisable collection

We look after three houses on the Ligurian coast. We want the booking imagery for Oliveto, Scogliera and Verranza to feel like one collection without making the villas look interchangeable. Keep the real stone, limewash, water and coastal light. Please review the supplied do-not-want references before choosing the treatment.

We need one 1920 x 1080 px booking hero for each villa. Use that villa's own photograph and name, show its lowest 2027 nightly rate from rates_2027.csv as a ""from"" price, and name the season that rate belongs to. Include a clear booking action.

We also need a six-page A4 comparison brochure. Give each house a distinct identity and include its sleeping capacity, minimum stay and nightly rate for all three seasons in rates_2027.csv. Keep each rate attached to its season, make the differences between the houses easy to scan, and use the gate monogram at least once.

rates_2027.csv supplies the rates for this job; the older agent card is a visual reference, not the current price list. Follow owner_note.txt for factual corrections, permissions and exclusions when choosing photographs and copy. Use the attached brand identity and deliver the four files named in the requested deliverables.",6,16,17,112,s3://annotationprod/creative-ai-benchmark/v3.1/tasks/SB3-004-PHO__verranza-coastal-retreats-villa-collection-image-system/,https://dhigdec.github.io/creative-ai-benchmark/gatsby-v7/#PHOTO-04,held
SB3-005-PHO,Halcyon Quarter - Mixed-use launch photography,Photo & Image,PHOTO-05,"Evening-led property campaign from an overcast shoot

Halcyon Quarter is a former ropeworks development. The audience is downsizers looking carefully at the place, not people buying a dramatic sky. Our capture day was overcast; the campaign needs a credible evening direction across very different placements.

Final handoff

 Halcyon Quarter launch hoarding: 1 named export. The development name is legible at the specified scale. The pictured building is the complete street elevation, faithful to the supplied photograph of that whole elevation. The enquiry action is visible and directs buyers to Harbor Crest Realty, who sell the apartments.

 Mixed-use launch poster: 1 named export. The residential and commercial offer is distinguishable: the residential offer is pictured by the show apartment photograph and names each apartment type released in phase one, with its price; the commercial offer sits under its own heading and says only that commercial space forms part of Halcyon Quarter, with no size, price, use, tenant or date. The developer identity is visible: the Kestrel and Vane monogram together with the name Kestrel and Vane.

 Property portal campaign panel: 1 named export. The panel pictures the canal frontage of the building, with the water in the foreground, and the approved location appears correctly. The composition does not imply completed construction where the source is a proposal.

Use the supplied approved copy and factual records. Permission restrictions in the owner's notes take precedence over inclusion in a source table.

Use the attached brand identity and the source files listed in the asset manifest. For type, the attached type system is final: Domaine Display Narrow Regular carries the headings and the hierarchy, and Graphik Regular carries body copy, captions and prices, even where a note asks for a text serif. The output register defines exact filenames, pages, sizes and record bindings. Supporting previews are welcome but cannot replace those files.",6,10,14,107,s3://annotationprod/creative-ai-benchmark/v3.1/tasks/SB3-005-PHO__halcyon-quarter-mixed-use-launch-photography/,https://dhigdec.github.io/creative-ai-benchmark/gatsby-v5/#PHOTO-05,held
SB3-006-PHO,Hollis Family Archive - [archival subject] archival restoration,Photo & Image,PHOTO-06,"Help us prepare Ada's family photographs for the reunion

Hello,

We are bringing Ada's photographs together for a family reunion. We have nine scans and would like two versions of each: a careful restoration master and a smaller image relatives can keep and share. The pictures should still feel like the prints we know, not newly made portraits.

For the nine restoration masters, repair visible damage without changing Ada's features, removing facial texture or reconstructing details that the photograph does not show. Keep the original image dimensions. family_notes.txt explains which marks belong to the photograph and should remain.

For the nine share images, keep the whole print edge to edge, including its own border. Trim only the album page or scanner bed around it. Add a short caption on a Paper White margin outside the picture, naming the year, place and people. Use the catalogue together with family_notes.txt; where the family notes correct the catalogue, follow the notes. Export these as JPEGs with a 1600 px long edge.

hollis_scan_01.jpg through hollis_scan_05.jpg are monochrome prints and should stay monochrome. hollis_scan_06.jpg through hollis_scan_09.jpg are colour photographs and should stay in colour. Please keep the grain and period character, following the attached archive identity for the captions. The requested deliverables list names all eighteen files.",18,12,63,293,s3://annotationprod/creative-ai-benchmark/v3.1/tasks/SB3-006-PHO__hollis-family-archive-ada-hollis-archival-restoration/,https://dhigdec.github.io/creative-ai-benchmark/gatsby-v7/#PHOTO-06,held
SB3-007-PHO,Gable & Grove - Home services before-and-after library,Photo & Image,PHOTO-07,"Before-and-after renovation photographs that clients can trust

Gable & Grove needs five before-and-after pairs prepared for the website and sales materials. These are evidence of our work. The after pictures should look good, but not because the before pictures have been made deliberately worse.

What we need back
- Completed project case-study panel: 4 named exports. The comparison pairs each job's before with its main after frame, not a detail or a second angle, and preserves meaningful structural differences. The project caption identifies the work actually shown with its job name, location and scope, written exactly as that job's row of projects.csv writes them.
- Estimate-pack cover: 1 named export. The cover identifies Gable & Grove with our mark, the house peak and the trees, together with the GABLE & GROVE wordmark. The selected project is the job whose scope in projects.csv names dry-stone work, shown in its main after frame, not a detail, with its job name, location and scope exactly as that row writes them, demonstrating the service without claiming an invented result.

Use the supplied approved copy and factual records. Permission restrictions in the owner's notes take precedence over inclusion in a source table.

Use the attached brand identity and the source files listed in the asset manifest. The output register defines exact filenames, pages, sizes and record bindings. Supporting previews are welcome but cannot replace those files.",7,19,21,137,s3://annotationprod/creative-ai-benchmark/v3.1/tasks/SB3-007-PHO__gable-and-grove-home-services-before-and-after-library/,https://dhigdec.github.io/creative-ai-benchmark/gatsby-v5/#PHOTO-07,held
SB3-008-PHO,Meridian Motors - Showroom vehicle image system,Photo & Image,PHOTO-08,"An honest, consistent showroom look for Meridian Motors

Our stock is photographed in three different bays. The changing light makes one dealership look like three, and the paint colours are not consistent from photograph to photograph. We want a clean, evenly lit set that still shows the cars a buyer will see in person.

Please make six 1080 x 1350 px vehicle sales cards, one for each stock record in meridian_intake_week.csv. Use a photograph of the correct vehicle and include its stock number, year, make, model, trim, mileage, asking price and certification tier. Include a readable enquiry line asking buyers to enquire about that stock number at Meridian Motors in Portland, Maine. Keep visible condition details honest.

We also need one 1920 x 1080 px forecourt campaign image. Show all six vehicles from the intake register and no others, using one of each vehicle's supplied photographs and a year, make and model caption. Make the dealership name clear and include the compass roundel.

These are branded sales materials, not marketplace first-image photographs. The no-text, no-logo and 4:3 primary-image requirements in meridian_marketplace_rules.txt apply to marketplace primary images, which are not part of this delivery. Use the attached identity and the supplied roundel artwork. Deliver the seven files named below.",9,26,28,298,s3://annotationprod/creative-ai-benchmark/v3.1/tasks/SB3-008-PHO__meridian-motors-showroom-vehicle-image-system/,https://dhigdec.github.io/creative-ai-benchmark/gatsby-v7/#PHOTO-08,held
SB3-009-PHO,OSTRA - Restaurant plate photography system,Photo & Image,PHOTO-09,"OSTRA tasting-menu images: dark, precise and still appetising

OSTRA is a 22-seat tasting counter. We have thirteen plate photographs from two services, and we need them to feel like the same room and the same menu. Dark should not mean muddy; glaze and food texture still need to read.

Deliverables
1. Seasonal menu announcement: 1 named export. OSTRA is identified by its wordmark, with the house mark from the brass plate in ostra_house_mark_plate.jpg reproduced above it. The featured dish is this season's opening course, Course 1 in ostra_room_note.txt, shown in its own photograph and titled exactly as the kitchen spells it. The reservation action is visible.
2. Booking-page dish tile: 13 named exports. The caption is the pictured dish's course title as the kitchen spells it in ostra_room_note.txt, variant substitutions included, and a listed course keeps its title however it is plated or dressed that service; a plate that is none of those courses is captioned plainly with what is on the plate, never with a course title. The food is recognisable at mobile listing size.
3. Reservation story: 1 named export. The booking action sits within the defined safe area. The restaurant name is readable at mobile size, set as its wordmark with the house mark from ostra_house_mark_plate.jpg reproduced above it.

Use the supplied approved copy and factual records. Permission restrictions in the owner's notes take precedence over inclusion in a source table.

Use the attached brand identity and the source files listed in the asset manifest. The output register defines exact filenames, pages, sizes and record bindings. Supporting previews are welcome but cannot replace those files.",18,18,60,216,s3://annotationprod/creative-ai-benchmark/v3.1/tasks/SB3-009-PHO__ostra-restaurant-plate-photography-system/,https://dhigdec.github.io/creative-ai-benchmark/gatsby-v5/#PHOTO-09,held
SB3-010-PHO,Northgrove - Apparel colorway image system,Photo & Image,PHOTO-10,"Northgrove product modules and capsule launch

Our range is affordable premium basics. Customers choose between colours and fabrics, so a polished image that changes either of those is not useful to us. The garments should look consistent while keeping their real shape, colour and texture.

We need six designed product-page modules, one for each supplied style, at 1440 x 1800 px as PNGs. The 1600 x 2000 px JPEG hero mentioned in northgrove_placements.txt is an older placement, not the file required for this job.

Name each style as northgrove_copy.txt does. Keep the photographed garment's geometry and colour. Any colourway name you use must be approved for that style in northgrove_colourways.csv, and its description in northgrove_copy.txt must match the colour shown. Fabric texture should remain visible.

Please also make a six-page launch carousel at 1080 x 1350 px per page. Give the capsule a coherent visual direction. Open with Northgrove and our supplied mark, using the attached type system. Close with the exact line labelled ""Tall post"" in northgrove_copy.txt.

The supplied transparent and reversed SVGs provide usable mark artwork alongside the original reference. Follow the attached brand identity and deliver the twelve files in the requested deliverables.",14,15,48,457,s3://annotationprod/creative-ai-benchmark/v3.1/tasks/SB3-010-PHO__northgrove-apparel-colorway-image-system/,https://dhigdec.github.io/creative-ai-benchmark/gatsby-v7/#PHOTO-10,held
SB3-011-PHO,Lumora - Lip oil shade concept set,Photo & Image,PHOTO-11,"Lip-oil shade concepts for a launch that has one physical sample

Important before you quote: Lumora has one physical lip-oil sample, not seven approved production shades. This is concept-colour work. Every result must say CONCEPT COLOR - SAMPLE APPROVAL REQUIRED.

Final handoff

 Retailer shade card: 8 named exports. The bottle keeps the approved packaging geometry. The concept-colour notice is readable. The displayed shade agrees with its shade name, and each card's finish line prints the Finish text of its lumora_shadecard_merge.csv row in full, word for word.

 Seven-shade comparison: 1 named export. The seven approved shade names are present. The shades appear in the approved range order. The concept-colour notice is readable.

 Lip oil product-page module: 1 named export. The product name is accurate: the module names the product as Lumora lip oil, shows our seven shades as a shade grid, and every shade it shows carries its approved shade name. The benefit uses the approved claim wording: our product-copy line that describes the finish, word for word. The concept-colour notice is readable.

 Lip oil launch feed ad: 1 named export. Lumora is identified, and the ad is our square announcement, carrying its line from our launch wording, word for word. The call to action is readable at mobile size. The product edge has no visible halo. The concept-colour notice is readable.

 Lip oil launch story: 1 named export. The headline is our tall launch canvas headline, word for word, and is readable at mobile size. The call to action remains within the safe area. The concept-colour notice is readable.

Use the supplied approved copy and factual records. Permission restrictions in the owner's notes take precedence over inclusion in a source table.
- Every shade concept must show CONCEPT COLOR - SAMPLE APPROVAL REQUIRED. Only Amber Hour is the physical-sample reference.

Use the attached brand identity and the source files listed in the asset manifest. The output register defines exact filenames, pages, sizes and record bindings. Supporting previews are welcome but cannot replace those files.",17,23,82,410,s3://annotationprod/creative-ai-benchmark/v3.1/tasks/SB3-011-PHO__lumora-lip-oil-shade-concept-set/,https://dhigdec.github.io/creative-ai-benchmark/gatsby-v5/#PHOTO-11,held
SB3-012-PHO,Kilnmore - Ceramic ecommerce image system,Photo & Image,PHOTO-12,"A coherent ceramics range, with the glaze differences left intact

We sell the surface as much as the form at Kilnmore. Fourteen pieces and their glaze details need to become one usable product image library, but the work should not flatten the glazes into the same colour or texture.

Scope
1. Ceramic product-page module: 14 named exports. The vessel geometry matches the named product. The glaze retains its material texture, and each module gives the piece's name, glaze, height and diameter, plus its capacity wherever kilnmore_range.csv lists more than 0 ml.
2. Wholesale range one-sheet: 1 named export. The range names agree with the supplied register, and the sheet carries the Kilnmore mark. Trade information is easy to scan: for every piece, each field the brand's own shelf card carries, with capacity only wherever kilnmore_range.csv lists more than 0 ml.
3. Ceramic range launch carousel: 5 named exports. Kilnmore is identified on the opening page by its mark. The range sequence makes product differences clear: every glaze in kilnmore_range.csv is shown on at least one piece, and each piece shown is named with its glaze.

Use the supplied approved copy and factual records. Permission restrictions in the owner's notes take precedence over inclusion in a source table.

Use the attached brand identity and the source files listed in the asset manifest. The output register defines exact filenames, pages, sizes and record bindings. Supporting previews are welcome but cannot replace those files.",23,26,81,567,s3://annotationprod/creative-ai-benchmark/v3.1/tasks/SB3-012-PHO__kilnmore-ceramic-ecommerce-image-system/,https://dhigdec.github.io/creative-ai-benchmark/gatsby-v5/#PHOTO-12,held
SB3-013-PHO,Argent & Faith - Spring jewelry capsule photography,Photo & Image,PHOTO-13,"Silver jewellery retouching with an honest plan for open centres

Argent & Faith needs ten seasonal pieces prepared as a consistent listing set. The silver should read as silver, with a common light and scale across the range. We do not want the high polish turned into featureless grey.

What we need back
- Jewellery capsule campaign poster: 1 named export. The jewellery remains the primary visual focus. The campaign identifies Argent & Faith with the ARGENT & FAITH wordmark, the maker's mark recovered from bench_block_mark.jpg, and our tagline, word for word, as the campaign line.
- Jewellery product detail: 10 named exports. The construction or setting method matches the named piece, and each detail carries that piece's name, metal finish, dimensions, piece number and retail price, with its provenance line optional. Metal colour remains believable.
- Retailer capsule look sheet: 1 named export. The sheet pictures all ten capsule pieces, and product labels identify the pictured pieces. The layout communicates the capsule relationship.

Use the supplied approved copy and factual records. Permission restrictions in the owner's notes take precedence over inclusion in a source table.

Use the attached brand identity and the source files listed in the asset manifest. The output register defines exact filenames, pages, sizes and record bindings. Supporting previews are welcome but cannot replace those files.",15,15,50,315,s3://annotationprod/creative-ai-benchmark/v3.1/tasks/SB3-013-PHO__argent-and-faith-spring-jewelry-capsule-photography/,https://dhigdec.github.io/creative-ai-benchmark/gatsby-v5/#PHOTO-13,held
SB3-014-PHO,Girdermark - Industrial component image system,Photo & Image,PHOTO-14,"Catalogue-ready component photography, including difficult internal openings

Girdermark sells replacement components. A buyer needs to recognise the finish and the shape, not admire a dramatic studio treatment. Our twelve components were photographed over two bench sessions and need a consistent technical presentation.

The commission

 Industrial SKU plate: 12 named exports. The part geometry agrees with the source component. The price on each plate is that part's list price from parts_export.csv. Source wear, machining marks and identification defects are not retouched away.

 Industrial SKU cutout: 12 named exports. The silhouette preserves all functional holes. The edge has no visible halo. Each cutout carries its part number, set clear of the part.

Use the supplied approved copy and factual records. Permission restrictions in the owner's notes take precedence over inclusion in a source table.

Use the attached brand identity and the source files listed in the asset manifest. The output register defines exact filenames, pages, sizes and record bindings. Supporting previews are welcome but cannot replace those files.",25,16,108,521,s3://annotationprod/creative-ai-benchmark/v3.1/tasks/SB3-014-PHO__girdermark-industrial-component-image-system/,https://dhigdec.github.io/creative-ai-benchmark/gatsby-v5/#PHOTO-14,held
SB3-015-PHO,Summit & Sable - Recovery-gear launch campaign,Photo & Image,PHOTO-15,"Recovery-gear image system with a controlled Ridge Blue colourway

We need Summit & Sable's field and bench photographs to read as one recovery-gear range. There are twenty supplied captures, with webbing, stitching and hardware that need to remain convincing at close range.

Deliverables
1. Recovery-gear launch poster: 1 named export. The actual Summit & Sable equipment is shown. The poster's headline is our tagline, word for word, the poster carries the Summit & Sable mark, and the poster makes no safety claim that summit_range.csv does not support.
2. Recovery equipment product-page module: 9 named exports. The component geometry matches the named equipment, and the module for any item that summit_range.csv lists in Ridge Blue also shows it in Ridge Blue. Each module gives the item's name, certified load, hardware and price, copied from its row in summit_range.csv, with the certified load exactly as written there.
3. Recovery-gear dealer sheet: 1 named export. The range is clearly identified: page 1 carries the Summit & Sable mark, and the sheet names every item in summit_range.csv. Specifications are readable at print size, and for each item the sheet gives its certified load, hardware, finish, warranty, price and colourways from summit_range.csv.

Use the supplied approved copy and factual records. Permission restrictions in the owner's notes take precedence over inclusion in a source table.

Use the attached brand identity and the source files listed in the asset manifest. The output register defines exact filenames, pages, sizes and record bindings. Supporting previews are welcome but cannot replace those files.",14,24,46,296,s3://annotationprod/creative-ai-benchmark/v3.1/tasks/SB3-015-PHO__summit-and-sable-watch-campaign-master-set/,https://dhigdec.github.io/creative-ai-benchmark/gatsby-v5/#PHOTO-15,held
SB3-016-PHO,SlabVault - Collectible card marketplace image system,Photo & Image,PHOTO-16,"Consignment listing photographs where the holder and label remain legible

SlabVault handles graded collectibles. A listing photograph has to show the item and the evidence around it: holder, label and seal. Glare is a problem in the current set, but we cannot replace unreadable information with a convincing guess.

Please prepare
- Collectible listing tile: 14 named exports. The pictured card and visible holder label match this lot record, and the tile states the lot number, title, grader and grade, and certification number from that lot's row in slabvault_lots.csv, and never the lot's reserve or consignor code. Source condition defects remain visible.
- Collectible condition-detail tile: 14 named exports. The caption block gives the lot number, title, grader and grade, certification number and complete condition note from that lot's row in slabvault_lots.csv, and never the lot's reserve or consignor code. The photograph does not imply a different grade.

Use the supplied approved copy and factual records. Permission restrictions in the owner's notes take precedence over inclusion in a source table.

Use the attached brand identity and the source files listed in the asset manifest. The output register defines exact filenames, pages, sizes and record bindings. Supporting previews are welcome but cannot replace those files.",30,18,112,984,s3://annotationprod/creative-ai-benchmark/v3.1/tasks/SB3-016-PHO__slabvault-collectible-card-marketplace-image-system/,https://dhigdec.github.io/creative-ai-benchmark/gatsby-v5/#PHOTO-16,held
SB3-017-PHO,Continental Cup - Player portrait card system,Photo & Image,PHOTO-17,"Eight-player card run with matched portraits and checked player identities

Continental Cup needs the eight-player release prepared from the supplied portraits and roster. The pictures come from two stadium lighting rigs; the cards come from a printer's PDF we need to make usable again.

Final handoff

 Player press card: 9 named exports. The portrait belongs to the named player and is graded to the one neutral floodlit colour balance and exposure all eight cards share. The player number is legible, and each card also carries the player's name, position, honours line and set year, plus the licensing line “Officially licensed collector card programme”, word for word, as its fine print. The competition crest is visible on every card.

Use the supplied approved copy and factual records. Permission restrictions in the owner's notes take precedence over inclusion in a source table.

Use the attached brand identity and the source files listed in the asset manifest. The output register defines exact filenames, pages, sizes and record bindings. Supporting previews are welcome but cannot replace those files.",10,13,91,281,s3://annotationprod/creative-ai-benchmark/v3.1/tasks/SB3-017-PHO__continental-cup-player-portrait-card-system/,https://dhigdec.github.io/creative-ai-benchmark/gatsby-v5/#PHOTO-17,held
SB3-018-PHO,Fernwell & Rowe - Hartley wedding gallery finishing,Photo & Image,PHOTO-18,"Wedding retouching pilot: one warm house look across changing light

We are Fernwell & Rowe, and this is a pilot using the Hartley wedding shortlist. There are sixteen photographs spanning window light, golden hour and the reception. We want a natural warm treatment that holds together through those changes without giving every person the same skin colour.

Scope
1. Wedding review image: 16 named exports. The people retain their source identities. Skin retains natural texture. The scene remains faithful to the event: the whole source frame, uncropped, with no type, watermark, border or graphic added.
2. Full-resolution wedding keeper: 6 named exports. The delivered keeper is derived from its named source photograph: the whole frame at its source size, uncropped, with no type, watermark, border or graphic added. Highlight detail is retained where present in the source.

Use the supplied approved copy and factual records. Permission restrictions in the owner's notes take precedence over inclusion in a source table.

Use the attached brand identity and the source files listed in the asset manifest. The output register defines exact filenames, pages, sizes and record bindings. Supporting previews are welcome but cannot replace those files. For this pilot every named export is required: a frame you would otherwise pull under our standing rule is still delivered, and named with the reason in the delivery manifest.",22,21,72,373,s3://annotationprod/creative-ai-benchmark/v3.1/tasks/SB3-018-PHO__fernwell-and-rowe-hartley-wedding-gallery-finishing/,https://dhigdec.github.io/creative-ai-benchmark/gatsby-v5/#PHOTO-18,held
SB3-019-PHO,Cascadia Founders Summit - Executive portrait set,Photo & Image,PHOTO-19,"Portrait cards for Cascadia Founders Summit

Our speakers and hosts have sent photographs taken in very different settings. We want them to look like part of one event without making the people look alike. This commission is for portrait cards and a summit announcement; the older square and stage-screen portrait placements in summit_brand_notes.txt are background references, not additional exports.

Please create eighteen 1080 x 1350 px portrait cards: fourteen speaker cards and four host cards, as named in the requested deliverables. Match each person to their own portrait and record in speakers.csv. Set their name as the largest text, then include the role line, affiliation and session from that record. Keep the role readable on a phone and retain the host roles on the four host cards. Use the CFS mark shown on summit_badge_2025_PRINTER.pdf.

We also need one 1920 x 1080 px announcement for the summit itself, not an individual speaker confirmation. ""Cascadia Founders Summit"" should be the headline and largest text. Include the approved event date and a short, readable invitation to register. We have not supplied a registration address or deadline; please leave those out. Do not introduce a price beyond the 600 to 1,200 dollar pass range in the brand identity.

Use the supplied copy and records alongside the current brand identity. Follow programme_copy.txt where it corrects programme wording or permissions in the records. Deliver the nineteen named files.",21,23,76,382,s3://annotationprod/creative-ai-benchmark/v3.1/tasks/SB3-019-PHO__cascadia-founders-summit-executive-portrait-set/,https://dhigdec.github.io/creative-ai-benchmark/gatsby-v7/#PHOTO-19,held
SB3-020-PHO,[speaker founder] - Editorial portrait session,Photo & Image,PHOTO-20,"Astrid Vellacourt: speaking and investor materials

I am preparing Astrid's speaking and investor materials. The photographs and supporting pieces need to feel like the same person and practice: considered, credible and recognisably connected to industrial design.

The booking one-pager is a single A4 PDF. Keep the biography factual and include the talk titles and their one-line subjects from vellacourt_bio_copy.txt, word for word. The booking contact is the supplied sign-off, ""Astrid Vellacourt - Vellacourt & Sund"", set clearly.

For the three confirmed talks named in the requested deliverables, make one announcement and one banner per talk. Announcements are 1080 x 1350 px, not square. Use the supplied announcement wording with the correct event name, date and talk title from vellacourt_talks.csv. Each 1920 x 1080 px banner needs that talk's title, event name, date and assigned portrait. Keep titles and dates as written in the records.

We also need eight individual talk-card PDFs and one combined eight-page PDF. Each card should give its record's talk title, event, date and format exactly as supplied. Use the template dimensions and file names listed below.

The older portrait placements in vellacourt_placements.txt inform the photographic treatment; they are not extra deliverables for this commission. Follow the attached identity and supply the sixteen files in the requested deliverables.",20,15,112,545,s3://annotationprod/creative-ai-benchmark/v3.1/tasks/SB3-020-PHO__astrid-vellacourt-editorial-portrait-session/,https://dhigdec.github.io/creative-ai-benchmark/gatsby-v7/#PHOTO-20,held
SB3-021-PHO,Quill and Kiln - Autumn ceramics signature look,Photo & Image,PHOTO-21,"An autumn image library that still looks like my ceramics

Hi, I am [studio maker], the maker behind Quill and Kiln. I have a month's worth of photographs from my phone and a borrowed camera, taken under four different kinds of light. I need help turning them into a usable autumn collection.

Deliverables
1. Autumn studio journal carousel: 6 named exports. The image sequence tells a coherent making story. Each page carries one of my post captions, set on the page word for word in Untitled Sans, and it matches the pictured work.
2. Studio journal feature: 1 named export. The typography supports an editorial reading order. The feature identifies Quill and Kiln with my stacked lowercase name, quill over and kiln, as the brand identity sets it.

Use the supplied approved copy and factual records. Where a piece carries a price, it is one of the pieces in this autumn drop, at its drop price. Permission restrictions in the owner's notes take precedence over inclusion in a source table.

Use the attached brand identity and the source files listed in the asset manifest. The output register defines exact filenames, pages, sizes and record bindings. Supporting previews are welcome but cannot replace those files.",9,24,29,260,s3://annotationprod/creative-ai-benchmark/v3.1/tasks/SB3-021-PHO__quill-and-kiln-autumn-ceramics-signature-look/,https://dhigdec.github.io/creative-ai-benchmark/gatsby-v5/#PHOTO-21,held
SB3-022-PHO,Nordhaven - Harbour hotel booking campaign,Photo & Image,PHOTO-22,"Give a small harbour hotel a distinct look without losing room accuracy

Nordhaven occupies a harbour warehouse with fourteen rooms. We want a distinctive image treatment for the brand, while keeping one room hero true to colour so guests can see what they are booking.

Please prepare
- Harbour hotel booking hero: 1 named export. The scene is the supplied Nordhaven property: the guest-room frame from the shoot that shows the whole bed and its linen. The booking action is clear: our name, Nordhaven, and one line asking the guest to book direct with us; any rate shown with it is the pictured room's own nightly rate from nordhaven_rooms.csv, not our general $600 a night band.
- Hotel amenity panel: 1 named export. The named amenities are the three in our brand note, the carafe, the robe and the brass key fob, each cut out from its own supplied photograph and set on our near-black ground. The information is easy to scan.
- Hotel room campaign: 14 named exports. The room photograph matches this room category, and the card carries that room's name, floor and bed label, view line and nightly rate from nordhaven_rooms.csv. The advertised rate preserves its supplied conditions: it keeps any per-night wording its row in nordhaven_rooms.csv carries and adds no from, discount or offer wording.

Use the supplied approved copy and factual records. Permission restrictions in the owner's notes take precedence over inclusion in a source table.

Use the attached brand identity and the source files listed in the asset manifest. The output register defines exact filenames, pages, sizes and record bindings. Supporting previews are welcome but cannot replace those files.",19,22,64,314,s3://annotationprod/creative-ai-benchmark/v3.1/tasks/SB3-022-PHO__nordhaven-outerwear-signature-image-system/,https://dhigdec.github.io/creative-ai-benchmark/gatsby-v5/#PHOTO-22,held
SB3-023-PHO,Ironline Forge - Blacksmith editorial image set,Photo & Image,PHOTO-23,"Foundry photographs for architects: one dark treatment, visible material

The furnace and rooflight give us two very different versions of Ironline Forge. We need an experienced retoucher to bring them together for architectural audiences and the expo.

Final handoff

 Architectural foundry editorial feature: 1 named export. The sequence explains the foundry's casting work in the order our brand story gives it: a piece being poured, then cooling on the sand, then being finished by hand at the bench. Its headline and any standfirst come word for word from ironline_story_copy.txt, and its body text is that file's brand story, word for word. Tool and material detail remains credible.

 Foundry exhibition poster: 1 named export. On the poster, only the headline and the specifier contact are enlarged, to the poster sizes our type system gives them; every other line keeps its standard size. The architectural casting offer uses approved copy: the stand panel headline and standfirst from ironline_story_copy.txt, word for word, with one of the supplied floor_frames photographs as the main image. The specifier contact is readable and gives Ironline Forge and our Sheffield works only, with no telephone number, email or web address; the poster also carries our maker's mark, reversed out of our iron black ground.

Use the supplied approved copy and factual records. Permission restrictions in the owner's notes take precedence over inclusion in a source table.

Use the attached brand identity and the source files listed in the asset manifest. The output register defines exact filenames, pages, sizes and record bindings. Supporting previews are welcome but cannot replace those files.",4,18,10,100,s3://annotationprod/creative-ai-benchmark/v3.1/tasks/SB3-023-PHO__ironline-forge-blacksmith-editorial-image-set/,https://dhigdec.github.io/creative-ai-benchmark/gatsby-v5/#PHOTO-23,held
SB3-024-PHO,Lunara Chronometry - Autumn watch campaign,Photo & Image,PHOTO-24,"Lunara autumn campaign and dealer materials

We need an autumn campaign image and a separate set of clear dealer-facing materials. The campaign can carry our warm tonal treatment; product information must remain accurate, especially dial colour and finish.

Start with one 1920 x 1080 px key visual featuring a single named watch. Keep the watch dominant, identify its reference and retain a dial appearance consistent with the approved description for that reference.

Please make five product-page features at 1440 x 1800 px, one per watch in lunara_register.csv. Use the matching case and preserve its geometry. Include its reference, caliber, case metal and dial finish exactly as the register writes them.

The dealer launch sheet is a two-page A4 PDF covering all five references. Pair each watch photograph with its reference, dial finish and caliber. Include the fixed timing line from lunara_notes.txt word for word, and give the layout the restraint appropriate to our price position.

Use the certificate as a visual reference, not a typography template: the current brand type rules govern the new files. The older square-store and transparent-image placements in the notes are not additional exports for this job. The seven files named in the requested deliverables are the delivery scope.",10,23,29,232,s3://annotationprod/creative-ai-benchmark/v3.1/tasks/SB3-024-PHO__lunara-chronometry-autumn-watch-campaign/,https://dhigdec.github.io/creative-ai-benchmark/gatsby-v7/#PHOTO-24,held
SB3-025-PHO,Apexguard - Industrial surfaces launch photography,Photo & Image,PHOTO-25,"Apexguard imagery and recovered logo for a tightly defined six-SKU release

Release scope: six product SKUs
- V-PPF-104, V-PPF-105 and V-PPF-107
- U-TNT-204 and U-TNT-208
- F-HW-301

What we need back
- Industrial surfaces dealer poster: 1 named export. The correct Apexguard sub-brand is used: the poster is for the one sub-brand that carries the most SKUs in this release, named exactly as in our brand notes. The advertised application is supported by source imagery: the poster shows that sub-brand's product applied to a car in one of our supplied photographs, and advertises no use those photographs do not show.
- Surface product-page module: 6 named exports. The product variant is identified accurately: each module carries its SKU, sub-brand, fitment line and warranty term exactly as in its row of apexguard_skus.csv. The surface finish retains its source texture.
- Sub-brand application sheet: 1 named export. The sub-brand hierarchy is clear: the Apexguard master mark leads, and Vantage, Umbra and Forge sit beneath it, each smaller than the mark. The approved master lettering is preserved: the recovered mark keeps its own letterforms and letter spacing and is scaled, not re-tracked or reset in another face, to span its panel; the sheet shows it on our house dark ground, large and at thumbnail-sticker size.

Use the supplied approved copy and factual records. Permission restrictions in the owner's notes take precedence over inclusion in a source table.

Use the attached brand identity and the source files listed in the asset manifest. The output register defines exact filenames, pages, sizes and record bindings. Supporting previews are welcome but cannot replace those files. Wherever our master mark appears, use the lettering recovered from the box sticker and shop-glass decal, scaled to span its panel with the accent bar beneath, rather than resetting it in a typeface.",11,23,34,295,s3://annotationprod/creative-ai-benchmark/v3.1/tasks/SB3-025-PHO__apexguard-industrial-surfaces-launch-photography/,https://dhigdec.github.io/creative-ai-benchmark/gatsby-v5/#PHOTO-25,held
SB3-026-PHO,Thornmere Home - Autumn interiors image system,Photo & Image,PHOTO-26,"Thornmere's autumn wholesale collection

Our ceramics and textiles were photographed under two different lighting rigs. We want the twenty pieces to read as one warm autumn range without changing the indigo, reactive glazes or woven patterns that make the objects recognisable.

Please create a four-page A4 collection spread. Bring all twenty supplied products into a coherent styled grouping across the spread, preserving the textiles' original patterns and the character of the materials.

We also need an eight-page landscape wholesale presentation for trade buyers. Open with Thornmere Home as the largest text on page one, then lead buyers through the range in an order that supports a buying conversation. For every featured object, include its correct product name, dimensions, materials, care line and price from thornmere_autumn_skus.csv. Keep the maker's care wording unchanged.

The spring catalogue is a reference for the earlier work; this delivery is the collection spread and wholesale presentation listed below, not a new twenty-page catalogue or a set of retailer tiles. Use the attached brand identity and the specified page sizes for both PDFs.",4,23,10,68,s3://annotationprod/creative-ai-benchmark/v3.1/tasks/SB3-026-PHO__thornmere-home-autumn-interiors-image-system/,https://dhigdec.github.io/creative-ai-benchmark/gatsby-v7/#PHOTO-26,held
SB3-027-PHO,Fennhollow - Botanical soda summer campaign,Photo & Image,PHOTO-27,"Build a believable soda image set around two imperfect packshots

Fennhollow has two packshots that have already been pushed too far in retouching, and no lifestyle shoot. We need a product retoucher with a good eye for licensing compatible photography and for knowing when to stop correcting a damaged source.

Deliverables
1. Botanical soda summer key visual: 1 named export. The can artwork matches the approved product. The key visual pictures one can, its headline is that can's flavour name, and the headline and can have a clear hierarchy.
2. Botanical ingredient carousel: 5 named exports. The featured ingredients match approved copy. The closing page contains the approved shopping action: the price a can and where it is sold, as our approved copy's price line gives them.
3. Soda retail display poster: 1 named export. Our name, Fennhollow Botanical Soda, is set in full and visible at viewing size. The poster pictures one can, its display line is that can's flavour name, and the pack remains recognisable.

Use the supplied approved copy and factual records. Permission restrictions in the owner's notes take precedence over inclusion in a source table.

Use the attached brand identity and the source files listed in the asset manifest. The output register defines exact filenames, pages, sizes and record bindings. Supporting previews are welcome but cannot replace those files.",10,10,29,169,s3://annotationprod/creative-ai-benchmark/v3.1/tasks/SB3-027-PHO__fennhollow-botanical-soda-summer-campaign/,https://dhigdec.github.io/creative-ai-benchmark/gatsby-v5/#PHOTO-27,held
SB3-028-PHO,Verda Reformer Studio - Fitness campaign image system,Photo & Image,PHOTO-28,"Verda's second-studio launch

We are opening a second reformer studio on Calloway Row. The launch should feel calm, welcoming and grounded in the room we actually have. The two room photographs are dusky; please improve them rather than replacing them with an invented studio.

We need three pieces. The 1440 x 2400 px launch-page composition should show our room using at least one of the two supplied photographs, identify the correct location, and present the classes we teach with their prices from roster_2027.csv and a clear booking action. Read the roster alongside owner_note.txt and follow the owner's corrections and permissions.

For the 1080 x 1350 px class announcement, pair the pictured instructor with their own class, price and validity from the roster. Give the instructor's full name as listed and place the cutout on solid Warm Off White or Sage.

The 1080 x 1920 px booking story should make the studio identity readable and keep the booking action inside the safe area specified below.

Use verda_logo_web.png on all three pieces, keeping its drawn letterforms rather than retyping them. The supplied drawing takes precedence over the written font description for the wordmark. Keep it on one line, no larger than 34 px on screen; on the launch page, place it above the headline as a separate lockup. Use the attached identity for the rest of the design and deliver the three named PNGs.",6,12,12,128,s3://annotationprod/creative-ai-benchmark/v3.1/tasks/SB3-028-PHO__verda-reformer-studio-fitness-campaign-image-system/,https://dhigdec.github.io/creative-ai-benchmark/gatsby-v7/#PHOTO-28,held
SB3-029-PHO,Cape Marren - Shoulder-season tourism campaign,Photo & Image,PHOTO-29,"Coastal destination imagery for the quieter season

Cape Marren's campaign runs October to April. We need a welcoming coastal image set, but not sunshine or sea conditions that misrepresent that season. Six members have contributed photographs; suitable licensed coastal imagery can fill a general coastal context image on the poster that names no member venue, or an image captioned as illustrative.

Final handoff

 Shoulder-season destination poster: 1 named export. Cape Marren is identified by name in the poster's headline, and the poster carries the alliance mark. Stock coastal imagery is not labelled as a named member venue.

 Destination itinerary carousel: 6 named exports. Each page is one stop for one member, every member appears once, and each stop uses the approved member name and that member's own photograph or imagery captioned as illustrative. The sequence supports a plausible visitor itinerary.

 Tourism member feature: 1 named export. The featured member is the member at trail number 1, named in the feature's Anton subheading, identified accurately, with its opening months. The imagery corresponds to that member or is explicitly illustrative, and includes that member's object photograph cut out from its background.

Use the supplied approved copy and factual records. Permission restrictions in the owner's notes take precedence over inclusion in a source table.

Use the attached brand identity and the source files listed in the asset manifest. The output register defines exact filenames, pages, sizes and record bindings. Supporting previews are welcome but cannot replace those files.",11,18,34,340,s3://annotationprod/creative-ai-benchmark/v3.1/tasks/SB3-029-PHO__cape-marren-shoulder-season-tourism-campaign/,https://dhigdec.github.io/creative-ai-benchmark/gatsby-v5/#PHOTO-29,held
SB3-030-PHO,Palewell Health - Licensed care image campaign,Photo & Image,PHOTO-30,"A restrained healthcare image set with a reliable clinical-lead cutout

Palewell needs photography that feels credible together, even though most of the set will be licensed and only one frame is owned. Please prioritise compatible camera scale, neutral balance and depth over a collection of individually attractive stock photographs.

Scope
1. Care-service information poster: 1 named export. Its headline is set at six times the size of the Inter line directly beneath it; that ratio governs over the scale's point sizes. The service wording stays within approved claims: the poster carries our approved tall portrait headline and subhead from palewell_copy.txt, and any body text is that file's compliance-cleared one-pager paragraph, all word for word. The care contact is readable: it names Palewell Health and invents no telephone number, email or web address, since no supplied file gives Palewell Health's own.
2. Care website header: 1 named export. Its headline is one of our two approved header headline options in palewell_copy.txt, word for word, set at step 02; the four-word headline limit applies only to the poster's step 01 headline. Stock people are not identified as named clinicians. The service name, Palewell Health, is clear. The clinical lead has a clean hair edge on the deep brand ground.
3. Clinical lead transparent portrait: 1 named export. The portrait preserves the person in palewell_lead_frame.jpg. The portrait shows the head and both shoulders, and the shoulder edge has no visible halo.
4. Referral information panel: 1 named export. Its main heading is one whole headline, subhead or tagline from palewell_copy.txt, word for word, and the panel names Palewell Health in full. The referral steps follow approved copy: they are numbered, each is one whole headline, subhead, tagline or paragraph from palewell_copy.txt, word for word apart from its step number, and they add no contact, timescale or service that no supplied file gives. The clinical lead identity is accurate: the panel shows our clinical lead from palewell_lead_frame.jpg.

Use the supplied approved copy and factual records. Permission restrictions in the owner's notes take precedence over inclusion in a source table.

Use the attached brand identity and the source files listed in the asset manifest. The output register defines exact filenames, pages, sizes and record bindings. Supporting previews are welcome but cannot replace those files.",7,35,18,134,s3://annotationprod/creative-ai-benchmark/v3.1/tasks/SB3-030-PHO__palewell-health-licensed-care-image-campaign/,https://dhigdec.github.io/creative-ai-benchmark/gatsby-v5/#PHOTO-30,held
SB3-031-VEC,Cordwain Overland - Identity master graphics,Vector & Print,VECTOR-01,"Recover three apparel graphics and prove they survive small reproduction

Cordwain has lost the working artwork for three overland graphics. We need a vector specialist who can recover what is actually in the references and make a useful garment-ready family, not deliver an unchecked automatic trace.

What we need back
- Recovered garment mark: 3 named exports. The geometry follows the authoritative source mark: the graphic's own flat web export, or its bench sample photograph where one exists, with nothing added that neither shows. The lettering is faithful to the source: it carries every word of the graphic's own flat web export, spelled as there, drawn as in its source and not reset in the brand type system.
- Garment graphics application sheet: 1 named export. Placement scale matches the supplied garment constraints: each graphic sits where it printed on its bench sample or on the printer submission sheet, no wider than the brand sheet's maximum print width for that graphic, its hoodie badge width for a badge and otherwise the width for its placement. The specified ink count is respected: no graphic is specified in more than three inks.
- Garment lookbook layout: 1 named export. The garment and graphic relationship is visible for each of the three recovered marks. The identity is consistent with the recovered masters.

Use the supplied approved copy and factual records. Permission restrictions in the owner's notes take precedence over inclusion in a source table.

Use the attached brand identity and the source files listed in the asset manifest. The output register defines exact filenames, pages, sizes and record bindings. Supporting previews are welcome but cannot replace those files.",7,12,22,98,s3://annotationprod/creative-ai-benchmark/v3.1/tasks/SB3-031-VEC__cordwain-overland-identity-master-graphics/,https://dhigdec.github.io/creative-ai-benchmark/gatsby-v5/#VECTOR-01,held
SB3-032-VEC,Redecker Machine Works - Restored mark system,Vector & Print,VECTOR-02,"Restore a machineworks identity from a catalogue and an etched plate

Redecker's mark has a long history, but the source artwork has not survived. We have a 1974 catalogue and an etched plate to work from. We want the identity recovered carefully, not replaced with something that merely looks industrial.

The commission

 Engineering identity master: 1 named export. The mark preserves the surviving original identity. Letter counters remain open at the smallest size the mark is reproduced on the machine plate or the service header.

 Machine identity plate: 1 named export. The plate carries the company mark and the REDECKER plate wordmark, and its information matches the supplied machine record for the special build. The production lettering is legible, and the plate field labels follow the type system scale: Suisse Int'l Regular 400 at 7 pt, tracked 0.080 em.

 Service document header: 1 named export. The company name is correct, and the header carries the company mark, the REDECKER wordmark and the works address block. The header sits at the top of the page and leaves the page below it clear for service content.

Use the supplied approved copy and factual records. Permission restrictions in the owner's notes take precedence over inclusion in a source table.

Use the attached brand identity and the source files listed in the asset manifest. The output register defines exact filenames, pages, sizes and record bindings. Supporting previews are welcome but cannot replace those files.",5,7,14,86,s3://annotationprod/creative-ai-benchmark/v3.1/tasks/SB3-032-VEC__redecker-machine-works-restored-mark-system/,https://dhigdec.github.io/creative-ai-benchmark/gatsby-v5/#VECTOR-02,held
SB3-033-VEC,Apex Rally Club - Motorsport face and livery system,Vector & Print,VECTOR-03,"Six club badges rebuilt for pin and coin supplier review

Apex Rally Club needs six badge faces recovered from photographs for a pin and coin project. The references contain the colours and details we want to retain, but they are not reliable production drawings.

Deliverables
1. Motorsport face artwork: 6 named exports. These are the six pin faces: the coin's line-only raised-metal face and the crest colourways on struck metal are not part of this delivery. The face design matches the named design record, drawn as that design's hard enamel pin face with its pin diameter from apex_designs.csv stated in the file. Each face remains recognisable at that design's pin diameter in apex_designs.csv.
2. Applied livery presentation: 1 named export. The graphics follow the vehicle panel boundaries. No vehicle photograph is supplied, so apply the livery to your own plain line drawing of a generic rally car with no manufacturer's badge or name, declared as a concept drawing in the delivery manifest, with the whole vehicle shown on page 1. The livery hierarchy is readable at viewing distance, led by the delivered Club Crest face, larger than any other badge or lettering on the vehicle.

Use the supplied approved copy and factual records. Permission restrictions in the owner's notes take precedence over inclusion in a source table.

Use the attached brand identity and the source files listed in the asset manifest. The output register defines exact filenames, pages, sizes and record bindings. Supporting previews are welcome but cannot replace those files.",8,10,29,176,s3://annotationprod/creative-ai-benchmark/v3.1/tasks/SB3-033-VEC__apex-rally-club-motorsport-face-and-livery-system/,https://dhigdec.github.io/creative-ai-benchmark/gatsby-v5/#VECTOR-03,held
SB3-034-VEC,Meridian and Ash - Sticker artwork production masters,Vector & Print,VECTOR-04,"Coffee sticker collection: recover four designs, add two, prepare the cutting sheet

Four recovered designs + two new designs = one six-sticker collection for Meridian and Ash.

Please prepare
- Recovered sticker artwork: 4 named exports. The design preserves its photographed original: meridian_window_mark.jpg for the window mark, with its painted lettering traced as painted rather than reset in a typeface, and meridian_bag_moth.jpg, meridian_bag_pourover.jpg and meridian_bag_ridgeline.jpg for bag designs 1, 2 and 3 respectively. Interior negative space remains open at 55 mm.
- Original companion sticker: 2 named exports. The drawing belongs stylistically beside the recovered collection. Interior negative space remains open at 55 mm.
- Separate sticker cut contour: 6 named exports. The contour is offset 2.5 mm from the artwork edge. The minimum corner radius is 3 mm. This file contains one cutting contour.
- Transparent sticker proof: 6 named exports. The proof corresponds to its named vector artwork.
- Sticker imposed production sheet: 1 named export. The cut contours leave at least 10 mm clear from the sheet edge. Adjacent cut contours have at least 6 mm gutter. The CutContour layer can be selected separately from the artwork.

Use the supplied approved copy and factual records. Permission restrictions in the owner's notes take precedence over inclusion in a source table.

Use the attached brand identity and the source files listed in the asset manifest. The brand type system's arch, ampersand and Cirka Bold rules govern newly set lettering only; the recovered window mark keeps its painted arc and ampersand exactly as painted. The output register defines exact filenames, pages, sizes and record bindings. Supporting previews are welcome but cannot replace those files.",20,7,89,220,s3://annotationprod/creative-ai-benchmark/v3.1/tasks/SB3-034-VEC__meridian-and-ash-sticker-artwork-production-masters/,https://dhigdec.github.io/creative-ai-benchmark/gatsby-v5/#VECTOR-04,held
SB3-035-VEC,Isla Verde - Monogram and wayfinding pictogram system,Vector & Print,VECTOR-05,"Resort identity recovery and a bilingual door-plate system

Isla Verde needs a specialist who is comfortable with both identity craft and production data. This is one coordinated job: recover the foil monogram, build the pictograms and make the bilingual plates fit the existing installation.

Final handoff

 Recovered Isla Verde monogram: 1 named export. The letterforms match the authoritative source, keeping its own letter shapes rather than re-setting the I and V in Lausanne 300 or any other typeface. The inter-letter relationships preserve the original identity.

 Wordless facility pictogram: 8 named exports. The complete symbol remains inside the export boundary. The symbol retains an open interior counter at 12 mm.

 Bilingual door plate: 25 named exports. The language pairing matches the schedule, and every line of wording on the plate, both names and the room numeral, has capitals or figures at least 8 mm tall, the door-plate minimum in islaverde_signshop_note.txt; a type-system size applies only where it is larger. The room identifier is unambiguous. The approved monogram is used.

Use the supplied approved copy and factual records. Permission restrictions in the owner's notes take precedence over inclusion in a source table.

Use the attached brand identity and the source files listed in the asset manifest. The output register defines exact filenames, pages, sizes and record bindings. Supporting previews are welcome but cannot replace those files.",35,18,255,516,s3://annotationprod/creative-ai-benchmark/v3.1/tasks/SB3-035-VEC__isla-verde-monogram-and-wayfinding-pictogram-system/,https://dhigdec.github.io/creative-ai-benchmark/gatsby-v5/#VECTOR-05,held
SB3-036-VEC,Ridgeway Rovers - Football crest master system,Vector & Print,VECTOR-06,"Recover a football crest and its hand-drawn shirt lettering

Ridgeway Rovers wants its existing identity back in usable form. The crest needs to work at breast size and in one ink; the lettering comes from a set of 1990s drawings rather than a font we can buy.

Scope
1. Football club crest: 3 named exports. The master keeps the thread colours stitched in ridgeway_crest_shirt.jpg and leaves the claret shirt cloth unprinted. The club lettering matches the source. The crest details remain recognisable at shirt size, down to the 55 mm sleeve crest.
2. Club number glyph: 10 named exports. The numeral is unambiguous at kit viewing distance. The glyph follows the founder's drawing and has no graph-paper artefacts.
3. Club letter glyph: 26 named exports. The letter follows the founder's drawing. The letter has no graph-paper artefacts.
4. Shirt and training-kit artwork sheet: 1 named export. The crest placement respects the supplied kit dimensions on the home shirt, the away shirt and the training top. The name-number hierarchy is usable on the shirt, shown with the name and number of the first player listed in ridgeway_squad.csv.

Use the supplied approved copy and factual records. Permission restrictions in the owner's notes take precedence over inclusion in a source table.

Use the attached brand identity and the source files listed in the asset manifest. The output register defines exact filenames, pages, sizes and record bindings. Supporting previews are welcome but cannot replace those files.",41,8,197,272,s3://annotationprod/creative-ai-benchmark/v3.1/tasks/SB3-036-VEC__ridgeway-rovers-football-crest-master-system/,https://dhigdec.github.io/creative-ai-benchmark/gatsby-v5/#VECTOR-06,held
SB3-037-VEC,Wharfside Folk Festival - Restored festival identity,Vector & Print,VECTOR-07,"Bring our painted festival wordmark into a usable anniversary kit

Wharfside Folk Festival is twenty years old. The shed-painted wordmark is part of that history, and we want to retain its character across the handbill, cloth and supporting anniversary materials.

What we need back
- Recovered festival mark: 1 named export. The source lettering is preserved.
- Festival poster: 1 named export. The billing order follows the approved lineup in wharfside_acts.csv, night by night in the file's order: each night's last act is billed as that night's headline act, and its other acts follow as the supporting bill in the order the file lists them. The event date is readable.
- Festival handbill: 1 named export. The venue details name the harbour town the festival is held in and are readable at print size. The ticket action gives the ticket prices and is visible.
- Festival shirt artwork: 1 named export. The ink limits follow the supplier note. The mark remains recognisable on the garment.

Use the supplied approved copy and factual records. Permission restrictions in the owner's notes take precedence over inclusion in a source table.

Use the attached brand identity and the source files listed in the asset manifest. The output register defines exact filenames, pages, sizes and record bindings. Supporting previews are welcome but cannot replace those files.",6,16,18,118,s3://annotationprod/creative-ai-benchmark/v3.1/tasks/SB3-037-VEC__wharfside-folk-festival-restored-festival-identity/,https://dhigdec.github.io/creative-ai-benchmark/gatsby-v5/#VECTOR-07,held
SB3-038-VEC,Coble & Vane - One-color mark system,Vector & Print,VECTOR-08,"Distillery mark recovery and a matching set of packaging photographs

This is a focused identity-production commission for Coble & Vane. We need the existing mark recovered in colour, as a supporting preview, and in true one-ink form, alongside our three packaging photographs, of the neck seal, the crate end and the cap top, which currently disagree because of their lighting: the supplier sheet shows each one beside the version applied there, all three brought to one neutral light.

The commission

 One-colour packaging identity: 1 named export. The mark uses the one-ink treatment our suppliers ask for in supplier_emails.txt. The counter spaces remain open on the neck seal, at the seal size the supplier sheet states and shows at actual size.

 Cask-release label artwork: 8 named exports. The release details match this record: the label carries our recovered one-ink mark, the cask's photograph, and its expression name, cask number, strength, outturn, filling date, bottling date, volume and distilled-at line, each written as the record writes it, with the expression name, set in our display face, as its largest line, above the cask number and strength. Last season's tasting note does not carry over, and the label claims nothing beyond what this record and our brand identity support. The label respects the supplied packaging area.

 Packaging supplier application sheet: 1 named export. The ink treatment is unambiguous: for the neck seal, the crate end and the cap top, the sheet names the version that item's supplier receives and the one ink or finish it is applied in. The application scale is stated: the size of the mark on the neck seal, the crate end and the cap top, taking a supplier's own figure wherever one is given.

Use the supplied approved copy and factual records. Permission restrictions in the owner's notes take precedence over inclusion in a source table.

Use the attached brand identity and the source files listed in the asset manifest. The output register defines exact filenames, pages, sizes and record bindings. Supporting previews are welcome but cannot replace those files.",12,20,89,163,s3://annotationprod/creative-ai-benchmark/v3.1/tasks/SB3-038-VEC__coble-and-vane-one-color-mark-system/,https://dhigdec.github.io/creative-ai-benchmark/gatsby-v5/#VECTOR-08,held
SB3-039-VEC,Halcyon Grid - Production logo family,Vector & Print,VECTOR-09,"Turn rough raster brand concepts into a credible SaaS identity system

Halcyon Grid is a small logistics software team. We have three AI-generated raster marks, but we do not yet have a usable identity. We need a designer to resolve the geometry, not preserve every artefact in those images.

Deliverables
1. Halcyon Grid logo variant: 3 named exports. The geometry preserves the master identity. Each variant pairs its mark with the stacked HALCYON / GRID wordmark, the Dispatch and Relay variants add their product name, and the lettering is optically balanced.
2. Identity usage guide: 1 named export. The guide shows usable clear-space examples: one for each of the three variants, with the clear space drawn around it and its size stated. The variant naming is unambiguous: the guide calls the three variants Master, Dispatch and Relay, as the output register does, and gives each name to one mark only.
3. Team website identity application: 1 named export. The correct team names accompany their portraits: every person in team_roster.csv appears once, labelled with their name and role as written there. The parent and product identities have a clear hierarchy: the delivered master variant leads the page, and the delivered product variants sit below it at a smaller size.

Use the supplied approved copy and factual records. Permission restrictions in the owner's notes take precedence over inclusion in a source table.

Use the attached brand identity and the source files listed in the asset manifest. The output register defines exact filenames, pages, sizes and record bindings. Supporting previews are welcome but cannot replace those files.",7,18,21,114,s3://annotationprod/creative-ai-benchmark/v3.1/tasks/SB3-039-VEC__halcyon-grid-production-logo-family/,https://dhigdec.github.io/creative-ai-benchmark/gatsby-v5/#VECTOR-09,held
SB3-040-VEC,Evergreen Provisions - Restored crest system,Vector & Print,VECTOR-10,"Six painted crest lockups prepared for an apparel capsule

Evergreen Provisions needs the six painted crest lockups prepared for its small garment capsule. The brush character matters, but the artwork must hold at the actual garment width rather than only in a large presentation.

Please prepare
- Apparel crest production artwork: 6 named exports. The crest matches the authoritative painted reference. The brush character survives the reduction to each export's print width in evergreen_plate_schedule.csv (print_width_in), and each file is set to that width.
- Garment capsule application presentation: 1 named export. The graphic placement follows the garment schedule, and each application states its schedule placement and print width. The presentation distinguishes print artwork from illustrative mockup; where no photograph of the printed side was supplied, the application is shown on a drawing labelled as illustrative mockup. Painted crest lettering is never retyped inside a crest; outside the crests, design names may be set as capsule titles and in spec copy.

Use the supplied approved copy and factual records. Permission restrictions in the owner's notes take precedence over inclusion in a source table.

Use the attached brand identity and the source files listed in the asset manifest. The output register defines exact filenames, pages, sizes and record bindings. Supporting previews are welcome but cannot replace those files.",8,14,29,139,s3://annotationprod/creative-ai-benchmark/v3.1/tasks/SB3-040-VEC__evergreen-provisions-restored-crest-system/,https://dhigdec.github.io/creative-ai-benchmark/gatsby-v5/#VECTOR-10,held
SB3-041-VEC,Cedar Commons - Farmers market identity restoration,Vector & Print,VECTOR-11,"Recover the market's apron mark and prepare our site photographs

Hello from Cedar Commons. We help run the farmers' market, and the apron print is the version of our mark people recognise. Could you help us get it into a form we can place cleanly, without a box around it?

Final handoff

 Farmers-market identity master: 1 named export. The source identity is preserved.

 Seasonal market poster: 1 named export. The market date is accurate: it gives the season in the market's own words, every Saturday from May through October, and adds no calendar date, since none has been supplied. The location is readable: it names Burlington, Vermont, as the brand gives it, with no park name or street address added. The poster also carries the recovered market mark and the market name set as the stacked CEDAR COMMONS wordmark.

 Market stall sign: 43 named exports. The trader name matches this stall record, and the sign also gives this stall's number as the record gives it. The sign is legible at the intended stall distance: the stall number is its largest text, and nothing on it is set smaller than the 12 pt fine print step.

Use the supplied approved copy and factual records. Permission restrictions in the owner's notes take precedence over inclusion in a source table.

Use the attached brand identity and the source files listed in the asset manifest. The output register defines exact filenames, pages, sizes and record bindings. Supporting previews are welcome but cannot replace those files.",47,9,348,535,s3://annotationprod/creative-ai-benchmark/v3.1/tasks/SB3-041-VEC__cedar-commons-farmers-market-identity-restoration/,https://dhigdec.github.io/creative-ai-benchmark/gatsby-v5/#VECTOR-11,held
SB3-042-VEC,Static Union - Manufacturing artwork system,Vector & Print,VECTOR-12,"One streetwear graphic family adapted properly for four manufacturing methods

Static Union needs production-minded artwork adaptation for small goods. The same detailed drawing will not work unchanged as embroidery, enamel, a sticker and a woven label. We are looking for someone who understands those differences and can make deliberate reductions. Lettering inside the supplied marks keeps that mark's own letterforms, adapted only as the maker limits require. Wherever the STATIC UNION wordmark appears, the Union Stripe woven-label artwork included, the type system's knock-through bar still cuts every letter, at every size.

Scope
1. Eagle Bolt embroidery artwork: 1 named export. The artwork respects the embroidery vendor tolerance and draws the patch's merrowed edge as its border. The smallest reproduced detail remains open at the finished size.
2. Arc Badge enamel-pin artwork: 1 named export. The artwork respects the enamel-pin vendor tolerance. The smallest reproduced detail remains open at the finished size.
3. Bolt Icon sticker artwork: 1 named export. The artwork respects the sticker vendor tolerance and carries its kiss-cut line as a separate path; the cut line sets the sticker's finished size, measured on its longest side. The smallest reproduced detail remains open at the finished size.
4. Union Stripe woven-label artwork: 1 named export. The artwork respects the woven-label vendor tolerance. The smallest reproduced detail remains open at the finished size.
5. Supplier production guide: 1 named export. Each of the four artworks has its own page, which shows the artwork and states its intended medium. The guide carries the Static Union wordmark, set to the brand type system. Each artwork's page states that artwork's finished physical size with its unit.

Use the supplied approved copy and factual records. Permission restrictions in the owner's notes take precedence over inclusion in a source table.

Use the attached brand identity and the source files listed in the asset manifest. The output register defines exact filenames, pages, sizes and record bindings. Supporting previews are welcome but cannot replace those files.",6,9,21,77,s3://annotationprod/creative-ai-benchmark/v3.1/tasks/SB3-042-VEC__static-union-manufacturing-artwork-system/,https://dhigdec.github.io/creative-ai-benchmark/gatsby-v5/#VECTOR-12,held
SB3-043-VEC,Maison Serault - Wordmark and monogram master set,Vector & Print,VECTOR-13,"Recover our jewellery wordmark from three disagreeing references

Maison Serault has three captures of the existing wordmark and monogram. They disagree in apparent colour and weight. We need a careful reconstruction of the identity, not an average of three photographs.

What we need back
- Maison Serault wordmark: 1 named export. The lettering preserves the authoritative source. Optical spacing is balanced at packaging size.
- Maison Serault monogram: 1 named export. The approved letter structure is preserved. The mark remains readable at its smallest application.
- Collection packaging label: 1 named export. The product naming follows the approved collection: the label is for the first piece listed in serault_collection.csv, giving its piece name, reference, metal and price, with the approved care copy. The finish treatment respects the supplier limits for the enclosure card, which this label is built from, and the house monogram is foil-blocked on it.
- House stationery application: 1 named export. The brand name is readable. The layout leaves practical writing space.

Use the supplied approved copy and factual records. Permission restrictions in the owner's notes take precedence over inclusion in a source table.

Use the attached brand identity and the source files listed in the asset manifest. The output register defines exact filenames, pages, sizes and record bindings. Supporting previews are welcome but cannot replace those files.",6,7,18,69,s3://annotationprod/creative-ai-benchmark/v3.1/tasks/SB3-043-VEC__maison-serault-wordmark-and-monogram-master-set/,https://dhigdec.github.io/creative-ai-benchmark/gatsby-v5/#VECTOR-13,held
SB3-044-VEC,Ironway Run Club - Numbering and club mark system,Vector & Print,VECTOR-14,"Rebuild our club lettering and use it in the Founders Five bib run

Ironway Run Club's lettering comes from Del's 1994 drawings. We want the ten numerals, twenty-six letters and singlet logo made usable again, followed by the Founders Five bib production.

The commission

 Ironway club mark: 1 named export. The source club identity is preserved.

 Race numeral: 10 named exports. The numeral is distinguishable from similar digits at viewing distance, read from the far side of the road at 8 inches tall in Marshal Orange film on our navy singlet. The numeral follows Del's 1994 drawing.

 Club letter glyph: 26 named exports. The letter follows Del's 1994 drawing. The weight is consistent with the restored set.

 Founders Five member bib: 36 named exports. The runner number matches this member and is built from the restored numerals, and the bib carries the restored club mark. The number is the dominant visual.

Use the supplied approved copy and factual records. Permission restrictions in the owner's notes take precedence over inclusion in a source table.

Use the attached brand identity and the source files listed in the asset manifest. The output register defines exact filenames, pages, sizes and record bindings. Supporting previews are welcome but cannot replace those files.",74,6,502,514,s3://annotationprod/creative-ai-benchmark/v3.1/tasks/SB3-044-VEC__ironway-run-club-numbering-and-club-mark-system/,https://dhigdec.github.io/creative-ai-benchmark/gatsby-v5/#VECTOR-14,held
SB3-045-VEC,Marchfield Exchange - Crest and engraving geometry system,Vector & Print,VECTOR-15,"Restore the Exchange crest and rebuild the suite-plate workflow

Marchfield Exchange is a listed 1911 building. The crest needs recovering from brass and letterhead references; the suite plates need updating from the 2019 production PDF. We are preserving an identity and an installation, not commissioning a redesign.

Deliverables
1. Marchfield shield-and-wreath crest: 2 named exports. The shield, the keystone device the wreath encloses, matches the authoritative source crest. The wreath matches the authoritative source crest. The crest's original lettering, MCMXI on its ribbon, is preserved as drawn on the source crest.
2. Marchfield engraving artwork: 1 named export. The original crest identity survives the production simplification. Small counters remain open at 32 mm. The thinnest engraved stroke is at least 0.50 mm at a 32 mm crest width.
3. Suite plate: 15 named exports. The suite number matches this schedule record, and the firm name beneath it is exactly as the schedule gives it, with no word added. The approved shield-and-wreath crest is used, taken from the engraving artwork, with the building name and MCMXI beneath it as the brand type system sets for a suite plate. The artwork leaves a 12 mm clear margin.
4. Entrance plaque artwork: 1 named export. The crest is 180 mm across. Artwork stays at least 15 mm from each bolt centre, and the four bolt centres, one near each corner, are shown as guide marks that are not engraved. The building name is correct.
5. Lobby directory artwork: 1 named export. The crest is 120 mm across. Artwork leaves a 20 mm clear margin. Tenants appear in reconciled suite order, and the board lists tenant firms only.
6. Brass reproduction proof: 1 named export. The proof shows the crest on satin brass. The proof states the crest's reproduction size for the entrance plaque, the directory board and the suite plate, and each stated size is accurate. The proof names each engraved detail, crest lines and lettering alike, that falls under the 0.50 mm stroke limit at the size it is engraved on the entrance plaque, the directory board and the suite plate.

Use the supplied approved copy and factual records. Permission restrictions in the owner's notes take precedence over inclusion in a source table.

Use the attached brand identity and the source files listed in the asset manifest. The output register defines exact filenames, pages, sizes and record bindings. Supporting previews are welcome but cannot replace those files.",25,6,142,390,s3://annotationprod/creative-ai-benchmark/v3.1/tasks/SB3-045-VEC__marchfield-exchange-crest-and-engraving-geometry-system/,https://dhigdec.github.io/creative-ai-benchmark/gatsby-v5/#VECTOR-15,held
SB3-046-LAY,Kantyna Nova - Private dining menu and campaign system,Layout & Data,LAYOUT-01,"Private-dining cards, menu and opening materials for Kantyna Nova

We set one table a night at Kantyna Nova: one tasting, one wine flight. The plates were photographed during service, and now the private-dining bookings, menu and opening materials need to look as considered as the room.

Please prepare
- Tasting and wine menu: 1 named export. The fourteen approved courses appear in order on page 1, each with its approved description. The forty-two wine entries are present on page 2, each with its producer, wine and by-the-glass price. The wine entries are grouped by style in the order a flight is poured: sparkling first, then white, rosé and red, with sweet wines last.
- Private-dining partner deck: 1 named export. The deck explains the private-dining offer, including that the private dining side seats a smaller room on request. The price build-up follows approved copy on the final slide: the tasting price per guest, the wine pairing price on top of it, and no cover or service charge.
- Reservations information sheet: 1 named export. The reservation wording is reproduced accurately, with the hours and private dining line the approved copy gives for the reservations page.
- Opening feed post: 1 named export. Kantyna Nova is visibly identified. The approved booking action, “Book the evening and let it happen”, is readable.
- Opening story: 1 named export. The approved booking action, “Book the evening and let it happen”, remains in the safe area. The restaurant name is legible.
- Opening announcement banner: 1 named export. The opening information is accurate: the opening month and city as the brand identity gives them, with no day of the month added. The food remains the focal point.
- Guest pairing card: 14 named exports. The photograph shows the guest's assigned course. The card carries the guest's date, name, course, wine designation and any recorded allergens, and the complete wine designation fits at trim.

Use the supplied approved copy and factual records. Permission restrictions in the owner's notes take precedence over inclusion in a source table.

Use the attached brand identity and the source files listed in the asset manifest. The output register defines exact filenames, pages, sizes and record bindings. Supporting previews are welcome but cannot replace those files.",27,20,171,293,s3://annotationprod/creative-ai-benchmark/v3.1/tasks/SB3-046-LAY__kantyna-nova-private-dining-menu-and-campaign-system/,https://dhigdec.github.io/creative-ai-benchmark/gatsby-v5/#LAYOUT-01,held
SB3-047-LAY,Corner & Cure - Cold-case label system,Layout & Data,LAYOUT-02,"Cold-case labels and ordering tiles from our cafe's existing materials

Our sign is painted on a board screwed to the wall. Most of the food photographs were taken on a phone over the counter. Corner & Cure needs someone who can work carefully with those materials and turn them into a practical, consistent set.

Final handoff

 Cold-case label: 39 named exports. The allergen wording agrees with the approved item record. The item name is readable at label size. Each label carries the item's photograph as bound in the output register, and its name, size, price and allergen line from its row of cornerandcure_items.csv, with whole-dollar prices written as whole numbers, as the type scale writes 15, and any price with cents written to two decimal places.

 Marketplace item tile: 38 named exports. The photograph shows the named item. The restaurant identity does not obscure the dish. Each tile carries the restaurant identity and the item's name, size, price and dietary tags from its row of cornerandcure_items.csv, with whole-dollar prices written as whole numbers, as the type scale writes 15, and any price with cents written to two decimal places.

Use the supplied approved copy and factual records. Permission restrictions in the owner's notes take precedence over inclusion in a source table.

Use the attached brand identity and the source files listed in the asset manifest. The output register defines exact filenames, pages, sizes and record bindings. Supporting previews are welcome but cannot replace those files.",79,41,532,1039,s3://annotationprod/creative-ai-benchmark/v3.1/tasks/SB3-047-LAY__corner-and-cure-cold-case-label-system/,https://dhigdec.github.io/creative-ai-benchmark/gatsby-v5/#LAYOUT-02,held
SB3-048-LAY,Lumora Laboratories - Retail launch and paid social system,Layout & Data,LAYOUT-03,"Six-product retail launch: one image standard across store and paid social

Lumora Laboratories is preparing six products for specialty retail and a rebuilt store page. The photographs currently do not read as one line: grade all six to one neutral white balance. We need the image foundations corrected and carried into editable launch material.

Scope
1. Retail product-page module: 6 named exports. The pack matches the named SKU. The approved benefit is readable: each module gives its product's name, active and concentration, cleared claim, size and price exactly as in lumora_skus.csv.
2. Retail launch carousel: 6 named exports. The sequence differentiates the products: each of the six pages features one product and pictures its photographed pack, in the order numbered in lumora_copy_approved.txt, with its name and its active and concentration as approved. The brand appears on the opening page as the approved wordmark, lumora_wordmark_approved.png.
3. Paid social creative: 3 named exports. The approved product claim is unchanged: the hero product ad features Lumora C-15 Brightening Serum, product 1 in lumora_copy_approved.txt, shown with its photographed pack, its name, active and concentration, claim and price; the range comparison sets out all six products, each pictured by its own photographed pack with its name, active and concentration and price; the benefit story tells the longest cleared claim, that of Lumora Retinal Renewal Night Serum, in full, with the product shown with its photographed pack, its name and its active and concentration. Every claim shown is its cleared claim, word for word. The shopping action is clear: one plain instruction to shop or buy, with no offer, discount or urgency added.

Use the supplied approved copy and factual records. Where a product's approved active line gives no percentage, set that line, unchanged, as its concentration display. Permission restrictions in the owner's notes take precedence over inclusion in a source table.

Use the attached brand identity and the source files listed in the asset manifest. The output register defines exact filenames, pages, sizes and record bindings. Supporting previews are welcome but cannot replace those files.",18,11,60,556,s3://annotationprod/creative-ai-benchmark/v3.1/tasks/SB3-048-LAY__lumora-laboratories-retail-launch-and-paid-social-system/,https://dhigdec.github.io/creative-ai-benchmark/gatsby-v5/#LAYOUT-03,held
SB3-049-LAY,Northgrove - Wholesale lookbook and hang-tag system,Layout & Data,LAYOUT-04,"A ten-look wholesale hang-tag run with properly matched product photography

Northgrove's fall capsule is heading to stockists. Our immediate need is a dependable hang-tag pack: the correct piece, an image of that whole piece from its own flat-lay, and the full make note on every card. The photography comes from two mornings that do not yet look like the same collection.

What we need back
- Wholesale capsule lookbook: 1 named export. Styles are identified accurately by their piece names as in northgrove_linesheet.csv, with no invented style code. The page sequence supports wholesale selection: a cover with the NORTHGROVE wordmark and its leaf glyph; each of the ten pieces on its own page, in linesheet order, with its flat-lay and its fabric and make copy; and a closing linesheet grid giving every piece's size run and wholesale and retail prices, with the stockist terms from northgrove_copy.txt.
- Garment hang tag: 11 named exports. The Kestrel Club Jersey tag carries the Kestrel Lane crest, recovered from kestrel_pennant.jpg. The garment facts match this style: its piece name, fabric, colourway, full make note, size run and retail price (never the wholesale price) from northgrove_linesheet.csv. The full make note remains readable at tag size.

Use the supplied approved copy and factual records. Permission restrictions in the owner's notes take precedence over inclusion in a source table.

Use the attached brand identity and the source files listed in the asset manifest. The output register defines exact filenames, pages, sizes and record bindings. Supporting previews are welcome but cannot replace those files.",14,18,128,294,s3://annotationprod/creative-ai-benchmark/v3.1/tasks/SB3-049-LAY__northgrove-wholesale-lookbook-and-hang-tag-system/,https://dhigdec.github.io/creative-ai-benchmark/gatsby-v5/#LAYOUT-04,held
SB3-050-LAY,Maison Valcere - Brand story deck and campaign document,Layout & Data,LAYOUT-05,"An appointment-season story deck with a consistent jewellery image library

Maison Valcere needs its house-story and campaign documents ready for the autumn appointment season. The bench photography spans two sittings, and it does not yet sit together as a collection.

The commission

 House-story presentation: 1 named export. The sequence communicates the house's approved story from valcere_copy.txt: the tagline, the house, the provenance paragraph and the appointment, and it shows pieces from valcere_book.csv in their bench photographs. The deck shows the house packaging, the swing tag or the spec card, and it matches its supplied artwork, valcere_swing_tag.jpg or valcere_spec_card_PRINT.pdf.

 House campaign poster: 1 named export. The campaign identifies Maison Valcere with its wordmark, the house name stacked MAISON over VALCÈRE. The product remains recognisable: one piece from valcere_book.csv, shown in a bench photograph of that piece.

 House campaign feed ad: 1 named export. The approved message, the tagline “One object at a time.” from valcere_copy.txt, is readable, and the ad carries the stacked house name and one piece from valcere_book.csv in a bench photograph of that piece. The brand treatment reflects the stated price position: any price is shown discreetly, no larger than the body text, or not at all.

 House campaign story: 1 named export. The stacked house name and the action line, the approved appointment line “The autumn book is shown by appointment above the shop.”, remain inside the safe area.

Use the supplied approved copy and factual records. Permission restrictions in the owner's notes take precedence over inclusion in a source table.

Use the attached brand identity and the source files listed in the asset manifest. Wherever the wordmark appears, it is the house mark recovered from the swing tag photograph valcere_swing_tag.jpg, restacked MAISON over VALCÈRE; Cormorant Garamond sets the other display type. The output register defines exact filenames, pages, sizes and record bindings. Supporting previews are welcome but cannot replace those files.",8,25,18,172,s3://annotationprod/creative-ai-benchmark/v3.1/tasks/SB3-050-LAY__maison-valcere-brand-story-deck-and-campaign-document/,https://dhigdec.github.io/creative-ai-benchmark/gatsby-v5/#LAYOUT-05,held
SB3-051-LAY,Nordheim Atelier - Showroom line-card system,Layout & Data,LAYOUT-06,"Showroom line cards for twelve looks, with a controlled editorial treatment

Nordheim Atelier is preparing for buyer appointments. Twelve looks were photographed over two days, including two outside as the light changed. We need one greyscale editorial treatment across all twelve looks, but wool, shearling and gabardine must still read as different materials.

Deliverables
1. Showroom line card: 13 named exports, every card carrying the Nordheim Atelier wordmark lockup recovered whole from nordheim_letterpress_card.jpg and used as printed there, with its one hairline rule between NORDHEIM and ATELIER; where the type system describes the lockup differently, as with its two hairlines, the printed card governs. The pictured style matches this record, and the card names it by its look number and by its look name as nordheim_fw26.csv writes it. The photographed garment uses the fabric named in the Fabric Composition field. Material information, the look's Fabric Composition word for word and its Colourway, is readable. The trade price is easy to locate: it is the look's Wholesale figure, labelled as wholesale and set beside the labelled Retail figure, each figure printed as nordheim_fw26.csv gives it, with no thousands separator.

Use the supplied approved copy and factual records. Permission restrictions in the owner's notes take precedence over inclusion in a source table.

Use the attached brand identity and the source files listed in the asset manifest. The output register defines exact filenames, pages, sizes and record bindings. Supporting previews are welcome but cannot replace those files.",14,19,135,339,s3://annotationprod/creative-ai-benchmark/v3.1/tasks/SB3-051-LAY__nordheim-atelier-showroom-line-card-system/,https://dhigdec.github.io/creative-ai-benchmark/gatsby-v5/#LAYOUT-06,held
SB3-052-LAY,Harbor Crest Realty - Open-house card campaign,Layout & Data,LAYOUT-07,"Listing photography and six agent cards for 14 Marlowe Crescent

Harbor Crest Realty needs the house to look consistent across the listing and the open-house cards. The shooter has returned the rooms as captured; wall colour and window handling now vary from room to room.

Please prepare
- Agent open-house card: 7 named exports. The agent portrait matches the record. The property details match the fact sheet: each card gives the list price, the address, the bedroom and bathroom counts and the open house day and time as marlowe_facts.txt states them, quotes any feature line it carries word for word, and shows one photograph of the house chosen from marlowe_capture_01.jpg to marlowe_capture_18.jpg. The contact line is readable.
- Open-house property presentation: 1 named export. The rooms are shown truthfully: every room on the fact sheet's room list is listed with its dimensions as written, each room photograph is labelled with the room it shows, and the three feature lines in marlowe_facts.txt appear word for word. The enquiry information is unambiguous: the list price and address, the open house day and time, and each of the six agents in agent_roster.csv with their name, direct number and email as recorded.

Use the supplied approved copy and factual records. Permission restrictions in the owner's notes take precedence over inclusion in a source table.

Use the attached brand identity and the source files listed in the asset manifest. Every agent card and the presentation carry the Harbor Crest Realty wordmark as the sign and business card in harbor_crest_basis.png show it. Wherever the price appears it follows the type scale: 54 pt, with the address headline at 22 pt. The output register defines exact filenames, pages, sizes and record bindings. Supporting previews are welcome but cannot replace those files.",10,28,74,266,s3://annotationprod/creative-ai-benchmark/v3.1/tasks/SB3-052-LAY__harbor-crest-realty-open-house-card-campaign/,https://dhigdec.github.io/creative-ai-benchmark/gatsby-v5/#LAYOUT-07,held
SB3-053-LAY,Verranza Coastal Retreats - In-villa seasonal collateral,Layout & Data,LAYOUT-08,"Twelve seasonal villa cards and a coherent three-property image set

Looking at our Verranza photographs together, you could believe they describe three different holidays. Two trips, two photographers and a batch already edited elsewhere have left the collection inconsistent.

Final handoff

 In-villa seasonal card: 13 named exports. The season label matches this record. The villa information is unambiguous: the villa's full name from the record, shown with that villa's photograph. The rate conditions, meaning the record's minimum stay, are readable.

Use the supplied approved copy and factual records. Permission restrictions in the owner's notes take precedence over inclusion in a source table.

Use the attached brand identity and the source files listed in the asset manifest. The output register defines exact filenames, pages, sizes and record bindings. Supporting previews are welcome but cannot replace those files.",14,32,135,251,s3://annotationprod/creative-ai-benchmark/v3.1/tasks/SB3-053-LAY__verranza-coastal-retreats-in-villa-seasonal-collateral/,https://dhigdec.github.io/creative-ai-benchmark/gatsby-v5/#LAYOUT-08,held
SB3-054-LAY,Nimbadesk - B2B sell-sheet system,Layout & Data,LAYOUT-09,"Nimbadesk launch collateral using the current product build

We need the sell sheets, pitch deck and launch social to look like one product. Each sell sheet, the deck's opening page and each launch post carry the Nimbadesk mark from nimbadesk_logo_v4.png. There are eleven product captures in the pack, but the first job is to establish which belong to the current build and how they should be presented consistently.

Scope
1. B2B product sell sheet: 4 named exports. The stated metric preserves its qualification: its mono measurement line gives the window the figure covers, as our supplied files state it. The UI is a faithful supplied capture from the current build, showing the feature its sheet's copy block describes. Each sheet carries one approved sell-sheet block from nimbadesk_copy.txt, word for word, in the order given there: Median first response time with Unified Queue, Tickets resolved per agent with SLA & Routing, Customer satisfaction (CSAT) with Reporting for Directors.
2. Product pitch deck: 1 named export. The narrative explains the customer problem before the offer. The claims follow approved copy.
3. Product launch post: 3 named exports. The product name is clear, and each post shows what it is named for: Workflow our queue and routing, Reporting our director reporting, each in a current-build capture, and Team the people behind Nimbadesk, from the supplied booth headshots. The request-demo action is visible: our approved 20-minute walkthrough line from nimbadesk_copy.txt, word for word.

Use the supplied approved copy and factual records. Wherever a metric appears, in the deck or a post, it carries the same window as on its sell sheet. Permission restrictions in the owner's notes take precedence over inclusion in a source table.

Use the attached brand identity and the source files listed in the asset manifest. The output register defines exact filenames, pages, sizes and record bindings. Supporting previews are welcome but cannot replace those files.",11,29,44,241,s3://annotationprod/creative-ai-benchmark/v3.1/tasks/SB3-054-LAY__nimbadesk-b2b-sell-sheet-system/,https://dhigdec.github.io/creative-ai-benchmark/gatsby-v5/#LAYOUT-09,held
SB3-055-LAY,Alderwood Scholars Fund - Multi-center appeal campaign,Layout & Data,LAYOUT-10,"Five-centre appeal banners with accurate local details and a recovered crest

Alderwood Scholars Fund needs one coordinated banner run for its five centres. The office must be able to trust each centre's name, address, hours and coordinator, not proofread five designs assembled independently from memory.

What we need back
- Recovered Alderwood crest master: 1 named export. The crest geometry matches the round seal on eastgate_crest_sign.jpg, with our name spelled correctly in its lettering. The complete crest remains inside the SVG viewBox.
- Centre appeal banner: 5 named exports. The beneficiary story matches the named centre. The programme amount is the fund's total spend for the programme year, with its period stated, and agrees with the reconciled funding table. The donation action is readable and uses the general closing line from our approved copy. Each banner carries the recovered crest. The headline's opening figure follows the type scale, 140 px against a 96 px headline.

Use the supplied approved copy and factual records. Permission restrictions in the owner's notes take precedence over inclusion in a source table.

Use the attached brand identity and the source files listed in the asset manifest. The output register defines exact filenames, pages, sizes and record bindings. Supporting previews are welcome but cannot replace those files.",7,46,24,212,s3://annotationprod/creative-ai-benchmark/v3.1/tasks/SB3-055-LAY__alderwood-scholars-fund-multi-center-appeal-campaign/,https://dhigdec.github.io/creative-ai-benchmark/gatsby-v5/#LAYOUT-10,held
SB3-056-LAY,Lanternwood Folk Fest - Performer credential system,Layout & Data,LAYOUT-11,"Performer laminates for Lanternwood, rebuilt from last year's printed artwork

Twenty-two people need correct performer laminates. Our designer left in 2024, and the usable starting point is last year's printed artwork. We need a production designer who will rebuild the run carefully, not carry last year's names or fields into new passes.

The commission

 Festival access credential: 22 named exports. The name, act, role, access areas and days on site match this person record; the holder's name is the credential's one name line, for crew, volunteers and vendors too, and the act runs beneath it in the text face. When a headshot is supplied, it belongs to the named person; otherwise the credential carries no portrait or photograph, neither generated nor cut from another supplied picture. The credential remains readable when worn, and carries the festival mark and the two sponsor lines from the approved billing, word for word.

Use the supplied approved copy and factual records. Permission restrictions in the owner's notes take precedence over inclusion in a source table.

Use the attached brand identity and the source files listed in the asset manifest. The output register defines exact filenames, pages, sizes and record bindings. Supporting previews are welcome but cannot replace those files.",23,19,234,570,s3://annotationprod/creative-ai-benchmark/v3.1/tasks/SB3-056-LAY__lanternwood-folk-fest-performer-credential-system/,https://dhigdec.github.io/creative-ai-benchmark/gatsby-v5/#LAYOUT-11,held
SB3-057-LAY,Umbra Loft - After Dark event campaign,Layout & Data,LAYOUT-12,"After Dark: a coherent poster and social campaign from six different nights

Umbra Loft's autumn programme needs to feel like a series, even though our six usable archive photographs were shot under six different lighting rigs. We want a strong two-colour and grain treatment that actually lives in the images, not a collection of unrelated pictures behind matching text.

Deliverables
1. After Dark poster direction: 3 named exports. The billing order follows the supplied list, and each poster direction bills every night of the autumn series with its date; every act name is typeset in the series type, and a recovered wordmark, where an act has one, appears with it rather than in place of it. The event information is readable.
2. Promoter pitch deck: 1 named export. The three directions are meaningfully distinct. The sequence explains the series identity, and the deck charts last season's average draw by month from umbra_room_specs.txt.
3. Night release post: 9 named exports. The date matches this event, and the post carries that night's act, support act, door time, set time and advance price, with one of the six archive photographs in the two-colour and grain treatment; the act name is typeset in the series type, and a recovered wordmark, where the act has one, appears with it rather than in place of it. The advance price is readable.

Use the supplied approved copy and factual records. Permission restrictions in the owner's notes take precedence over inclusion in a source table.

Use the attached brand identity and the source files listed in the asset manifest. The output register defines exact filenames, pages, sizes and record bindings. Supporting previews are welcome but cannot replace those files.",16,13,56,395,s3://annotationprod/creative-ai-benchmark/v3.1/tasks/SB3-057-LAY__umbra-loft-after-dark-event-campaign/,https://dhigdec.github.io/creative-ai-benchmark/gatsby-v5/#LAYOUT-12,held
SB3-058-LAY,Marisol Cove - Shoulder-season hospitality campaign,Layout & Data,LAYOUT-13,"Shoulder-season hospitality campaign built from carefully matched photography

Marisol Cove needs a shoulder-season campaign that reflects the light we actually have. Most of the coastal pictures will be licensed; the usable room photographs are ours. Our insurer does not allow generated or AI-made pictures in any piece of this campaign. The work is to make them belong together, not to promise a different coast or a different property.

Please prepare
- Shoulder-season key visual: 1 named export. The pictured property is correctly identified, and the Marisol Cove wordmark sits directly above the tagline. The tagline is exactly “The quiet side of the coast.” No date, discount or unlisted amenity is added.
- Hospitality booking story: 1 named export. The booking action, a line inviting guests to book by the phone number, email or web address printed on marisol_rate_card_press.pdf, stays inside the safe area.
- Seasonal offer card: 10 named exports. The words “Shoulder Rate” appear beside the supplied Shoulder Rate value and “Winter Rate” beside the Winter Rate value, with the room name, sleeps, minimum stay and Includes line from marisol_rates_autumn.csv. The property identity, the Marisol Cove wordmark, is visible.
- Seasonal hospitality brochure: 1 named export. The offer is understandable without the original brief: it gives each room's name, sleeps, Shoulder Rate, Winter Rate and minimum stay from marisol_rates_autumn.csv, and the cancellation terms from marisol_copy.md. The property imagery is truthful.

Use the supplied approved copy and factual records. Permission restrictions in the owner's notes take precedence over inclusion in a source table.

Use the attached brand identity and the source files listed in the asset manifest. The output register defines exact filenames, pages, sizes and record bindings. Supporting previews are welcome but cannot replace those files.",17,16,53,416,s3://annotationprod/creative-ai-benchmark/v3.1/tasks/SB3-058-LAY__marisol-cove-shoulder-season-hospitality-campaign/,https://dhigdec.github.io/creative-ai-benchmark/gatsby-v5/#LAYOUT-13,held
SB3-059-LAY,Lumen Quarterly - Autumn editorial issue,Layout & Data,LAYOUT-14,"Lumen Quarterly's autumn issue, with an editable layout and recovered masthead

The editor will still be moving copy close to publication. Lumen Quarterly needs an autumn issue document that remains genuinely editable, supported by a coherent fourteen-frame photo essay and a usable version of our scanned masthead.

Final handoff

 Autumn editorial issue: 1 named export. The complete approved article is present. The image order follows the editorial sequence: the running order of lumen_platecard_roster.csv, row by row. The masthead preserves the approved lettering of our scanned printed cover, not re-set in another face, and heads page 1, the cover. The page hierarchy supports sustained reading. The essay headline follows the house type system, sentence case included.

 Editorial plate card: 15 named exports. The plate caption matches this record. If this record names a supplied picture, that picture appears on the card; otherwise the card contains no invented image.

Use the supplied approved copy and factual records. Permission restrictions in the owner's notes take precedence over inclusion in a source table.

Use the attached brand identity and the source files listed in the asset manifest. The output register defines exact filenames, pages, sizes and record bindings. Supporting previews are welcome but cannot replace those files.",18,20,147,117,s3://annotationprod/creative-ai-benchmark/v3.1/tasks/SB3-059-LAY__lumen-quarterly-autumn-editorial-issue/,https://dhigdec.github.io/creative-ai-benchmark/gatsby-v5/#LAYOUT-14,held
SB3-060-LAY,Aldervale Mutual - District insurance counter-card run,Layout & Data,LAYOUT-15,"Aldervale Mutual producer counter cards

The printer who made our counter cards has closed. We have the last press PDF and need a reusable layout rebuilt for this year's producer run.

Please prepare thirteen individual producer-card PDFs and one combined thirteen-page PDF, using the names and record assignments in the requested deliverables. That is fourteen PDF files in total.

For each card, use the correct producer and Office information from producer_roster_northern.csv. Reproduce the full Disclosure Text exactly, without shortening it, and keep it inside the card trim. Do not add a district line; the supplied records do not name a district. Follow compliance_note.txt for permissions and restrictions.

The old press file shows which fields belong on the card. It is not the typeface, type-size, colour or rule-position standard for this run. Use the attached Aldervale identity and set the licence line and office as body text.

Deliver the named individual PDFs and combined PDF at the specified 148 x 210 mm trim size. The supplied press file and roster should guide a consistent layout across the run.",15,18,159,312,s3://annotationprod/creative-ai-benchmark/v3.1/tasks/SB3-060-LAY__aldervale-mutual-district-insurance-counter-card-run/,https://dhigdec.github.io/creative-ai-benchmark/gatsby-v7/#LAYOUT-15,held
SB3-061-LAY,Anvil and Oak - Gym opening member collateral,Layout & Data,LAYOUT-16,"Athlete cards and spotlight portraits for our gym opening

Anvil and Oak needs opening-roster cards and a consistent portrait set, every portrait graded to one shared white balance with no colour cast. Sixteen members were photographed across three evenings, and the colour differences are obvious when the portraits sit on our dark ground.

What we need back
- Opening-roster athlete card: 17 named exports. The portrait belongs to the named athlete. The card carries this athlete's name, level, quote and our recovered wall mark, and the squat, bench and deadlift figures match this athlete record.
- Opening gym spotlight: 3 named exports. The gym identity, our recovered wall mark, is visible and complete. Each spotlight features at least one of our athletes' portraits from the three evenings. The opening message is our pitch, word for word as our brand voice gives it: “Show up, do the work, add weight. We handle the programming so you can focus on the bar.”

Use the supplied approved copy and factual records. Permission restrictions in the owner's notes take precedence over inclusion in a source table.

Use the attached brand identity and the source files listed in the asset manifest. The output register defines exact filenames, pages, sizes and record bindings. Supporting previews are welcome but cannot replace those files.",22,20,207,465,s3://annotationprod/creative-ai-benchmark/v3.1/tasks/SB3-061-LAY__anvil-and-oak-gym-opening-member-collateral/,https://dhigdec.github.io/creative-ai-benchmark/gatsby-v5/#LAYOUT-16,held
SB3-062-LAY,Apexguard - Product label and dealer collateral system,Layout & Data,LAYOUT-17,"Dealer-ready roll labels and bay imagery for Apexguard

Our dealer meetings need a reliable label system, not another set of labels assembled one by one. Apexguard has three tiers that should read as one family, and the current stock export must control the product information.

The commission

 Product roll label: 13 named exports. The tier is identified accurately, and each label carries the Apexguard mark. The complete warranty_statement remains inside the label trim.

 Dealer range brochure: 1 named export. The product tiers are easy to compare: for each tier it gives film gauge, clarity retained, self-healing topcoat, hydrophobic contact angle, UV rejection, finish and warranty term, and each width offered with its sku_code and dealer price. The uses are supported by the approved range data, and the brochure carries the Apexguard mark and at least one of the supplied bay photographs.

Use the supplied approved copy and factual records. Permission restrictions in the owner's notes take precedence over inclusion in a source table.

Use the attached brand identity and the source files listed in the asset manifest. The output register defines exact filenames, pages, sizes and record bindings. Supporting previews are welcome but cannot replace those files.",16,19,152,371,s3://annotationprod/creative-ai-benchmark/v3.1/tasks/SB3-062-LAY__apexguard-product-label-and-dealer-collateral-system/,https://dhigdec.github.io/creative-ai-benchmark/gatsby-v5/#LAYOUT-17,held
SB3-063-LAY,Kilnmore - Wholesale relaunch campaign,Layout & Data,LAYOUT-18,"Kilnmore wholesale relaunch: preserve the glazes across the full campaign

The relaunch needs to look like one Kilnmore range. We have fourteen captures from two very different mornings, covering thirteen pieces, and four glazes that customers must still be able to distinguish after correction. Correct every capture to the even daylight of the overcast morning, and keep oatmeal, ash, cobalt slip and bare clay each its own colour.

Deliverables
1. Wholesale relaunch deck: 1 named export. The range story supports a trade buying conversation. The product facts are accurate: each of the thirteen pieces appears with its height and diameter as recorded, each with its unit, and its wholesale and retail prices.
2. Wholesale paid-social creative: 2 named exports. The trade enquiry action is visible.
3. Storefront range banner: 1 named export. Kilnmore is identified. The range remains recognisable.
4. Product specification tile: 13 named exports. The item geometry matches this record. The piece is cut out cleanly onto a plain Bench Linen ground, and the tile carries this record's piece code, name, glaze, height and diameter as recorded, each with its unit, any recorded capacity, care note and wholesale price.
5. Wholesale range one-pager: 1 named export. The product hierarchy is clear: each of the thirteen pieces is listed with its name, its height and diameter as recorded with their unit, and its wholesale price.
6. Mark and type reference: 1 named export. The recovered mark is shown, and the typography choices are identified accurately: each face with its weight, its size and the role it plays.

Use the supplied approved copy and factual records. Permission restrictions in the owner's notes take precedence over inclusion in a source table.

Use the attached brand identity and the source files listed in the asset manifest. Set all type to the type system in the attached brand identity, which replaces the typefaces in our older studio notes and last year's line sheet: Panchang Medium for the wordmark, the storefront banner headline, headings and range names; Tiempos Text for body copy, care notes and piece names such as Oatmeal Mug; Suisse Int'l for specifications and prices. The output register defines exact filenames, pages, sizes and record bindings. Supporting previews are welcome but cannot replace those files.",25,19,79,547,s3://annotationprod/creative-ai-benchmark/v3.1/tasks/SB3-063-LAY__kilnmore-wholesale-relaunch-campaign/,https://dhigdec.github.io/creative-ai-benchmark/gatsby-v5/#LAYOUT-18,held
SB3-064-LAY,Northwind Advisory - Team page and recruitment collateral,Layout & Data,LAYOUT-19,"Make eight advisers look like one firm across the site and leave-behind

Northwind Advisory's team photographs were taken on three separate mornings. At present, we look like three different firms. We need a coherent portrait treatment and the team page, capabilities leave-behind and announcement posts built around it. All eight portraits share one neutral colour balance and one crop, and each piece carries the firm's compass-rose mark.

Please prepare
- Advisory team-page composition: 1 named export. Each adviser's entry carries their portrait, their name and the designations they hold. 
- Capabilities leave-behind: 1 named export. The sector offer is clearly structured: our six sectors in their stated order, and a credentials table giving each adviser's name, designations and year admitted. No unsupported credential is added.
- Recruitment announcement: 1 named export. The approved role or recruitment offer is clear: the headline reads, word for word, “We are looking for another adviser to join the firm.” The application action is readable and gives a way to apply using only contact details from our adviser records.

Use the supplied approved copy and factual records. Permission restrictions in the owner's notes take precedence over inclusion in a source table.

Use the attached brand identity and the source files listed in the asset manifest. The output register defines exact filenames, pages, sizes and record bindings. Supporting previews are welcome but cannot replace those files.",6,19,13,196,s3://annotationprod/creative-ai-benchmark/v3.1/tasks/SB3-064-LAY__northwind-advisory-team-page-and-recruitment-collateral/,https://dhigdec.github.io/creative-ai-benchmark/gatsby-v5/#LAYOUT-19,held
SB3-065-LAY,[memorial subject] Memorial - Service print and remembrance set,Layout & Data,LAYOUT-20,"Memorial print and a memory book for [memorial subject]'s family

My father, [memorial subject], died in March. We are preparing the service and would like the printed pieces to sit alongside those from my mother's service in 2019. We have the old press files, a eulogy and a shoebox of scans spanning many years.

Final handoff

 Memorial keepsake card: 27 named exports. The memorial name is correct: each card carries a photograph at its head, as the old card does, then its guest's name and relationship line from guest_list.csv, with my father's name and his two years at its foot. The wording remains respectful.

 Framed memorial page: 1 named export. The dates agree with the family record: my father's birth and death years, taken from the old press files. The portrait identity is preserved: the portrait is a photograph of my father.

 Family memory book: 1 named export. The chronology follows the family notes: the photographs run era by era, oldest first, by the years on the scans and in the transcriptions. The eulogy is not rewritten. The images preserve documentary identity.

 Memorial share card: 1 named export. The memorial details are readable: my father's name and his two years, with nothing we have not given you. The treatment is restrained.

Use the supplied approved copy and factual records. Permission restrictions in the owner's notes take precedence over inclusion in a source table.

Use the attached brand identity and the source files listed in the asset manifest. The output register defines exact filenames, pages, sizes and record bindings. Supporting previews are welcome but cannot replace those files.",34,31,199,402,s3://annotationprod/creative-ai-benchmark/v3.1/tasks/SB3-065-LAY__walter-fernwood-memorial-service-print-and-remembrance-set/,https://dhigdec.github.io/creative-ai-benchmark/gatsby-v5/#LAYOUT-20,held
SB3-066-LAY,Harborline Realty - Weekly listing sheet system,Layout & Data,LAYOUT-21,"Restore a weekly property-sheet workflow from our retired printer's PDF

Every Monday, Harborline Realty prints a sheet for each active listing. The printer retired with the working file. We need the process rebuilt so the current list controls the output, while the starter homes and premium properties retain appropriate, distinct image treatments: a listing asking seven figures is a premium property set in the estate register, and every other listing is a starter home set in the starter register.

Scope
1. Weekly property listing sheet: 12 named exports. The photograph belongs to this listing. The listing status is current in the supplied register. The agent contact, meaning the record's Agent name, is clear, and the sheet carries the Harborline mark.

Use the supplied approved copy and factual records. Permission restrictions in the owner's notes take precedence over inclusion in a source table.

Use the attached brand identity and the source files listed in the asset manifest. The output register defines exact filenames, pages, sizes and record bindings. Supporting previews are welcome but cannot replace those files.",13,15,168,286,s3://annotationprod/creative-ai-benchmark/v3.1/tasks/SB3-066-LAY__harborline-realty-weekly-listing-sheet-system/,https://dhigdec.github.io/creative-ai-benchmark/gatsby-v5/#LAYOUT-21,held
SB3-067-LAY,Cedarline Institute - Cohort credential system,Layout & Data,LAYOUT-22,"Two credential registers rebuilt into a checked autumn graduation run

Cedarline Institute needs credentials for completing candidates across two registers. We have press files from two closed print shops, and they may not convert into the same kind of working document.

What we need back
- Cohort credential: 28 named exports. The credential title follows the programme code. Each credential names its candidate and carries the programme code, programme title, completion date and credential number exactly as cohort_export.csv records them. The recipient name fits without clipping. The seal is faithful to the authoritative reference.

Use the supplied approved copy and factual records. Permission restrictions in the owner's notes take precedence over inclusion in a source table.

Use the attached brand identity and the source files listed in the asset manifest. The output register defines exact filenames, pages, sizes and record bindings. Supporting previews are welcome but cannot replace those files.",29,11,309,688,s3://annotationprod/creative-ai-benchmark/v3.1/tasks/SB3-067-LAY__cedarline-institute-cohort-credential-system/,https://dhigdec.github.io/creative-ai-benchmark/gatsby-v5/#LAYOUT-22,held
SB3-068-LAY,Meridian Summit - Conference badge and wayfinding system,Layout & Data,LAYOUT-23,"Eighteen conference badges with portraits that match and records that do not drift

The Meridian Summit registration desk needs a correct badge for every attending delegate. We have eighteen self-submitted photographs and last year's venue-bureau PDF, but not its working file.

The commission

 Conference delegate badge: 20 named exports. The access category, the ticket type in the registration, matches the registration, and the badge also carries the delegate's name, organisation and track exactly as registered. When a headshot is supplied, it belongs to the named delegate, is balanced to the one neutral white balance the whole portrait set shares, and is cut out onto the same plain Warm Stone ground as every other portrait; otherwise the badge contains no invented portrait. The delegate name is readable when worn, and every badge carries the summit mark.

 Conference track direction sign: 3 named exports. The track names follow the approved track note: each sign names its destination (Registration, Main stage or Breakouts) as its largest line, set in Founders Grotesk Regular, with the three tracks listed beneath it. The arrow points in the specified direction: left on the Registration sign, up (straight ahead) on the Main stage sign and right on the Breakouts sign.

Use the supplied approved copy and factual records. Permission restrictions in the owner's notes take precedence over inclusion in a source table.

Use the attached brand identity and the source files listed in the asset manifest. The output register defines exact filenames, pages, sizes and record bindings. Supporting previews are welcome but cannot replace those files.",25,22,228,407,s3://annotationprod/creative-ai-benchmark/v3.1/tasks/SB3-068-LAY__meridian-summit-conference-badge-and-wayfinding-system/,https://dhigdec.github.io/creative-ai-benchmark/gatsby-v5/#LAYOUT-23,held
SB3-069-LAY,Halden and Roe - Marlow trade catalog,Layout & Data,LAYOUT-24,"A reusable A4 trade catalogue for Halden and Roe's Marlow range

Sixteen pieces need to reach the trade show as one coherent Marlow range. Our studio photography covers two days, and the only page artwork is the flat PDF the printer made three seasons ago. Set the catalogue's type in the type system in our brand identity, not in the printer's faces and sizes.

Deliverables
1. Marlow product trade sheet: 15 named exports. The photograph depicts this piece. The glaze description preserves its supplied qualification: the glaze is named in full as in the price file, with its qualifier (Reactive Oatmeal, Matte Slate or Gloss Celadon). The trade price is readable. Each sheet also carries this piece's name, this piece's own values for the eight spec rows the printer's flat PDF shows (piece code, dimensions, capacity, glaze, firing, care, lead time and carton) and the maker's stamp as its footer mark.
2. Trade catalogue cover and contents: 1 named export. The collection is identified. The contents use the item register order and list only the pieces that have a trade sheet, each by its code and name.

Use the supplied approved copy and factual records. Permission restrictions in the owner's notes take precedence over inclusion in a source table.

Use the attached brand identity and the source files listed in the asset manifest. The output register defines exact filenames, pages, sizes and record bindings. Supporting previews are welcome but cannot replace those files.",18,20,204,391,s3://annotationprod/creative-ai-benchmark/v3.1/tasks/SB3-069-LAY__halden-and-roe-marlow-trade-catalog/,https://dhigdec.github.io/creative-ai-benchmark/gatsby-v5/#LAYOUT-24,held
SB3-070-LAY,Aldervale Mutual - Personalized autumn renewal mailer,Layout & Data,LAYOUT-25,"Personalised renewal postcards, including eleven correctly separated producer files

For Aldervale Mutual's autumn renewal drop, each household must receive its own address, offer band and assigned producer's photograph. To put each face with the right name: Nan Ostrander has straight shoulder-length auburn hair and rectangular glasses, Susannah Kell has curly dark hair and wears a forest-green wrap top, and Verne Ottaway wears a grey wool overcoat. The starting point is the printer's PDF and our spreadsheet.

Please prepare
- Personalised autumn renewal mailer: 61 named exports. The addressee is correct, and each card carries its assigned producer's photograph and the Aldervale Mutual Assurance mark. The offer wording matches the approved copy. The response instructions are readable: each card gives the renewal due date from the approved copy.

Use the supplied approved copy and factual records. Permission restrictions in the owner's notes take precedence over inclusion in a source table.

Use the attached brand identity and the source files listed in the asset manifest. The output register defines exact filenames, pages, sizes and record bindings. Supporting previews are welcome but cannot replace those files.",62,16,736,1428,s3://annotationprod/creative-ai-benchmark/v3.1/tasks/SB3-070-LAY__aldervale-mutual-personalized-autumn-renewal-mailer/,https://dhigdec.github.io/creative-ai-benchmark/gatsby-v5/#LAYOUT-25,held
SB3-071-LAY,Lanternwood Folk Fest - Festival programme and wayfinding,Layout & Data,LAYOUT-26,"Festival programme production from fourteen artist submissions and two old pages

Lanternwood's programme needs one finished page per act, not fourteen different submission styles: each act page carries the act's name, stage, day, set time, biography and press photograph from the lineup sheet, and the cover carries the crest from our gate banner. We have the lineup sheet, fourteen artist photographs and two old printed programme pages to work from.

Final handoff

 Festival programme: 1 named export. The running order matches the approved lineup. Stage changes are easy to follow. Performer names are readable at print size.

 Festival wayfinding sign: 3 named exports. Use the approved destination and arrow direction for the Main stage, Acoustic stage and Information signs, each destination worded exactly as lanternwood_wayfinding_schedule_v4.json gives it and set on one line in Yeseva One Regular, as large as fits inside the 200 x 75 mm sign, above a 48 pt direction line with the arrow.

Use the supplied approved copy and factual records. Permission restrictions in the owner's notes take precedence over inclusion in a source table.

Use the attached brand identity and the source files listed in the asset manifest. The output register defines exact filenames, pages, sizes and record bindings. Supporting previews are welcome but cannot replace those files.",6,20,20,145,s3://annotationprod/creative-ai-benchmark/v3.1/tasks/SB3-071-LAY__lanternwood-folk-fest-festival-programme-and-wayfinding/,https://dhigdec.github.io/creative-ai-benchmark/gatsby-v5/#LAYOUT-26,held
SB3-072-LAY,Girdermark - Technical data-sheet and bin-label library,Layout & Data,LAYOUT-27,"Technical sheets and bin labels from two separate legacy PDFs

Production request: Girdermark Components

Scope
1. Technical part data sheet: 18 named exports. The component photograph matches this part and is one of the supplied in-house bench photographs. Dimensions preserve their units. Each sheet carries the house mark and every field of the 2026 printed sheet, filled from this part's own record, list and dealer prices included.
2. Part bin label: 18 named exports. The part identifier is readable at rack distance. The label does not substitute a similar part: it carries the house mark and this part's own part number, description, ordering code and part picture.

Use the supplied approved copy and factual records. Permission restrictions in the owner's notes take precedence over inclusion in a source table.

Use the attached brand identity and the source files listed in the asset manifest. The output register defines exact filenames, pages, sizes and record bindings. Supporting previews are welcome but cannot replace those files.",38,24,397,782,s3://annotationprod/creative-ai-benchmark/v3.1/tasks/SB3-072-LAY__girdermark-technical-data-sheet-and-bin-label-library/,https://dhigdec.github.io/creative-ai-benchmark/gatsby-v5/#LAYOUT-27,held
SB3-073-LAY,SEVE Botanicals - Cosmetic launch label system,Layout & Data,LAYOUT-28,"Nineteen cosmetic labels with exact ingredient copy and per-shade imagery

SEVE Botanicals needs a launch-label run across two price tiers. We have one physical sample photographed on a phone, nineteen drawdown images and a printer's flat PDF. The imagery needs careful preparation; the compliance copy is not open for creative rewriting.

What we need back
- Cosmetic launch label: 20 named exports. The ingredient wording matches approved copy. The BatchFormat value is present as an unobscured content element. The net contents value is readable. Each label also carries its product code, shade name and product type exactly as its record in the output register gives them, the SEVE BOTANICALS wordmark, the bottle photograph, the swatch of its own shade and the house tagline as its claim line.

Use the supplied approved copy and factual records. Permission restrictions in the owner's notes take precedence over inclusion in a source table.

Use the attached brand identity and the source files listed in the asset manifest. The output register defines exact filenames, pages, sizes and record bindings. Supporting previews are welcome but cannot replace those files.",21,33,231,491,s3://annotationprod/creative-ai-benchmark/v3.1/tasks/SB3-073-LAY__seve-botanicals-cosmetic-launch-label-system/,https://dhigdec.github.io/creative-ai-benchmark/gatsby-v5/#LAYOUT-28,held
SB3-074-LAY,Rivermeadow Trust - Year-end donor acknowledgement system,Layout & Data,LAYOUT-29,"Replace our manual year-end donor letters with a dependable reusable system

Rivermeadow Trust's office manager spent three weeks preparing acknowledgements last year, and two donors were still missed. We need this December's letters and receipts produced correctly, plus templates the office can reuse next year by changing the data.

The commission

 Donor acknowledgement letter: 19 named exports. The salutation greets each donor household by name, matching the donor record. The acknowledged amount is accurate, and each letter carries the trust mark from the Fenn Hollow plaque and the household's mailing address and number of gifts as recorded.

 Donation receipt: 19 named exports. The receipt date is accurate: every receipt is dated December 31, 2026, as on our printed receipt. The donor identity is unambiguous, and each receipt carries the trust mark from the Fenn Hollow plaque and the household's number of gifts as recorded.

Use the supplied approved copy and factual records. Permission restrictions in the owner's notes take precedence over inclusion in a source table.

Use the attached brand identity and the source files listed in the asset manifest. The output register defines exact filenames, pages, sizes and record bindings. Supporting previews are welcome but cannot replace those files.",40,15,366,822,s3://annotationprod/creative-ai-benchmark/v3.1/tasks/SB3-074-LAY__rivermeadow-trust-year-end-donor-acknowledgement-system/,https://dhigdec.github.io/creative-ai-benchmark/gatsby-v5/#LAYOUT-29,held
SB3-075-LAY,Emberwell Brew House - Live insert and taproom collateral,Layout & Data,LAYOUT-30,"Two reusable menu templates for fourteen locations, not fourteen manual edits

Our managers have been retyping the same Emberwell insert in a word processor. That led to a customer finding a different flat-white price twenty minutes down the road. We need two controlled templates that take their local details and prices from the data.

Deliverables
1. Current-menu insert: 15 named exports. The availability wording matches the current record: each room's insert lists every line that room offers, at that room's own price, and no line the room does not offer. The price is legible. Each insert is headed with the brand name, Emberwell Brew House, names its room and carries the house mark, the room's street address, opening hours and its current on-now feature where the room can serve it, the fixed allergen statement, and one of the supplied dish and drink photographs, showing a line that room offers.
2. Taproom counter card: 15 named exports. The store details, the room's street address and opening hours, match this record. The offer, the room's drinks at that room's own prices with its current on-now feature where the room can serve it, is understandable at counter distance. Each card is headed with the brand name, Emberwell Brew House, names its room and carries the house mark and the fixed allergen statement.

Use the supplied approved copy and factual records. Permission restrictions in the owner's notes take precedence over inclusion in a source table.

Use the attached brand identity and the source files listed in the asset manifest. The output register defines exact filenames, pages, sizes and record bindings. Supporting previews are welcome but cannot replace those files.",32,13,403,941,s3://annotationprod/creative-ai-benchmark/v3.1/tasks/SB3-075-LAY__emberwell-brew-house-live-insert-and-taproom-collateral/,https://dhigdec.github.io/creative-ai-benchmark/gatsby-v5/#LAYOUT-30,held
SB3-076-LAY,Cellar & Cru - Autumn shelf-talker campaign,Layout & Data,LAYOUT-31,"Autumn shelf talkers that match the bottles and the sellable wine list

Cellar & Cru's autumn selection goes onto the shelf as a collection: every talker carries the Cellar & Cru key and vine mark, and every bottle should look as if it were photographed in the same light. We have sixteen photographs covering fourteen wines, taken on two evenings, and an old printer's PDF for the shelf talker.

Please prepare
- Wine shelf talker: 15 named exports. The bottle image matches the named wine. The vintage is accurate. The origin is readable. The price is easy to locate: the talker gives the wine's bottle price, and no other price.

Use the supplied approved copy and factual records. Permission restrictions in the owner's notes take precedence over inclusion in a source table.

Use the attached brand identity and the source files listed in the asset manifest. The output register defines exact filenames, pages, sizes and record bindings. Supporting previews are welcome but cannot replace those files.",16,22,171,528,s3://annotationprod/creative-ai-benchmark/v3.1/tasks/SB3-076-LAY__cellar-and-cru-autumn-shelf-talker-campaign/,https://dhigdec.github.io/creative-ai-benchmark/gatsby-v5/#LAYOUT-31,held
SB3-077-LAY,Vanguard Motors - Forecourt sales card system,Layout & Data,LAYOUT-32,"Forecourt cards for current stock, with honest paint and highlight handling

Vanguard Motors has fourteen cars on the forecourt, but the feed still includes vehicles sold or reserved. Please reconcile the stock before producing the A4 window cards. The photography also needs care: some panels were overexposed during the shoot.

Final handoff

 Forecourt sales card: 15 named exports, every card carrying the Vanguard Motors shield recovered from forecourt_plate.jpg and the name stacked VANGUARD over MOTORS. The pictured vehicle matches this stock number. The finance wording follows the approved text. The vehicle specification is readable: each card carries the car's stock number, registration, year, marque, model, derivative, colour, recorded mileage, transmission, fuel, spec items, price and monthly figure.

Use the supplied approved copy and factual records. Permission restrictions in the owner's notes take precedence over inclusion in a source table.

Use the attached brand identity and the source files listed in the asset manifest. The output register defines exact filenames, pages, sizes and record bindings. Supporting previews are welcome but cannot replace those files.",16,23,212,530,s3://annotationprod/creative-ai-benchmark/v3.1/tasks/SB3-077-LAY__vanguard-motors-forecourt-sales-card-system/,https://dhigdec.github.io/creative-ai-benchmark/gatsby-v5/#LAYOUT-32,held
SB3-078-LAY,Continental Cup - Squad press and partner kit,Layout & Data,LAYOUT-33,"Expand our licensed player-card production to the full stocked squad

The licensing partner has taken the full Continental Cup squad. We now need the eighteen-player material reconciled against the stock roster and produced from last season's printer PDF.

Scope
1. Squad player press sheet: 19 named exports. The portrait belongs to the named player, and each sheet carries the tournament mark recovered from cup26_sponsorboard.jpg. The squad facts match the register: the player's full name, squad number, position, club line and set year.
2. Player partner graphic: 18 named exports. The player number is clear, and the graphic also carries the player's own portrait, full name, position, club line and set year. The competition identity is visible: the tournament mark recovered from cup26_sponsorboard.jpg.

Use the supplied approved copy and factual records. Permission restrictions in the owner's notes take precedence over inclusion in a source table.

Use the attached brand identity and the source files listed in the asset manifest. The output register defines exact filenames, pages, sizes and record bindings. Supporting previews are welcome but cannot replace those files.",39,23,273,1018,s3://annotationprod/creative-ai-benchmark/v3.1/tasks/SB3-078-LAY__continental-cup-squad-press-and-partner-kit/,https://dhigdec.github.io/creative-ai-benchmark/gatsby-v5/#LAYOUT-33,held
SB3-079-LAY,Ferncroft Nursery - Spring plant tag system,Layout & Data,LAYOUT-34,"Spring plant tags with four complete, non-overlapping department files

Ferncroft Nursery needs the spring tag run rebuilt from last year's printed artwork and the growers' spreadsheet. The approved run contains twenty-one stocked varieties across PER, HRB, SHR and SPC.

What we need back
- Plant variety tag: 22 named exports. The photograph depicts the named variety. The care instruction matches the authoritative register. The tag carries the nursery mark and last spring's row of care icons, and remains readable at rack size.
- Department tag production run: 4 named exports. Supply one press-ready subset for PER, HRB, SHR and SPC, each tag carrying the same fields, photograph, mark and care icons as that variety's plant tag, with no tag repeated between department files. On the 55 by 85 mm department tags, set the common name at 14 pt and the Latin at 9 pt, as the type scale lists them.

Use the supplied approved copy and factual records. Permission restrictions in the owner's notes take precedence over inclusion in a source table.

Use the attached brand identity and the source files listed in the asset manifest. The output register defines exact filenames, pages, sizes and record bindings. Supporting previews are welcome but cannot replace those files.",28,25,272,758,s3://annotationprod/creative-ai-benchmark/v3.1/tasks/SB3-079-LAY__ferncroft-nursery-spring-plant-tag-system/,https://dhigdec.github.io/creative-ai-benchmark/gatsby-v5/#LAYOUT-34,held
SB3-080-LAY,Marrow and Vane - Exhibition wall-label system,Layout & Data,LAYOUT-35,"Exhibition wall labels, reconciled artwork records and installer files by room

Marrow and Vane is hanging thirty-nine approved works. Reuse the spring printer's label construction (its card, its small type set high with unprinted stock beneath and its picture well below the type, but with the type itself set in the attached brand identity's type system rather than in the spring card's face, line order or accession colour), reconcile the interns' two photo shoots to the accession register, and package the final labels in the approved clockwise room order.

The commission

 Exhibition wall label: 40 named exports. The work identity matches this accession record, and the label carries that work's own reference photograph in the spring card's picture well, below the type. The artist attribution is accurate. Each artist's name keeps the register's spelling and case in the file's text, on the labels, installer files and checklist alike; the capitals the type system asks for are applied as a display style, not typed in. The curatorial text is readable at installation distance. Year, medium, dimensions and any credit line are set character for character as the registrar entered them in mv_autumn_works.csv.

 Room installer label file: 3 named exports. Supply one installer file per room in the approved clockwise hang order.

 Exhibition desk and press checklist: 1 named export. The checklist has separate sections for The Front Room, The Cabinet and The Long Gallery, each listing its works in hang order, and every entry gives the work's catalogue number, artist, title, year, medium, dimensions, any credit line and accession number beside a small reference picture. The checklist also carries the show's title and dates, as mv_desk_note.txt gives them. The press contact is exactly “press@marrowandvane.example”.

Use the supplied approved copy and factual records. Permission restrictions in the owner's notes take precedence over inclusion in a source table.

Use the attached brand identity and the source files listed in the asset manifest. The output register defines exact filenames, pages, sizes and record bindings. Supporting previews are welcome but cannot replace those files.",47,50,649,1022,s3://annotationprod/creative-ai-benchmark/v3.1/tasks/SB3-080-LAY__marrow-and-vane-exhibition-wall-label-system/,https://dhigdec.github.io/creative-ai-benchmark/gatsby-v5/#LAYOUT-35,held
SB3-081-MOT,Ember and Oak - Restaurant launch reel system,Motion & Audio,MOTION-01,"We are opening the second room at Ember and Oak and need a launch package that makes people hungry before they read a word. The food should lead: real char, visible texture and a room that feels alive. Please build a deliberate short edit from the service footage, then make the upright and square versions feel composed in their own right. The booking message needs a proper ending, not a logo dropped over the last available frame. We also need the cover, window poster and dish cards to look like the same launch. This campaign is deliberately silent.

Deliverables
1. Restaurant launch reel: 1 named export. The opening makes the food recognisable. The final card identifies Ember and Oak. The booking action is readable.
2. Restaurant vertical reel: 1 named export. The food stays legible through reframing. The final booking action stays within the safe area.
3. Restaurant square reel: 1 named export. The restaurant identity is visible. The edit has a deliberate beginning and ending.
4. Restaurant reel cover: 1 named export. The restaurant name is readable.
5. Restaurant launch poster: 1 named export. The booking action is readable. The char retains visible texture.
6. Dish callout card: 3 named exports. The callout matches the pictured dish.

Use the supplied approved copy and factual records. Permission restrictions in the owner's notes take precedence over inclusion in a source table.
- Video delivery means a playable MP4, not a storyboard, still montage PDF or editing log. Audio expectations are stated on each film. Speech-led work requires supplied or explicitly authorised synthetic speech; do not invent documentary speech.
- Authored animation can exceed the duration of still source images. Live-action edits require adequate distinct footage; looping a short clip is not a substitute for the missing coverage.

Use the attached brand identity and the source files listed in the asset manifest. The output register defines exact filenames, pages, sizes and record bindings. Supporting previews are welcome but cannot replace those files.",11,15,30,179,s3://annotationprod/creative-ai-benchmark/v3.1/tasks/SB3-081-MOT__ember-and-oak-restaurant-launch-reel-system/,https://dhigdec.github.io/creative-ai-benchmark/gatsby-v5/#MOTION-01,held
SB3-082-MOT,Ironwood Kitchen - Product launch video package,Motion & Audio,MOTION-02,"Ironwood Kitchen is introducing its lunch range. We need a short launch film for the website, an upright social cut, and product collateral that makes the eight bowls easy to recognise and compare. Keep the appetite appeal bright and honest; this is food for a working lunch, not a tasting-menu commercial. Use the same bowl names and cleared product information across the film, product modules and range sheet. The present short source clip is insufficient on its own for the revised film commission, so the completed source pack must include the missing coverage and cleared music before a designer starts.

Please prepare
- Lunch-range launch film: 1 named export. The feature sequence shows the actual bowls: at least two different bowls from the eight supplied bowl stills. The final card identifies Ironwood Kitchen with the wordmark from ironwood_wordmark.png.
- Lunch launch vertical cut: 1 named export. The bowl remains recognisable throughout the reframe.
- Lunch bowl product module: 8 named exports. The pictured bowl matches its approved menu name. The reference card is absent. The crop preserves the complete bowl.
- Lunch range line sheet: 1 named export. The bowl names match the SKU register. The offer is easy to compare.
- Lunch launch film cover: 1 named export. The range name is readable.

Use the supplied approved copy and factual records. Permission restrictions in the owner's notes take precedence over inclusion in a source table.
- Video delivery means a playable MP4, not a storyboard, still montage PDF or editing log. Audio expectations are stated on each film. Speech-led work requires supplied or explicitly authorised synthetic speech; do not invent documentary speech.
- Authored animation can exceed the duration of still source images. Live-action edits require adequate distinct footage; looping a short clip is not a substitute for the missing coverage.

Use the attached brand identity and the source files listed in the asset manifest. The output register defines exact filenames, pages, sizes and record bindings. Supporting previews are welcome but cannot replace those files.",15,14,22,110,s3://annotationprod/creative-ai-benchmark/v3.1/tasks/SB3-082-MOT__ironwood-kitchen-product-launch-video-package/,https://dhigdec.github.io/creative-ai-benchmark/gatsby-v5/#MOTION-02,held
SB3-083-MOT,Halden Greens - Creator ad and social cutdowns,Motion & Audio,MOTION-03,"We need three creator-led ads for Halden Greens, each with a genuinely different opening hook. They should feel like someone explaining a daily habit in their own kitchen, while still landing the product and subscription action clearly. Please preserve the approved claims exactly. Do not turn a qualified statement into a promised result. The pack must contain the authorised spoken takes before editing begins; silent footage is not evidence of what the creator said. Give each ad a matching hook card and use one coherent end-card treatment.

Final handoff

 Creator-led ad: 3 named exports. The hook introduces the product in the exact words of one cleared line from halden_hooks.txt. The on-screen hook matches its cleared line in halden_hooks.txt word for word, the closing line reads “fifty nine dollars a month on subscription.”, and nobody speaks in the ad. The product packaging is consistent: the first and the final product appearance show the same tub, with the same label and proportions.

 Creator ad hook card: 3 named exports. The hook copy matches its corresponding ad.

 Creator ad end card: 1 named export. The call to action is clear.

Use the supplied approved copy and factual records. Permission restrictions in the owner's notes take precedence over inclusion in a source table.
- Video delivery means a playable MP4, not a storyboard, still montage PDF or editing log. Audio expectations are stated on each film. Speech-led work requires supplied or explicitly authorised synthetic speech; do not invent documentary speech.
- Authored animation can exceed the duration of still source images. Live-action edits require adequate distinct footage; looping a short clip is not a substitute for the missing coverage.

Use the attached brand identity and the source files listed in the asset manifest. The output register defines exact filenames, pages, sizes and record bindings. Supporting previews are welcome but cannot replace those files.",9,20,33,127,s3://annotationprod/creative-ai-benchmark/v3.1/tasks/SB3-083-MOT__halden-greens-creator-ad-and-social-cutdowns/,https://dhigdec.github.io/creative-ai-benchmark/gatsby-v5/#MOTION-03,held
SB3-084-MOT,Sable and Finch Realty - Property listing tour package,Motion & Audio,MOTION-04,"For Sable and Finch, the tour needs to help a buyer understand the house, not simply admire a sequence of rooms. Please establish the property, move through the rooms in a plausible order and end with the viewing action. The short upright version can be more selective, but must not imply that two different properties are one home. Keep the broker's wording tied to the listing facts. The open-house cards belong to the same package and must use the correct details for each listing.

Scope
1. Property listing tour: 1 named export. The room sequence is spatially understandable. The on-screen captions do not invent property features.
2. Vertical property tour: 1 named export. The key rooms remain recognisable.
3. Listing open-house card: 13 named exports. The listing details agree with the supplied facts.

Use the supplied approved copy and factual records. Permission restrictions in the owner's notes take precedence over inclusion in a source table.
- Video delivery means a playable MP4, not a storyboard, still montage PDF or editing log. Audio expectations are stated on each film. Speech-led work requires supplied or explicitly authorised synthetic speech; do not invent documentary speech.
- Authored animation can exceed the duration of still source images. Live-action edits require adequate distinct footage; looping a short clip is not a substitute for the missing coverage.

Use the attached brand identity and the source files listed in the asset manifest. The output register defines exact filenames, pages, sizes and record bindings. Supporting previews are welcome but cannot replace those files.",16,25,22,110,s3://annotationprod/creative-ai-benchmark/v3.1/tasks/SB3-084-MOT__sable-and-finch-realty-property-listing-tour-package/,https://dhigdec.github.io/creative-ai-benchmark/gatsby-v5/#MOTION-04,held
SB3-085-MOT,Sterling Row - Residence launch film and viewing package,Motion & Audio,MOTION-05,"Sterling Row is a nine-residence warehouse conversion. We are looking for a restrained launch film and viewing brochure, with a shorter upright teaser for the broker's channel. The interiors should stay warm against the blue-hour glazing, without drifting into a different colour world from shot to shot. Use the broker's supplied read where it supports the sequence. Please keep the building and residence details truthful. The eight prepared hero photographs, brochure and film cover should feel like a considered property presentation, not unrelated exports from a video edit.

What we need back
- Residence launch film: 1 named export. The room progression describes the supplied residences. The on screen text completes its message, from the tagline to the viewing action, with no narration.
- Residence vertical teaser: 1 named export. The development identity is clear through the Sterling Row wordmark, set small and shown before the closing card. The teaser ends on the approved viewing action.
- Blue-hour residence hero: 8 named exports. The photograph remains faithful to the actual residence. The interior warmth is consistent with the approved blue-hour look.
- Residence viewing brochure: 1 named export. The development facts match the specification sheet. The brochure makes the viewing action clear.
- Residence film cover: 1 named export. The development name is readable.

Use the supplied approved copy and factual records. Permission restrictions in the owner's notes take precedence over inclusion in a source table.
- Video delivery means a playable MP4, not a storyboard, still montage PDF or editing log. Audio expectations are stated on each film. Speech-led work requires supplied or explicitly authorised synthetic speech; do not invent documentary speech.
- Authored animation can exceed the duration of still source images. Live-action edits require adequate distinct footage; looping a short clip is not a substitute for the missing coverage.

Use the attached brand identity and the source files listed in the asset manifest. The output register defines exact filenames, pages, sizes and record bindings. Supporting previews are welcome but cannot replace those files.",14,17,22,88,s3://annotationprod/creative-ai-benchmark/v3.1/tasks/SB3-085-MOT__sterling-row-venue-opening-film-and-teaser/,https://dhigdec.github.io/creative-ai-benchmark/gatsby-v5/#MOTION-05,held
SB3-086-MOT,Meridian Academy - Lesson video package,Motion & Audio,MOTION-06,"We are preparing a worked lesson excerpt from Meridian Academy's Operations Analytics programme. Choose a complete teaching unit: the learner should see the setup, follow the example and reach the conclusion. Removing pauses is useful only if it does not remove the thinking time needed to understand the screen. The spoken explanation, board or interface and captions must agree. Deliver a proper lesson video and its cover. The release pack must contain a complete authorised explanation; a silent five-second visual cannot stand in for a lesson.

The commission

 Worked lesson excerpt: 1 named export. Each cut puts the topic “Reconciling the Numbers” on screen, and the teaser also names the lesson as “Lesson 4”. The board or screen text is readable. Every teaching line on screen is lifted word for word from meridian_captions.csv or meridian_lesson4_outline.txt, and none is presented as something said in the silent lecture recording.

 Lesson cover: 1 named export. The lesson number is correct. The topic is readable.

Use the supplied approved copy and factual records. Permission restrictions in the owner's notes take precedence over inclusion in a source table.
- Video delivery means a playable MP4, not a storyboard, still montage PDF or editing log. Audio expectations are stated on each film. Speech-led work requires supplied or explicitly authorised synthetic speech; do not invent documentary speech.
- Authored animation can exceed the duration of still source images. Live-action edits require adequate distinct footage; looping a short clip is not a substitute for the missing coverage.

Use the attached brand identity and the source files listed in the asset manifest. The output register defines exact filenames, pages, sizes and record bindings. Supporting previews are welcome but cannot replace those files.",3,10,21,120,s3://annotationprod/creative-ai-benchmark/v3.1/tasks/SB3-086-MOT__meridian-academy-lesson-video-package/,https://dhigdec.github.io/creative-ai-benchmark/gatsby-v5/#MOTION-06,held
SB3-087-MOT,Norvant - Product explainer motion system,Motion & Audio,MOTION-07,"Norvant needs an explainer for its March release that a finance or operations buyer can follow without a sales call. Set up the problem, show the actual product behaviour, and close on the approved next step. The interface must remain readable, including in the short upright adaptation. Please avoid decorative motion that makes the demonstration harder to understand. Use the cleared script and real product states supplied in the pack, not invented capabilities. We also need a cover that describes the same product story.

Deliverables
1. Product explainer: 1 named export. The cleared audit trail claim is set as on screen text, word for word, in a film cut from the supplied founder take and office material. The film is understandable with the sound off: the release name, the claim and the registration address all read as on screen text. The ending gives the approved next action: a closing card carrying the registration address norvant.com/march and the Norvant mark.
2. Explainer platform cut: 1 named export. The cutdown is understandable with the sound off: the release name reads before the registration address.
3. Explainer cover: 1 named export. The product is identified accurately.

Use the supplied approved copy and factual records. Permission restrictions in the owner's notes take precedence over inclusion in a source table.
- Video delivery means a playable MP4, not a storyboard, still montage PDF or editing log. Audio expectations are stated on each film. Speech-led work requires supplied or explicitly authorised synthetic speech; do not invent documentary speech.
- Authored animation can exceed the duration of still source images. Live-action edits require adequate distinct footage; looping a short clip is not a substitute for the missing coverage.

Use the attached brand identity and the source files listed in the asset manifest. The output register defines exact filenames, pages, sizes and record bindings. Supporting previews are welcome but cannot replace those files.",4,18,21,89,s3://annotationprod/creative-ai-benchmark/v3.1/tasks/SB3-087-MOT__norvant-product-explainer-motion-system/,https://dhigdec.github.io/creative-ai-benchmark/gatsby-v5/#MOTION-07,held
SB3-088-MOT,SentinelMesh - Product demo and narration package,Motion & Audio,MOTION-08,"SentinelMesh is presenting its product to security buyers. We need a narrated demonstration, a shorter square cut and the accompanying website panels. Precision matters more than spectacle: each screen state should support what the narration is saying at that moment. Do not introduce a metric or security promise that is not in the approved messaging. The website panels should use the same product evidence and hierarchy as the film. Please leave enough time for someone to read the meaningful interface details.

Please prepare
- Product demo master: 1 named export. The shown UI state supports the claim card on screen at that moment. The claim wording matches approved messaging. The closing action is clear.
- Product demo feed cut: 1 named export. The feature demonstration remains readable, the cut carries one claim card from the master, and it closes on the booking action.
- Product website band: 1 named export. The UI content remains faithful to the supplied capture. The product identity is clear.
- Website feature panel: 1 named export. The benefit uses approved messaging.

Use the supplied approved copy and factual records. Permission restrictions in the owner's notes take precedence over inclusion in a source table.
- Video delivery means a playable MP4, not a storyboard, still montage PDF or editing log. Audio expectations are stated on each film. Speech-led work requires supplied or explicitly authorised synthetic speech; do not invent documentary speech.
- Authored animation can exceed the duration of still source images. Live-action edits require adequate distinct footage; looping a short clip is not a substitute for the missing coverage.

Use the attached brand identity and the source files listed in the asset manifest. The output register defines exact filenames, pages, sizes and record bindings. Supporting previews are welcome but cannot replace those files.",6,19,21,113,s3://annotationprod/creative-ai-benchmark/v3.1/tasks/SB3-088-MOT__sentinelmesh-product-demo-and-narration-package/,https://dhigdec.github.io/creative-ai-benchmark/gatsby-v5/#MOTION-08,held
SB3-089-MOT,Voltcast - Podcast short and audio treatment,Motion & Audio,MOTION-09,"Please turn a complete spoken idea from the Voltcast episode into wide, upright and square excerpts. We want people to recognise the conversation, not see isolated reactions edited to suggest a different opinion. Keep the correct speaker attribution and accurate captions, and give the episode a readable cover. A source recording with intelligible speech and enough conversational context is required before this commission can be released. There is no licence to manufacture a quote from silent footage.

Final handoff

 Podcast excerpt: 1 named export. The excerpt contains one complete spoken idea. The speaker identity is correct. Captions preserve the spoken wording.

 Podcast upright excerpt: 1 named export. Whenever the host is on screen, the upright reframe does not cut his head or shoulders off at a side edge.

 Podcast square excerpt: 1 named export. The on screen verdict order and episode number remain readable.

 Podcast episode cover: 1 named export. The episode number is correct.

Use the supplied approved copy and factual records. Permission restrictions in the owner's notes take precedence over inclusion in a source table.
- Video delivery means a playable MP4, not a storyboard, still montage PDF or editing log. Audio expectations are stated on each film. Speech-led work requires supplied or explicitly authorised synthetic speech; do not invent documentary speech.
- Authored animation can exceed the duration of still source images. Live-action edits require adequate distinct footage; looping a short clip is not a substitute for the missing coverage.

Use the attached brand identity and the source files listed in the asset manifest. The output register defines exact filenames, pages, sizes and record bindings. Supporting previews are welcome but cannot replace those files.",5,21,26,145,s3://annotationprod/creative-ai-benchmark/v3.1/tasks/SB3-089-MOT__voltcast-podcast-short-and-audio-treatment/,https://dhigdec.github.io/creative-ai-benchmark/gatsby-v5/#MOTION-09,held
SB3-090-MOT,DAYDRIFT - Vertical interview short series,Motion & Audio,MOTION-10,"DAYDRIFT needs three interview shorts that still feel like our unhurried show. Each one should express a complete idea, with a natural beginning and a finish that does not cut the guest off. Use pacing and framing to help attention rather than adding effects over every pause. The captions must preserve the guest's wording. Pair each short with its own cover topic. The source conversation, speaker permissions and transcript need to be present in the pack; the editor is not being asked to invent the interview.

Scope
1. Interview short: 3 named exports. Each film is cut from the supplied recordings and their room coverage, with no looping of one recording to fill the time. No on-screen text captions speech: the recordings are picture only, and everything the viewer reads is text set on screen. No line is credited to a guest as something they said, and each guest is named only with their own published episode title.
2. Interview short cover: 3 named exports. The cover carries its own episode's published title and guest, the show name from the microphone flag and the sponsor line in full: episode two on short-cover-idea-1.png, episode five on short-cover-idea-2.png and episode eight on short-cover-idea-3.png.

Use the supplied approved copy and factual records. Permission restrictions in the owner's notes take precedence over inclusion in a source table.
- Video delivery means a playable MP4, not a storyboard, still montage PDF or editing log. Audio expectations are stated on each film. Speech-led work requires supplied or explicitly authorised synthetic speech; do not invent documentary speech.
- Authored animation can exceed the duration of still source images. Live-action edits require adequate distinct footage; looping a short clip is not a substitute for the missing coverage.

Use the attached brand identity and the source files listed in the asset manifest. The output register defines exact filenames, pages, sizes and record bindings. Supporting previews are welcome but cannot replace those files.",7,8,34,252,s3://annotationprod/creative-ai-benchmark/v3.1/tasks/SB3-090-MOT__daydrift-vertical-interview-short-series/,https://dhigdec.github.io/creative-ai-benchmark/gatsby-v5/#MOTION-10,held
SB3-091-MOT,STATIC FOX - Thumbnail and animated channel package,Motion & Audio,MOTION-11,"STATIC FOX needs a small channel package: six distinct thumbnails and a short animated title-to-end-card sequence. The thumbnails have to read quickly in a crowded feed, with the title and mascot competing neither with each other nor with the main action. Keep the channel's rough-edged humour, but make the hierarchy deliberate. The animation should have an intentional reveal and a useful final hold. This is authored motion from the supplied identity, not a request to pad out unrelated gameplay footage.

What we need back
- Channel thumbnail: 6 named exports. The title is readable at 320 px width. The mascot silhouette is recognisable, set over a moment from the capture this thumbnail's upload title belongs to.
- Animated channel title and end card: 1 named export. The animation has deliberate timing. The title remains readable during its hold. The final frame is a usable end card.

Use the supplied approved copy and factual records. Permission restrictions in the owner's notes take precedence over inclusion in a source table.
- Video delivery means a playable MP4, not a storyboard, still montage PDF or editing log. Audio expectations are stated on each film. Speech-led work requires supplied or explicitly authorised synthetic speech; do not invent documentary speech.
- Authored animation can exceed the duration of still source images. Live-action edits require adequate distinct footage; looping a short clip is not a substitute for the missing coverage.

Use the attached brand identity and the source files listed in the asset manifest. The output register defines exact filenames, pages, sizes and record bindings. Supporting previews are welcome but cannot replace those files.",8,11,56,288,s3://annotationprod/creative-ai-benchmark/v3.1/tasks/SB3-091-MOT__static-fox-thumbnail-and-animated-channel-package/,https://dhigdec.github.io/creative-ai-benchmark/gatsby-v5/#MOTION-11,held
SB3-092-MOT,NIGHTFORM - Low Beam music release package,Motion & Audio,MOTION-12,"Low Beam is the next NIGHTFORM release. We need a teaser, an upright cut and cover artwork that feel like one release. Let the picture respond to the actual track, including how the excerpt arrives and finishes; a random music bed will not do. Keep the artist and release information accurate and the atmosphere controlled. The cleared track excerpt must be supplied before the edit begins. Any new supporting footage must follow the same approved visual direction rather than replacing the performer with a different person.

The commission

 Low Beam release teaser: 1 named export. The picture rhythm responds to the supplied track. The excerpt ends on a coherent musical phrase. The release details are accurate: the artist name and the release line word for word as nightform_captions.txt gives them, capitals allowed.

 Music release vertical cut: 1 named export. The same night road as the teaser stays recognisable, with no person in frame. The release line from nightform_captions.txt is readable at arm's length.

 Music release cover: 1 named export. The artist and track names are correct: the artist name as nightform_captions.txt gives it and the track name as the Title Line of nightform_formats.csv spells it, set in capitals.

Use the supplied approved copy and factual records. Permission restrictions in the owner's notes take precedence over inclusion in a source table.
- Video delivery means a playable MP4, not a storyboard, still montage PDF or editing log. Audio expectations are stated on each film. Speech-led work requires supplied or explicitly authorised synthetic speech; do not invent documentary speech.
- Authored animation can exceed the duration of still source images. Live-action edits require adequate distinct footage; looping a short clip is not a substitute for the missing coverage.

Use the attached brand identity and the source files listed in the asset manifest. The output register defines exact filenames, pages, sizes and record bindings. Supporting previews are welcome but cannot replace those files.",4,7,26,128,s3://annotationprod/creative-ai-benchmark/v3.1/tasks/SB3-092-MOT__nightform-low-beam-music-release-package/,https://dhigdec.github.io/creative-ai-benchmark/gatsby-v5/#MOTION-12,held
SB3-093-MOT,Emberline - Food channel thumbnail and motion package,Motion & Audio,MOTION-13,"Emberline needs a programme promo for the next food-show release, along with an upright cut, thumbnail and segment cards. The host should feel welcoming, the featured dish should look appetising, and the viewer should understand what is on the programme. Follow the approved rundown and actual spoken introduction. The card content must match the relevant segment. We need a design system the team can reuse without making every future episode look identical.

Deliverables
1. Food-show programme promo: 1 named export. The host is on screen, warm and present, and on screen text over the supplied instrumental bed carries the whole message, with no speech. The sequence follows the approved rundown.
2. Food-show vertical promo: 1 named export. The featured dish remains recognisable.
3. Food-show thumbnail: 1 named export. The show name “Emberline” is readable.
4. Programme segment card: 9 named exports, one per segment row of emberline_cards.csv, each carrying that row's segment number, segment name, approximate time, card note and strap line, with the time written the same way on every card. If this record names a supplied picture, that picture appears on the card; otherwise the card contains no invented image.

Use the supplied approved copy and factual records. Permission restrictions in the owner's notes take precedence over inclusion in a source table.
- Video delivery means a playable MP4, not a storyboard, still montage PDF or editing log. Audio expectations are stated on each film. Speech-led work requires supplied or explicitly authorised synthetic speech; do not invent documentary speech.
- Authored animation can exceed the duration of still source images. Live-action edits require adequate distinct footage; looping a short clip is not a substitute for the missing coverage.

Use the attached brand identity and the source files listed in the asset manifest. The output register defines exact filenames, pages, sizes and record bindings. Supporting previews are welcome but cannot replace those files.",14,16,62,218,s3://annotationprod/creative-ai-benchmark/v3.1/tasks/SB3-093-MOT__emberline-food-channel-thumbnail-and-motion-package/,https://dhigdec.github.io/creative-ai-benchmark/gatsby-v5/#MOTION-13,held
SB3-094-MOT,Halden Diaries - Season recap video package,Motion & Audio,MOTION-14,"We are closing season two of The Halden Diaries. Please make a short recap that feels like Nate's own channel, not a dramatic trailer imposed on a quiet personal series. Select moments that add up to a season-level story, preserve the intimacy of the supplied voiceover and give the edit a clear ending. The upright recap and three episode covers should belong to the same season. Keep any sponsor wording exactly as cleared.

Please prepare
- Season recap: 1 named export. The sequence communicates a season-level story. No voice is heard: the only audio is the supplied instrumental bed, halden_bed.wav.
- Vertical season recap: 1 named export. The narrative remains coherent in the shorter edit.
- Season episode cover: 3 named exports, one each for episodes 1, 2 and 3 of halden_episode_copy.txt. Each cover's week number is that episode's number in the season, and each cover carries the HALDEN wordmark, with its painted hairline rule, recovered from halden_desk_board.jpg. On each cover the date and the channel address are set as fine print, and the standfirst as body copy. The episode title, the date and the standfirst match that episode's entry in halden_episode_copy.txt, and the channel address reads exactly “www.haldendiaries.tv”.

Use the supplied approved copy and factual records. Permission restrictions in the owner's notes take precedence over inclusion in a source table.
- Video delivery means a playable MP4, not a storyboard, still montage PDF or editing log. Audio expectations are stated on each film. Speech-led work requires supplied or explicitly authorised synthetic speech; do not invent documentary speech.
- Authored animation can exceed the duration of still source images. Live-action edits require adequate distinct footage; looping a short clip is not a substitute for the missing coverage.

Use the attached brand identity and the source files listed in the asset manifest. The output register defines exact filenames, pages, sizes and record bindings. Supporting previews are welcome but cannot replace those files.",6,21,33,182,s3://annotationprod/creative-ai-benchmark/v3.1/tasks/SB3-094-MOT__halden-diaries-season-recap-video-package/,https://dhigdec.github.io/creative-ai-benchmark/gatsby-v5/#MOTION-14,held
SB3-095-MOT,Anvil and Oak Strength - Movement coaching clip library,Motion & Audio,MOTION-15,"Anvil and Oak needs a usable coaching library, with wide and upright versions of each listed movement. A viewer must be able to see a complete repetition and understand the corresponding cue. Do not cut away from the part of the action that makes the instruction meaningful. The camera framing, voice and movement names need to agree across the library. Use the approved coaching copy and supplied demonstrations; missing movement coverage must be repaired in the source pack before this becomes a participant task.

Final handoff

 Movement coaching demonstration: 6 named exports. Each movement that carries a cue line is shown through one complete repetition while its cue is on screen. The cue matches the action on screen. The cue line reads word for word as written in the cleared library sheet.

 Vertical movement demonstration: 6 named exports. The entire relevant movement remains in frame. The cue line set on screen reads in full, word for word as written in the cleared library sheet.

Use the supplied approved copy and factual records. Permission restrictions in the owner's notes take precedence over inclusion in a source table.
- Video delivery means a playable MP4, not a storyboard, still montage PDF or editing log. Audio expectations are stated on each film. Speech-led work requires supplied or explicitly authorised synthetic speech; do not invent documentary speech.
- Authored animation can exceed the duration of still source images. Live-action edits require adequate distinct footage; looping a short clip is not a substitute for the missing coverage.

Use the attached brand identity and the source files listed in the asset manifest. The output register defines exact filenames, pages, sizes and record bindings. Supporting previews are welcome but cannot replace those files.",12,28,31,187,s3://annotationprod/creative-ai-benchmark/v3.1/tasks/SB3-095-MOT__anvil-and-oak-strength-movement-coaching-clip-library/,https://dhigdec.github.io/creative-ai-benchmark/gatsby-v5/#MOTION-15,held
SB3-096-MOT,Vitale Labs - Wellness editorial video package,Motion & Audio,MOTION-16,"For The Balance Brief, please prepare three editorial excerpts with upright adaptations. Each should make one cleared point without losing the qualification that makes it accurate. Keep the presenter credible and the delivery calm. Captions must follow the authorised speech and must not introduce a stronger health claim. We need complete, attributable spoken material before the edit begins. A title card stating a claim is not a substitute for an actual editorial excerpt.

Scope
1. Wellness editorial excerpt: 3 named exports. Wherever the cleared sentence appears, it is set exactly as written in balance_captions.txt, with no word changed, dropped or added. The film reads with the sound off: its message is carried entirely by on screen text. The captions contain no new health claim.
2. Vertical editorial excerpt: 3 named exports. The cleared sentence survives the crop complete, with every word inside the 9:16 frame. The presenter credit names Dr. Nadia Reuter accurately.

Use the supplied approved copy and factual records. Permission restrictions in the owner's notes take precedence over inclusion in a source table.
- Video delivery means a playable MP4, not a storyboard, still montage PDF or editing log. Audio expectations are stated on each film. Speech-led work requires supplied or explicitly authorised synthetic speech; do not invent documentary speech.
- Authored animation can exceed the duration of still source images. Live-action edits require adequate distinct footage; looping a short clip is not a substitute for the missing coverage.

Use the attached brand identity and the source files listed in the asset manifest. The output register defines exact filenames, pages, sizes and record bindings. Supporting previews are welcome but cannot replace those files.",6,19,31,104,s3://annotationprod/creative-ai-benchmark/v3.1/tasks/SB3-096-MOT__vitale-labs-wellness-editorial-video-package/,https://dhigdec.github.io/creative-ai-benchmark/gatsby-v5/#MOTION-16,held
SB3-097-MOT,Pulsevault - Event recap package,Motion & Audio,MOTION-17,"Pulsevault needs a recap of Saturday's night while people still remember being there, plus a cover and next-event announcement. Make it feel like our room and our crowd, not a generic festival montage. The music needs to support the edit and be cleared for the intended use. Use the approved next-date file for the closing card and announcement. Any replacement source material must represent the event honestly; do not substitute stock attendees and pass them off as ours.

What we need back
- Saturday event recap: 1 named export. The sequence represents the supplied event, using only footage and stills of Saturday's room and crowd. Each cut gives the correct next-event date, the recap film on its closing card.
- Event recap cover: 1 named export. The event identity is readable: our painted wall mark sits whole on a cover that is close to black, over a photograph of our crowd from Saturday, and the event line, our name in Didot, runs off both edges.
- Next-event announcement: 1 named export. The date matches the approved next-date file, and our painted wall mark appears. The ticket action shows the ticket link and remains in the safe area, and the four acts appear in the running order of the lineup file.

Use the supplied approved copy and factual records. Permission restrictions in the owner's notes take precedence over inclusion in a source table.
- Video delivery means a playable MP4, not a storyboard, still montage PDF or editing log. Audio expectations are stated on each film. Speech-led work requires supplied or explicitly authorised synthetic speech; do not invent documentary speech.
- Authored animation can exceed the duration of still source images. Live-action edits require adequate distinct footage; looping a short clip is not a substitute for the missing coverage.

Use the attached brand identity and the source files listed in the asset manifest. The output register defines exact filenames, pages, sizes and record bindings. Supporting previews are welcome but cannot replace those files.",5,24,30,165,s3://annotationprod/creative-ai-benchmark/v3.1/tasks/SB3-097-MOT__pulsevault-event-recap-package/,https://dhigdec.github.io/creative-ai-benchmark/gatsby-v5/#MOTION-17,held
SB3-098-MOT,Velvet Hour - Social film and story cutdowns,Motion & Audio,MOTION-18,"Velvet Hour needs a performance-led social film, an upright story cut and the next-show poster. Preserve a coherent musical moment rather than cutting the performance into disconnected gestures. The act attribution and billing order matter to us as much as the atmosphere. Please work from the supplied performance audio and picture, with their synchronisation intact. The source pack needs a cleared usable performance excerpt before editing can begin.

The commission

 Performance-led social film: 1 named export. The featured performance remains coherent. The act on the end card, next month's act, is identified accurately.

 Performance story cut: 1 named export. The main performer remains visible. The next-show date line, “Friday, October 17, 2026”, is readable.

 Next-show poster: 1 named export. The poster bills all four acts in the lineup's row order: the first row, the next show, as the headline with its picture, billing line, date, door time and ticket price, and each later act with its own date and ticket price, with our moth and lamp mark at least once. Every date and ticket price on the poster is its own act's, exactly as the lineup file gives it.

Use the supplied approved copy and factual records. Permission restrictions in the owner's notes take precedence over inclusion in a source table.
- Video delivery means a playable MP4, not a storyboard, still montage PDF or editing log. Audio expectations are stated on each film. Speech-led work requires supplied or explicitly authorised synthetic speech; do not invent documentary speech.
- Authored animation can exceed the duration of still source images. Live-action edits require adequate distinct footage; looping a short clip is not a substitute for the missing coverage.

Use the attached brand identity and the source files listed in the asset manifest. The output register defines exact filenames, pages, sizes and record bindings. Supporting previews are welcome but cannot replace those files.",4,20,27,117,s3://annotationprod/creative-ai-benchmark/v3.1/tasks/SB3-098-MOT__velvet-hour-social-film-and-story-cutdowns/,https://dhigdec.github.io/creative-ai-benchmark/gatsby-v5/#MOTION-18,held
SB3-099-MOT,Milepost Driving Academy - Scenario clip training library,Motion & Audio,MOTION-19,"Milepost needs short training examples for the listed driving scenarios. Show the manoeuvre clearly enough that a nervous learner can follow the necessary stages, with narration and labels that agree with the approved instruction. The upright example must keep the relevant road context visible. Do not turn a disconnected set of road shots into apparent evidence of a completed manoeuvre. Adequate scenario footage and cleared narration are prerequisites, not something the editor should guess.

Deliverables
1. Driving-scenario training clip: 8 named exports. The footage shows the car doing what the on-screen steps describe, any step it cannot show is named in the delivery manifest, and nothing is spoken. The instruction agrees with the cleared training copy.
2. Vertical training example: 1 named export. The relevant road context remains visible. The scenario number, the scenario title and the callout are each readable on a phone screen.

Use the supplied approved copy and factual records. Permission restrictions in the owner's notes take precedence over inclusion in a source table.
- Video delivery means a playable MP4, not a storyboard, still montage PDF or editing log. Audio expectations are stated on each film. Speech-led work requires supplied or explicitly authorised synthetic speech; do not invent documentary speech.
- Authored animation can exceed the duration of still source images. Live-action edits require adequate distinct footage; looping a short clip is not a substitute for the missing coverage.

Use the attached brand identity and the source files listed in the asset manifest. The output register defines exact filenames, pages, sizes and record bindings. Supporting previews are welcome but cannot replace those files.",9,19,30,121,s3://annotationprod/creative-ai-benchmark/v3.1/tasks/SB3-099-MOT__milepost-driving-academy-scenario-clip-training-library/,https://dhigdec.github.io/creative-ai-benchmark/gatsby-v5/#MOTION-19,held
SB3-100-MOT,FOLD & GRAIN Studio - Dual-client sizzle and service package,Motion & Audio,MOTION-20,"FOLD & GRAIN needs two distinct client campaign packages and a service-page presentation. Cobbleway should feel bright, warm and honest; Lunara should remain cool and restrained. The films, upright versions and presentation boards must keep those identities separate while demonstrating the same dependable studio service. Build the boards from the actual campaign material, not from unrelated mood images. The longer revised film scope requires additional matching source coverage and cleared music before this commission is released.

Please prepare
- Client campaign film: 2 named exports. The film follows this client's distinct visual identity. The featured product remains faithful to its source.
- Client vertical film: 2 named exports. The client identity is recognisable in this adaptation.
- Client campaign presentation: 2 named exports. The direction is appropriate to this client. The board uses the actual final campaign frames: every frame on the board is built from one of the supplied frame grabs of the product it shows, with nothing generated or stood in.
- Studio service-page composition: 1 named export. The service offer follows approved copy: every line of the service page section of foldgrain_service_copy.txt appears word for word, with headings in the capitals Engravers requires. The two client examples remain clearly distinct.

Use the supplied approved copy and factual records. Permission restrictions in the owner's notes take precedence over inclusion in a source table.
- Video delivery means a playable MP4, not a storyboard, still montage PDF or editing log. Audio expectations are stated on each film. Speech-led work requires supplied or explicitly authorised synthetic speech; do not invent documentary speech.
- Authored animation can exceed the duration of still source images. Live-action edits require adequate distinct footage; looping a short clip is not a substitute for the missing coverage.

Use the attached brand identity and the source files listed in the asset manifest. The output register defines exact filenames, pages, sizes and record bindings. Supporting previews are welcome but cannot replace those files.",9,57,56,264,s3://annotationprod/creative-ai-benchmark/v3.1/tasks/SB3-100-MOT__fold-and-grain-studio-dual-client-sizzle-and-service-package/,https://dhigdec.github.io/creative-ai-benchmark/gatsby-v5/#MOTION-20,held
